request_id,request_date,department,section,section_code,km,defect_type,priority,severity_score,duration_minutes,required_resource,due_date,scenario,status
OHE-26027-00001,2026-10-02,TDMS,Mecheda–Panskura,MCA–PKU,122.6,OHE defect,Medium,48,70,OHE Tower Wagon,2026-10-04,high_defect_load,Pending
OHE-26027-00002,2026-10-02,TDMS,Howrah–Santragachi,HWH–SRC,2.7,Traction substation inspection,High,78,149,Traction Maintenance Team,2026-10-05,normal,Pending
OHE-26027-00003,2026-10-02,TDMS,Mecheda–Panskura,MCA–PKU,119.3,Pantograph interaction issue,Medium,60,116,OHE Crew,2026-10-04,mixed_realistic,Pending
OHE-26027-00004,2026-10-02,TDMS,Panskura–Kharagpur,PKU–KGP,142.5,Pantograph interaction issue,Medium,48,76,OHE Crew,2026-10-04,cross_department_cluster,Pending
OHE-26027-00005,2026-10-02,TDMS,Mecheda–Panskura,MCA–PKU,122.5,Preventive OHE maintenance,Medium,54,67,OHE Tower Wagon,2026-10-09,normal,Pending
OHE-26027-00006,2026-10-02,TDMS,Panskura–Kharagpur,PKU–KGP,128.4,OHE defect,Critical,99,83,OHE Tower Wagon,2026-10-02,mixed_realistic,Pending
OHE-26027-00007,2026-10-02,TDMS,Howrah–Santragachi,HWH–SRC,3.6,Insulator replacement,High,68,57,OHE Crew,2026-10-04,mixed_realistic,Pending
OHE-26027-00008,2026-10-02,TDMS,Kharagpur–Gidni,KGP–GID,200.6,Sectioning equipment inspection,Medium,42,87,Electrical Inspection Team,2026-10-08,cross_department_cluster,Pending
OHE-26027-00009,2026-10-02,TDMS,Panskura–Kharagpur,PKU–KGP,142.2,Traction substation inspection,Medium,48,142,Traction Maintenance Team,2026-10-07,cross_department_cluster,Pending
OHE-26027-00010,2026-10-02,TDMS,Panskura–Kharagpur,PKU–KGP,127.0,Traction substation inspection,Low,23,109,Traction Maintenance Team,2026-10-08,high_defect_load,Pending
OHE-26027-00011,2026-10-02,TDMS,Panskura–Kharagpur,PKU–KGP,169.5,Contact wire inspection,Low,20,118,OHE Crew,2026-10-08,normal,Pending
OHE-26027-00012,2026-10-02,TDMS,Kharagpur–Gidni,KGP–GID,180.8,Sectioning equipment inspection,Low,29,102,Electrical Inspection Team,2026-10-10,cross_department_cluster,Pending
OHE-26027-00013,2026-10-02,TDMS,Santragachi–Panskura,SRC–PKU,27.0,Insulator replacement,Low,32,60,OHE Crew,2026-10-08,cross_department_cluster,Pending
OHE-26027-00014,2026-10-02,TDMS,Santragachi–Panskura,SRC–PKU,78.2,Contact wire inspection,Medium,56,65,OHE Crew,2026-10-08,high_defect_load,Pending
OHE-26027-00015,2026-10-02,TDMS,Mecheda–Panskura,MCA–PKU,118.9,Pantograph interaction issue,High,66,68,OHE Tower Wagon,2026-10-02,normal,Pending
OHE-26027-00016,2026-10-02,TDMS,Howrah–Santragachi,HWH–SRC,11.8,Traction substation inspection,Medium,58,154,Traction Maintenance Team,2026-10-08,normal,Pending
OHE-26027-00017,2026-10-02,TDMS,Howrah–Santragachi,HWH–SRC,11.2,Pantograph interaction issue,Medium,45,77,OHE Crew,2026-10-06,normal,Pending
OHE-26027-00018,2026-10-02,TDMS,Kharagpur–Gidni,KGP–GID,199.4,Preventive OHE maintenance,Low,18,78,Electrical Inspection Team,2026-10-09,normal,Pending
OHE-26027-00019,2026-10-02,TDMS,Howrah–Santragachi,HWH–SRC,9.3,Sectioning equipment inspection,Medium,64,120,Electrical Inspection Team,2026-10-04,normal,Pending
OHE-26027-00020,2026-10-02,TDMS,Howrah–Santragachi,HWH–SRC,1.4,Preventive OHE maintenance,High,81,59,Electrical Inspection Team,2026-10-03,normal,Pending
OHE-26027-00021,2026-10-02,TDMS,Panskura–Kharagpur,PKU–KGP,142.6,Preventive OHE maintenance,Medium,55,51,Electrical Inspection Team,2026-10-07,cross_department_cluster,Pending
OHE-26027-00022,2026-10-02,TDMS,Panskura–Kharagpur,PKU–KGP,166.4,Sectioning equipment inspection,Medium,62,95,Electrical Inspection Team,2026-10-06,cross_department_cluster,Pending
OHE-26027-00023,2026-10-02,TDMS,Mecheda–Panskura,MCA–PKU,121.0,Pantograph interaction issue,Medium,40,70,OHE Crew,2026-10-07,normal,Pending
OHE-26027-00024,2026-10-02,TDMS,Panskura–Kharagpur,PKU–KGP,159.3,Traction substation inspection,Low,19,107,Traction Maintenance Team,2026-10-08,normal,Pending
OHE-26027-00025,2026-10-02,TDMS,Mecheda–Panskura,MCA–PKU,117.3,OHE defect,Medium,49,98,OHE Crew,2026-10-06,normal,Pending
OHE-26027-00026,2026-10-02,TDMS,Santragachi–Panskura,SRC–PKU,53.5,OHE defect,Low,36,89,OHE Tower Wagon,2026-10-09,mixed_realistic,Pending
OHE-26027-00027,2026-10-02,TDMS,Mecheda–Panskura,MCA–PKU,118.5,Pantograph interaction issue,High,71,115,OHE Tower Wagon,2026-10-05,cross_department_cluster,Pending
OHE-26027-00028,2026-10-02,TDMS,Mecheda–Panskura,MCA–PKU,117.3,Contact wire inspection,Medium,56,88,OHE Crew,2026-10-05,normal,Pending
OHE-26027-00029,2026-10-02,TDMS,Mecheda–Panskura,MCA–PKU,119.8,Pantograph interaction issue,Medium,64,118,OHE Crew,2026-10-08,cross_department_cluster,Pending
OHE-26027-00030,2026-10-02,TDMS,Kharagpur–Gidni,KGP–GID,211.6,Pantograph interaction issue,Medium,43,103,OHE Crew,2026-10-06,normal,Pending
OHE-26027-00031,2026-10-02,TDMS,Howrah–Santragachi,HWH–SRC,5.7,Pantograph interaction issue,High,79,97,OHE Crew,2026-10-02,normal,Pending
OHE-26027-00032,2026-10-02,TDMS,Santragachi–Panskura,SRC–PKU,110.3,Contact wire inspection,Medium,52,75,OHE Crew,2026-10-08,cross_department_cluster,Pending
OHE-26027-00033,2026-10-02,TDMS,Mecheda–Panskura,MCA–PKU,120.4,Preventive OHE maintenance,Low,33,79,OHE Crew,2026-10-16,normal,Pending
OHE-26027-00034,2026-10-02,TDMS,Panskura–Kharagpur,PKU–KGP,142.4,Sectioning equipment inspection,Low,28,73,Electrical Inspection Team,2026-10-15,cross_department_cluster,Pending
OHE-26027-00035,2026-10-02,TDMS,Howrah–Santragachi,HWH–SRC,1.6,Sectioning equipment inspection,Low,30,84,Electrical Inspection Team,2026-10-08,normal,Pending
OHE-26027-00036,2026-10-02,TDMS,Mecheda–Panskura,MCA–PKU,123.5,OHE defect,Medium,47,76,OHE Tower Wagon,2026-10-04,normal,Pending
OHE-26027-00037,2026-10-02,TDMS,Mecheda–Panskura,MCA–PKU,117.9,Preventive OHE maintenance,Low,24,83,Traction Maintenance Team,2026-10-14,cross_department_cluster,Pending
OHE-26027-00038,2026-10-02,TDMS,Panskura–Kharagpur,PKU–KGP,158.2,Pantograph interaction issue,Critical,90,90,OHE Tower Wagon,2026-10-03,cross_department_cluster,Pending
OHE-26027-00039,2026-10-02,TDMS,Santragachi–Panskura,SRC–PKU,89.2,Traction substation inspection,Medium,46,99,Traction Maintenance Team,2026-10-09,high_defect_load,Pending
OHE-26027-00040,2026-10-02,TDMS,Mecheda–Panskura,MCA–PKU,118.4,Sectioning equipment inspection,Medium,57,84,Electrical Inspection Team,2026-10-08,normal,Pending
OHE-26027-00041,2026-10-02,TDMS,Santragachi–Panskura,SRC–PKU,60.1,Contact wire inspection,High,68,90,OHE Crew,2026-10-03,high_defect_load,Pending
OHE-26027-00042,2026-10-02,TDMS,Kharagpur–Gidni,KGP–GID,182.8,Traction substation inspection,High,66,163,Traction Maintenance Team,2026-10-05,normal,Pending
OHE-26027-00043,2026-10-02,TDMS,Kharagpur–Gidni,KGP–GID,203.8,Contact wire inspection,Low,31,94,OHE Tower Wagon,2026-10-14,cross_department_cluster,Pending
OHE-26027-00044,2026-10-02,TDMS,Mecheda–Panskura,MCA–PKU,118.0,Traction substation inspection,Medium,59,125,Traction Maintenance Team,2026-10-04,cross_department_cluster,Pending
OHE-26027-00045,2026-10-02,TDMS,Santragachi–Panskura,SRC–PKU,82.7,Traction substation inspection,Low,30,141,Traction Maintenance Team,2026-10-07,cross_department_cluster,Pending
OHE-26027-00046,2026-10-02,TDMS,Howrah–Santragachi,HWH–SRC,5.3,Pantograph interaction issue,Low,21,120,OHE Tower Wagon,2026-10-10,normal,Pending
OHE-26027-00047,2026-10-02,TDMS,Howrah–Santragachi,HWH–SRC,1.4,Contact wire inspection,Low,18,112,OHE Crew,2026-10-09,mixed_realistic,Pending
OHE-26027-00048,2026-10-02,TDMS,Panskura–Kharagpur,PKU–KGP,157.7,Insulator replacement,Critical,91,61,OHE Crew,2026-10-02,cross_department_cluster,Pending
OHE-26027-00049,2026-10-02,TDMS,Kharagpur–Gidni,KGP–GID,174.9,Sectioning equipment inspection,High,71,101,Electrical Inspection Team,2026-10-02,mixed_realistic,Pending
OHE-26027-00050,2026-10-02,TDMS,Panskura–Kharagpur,PKU–KGP,164.4,Insulator replacement,Medium,41,46,OHE Crew,2026-10-04,cross_department_cluster,Pending
OHE-26027-00051,2026-10-02,TDMS,Mecheda–Panskura,MCA–PKU,117.4,Pantograph interaction issue,Medium,54,99,OHE Tower Wagon,2026-10-05,cross_department_cluster,Pending
OHE-26027-00052,2026-10-02,TDMS,Howrah–Santragachi,HWH–SRC,7.8,Traction substation inspection,High,65,168,Traction Maintenance Team,2026-10-03,normal,Pending
OHE-26027-00053,2026-10-02,TDMS,Kharagpur–Gidni,KGP–GID,178.9,Preventive OHE maintenance,Medium,63,86,Electrical Inspection Team,2026-10-05,normal,Pending
OHE-26027-00054,2026-10-02,TDMS,Kharagpur–Gidni,KGP–GID,171.3,OHE defect,Low,38,109,OHE Crew,2026-10-14,normal,Pending
OHE-26027-00055,2026-10-02,TDMS,Kharagpur–Gidni,KGP–GID,202.1,Contact wire inspection,Low,25,111,OHE Tower Wagon,2026-10-15,normal,Pending
OHE-26027-00056,2026-10-02,TDMS,Howrah–Santragachi,HWH–SRC,4.9,Preventive OHE maintenance,Low,27,60,Electrical Inspection Team,2026-10-08,normal,Pending
OHE-26027-00057,2026-10-02,TDMS,Mecheda–Panskura,MCA–PKU,122.1,OHE defect,Medium,53,100,OHE Crew,2026-10-06,high_defect_load,Pending
OHE-26027-00058,2026-10-02,TDMS,Panskura–Kharagpur,PKU–KGP,142.6,Insulator replacement,Low,28,55,OHE Tower Wagon,2026-10-07,cross_department_cluster,Pending
OHE-26027-00059,2026-10-02,TDMS,Panskura–Kharagpur,PKU–KGP,156.6,Insulator replacement,Medium,46,62,OHE Crew,2026-10-04,normal,Pending
OHE-26027-00060,2026-10-02,TDMS,Panskura–Kharagpur,PKU–KGP,164.3,OHE defect,High,78,132,OHE Tower Wagon,2026-10-05,high_defect_load,Pending
OHE-26027-00061,2026-10-02,TDMS,Santragachi–Panskura,SRC–PKU,21.8,Preventive OHE maintenance,Medium,48,69,OHE Crew,2026-10-09,mixed_realistic,Pending
OHE-26027-00062,2026-10-02,TDMS,Panskura–Kharagpur,PKU–KGP,142.3,Sectioning equipment inspection,High,84,97,Electrical Inspection Team,2026-10-02,cross_department_cluster,Pending
OHE-26027-00063,2026-10-02,TDMS,Kharagpur–Gidni,KGP–GID,191.7,Sectioning equipment inspection,Medium,40,107,Electrical Inspection Team,2026-10-08,normal,Pending
OHE-26027-00064,2026-10-02,TDMS,Mecheda–Panskura,MCA–PKU,121.3,OHE defect,Low,32,65,OHE Tower Wagon,2026-10-12,normal,Pending
OHE-26027-00065,2026-10-02,TDMS,Panskura–Kharagpur,PKU–KGP,142.4,Traction substation inspection,Low,20,180,Traction Maintenance Team,2026-10-07,cross_department_cluster,Pending
OHE-26027-00066,2026-10-03,TDMS,Mecheda–Panskura,MCA–PKU,118.0,OHE defect,Low,30,148,OHE Crew,2026-10-16,cross_department_cluster,Pending
OHE-26027-00067,2026-10-03,TDMS,Panskura–Kharagpur,PKU–KGP,153.1,Traction substation inspection,Medium,61,148,Traction Maintenance Team,2026-10-06,normal,Pending
OHE-26027-00068,2026-10-03,TDMS,Mecheda–Panskura,MCA–PKU,118.3,Traction substation inspection,Medium,56,172,Traction Maintenance Team,2026-10-10,cross_department_cluster,Pending
OHE-26027-00069,2026-10-03,TDMS,Mecheda–Panskura,MCA–PKU,118.4,Insulator replacement,Medium,55,72,OHE Crew,2026-10-08,cross_department_cluster,Pending
OHE-26027-00070,2026-10-03,TDMS,Mecheda–Panskura,MCA–PKU,118.0,OHE defect,Critical,94,51,OHE Tower Wagon,2026-10-04,critical_defect,Pending
OHE-26027-00071,2026-10-03,TDMS,Panskura–Kharagpur,PKU–KGP,144.3,Insulator replacement,Medium,42,77,OHE Crew,2026-10-09,normal,Pending
OHE-26027-00072,2026-10-03,TDMS,Santragachi–Panskura,SRC–PKU,112.1,OHE defect,Medium,40,144,OHE Tower Wagon,2026-10-09,high_defect_load,Pending
OHE-26027-00073,2026-10-03,TDMS,Santragachi–Panskura,SRC–PKU,109.2,Traction substation inspection,Medium,57,104,Traction Maintenance Team,2026-10-08,cross_department_cluster,Pending
OHE-26027-00074,2026-10-03,TDMS,Panskura–Kharagpur,PKU–KGP,142.6,OHE defect,Low,34,77,OHE Tower Wagon,2026-10-08,normal,Pending
OHE-26027-00075,2026-10-03,TDMS,Panskura–Kharagpur,PKU–KGP,164.9,Pantograph interaction issue,Medium,49,116,OHE Tower Wagon,2026-10-08,normal,Pending
OHE-26027-00076,2026-10-03,TDMS,Panskura–Kharagpur,PKU–KGP,127.2,Sectioning equipment inspection,Medium,40,87,Electrical Inspection Team,2026-10-07,cross_department_cluster,Pending
OHE-26027-00077,2026-10-03,TDMS,Howrah–Santragachi,HWH–SRC,5.3,Pantograph interaction issue,High,79,117,OHE Tower Wagon,2026-10-04,high_defect_load,Pending
OHE-26027-00078,2026-10-03,TDMS,Santragachi–Panskura,SRC–PKU,43.0,Traction substation inspection,Medium,53,142,Traction Maintenance Team,2026-10-06,normal,Pending
OHE-26027-00079,2026-10-03,TDMS,Panskura–Kharagpur,PKU–KGP,133.2,Traction substation inspection,Medium,49,124,Traction Maintenance Team,2026-10-06,normal,Pending
OHE-26027-00080,2026-10-03,TDMS,Panskura–Kharagpur,PKU–KGP,138.9,Preventive OHE maintenance,Low,28,82,OHE Tower Wagon,2026-10-13,normal,Pending
OHE-26027-00081,2026-10-03,TDMS,Kharagpur–Gidni,KGP–GID,206.8,Pantograph interaction issue,Low,38,82,OHE Tower Wagon,2026-10-08,normal,Pending
OHE-26027-00082,2026-10-03,TDMS,Panskura–Kharagpur,PKU–KGP,167.1,Preventive OHE maintenance,Low,15,70,OHE Tower Wagon,2026-10-14,mixed_realistic,Pending
OHE-26027-00083,2026-10-03,TDMS,Howrah–Santragachi,HWH–SRC,4.1,Contact wire inspection,Low,25,87,OHE Tower Wagon,2026-10-08,cross_department_cluster,Pending
OHE-26027-00084,2026-10-03,TDMS,Mecheda–Panskura,MCA–PKU,123.7,Contact wire inspection,Critical,87,64,OHE Crew,2026-10-04,critical_defect,Pending
OHE-26027-00085,2026-10-03,TDMS,Santragachi–Panskura,SRC–PKU,56.0,Pantograph interaction issue,Low,27,84,OHE Tower Wagon,2026-10-17,cross_department_cluster,Pending
OHE-26027-00086,2026-10-03,TDMS,Santragachi–Panskura,SRC–PKU,52.0,Preventive OHE maintenance,Critical,86,52,OHE Tower Wagon,2026-10-04,critical_defect,Pending
OHE-26027-00087,2026-10-03,TDMS,Santragachi–Panskura,SRC–PKU,19.1,Traction substation inspection,Critical,88,81,Traction Maintenance Team,2026-10-03,critical_defect,Pending
OHE-26027-00088,2026-10-03,TDMS,Panskura–Kharagpur,PKU–KGP,157.9,Insulator replacement,Low,26,82,OHE Tower Wagon,2026-10-11,cross_department_cluster,Pending
OHE-26027-00089,2026-10-03,TDMS,Panskura–Kharagpur,PKU–KGP,141.5,Sectioning equipment inspection,Medium,48,105,Electrical Inspection Team,2026-10-09,cross_department_cluster,Pending
OHE-26027-00090,2026-10-03,TDMS,Mecheda–Panskura,MCA–PKU,120.8,Contact wire inspection,Medium,56,79,OHE Crew,2026-10-08,normal,Pending
OHE-26027-00091,2026-10-03,TDMS,Santragachi–Panskura,SRC–PKU,94.3,Contact wire inspection,Low,27,98,OHE Tower Wagon,2026-10-17,high_defect_load,Pending
OHE-26027-00092,2026-10-03,TDMS,Kharagpur–Gidni,KGP–GID,204.4,OHE defect,Low,33,136,OHE Tower Wagon,2026-10-13,normal,Pending
OHE-26027-00093,2026-10-03,TDMS,Howrah–Santragachi,HWH–SRC,2.6,OHE defect,High,70,134,OHE Crew,2026-10-06,normal,Pending
OHE-26027-00094,2026-10-03,TDMS,Howrah–Santragachi,HWH–SRC,8.7,Traction substation inspection,Low,29,91,Traction Maintenance Team,2026-10-13,mixed_realistic,Pending
OHE-26027-00095,2026-10-03,TDMS,Panskura–Kharagpur,PKU–KGP,142.4,Pantograph interaction issue,Low,36,68,OHE Crew,2026-10-09,cross_department_cluster,Pending
OHE-26027-00096,2026-10-03,TDMS,Panskura–Kharagpur,PKU–KGP,158.7,Traction substation inspection,High,73,100,Traction Maintenance Team,2026-10-03,normal,Pending
OHE-26027-00097,2026-10-03,TDMS,Kharagpur–Gidni,KGP–GID,194.3,Pantograph interaction issue,High,69,67,OHE Tower Wagon,2026-10-03,normal,Pending
OHE-26027-00098,2026-10-03,TDMS,Santragachi–Panskura,SRC–PKU,77.8,OHE defect,Medium,60,119,OHE Tower Wagon,2026-10-09,normal,Pending
OHE-26027-00099,2026-10-03,TDMS,Panskura–Kharagpur,PKU–KGP,152.1,Sectioning equipment inspection,Medium,51,77,Electrical Inspection Team,2026-10-08,normal,Pending
OHE-26027-00100,2026-10-03,TDMS,Mecheda–Panskura,MCA–PKU,118.4,Traction substation inspection,Medium,61,118,Traction Maintenance Team,2026-10-10,cross_department_cluster,Pending
OHE-26027-00101,2026-10-03,TDMS,Santragachi–Panskura,SRC–PKU,68.4,OHE defect,Critical,87,75,OHE Tower Wagon,2026-10-03,critical_defect,Pending
OHE-26027-00102,2026-10-03,TDMS,Panskura–Kharagpur,PKU–KGP,154.1,OHE defect,High,77,92,OHE Tower Wagon,2026-10-06,normal,Pending
OHE-26027-00103,2026-10-03,TDMS,Panskura–Kharagpur,PKU–KGP,139.9,Traction substation inspection,Medium,60,142,Traction Maintenance Team,2026-10-05,cross_department_cluster,Pending
OHE-26027-00104,2026-10-03,TDMS,Santragachi–Panskura,SRC–PKU,37.9,Insulator replacement,Medium,54,56,OHE Tower Wagon,2026-10-06,mixed_realistic,Pending
OHE-26027-00105,2026-10-03,TDMS,Kharagpur–Gidni,KGP–GID,207.4,OHE defect,Medium,57,139,OHE Tower Wagon,2026-10-05,mixed_realistic,Pending
OHE-26027-00106,2026-10-03,TDMS,Panskura–Kharagpur,PKU–KGP,157.7,Contact wire inspection,High,70,94,OHE Tower Wagon,2026-10-04,cross_department_cluster,Pending
OHE-26027-00107,2026-10-03,TDMS,Panskura–Kharagpur,PKU–KGP,148.9,Insulator replacement,Medium,63,47,OHE Tower Wagon,2026-10-09,cross_department_cluster,Pending
OHE-26027-00108,2026-10-03,TDMS,Kharagpur–Gidni,KGP–GID,195.4,OHE defect,Medium,47,139,OHE Crew,2026-10-09,mixed_realistic,Pending
OHE-26027-00109,2026-10-03,TDMS,Santragachi–Panskura,SRC–PKU,73.3,OHE defect,Low,18,104,OHE Crew,2026-10-13,cross_department_cluster,Pending
OHE-26027-00110,2026-10-03,TDMS,Santragachi–Panskura,SRC–PKU,15.2,Insulator replacement,Low,29,55,OHE Tower Wagon,2026-10-12,cross_department_cluster,Pending
OHE-26027-00111,2026-10-03,TDMS,Panskura–Kharagpur,PKU–KGP,158.1,Preventive OHE maintenance,High,83,106,Traction Maintenance Team,2026-10-06,cross_department_cluster,Pending
OHE-26027-00112,2026-10-03,TDMS,Panskura–Kharagpur,PKU–KGP,157.9,Sectioning equipment inspection,Medium,51,110,Electrical Inspection Team,2026-10-07,normal,Pending
OHE-26027-00113,2026-10-03,TDMS,Howrah–Santragachi,HWH–SRC,3.8,Preventive OHE maintenance,Medium,44,77,Electrical Inspection Team,2026-10-07,high_defect_load,Pending
OHE-26027-00114,2026-10-03,TDMS,Panskura–Kharagpur,PKU–KGP,161.8,Contact wire inspection,Low,36,62,OHE Crew,2026-10-09,cross_department_cluster,Pending
OHE-26027-00115,2026-10-03,TDMS,Mecheda–Panskura,MCA–PKU,115.2,Contact wire inspection,Low,16,60,OHE Tower Wagon,2026-10-11,mixed_realistic,Pending
OHE-26027-00116,2026-10-03,TDMS,Panskura–Kharagpur,PKU–KGP,133.5,Contact wire inspection,High,77,68,OHE Crew,2026-10-05,normal,Pending
OHE-26027-00117,2026-10-03,TDMS,Howrah–Santragachi,HWH–SRC,10.1,Preventive OHE maintenance,High,83,100,OHE Tower Wagon,2026-10-06,high_defect_load,Pending
OHE-26027-00118,2026-10-03,TDMS,Panskura–Kharagpur,PKU–KGP,155.0,Contact wire inspection,Medium,47,104,OHE Tower Wagon,2026-10-06,normal,Pending
OHE-26027-00119,2026-10-03,TDMS,Panskura–Kharagpur,PKU–KGP,142.2,Sectioning equipment inspection,Medium,56,112,Electrical Inspection Team,2026-10-07,cross_department_cluster,Pending
OHE-26027-00120,2026-10-03,TDMS,Panskura–Kharagpur,PKU–KGP,142.2,OHE defect,High,78,108,OHE Crew,2026-10-06,normal,Pending
OHE-26027-00121,2026-10-03,TDMS,Panskura–Kharagpur,PKU–KGP,164.1,Contact wire inspection,Low,34,115,OHE Tower Wagon,2026-10-14,cross_department_cluster,Pending
OHE-26027-00122,2026-10-03,TDMS,Panskura–Kharagpur,PKU–KGP,164.5,Contact wire inspection,Low,35,93,OHE Crew,2026-10-17,cross_department_cluster,Pending
OHE-26027-00123,2026-10-03,TDMS,Santragachi–Panskura,SRC–PKU,15.3,Traction substation inspection,Medium,48,168,Traction Maintenance Team,2026-10-05,normal,Pending
OHE-26027-00124,2026-10-03,TDMS,Santragachi–Panskura,SRC–PKU,81.3,Preventive OHE maintenance,Low,34,84,Traction Maintenance Team,2026-10-16,normal,Pending
OHE-26027-00125,2026-10-03,TDMS,Santragachi–Panskura,SRC–PKU,102.0,Traction substation inspection,Low,21,176,Traction Maintenance Team,2026-10-08,normal,Pending
OHE-26027-00126,2026-10-03,TDMS,Panskura–Kharagpur,PKU–KGP,127.5,Preventive OHE maintenance,Medium,55,112,Electrical Inspection Team,2026-10-10,normal,Pending
OHE-26027-00127,2026-10-03,TDMS,Santragachi–Panskura,SRC–PKU,114.2,Sectioning equipment inspection,Low,34,88,Electrical Inspection Team,2026-10-14,normal,Pending
OHE-26027-00128,2026-10-03,TDMS,Kharagpur–Gidni,KGP–GID,192.2,Preventive OHE maintenance,Medium,59,73,OHE Tower Wagon,2026-10-08,mixed_realistic,Pending
OHE-26027-00129,2026-10-03,TDMS,Panskura–Kharagpur,PKU–KGP,158.2,Traction substation inspection,Low,15,169,Traction Maintenance Team,2026-10-13,cross_department_cluster,Pending
OHE-26027-00130,2026-10-03,TDMS,Santragachi–Panskura,SRC–PKU,109.6,Traction substation inspection,Medium,62,173,Traction Maintenance Team,2026-10-08,normal,Pending
OHE-26027-00131,2026-10-04,TDMS,Howrah–Santragachi,HWH–SRC,9.6,Sectioning equipment inspection,Medium,50,96,Electrical Inspection Team,2026-10-09,high_defect_load,Pending
OHE-26027-00132,2026-10-04,TDMS,Kharagpur–Gidni,KGP–GID,185.0,Sectioning equipment inspection,High,84,89,Electrical Inspection Team,2026-10-06,normal,Pending
OHE-26027-00133,2026-10-04,TDMS,Panskura–Kharagpur,PKU–KGP,158.0,Preventive OHE maintenance,Medium,45,59,Traction Maintenance Team,2026-10-10,cross_department_cluster,Pending
OHE-26027-00134,2026-10-04,TDMS,Santragachi–Panskura,SRC–PKU,31.7,Insulator replacement,Medium,64,49,OHE Crew,2026-10-06,mixed_realistic,Pending
OHE-26027-00135,2026-10-04,TDMS,Howrah–Santragachi,HWH–SRC,9.0,Pantograph interaction issue,Medium,43,62,OHE Tower Wagon,2026-10-10,high_defect_load,Pending
OHE-26027-00136,2026-10-04,TDMS,Kharagpur–Gidni,KGP–GID,202.7,Traction substation inspection,Low,39,112,Traction Maintenance Team,2026-10-12,normal,Pending
OHE-26027-00137,2026-10-04,TDMS,Mecheda–Panskura,MCA–PKU,120.2,Traction substation inspection,High,80,96,Traction Maintenance Team,2026-10-04,normal,Pending
OHE-26027-00138,2026-10-04,TDMS,Howrah–Santragachi,HWH–SRC,8.8,Insulator replacement,Medium,62,70,OHE Tower Wagon,2026-10-07,normal,Pending
OHE-26027-00139,2026-10-04,TDMS,Mecheda–Panskura,MCA–PKU,121.0,Contact wire inspection,Medium,62,79,OHE Tower Wagon,2026-10-11,mixed_realistic,Pending
OHE-26027-00140,2026-10-04,TDMS,Howrah–Santragachi,HWH–SRC,2.4,Traction substation inspection,Low,16,113,Traction Maintenance Team,2026-10-12,mixed_realistic,Pending
OHE-26027-00141,2026-10-04,TDMS,Panskura–Kharagpur,PKU–KGP,129.5,Pantograph interaction issue,High,65,92,OHE Tower Wagon,2026-10-04,high_defect_load,Pending
OHE-26027-00142,2026-10-04,TDMS,Panskura–Kharagpur,PKU–KGP,131.7,Traction substation inspection,Medium,47,109,Traction Maintenance Team,2026-10-08,normal,Pending
OHE-26027-00143,2026-10-04,TDMS,Mecheda–Panskura,MCA–PKU,122.7,Traction substation inspection,Medium,42,167,Traction Maintenance Team,2026-10-07,cross_department_cluster,Pending
OHE-26027-00144,2026-10-04,TDMS,Mecheda–Panskura,MCA–PKU,120.6,Sectioning equipment inspection,Low,26,87,Electrical Inspection Team,2026-10-13,normal,Pending
OHE-26027-00145,2026-10-04,TDMS,Panskura–Kharagpur,PKU–KGP,142.6,Preventive OHE maintenance,Medium,48,100,OHE Tower Wagon,2026-10-07,cross_department_cluster,Pending
OHE-26027-00146,2026-10-04,TDMS,Kharagpur–Gidni,KGP–GID,197.5,Sectioning equipment inspection,Medium,50,89,Electrical Inspection Team,2026-10-11,normal,Pending
OHE-26027-00147,2026-10-04,TDMS,Panskura–Kharagpur,PKU–KGP,138.4,OHE defect,Low,25,61,OHE Crew,2026-10-12,normal,Pending
OHE-26027-00148,2026-10-04,TDMS,Panskura–Kharagpur,PKU–KGP,129.3,Traction substation inspection,Low,38,156,Traction Maintenance Team,2026-10-16,normal,Pending
OHE-26027-00149,2026-10-04,TDMS,Howrah–Santragachi,HWH–SRC,0.8,Traction substation inspection,Low,25,126,Traction Maintenance Team,2026-10-15,cross_department_cluster,Pending
OHE-26027-00150,2026-10-04,TDMS,Howrah–Santragachi,HWH–SRC,0.7,Preventive OHE maintenance,Medium,62,54,OHE Tower Wagon,2026-10-11,high_defect_load,Pending
OHE-26027-00151,2026-10-04,TDMS,Kharagpur–Gidni,KGP–GID,171.3,Preventive OHE maintenance,Medium,45,102,OHE Crew,2026-10-06,normal,Pending
OHE-26027-00152,2026-10-04,TDMS,Panskura–Kharagpur,PKU–KGP,164.2,Pantograph interaction issue,High,80,71,OHE Tower Wagon,2026-10-05,cross_department_cluster,Pending
OHE-26027-00153,2026-10-04,TDMS,Panskura–Kharagpur,PKU–KGP,142.5,OHE defect,Low,38,79,OHE Crew,2026-10-13,cross_department_cluster,Pending
OHE-26027-00154,2026-10-04,TDMS,Panskura–Kharagpur,PKU–KGP,146.7,Traction substation inspection,High,73,177,Traction Maintenance Team,2026-10-06,mixed_realistic,Pending
OHE-26027-00155,2026-10-04,TDMS,Santragachi–Panskura,SRC–PKU,34.5,Sectioning equipment inspection,Medium,52,60,Electrical Inspection Team,2026-10-08,cross_department_cluster,Pending
OHE-26027-00156,2026-10-04,TDMS,Mecheda–Panskura,MCA–PKU,117.7,Sectioning equipment inspection,Low,26,83,Electrical Inspection Team,2026-10-14,cross_department_cluster,Pending
OHE-26027-00157,2026-10-04,TDMS,Kharagpur–Gidni,KGP–GID,198.0,Insulator replacement,High,83,79,OHE Tower Wagon,2026-10-07,normal,Pending
OHE-26027-00158,2026-10-04,TDMS,Howrah–Santragachi,HWH–SRC,11.9,Traction substation inspection,Low,23,150,Traction Maintenance Team,2026-10-16,mixed_realistic,Pending
OHE-26027-00159,2026-10-04,TDMS,Santragachi–Panskura,SRC–PKU,104.0,Preventive OHE maintenance,Low,37,74,OHE Crew,2026-10-18,mixed_realistic,Pending
OHE-26027-00160,2026-10-04,TDMS,Santragachi–Panskura,SRC–PKU,61.0,Insulator replacement,Low,28,75,OHE Crew,2026-10-10,cross_department_cluster,Pending
OHE-26027-00161,2026-10-04,TDMS,Howrah–Santragachi,HWH–SRC,2.6,OHE defect,Low,27,133,OHE Crew,2026-10-11,cross_department_cluster,Pending
OHE-26027-00162,2026-10-04,TDMS,Panskura–Kharagpur,PKU–KGP,164.3,Sectioning equipment inspection,Low,26,81,Electrical Inspection Team,2026-10-12,cross_department_cluster,Pending
OHE-26027-00163,2026-10-04,TDMS,Kharagpur–Gidni,KGP–GID,186.3,OHE defect,Low,21,133,OHE Crew,2026-10-10,normal,Pending
OHE-26027-00164,2026-10-04,TDMS,Howrah–Santragachi,HWH–SRC,6.7,Preventive OHE maintenance,Critical,99,45,Electrical Inspection Team,2026-10-04,critical_defect,Pending
OHE-26027-00165,2026-10-04,TDMS,Kharagpur–Gidni,KGP–GID,210.9,Contact wire inspection,Low,18,76,OHE Crew,2026-10-14,normal,Pending
OHE-26027-00166,2026-10-04,TDMS,Santragachi–Panskura,SRC–PKU,40.3,Preventive OHE maintenance,Medium,42,80,OHE Crew,2026-10-08,normal,Pending
OHE-26027-00167,2026-10-04,TDMS,Panskura–Kharagpur,PKU–KGP,142.4,OHE defect,Medium,40,72,OHE Crew,2026-10-10,cross_department_cluster,Pending
OHE-26027-00168,2026-10-04,TDMS,Panskura–Kharagpur,PKU–KGP,153.1,Sectioning equipment inspection,Critical,98,62,Electrical Inspection Team,2026-10-04,critical_defect,Pending
OHE-26027-00169,2026-10-04,TDMS,Santragachi–Panskura,SRC–PKU,50.9,Insulator replacement,Medium,56,48,OHE Crew,2026-10-10,mixed_realistic,Pending
OHE-26027-00170,2026-10-04,TDMS,Mecheda–Panskura,MCA–PKU,121.8,Traction substation inspection,Medium,50,126,Traction Maintenance Team,2026-10-08,high_defect_load,Pending
OHE-26027-00171,2026-10-04,TDMS,Panskura–Kharagpur,PKU–KGP,125.5,Insulator replacement,Medium,55,83,OHE Crew,2026-10-07,cross_department_cluster,Pending
OHE-26027-00172,2026-10-04,TDMS,Howrah–Santragachi,HWH–SRC,9.3,Contact wire inspection,Low,32,106,OHE Tower Wagon,2026-10-16,normal,Pending
OHE-26027-00173,2026-10-04,TDMS,Panskura–Kharagpur,PKU–KGP,151.3,Insulator replacement,Low,24,81,OHE Tower Wagon,2026-10-17,high_defect_load,Pending
OHE-26027-00174,2026-10-04,TDMS,Santragachi–Panskura,SRC–PKU,109.0,Pantograph interaction issue,Critical,86,60,OHE Crew,2026-10-04,critical_defect,Pending
OHE-26027-00175,2026-10-04,TDMS,Howrah–Santragachi,HWH–SRC,8.2,Contact wire inspection,High,71,102,OHE Crew,2026-10-07,normal,Pending
OHE-26027-00176,2026-10-04,TDMS,Howrah–Santragachi,HWH–SRC,10.9,Sectioning equipment inspection,Medium,59,113,Electrical Inspection Team,2026-10-11,normal,Pending
OHE-26027-00177,2026-10-04,TDMS,Kharagpur–Gidni,KGP–GID,191.7,Contact wire inspection,High,77,117,OHE Tower Wagon,2026-10-05,normal,Pending
OHE-26027-00178,2026-10-04,TDMS,Howrah–Santragachi,HWH–SRC,11.3,Traction substation inspection,Low,23,174,Traction Maintenance Team,2026-10-11,mixed_realistic,Pending
OHE-26027-00179,2026-10-04,TDMS,Panskura–Kharagpur,PKU–KGP,142.2,OHE defect,Medium,57,124,OHE Crew,2026-10-10,cross_department_cluster,Pending
OHE-26027-00180,2026-10-04,TDMS,Howrah–Santragachi,HWH–SRC,10.0,Contact wire inspection,Medium,45,65,OHE Crew,2026-10-10,normal,Pending
OHE-26027-00181,2026-10-04,TDMS,Panskura–Kharagpur,PKU–KGP,162.2,Contact wire inspection,Medium,64,65,OHE Tower Wagon,2026-10-11,normal,Pending
OHE-26027-00182,2026-10-04,TDMS,Mecheda–Panskura,MCA–PKU,120.2,Contact wire inspection,High,70,79,OHE Tower Wagon,2026-10-04,high_defect_load,Pending
OHE-26027-00183,2026-10-04,TDMS,Santragachi–Panskura,SRC–PKU,111.6,Sectioning equipment inspection,Medium,60,103,Electrical Inspection Team,2026-10-10,mixed_realistic,Pending
OHE-26027-00184,2026-10-04,TDMS,Panskura–Kharagpur,PKU–KGP,127.6,OHE defect,High,75,102,OHE Crew,2026-10-04,normal,Pending
OHE-26027-00185,2026-10-04,TDMS,Mecheda–Panskura,MCA–PKU,122.4,Insulator replacement,Low,32,87,OHE Tower Wagon,2026-10-12,mixed_realistic,Pending
OHE-26027-00186,2026-10-04,TDMS,Kharagpur–Gidni,KGP–GID,182.0,OHE defect,Low,21,87,OHE Crew,2026-10-18,normal,Pending
OHE-26027-00187,2026-10-04,TDMS,Mecheda–Panskura,MCA–PKU,118.3,Insulator replacement,High,67,68,OHE Tower Wagon,2026-10-04,cross_department_cluster,Pending
OHE-26027-00188,2026-10-04,TDMS,Panskura–Kharagpur,PKU–KGP,164.3,Insulator replacement,Medium,52,62,OHE Tower Wagon,2026-10-10,cross_department_cluster,Pending
OHE-26027-00189,2026-10-04,TDMS,Panskura–Kharagpur,PKU–KGP,134.1,Pantograph interaction issue,Low,17,89,OHE Crew,2026-10-14,normal,Pending
OHE-26027-00190,2026-10-04,TDMS,Santragachi–Panskura,SRC–PKU,112.4,Traction substation inspection,Medium,52,132,Traction Maintenance Team,2026-10-07,normal,Pending
OHE-26027-00191,2026-10-04,TDMS,Panskura–Kharagpur,PKU–KGP,147.8,OHE defect,Medium,51,108,OHE Crew,2026-10-06,mixed_realistic,Pending
OHE-26027-00192,2026-10-04,TDMS,Panskura–Kharagpur,PKU–KGP,151.3,Pantograph interaction issue,Low,29,108,OHE Tower Wagon,2026-10-17,normal,Pending
OHE-26027-00193,2026-10-04,TDMS,Mecheda–Panskura,MCA–PKU,116.6,Traction substation inspection,Low,16,158,Traction Maintenance Team,2026-10-18,high_defect_load,Pending
OHE-26027-00194,2026-10-04,TDMS,Kharagpur–Gidni,KGP–GID,178.8,Preventive OHE maintenance,High,66,83,OHE Crew,2026-10-05,normal,Pending
OHE-26027-00195,2026-10-04,TDMS,Howrah–Santragachi,HWH–SRC,9.7,Insulator replacement,Medium,56,53,OHE Tower Wagon,2026-10-07,normal,Pending
OHE-26027-00196,2026-10-05,TDMS,Kharagpur–Gidni,KGP–GID,204.0,Pantograph interaction issue,Medium,46,68,OHE Crew,2026-10-11,normal,Pending
OHE-26027-00197,2026-10-05,TDMS,Kharagpur–Gidni,KGP–GID,210.5,Preventive OHE maintenance,Low,36,86,Electrical Inspection Team,2026-10-15,cross_department_cluster,Pending
OHE-26027-00198,2026-10-05,TDMS,Kharagpur–Gidni,KGP–GID,186.9,Pantograph interaction issue,Medium,41,64,OHE Tower Wagon,2026-10-10,high_defect_load,Pending
OHE-26027-00199,2026-10-05,TDMS,Howrah–Santragachi,HWH–SRC,1.4,Contact wire inspection,High,67,88,OHE Tower Wagon,2026-10-07,cross_department_cluster,Pending
OHE-26027-00200,2026-10-05,TDMS,Kharagpur–Gidni,KGP–GID,199.7,Preventive OHE maintenance,High,84,86,Traction Maintenance Team,2026-10-05,normal,Pending
OHE-26027-00201,2026-10-05,TDMS,Mecheda–Panskura,MCA–PKU,119.0,Preventive OHE maintenance,Low,22,95,Traction Maintenance Team,2026-10-12,normal,Pending
OHE-26027-00202,2026-10-05,TDMS,Kharagpur–Gidni,KGP–GID,207.4,Sectioning equipment inspection,Medium,64,75,Electrical Inspection Team,2026-10-07,normal,Pending
OHE-26027-00203,2026-10-05,TDMS,Panskura–Kharagpur,PKU–KGP,130.8,Insulator replacement,Medium,42,83,OHE Crew,2026-10-10,normal,Pending
OHE-26027-00204,2026-10-05,TDMS,Mecheda–Panskura,MCA–PKU,118.3,OHE defect,Medium,44,82,OHE Tower Wagon,2026-10-09,cross_department_cluster,Pending
OHE-26027-00205,2026-10-05,TDMS,Panskura–Kharagpur,PKU–KGP,164.4,Pantograph interaction issue,High,79,73,OHE Tower Wagon,2026-10-08,cross_department_cluster,Pending
OHE-26027-00206,2026-10-05,TDMS,Howrah–Santragachi,HWH–SRC,11.8,OHE defect,Low,29,116,OHE Tower Wagon,2026-10-13,normal,Pending
OHE-26027-00207,2026-10-05,TDMS,Kharagpur–Gidni,KGP–GID,207.6,Pantograph interaction issue,Low,16,78,OHE Tower Wagon,2026-10-15,normal,Pending
OHE-26027-00208,2026-10-05,TDMS,Kharagpur–Gidni,KGP–GID,202.0,Pantograph interaction issue,High,81,117,OHE Crew,2026-10-08,normal,Pending
OHE-26027-00209,2026-10-05,TDMS,Kharagpur–Gidni,KGP–GID,182.2,OHE defect,Medium,52,63,OHE Tower Wagon,2026-10-09,normal,Pending
OHE-26027-00210,2026-10-05,TDMS,Panskura–Kharagpur,PKU–KGP,142.8,OHE defect,Low,21,105,OHE Crew,2026-10-10,cross_department_cluster,Pending
OHE-26027-00211,2026-10-05,TDMS,Panskura–Kharagpur,PKU–KGP,164.6,Preventive OHE maintenance,Medium,48,82,Traction Maintenance Team,2026-10-11,cross_department_cluster,Pending
OHE-26027-00212,2026-10-05,TDMS,Kharagpur–Gidni,KGP–GID,201.1,Insulator replacement,Medium,44,83,OHE Crew,2026-10-11,cross_department_cluster,Pending
OHE-26027-00213,2026-10-05,TDMS,Mecheda–Panskura,MCA–PKU,117.9,OHE defect,Low,30,134,OHE Crew,2026-10-17,cross_department_cluster,Pending
OHE-26027-00214,2026-10-05,TDMS,Santragachi–Panskura,SRC–PKU,22.5,Preventive OHE maintenance,High,72,80,Electrical Inspection Team,2026-10-08,cross_department_cluster,Pending
OHE-26027-00215,2026-10-05,TDMS,Panskura–Kharagpur,PKU–KGP,131.4,Traction substation inspection,High,68,95,Traction Maintenance Team,2026-10-08,mixed_realistic,Pending
OHE-26027-00216,2026-10-05,TDMS,Santragachi–Panskura,SRC–PKU,77.9,Traction substation inspection,Low,37,173,Traction Maintenance Team,2026-10-10,mixed_realistic,Pending
OHE-26027-00217,2026-10-05,TDMS,Howrah–Santragachi,HWH–SRC,5.4,Pantograph interaction issue,Medium,48,100,OHE Tower Wagon,2026-10-09,cross_department_cluster,Pending
OHE-26027-00218,2026-10-05,TDMS,Panskura–Kharagpur,PKU–KGP,141.3,Preventive OHE maintenance,Critical,96,74,OHE Tower Wagon,2026-10-06,critical_defect,Pending
OHE-26027-00219,2026-10-05,TDMS,Howrah–Santragachi,HWH–SRC,3.0,Preventive OHE maintenance,Low,30,105,OHE Tower Wagon,2026-10-13,normal,Pending
OHE-26027-00220,2026-10-05,TDMS,Santragachi–Panskura,SRC–PKU,110.6,OHE defect,High,76,132,OHE Crew,2026-10-05,normal,Pending
OHE-26027-00221,2026-10-05,TDMS,Panskura–Kharagpur,PKU–KGP,163.5,Insulator replacement,High,66,63,OHE Crew,2026-10-07,mixed_realistic,Pending
OHE-26027-00222,2026-10-05,TDMS,Panskura–Kharagpur,PKU–KGP,152.8,OHE defect,Medium,43,87,OHE Tower Wagon,2026-10-11,mixed_realistic,Pending
OHE-26027-00223,2026-10-05,TDMS,Mecheda–Panskura,MCA–PKU,120.0,Sectioning equipment inspection,High,83,120,Electrical Inspection Team,2026-10-07,cross_department_cluster,Pending
OHE-26027-00224,2026-10-05,TDMS,Howrah–Santragachi,HWH–SRC,3.8,Contact wire inspection,Critical,99,93,OHE Crew,2026-10-05,mixed_realistic,Pending
OHE-26027-00225,2026-10-05,TDMS,Panskura–Kharagpur,PKU–KGP,158.1,Pantograph interaction issue,Medium,46,105,OHE Tower Wagon,2026-10-07,cross_department_cluster,Pending
OHE-26027-00226,2026-10-05,TDMS,Kharagpur–Gidni,KGP–GID,192.1,Preventive OHE maintenance,Medium,44,86,OHE Crew,2026-10-12,high_defect_load,Pending
OHE-26027-00227,2026-10-05,TDMS,Santragachi–Panskura,SRC–PKU,110.8,Pantograph interaction issue,High,66,60,OHE Tower Wagon,2026-10-06,normal,Pending
OHE-26027-00228,2026-10-05,TDMS,Santragachi–Panskura,SRC–PKU,104.1,Traction substation inspection,Medium,63,93,Traction Maintenance Team,2026-10-10,normal,Pending
OHE-26027-00229,2026-10-05,TDMS,Panskura–Kharagpur,PKU–KGP,126.9,Sectioning equipment inspection,High,66,109,Electrical Inspection Team,2026-10-06,cross_department_cluster,Pending
OHE-26027-00230,2026-10-05,TDMS,Panskura–Kharagpur,PKU–KGP,165.5,OHE defect,Medium,62,114,OHE Crew,2026-10-07,mixed_realistic,Pending
OHE-26027-00231,2026-10-05,TDMS,Panskura–Kharagpur,PKU–KGP,132.2,Traction substation inspection,Medium,46,156,Traction Maintenance Team,2026-10-09,normal,Pending
OHE-26027-00232,2026-10-05,TDMS,Santragachi–Panskura,SRC–PKU,55.4,Contact wire inspection,Low,36,96,OHE Tower Wagon,2026-10-16,normal,Pending
OHE-26027-00233,2026-10-05,TDMS,Howrah–Santragachi,HWH–SRC,1.0,Preventive OHE maintenance,Medium,64,61,Electrical Inspection Team,2026-10-10,normal,Pending
OHE-26027-00234,2026-10-05,TDMS,Panskura–Kharagpur,PKU–KGP,148.8,Pantograph interaction issue,Low,20,74,OHE Crew,2026-10-12,normal,Pending
OHE-26027-00235,2026-10-05,TDMS,Panskura–Kharagpur,PKU–KGP,164.3,Preventive OHE maintenance,Critical,98,70,OHE Tower Wagon,2026-10-05,cross_department_cluster,Pending
OHE-26027-00236,2026-10-05,TDMS,Panskura–Kharagpur,PKU–KGP,156.6,Traction substation inspection,Low,35,146,Traction Maintenance Team,2026-10-15,normal,Pending
OHE-26027-00237,2026-10-05,TDMS,Mecheda–Panskura,MCA–PKU,124.8,OHE defect,Low,24,115,OHE Tower Wagon,2026-10-14,normal,Pending
OHE-26027-00238,2026-10-05,TDMS,Kharagpur–Gidni,KGP–GID,209.4,Contact wire inspection,Low,15,102,OHE Crew,2026-10-16,normal,Pending
OHE-26027-00239,2026-10-05,TDMS,Santragachi–Panskura,SRC–PKU,96.8,Contact wire inspection,Medium,47,68,OHE Tower Wagon,2026-10-09,cross_department_cluster,Pending
OHE-26027-00240,2026-10-05,TDMS,Howrah–Santragachi,HWH–SRC,10.4,Sectioning equipment inspection,High,83,78,Electrical Inspection Team,2026-10-06,high_defect_load,Pending
OHE-26027-00241,2026-10-05,TDMS,Santragachi–Panskura,SRC–PKU,88.9,Preventive OHE maintenance,Low,24,79,Electrical Inspection Team,2026-10-18,normal,Pending
OHE-26027-00242,2026-10-05,TDMS,Panskura–Kharagpur,PKU–KGP,144.9,Contact wire inspection,Medium,62,105,OHE Tower Wagon,2026-10-08,cross_department_cluster,Pending
OHE-26027-00243,2026-10-05,TDMS,Howrah–Santragachi,HWH–SRC,8.5,Traction substation inspection,High,65,132,Traction Maintenance Team,2026-10-07,mixed_realistic,Pending
OHE-26027-00244,2026-10-05,TDMS,Howrah–Santragachi,HWH–SRC,10.8,Preventive OHE maintenance,Low,22,85,Traction Maintenance Team,2026-10-18,mixed_realistic,Pending
OHE-26027-00245,2026-10-05,TDMS,Santragachi–Panskura,SRC–PKU,43.9,Sectioning equipment inspection,Low,18,93,Electrical Inspection Team,2026-10-14,normal,Pending
OHE-26027-00246,2026-10-05,TDMS,Panskura–Kharagpur,PKU–KGP,147.8,Sectioning equipment inspection,Medium,51,98,Electrical Inspection Team,2026-10-10,cross_department_cluster,Pending
OHE-26027-00247,2026-10-05,TDMS,Santragachi–Panskura,SRC–PKU,24.6,OHE defect,Medium,53,106,OHE Crew,2026-10-12,cross_department_cluster,Pending
OHE-26027-00248,2026-10-05,TDMS,Kharagpur–Gidni,KGP–GID,171.2,Traction substation inspection,Medium,46,158,Traction Maintenance Team,2026-10-12,cross_department_cluster,Pending
OHE-26027-00249,2026-10-05,TDMS,Panskura–Kharagpur,PKU–KGP,150.3,Preventive OHE maintenance,Medium,59,62,OHE Crew,2026-10-09,normal,Pending
OHE-26027-00250,2026-10-05,TDMS,Mecheda–Panskura,MCA–PKU,120.3,Insulator replacement,Medium,50,71,OHE Crew,2026-10-12,normal,Pending
OHE-26027-00251,2026-10-05,TDMS,Panskura–Kharagpur,PKU–KGP,166.4,Insulator replacement,Medium,64,73,OHE Crew,2026-10-07,cross_department_cluster,Pending
OHE-26027-00252,2026-10-05,TDMS,Panskura–Kharagpur,PKU–KGP,157.8,Traction substation inspection,Low,27,155,Traction Maintenance Team,2026-10-10,cross_department_cluster,Pending
OHE-26027-00253,2026-10-05,TDMS,Mecheda–Panskura,MCA–PKU,115.7,Sectioning equipment inspection,Medium,47,66,Electrical Inspection Team,2026-10-08,normal,Pending
OHE-26027-00254,2026-10-05,TDMS,Mecheda–Panskura,MCA–PKU,118.4,Insulator replacement,Low,39,70,OHE Tower Wagon,2026-10-13,cross_department_cluster,Pending
OHE-26027-00255,2026-10-05,TDMS,Howrah–Santragachi,HWH–SRC,4.2,Sectioning equipment inspection,Medium,62,120,Electrical Inspection Team,2026-10-09,normal,Pending
OHE-26027-00256,2026-10-05,TDMS,Kharagpur–Gidni,KGP–GID,201.5,Insulator replacement,Medium,59,72,OHE Crew,2026-10-10,cross_department_cluster,Pending
OHE-26027-00257,2026-10-05,TDMS,Mecheda–Panskura,MCA–PKU,118.5,Traction substation inspection,Low,24,173,Traction Maintenance Team,2026-10-12,cross_department_cluster,Pending
OHE-26027-00258,2026-10-05,TDMS,Kharagpur–Gidni,KGP–GID,205.5,Insulator replacement,Medium,58,57,OHE Tower Wagon,2026-10-12,normal,Pending
OHE-26027-00259,2026-10-05,TDMS,Kharagpur–Gidni,KGP–GID,204.6,Insulator replacement,Medium,63,84,OHE Crew,2026-10-11,cross_department_cluster,Pending
OHE-26027-00260,2026-10-05,TDMS,Mecheda–Panskura,MCA–PKU,115.9,OHE defect,Medium,62,122,OHE Crew,2026-10-09,normal,Pending
OHE-26027-00261,2026-10-06,TDMS,Kharagpur–Gidni,KGP–GID,190.5,Sectioning equipment inspection,Low,23,100,Electrical Inspection Team,2026-10-11,normal,Pending
OHE-26027-00262,2026-10-06,TDMS,Santragachi–Panskura,SRC–PKU,40.1,Sectioning equipment inspection,Medium,42,108,Electrical Inspection Team,2026-10-10,cross_department_cluster,Pending
OHE-26027-00263,2026-10-06,TDMS,Howrah–Santragachi,HWH–SRC,6.0,Pantograph interaction issue,Medium,53,83,OHE Crew,2026-10-09,normal,Pending
OHE-26027-00264,2026-10-06,TDMS,Howrah–Santragachi,HWH–SRC,1.1,OHE defect,Low,36,127,OHE Tower Wagon,2026-10-11,normal,Pending
OHE-26027-00265,2026-10-06,TDMS,Panskura–Kharagpur,PKU–KGP,161.3,Traction substation inspection,Critical,97,102,Traction Maintenance Team,2026-10-07,critical_defect,Pending
OHE-26027-00266,2026-10-06,TDMS,Mecheda–Panskura,MCA–PKU,122.7,Preventive OHE maintenance,High,67,120,OHE Tower Wagon,2026-10-06,normal,Pending
OHE-26027-00267,2026-10-06,TDMS,Santragachi–Panskura,SRC–PKU,49.4,Sectioning equipment inspection,Medium,43,107,Electrical Inspection Team,2026-10-12,normal,Pending
OHE-26027-00268,2026-10-06,TDMS,Panskura–Kharagpur,PKU–KGP,162.0,Contact wire inspection,Low,22,111,OHE Tower Wagon,2026-10-13,normal,Pending
OHE-26027-00269,2026-10-06,TDMS,Panskura–Kharagpur,PKU–KGP,142.2,Insulator replacement,Low,16,50,OHE Crew,2026-10-14,cross_department_cluster,Pending
OHE-26027-00270,2026-10-06,TDMS,Panskura–Kharagpur,PKU–KGP,142.3,Contact wire inspection,Medium,58,107,OHE Tower Wagon,2026-10-13,cross_department_cluster,Pending
OHE-26027-00271,2026-10-06,TDMS,Mecheda–Panskura,MCA–PKU,118.9,Preventive OHE maintenance,Medium,41,103,OHE Tower Wagon,2026-10-11,cross_department_cluster,Pending
OHE-26027-00272,2026-10-06,TDMS,Kharagpur–Gidni,KGP–GID,206.6,Insulator replacement,High,74,88,OHE Crew,2026-10-06,high_defect_load,Pending
OHE-26027-00273,2026-10-06,TDMS,Mecheda–Panskura,MCA–PKU,121.8,Pantograph interaction issue,Medium,46,106,OHE Tower Wagon,2026-10-11,normal,Pending
OHE-26027-00274,2026-10-06,TDMS,Kharagpur–Gidni,KGP–GID,209.7,Pantograph interaction issue,Medium,59,76,OHE Crew,2026-10-10,normal,Pending
OHE-26027-00275,2026-10-06,TDMS,Panskura–Kharagpur,PKU–KGP,164.6,Preventive OHE maintenance,Critical,91,92,Traction Maintenance Team,2026-10-07,cross_department_cluster,Pending
OHE-26027-00276,2026-10-06,TDMS,Mecheda–Panskura,MCA–PKU,121.0,Sectioning equipment inspection,Medium,45,79,Electrical Inspection Team,2026-10-13,normal,Pending
OHE-26027-00277,2026-10-06,TDMS,Howrah–Santragachi,HWH–SRC,8.1,Pantograph interaction issue,Low,34,87,OHE Crew,2026-10-12,normal,Pending
OHE-26027-00278,2026-10-06,TDMS,Howrah–Santragachi,HWH–SRC,1.8,Traction substation inspection,Low,22,135,Traction Maintenance Team,2026-10-14,normal,Pending
OHE-26027-00279,2026-10-06,TDMS,Santragachi–Panskura,SRC–PKU,87.0,OHE defect,High,78,62,OHE Tower Wagon,2026-10-09,cross_department_cluster,Pending
OHE-26027-00280,2026-10-06,TDMS,Santragachi–Panskura,SRC–PKU,25.7,Traction substation inspection,Low,24,169,Traction Maintenance Team,2026-10-14,cross_department_cluster,Pending
OHE-26027-00281,2026-10-06,TDMS,Howrah–Santragachi,HWH–SRC,5.0,Pantograph interaction issue,Low,17,119,OHE Crew,2026-10-11,normal,Pending
OHE-26027-00282,2026-10-06,TDMS,Santragachi–Panskura,SRC–PKU,43.5,OHE defect,Medium,60,150,OHE Tower Wagon,2026-10-10,normal,Pending
OHE-26027-00283,2026-10-06,TDMS,Kharagpur–Gidni,KGP–GID,214.1,Sectioning equipment inspection,Low,17,104,Electrical Inspection Team,2026-10-13,high_defect_load,Pending
OHE-26027-00284,2026-10-06,TDMS,Mecheda–Panskura,MCA–PKU,120.5,OHE defect,Critical,93,100,OHE Tower Wagon,2026-10-06,critical_defect,Pending
OHE-26027-00285,2026-10-06,TDMS,Panskura–Kharagpur,PKU–KGP,152.5,Contact wire inspection,Low,38,67,OHE Tower Wagon,2026-10-17,cross_department_cluster,Pending
OHE-26027-00286,2026-10-06,TDMS,Kharagpur–Gidni,KGP–GID,174.5,Pantograph interaction issue,Critical,97,79,OHE Tower Wagon,2026-10-07,critical_defect,Pending
OHE-26027-00287,2026-10-06,TDMS,Panskura–Kharagpur,PKU–KGP,127.1,OHE defect,Medium,55,126,OHE Crew,2026-10-09,normal,Pending
OHE-26027-00288,2026-10-06,TDMS,Panskura–Kharagpur,PKU–KGP,164.8,Pantograph interaction issue,High,67,81,OHE Tower Wagon,2026-10-07,high_defect_load,Pending
OHE-26027-00289,2026-10-06,TDMS,Panskura–Kharagpur,PKU–KGP,160.4,OHE defect,Medium,46,121,OHE Tower Wagon,2026-10-12,normal,Pending
OHE-26027-00290,2026-10-06,TDMS,Kharagpur–Gidni,KGP–GID,186.6,Sectioning equipment inspection,Low,29,95,Electrical Inspection Team,2026-10-16,mixed_realistic,Pending
OHE-26027-00291,2026-10-06,TDMS,Panskura–Kharagpur,PKU–KGP,164.3,OHE defect,Low,22,68,OHE Tower Wagon,2026-10-12,cross_department_cluster,Pending
OHE-26027-00292,2026-10-06,TDMS,Howrah–Santragachi,HWH–SRC,8.2,OHE defect,Low,27,150,OHE Tower Wagon,2026-10-11,normal,Pending
OHE-26027-00293,2026-10-06,TDMS,Howrah–Santragachi,HWH–SRC,0.1,Contact wire inspection,Low,15,71,OHE Crew,2026-10-16,cross_department_cluster,Pending
OHE-26027-00294,2026-10-06,TDMS,Mecheda–Panskura,MCA–PKU,118.2,Sectioning equipment inspection,Low,20,65,Electrical Inspection Team,2026-10-14,cross_department_cluster,Pending
OHE-26027-00295,2026-10-06,TDMS,Mecheda–Panskura,MCA–PKU,120.7,Insulator replacement,High,73,59,OHE Tower Wagon,2026-10-08,mixed_realistic,Pending
OHE-26027-00296,2026-10-06,TDMS,Howrah–Santragachi,HWH–SRC,5.1,OHE defect,Critical,94,58,OHE Crew,2026-10-07,critical_defect,Pending
OHE-26027-00297,2026-10-06,TDMS,Howrah–Santragachi,HWH–SRC,10.9,Contact wire inspection,High,81,108,OHE Tower Wagon,2026-10-08,high_defect_load,Pending
OHE-26027-00298,2026-10-06,TDMS,Panskura–Kharagpur,PKU–KGP,158.0,Traction substation inspection,High,79,144,Traction Maintenance Team,2026-10-07,cross_department_cluster,Pending
OHE-26027-00299,2026-10-06,TDMS,Panskura–Kharagpur,PKU–KGP,150.6,OHE defect,Medium,51,69,OHE Tower Wagon,2026-10-13,high_defect_load,Pending
OHE-26027-00300,2026-10-06,TDMS,Santragachi–Panskura,SRC–PKU,56.6,Preventive OHE maintenance,Low,33,62,Traction Maintenance Team,2026-10-12,cross_department_cluster,Pending
OHE-26027-00301,2026-10-06,TDMS,Kharagpur–Gidni,KGP–GID,182.6,OHE defect,High,78,123,OHE Crew,2026-10-06,cross_department_cluster,Pending
OHE-26027-00302,2026-10-06,TDMS,Howrah–Santragachi,HWH–SRC,2.3,OHE defect,Medium,57,96,OHE Crew,2026-10-10,cross_department_cluster,Pending
OHE-26027-00303,2026-10-06,TDMS,Howrah–Santragachi,HWH–SRC,8.3,OHE defect,High,72,130,OHE Crew,2026-10-09,normal,Pending
OHE-26027-00304,2026-10-06,TDMS,Santragachi–Panskura,SRC–PKU,92.7,Pantograph interaction issue,High,74,79,OHE Crew,2026-10-06,normal,Pending
OHE-26027-00305,2026-10-06,TDMS,Mecheda–Panskura,MCA–PKU,117.1,Contact wire inspection,Low,20,80,OHE Crew,2026-10-18,normal,Pending
OHE-26027-00306,2026-10-06,TDMS,Howrah–Santragachi,HWH–SRC,2.6,Sectioning equipment inspection,Critical,98,57,Electrical Inspection Team,2026-10-06,mixed_realistic,Pending
OHE-26027-00307,2026-10-06,TDMS,Howrah–Santragachi,HWH–SRC,11.2,OHE defect,Medium,49,82,OHE Tower Wagon,2026-10-12,high_defect_load,Pending
OHE-26027-00308,2026-10-06,TDMS,Mecheda–Panskura,MCA–PKU,115.7,Pantograph interaction issue,Low,36,88,OHE Tower Wagon,2026-10-13,normal,Pending
OHE-26027-00309,2026-10-06,TDMS,Santragachi–Panskura,SRC–PKU,31.6,Traction substation inspection,Medium,50,98,Traction Maintenance Team,2026-10-11,mixed_realistic,Pending
OHE-26027-00310,2026-10-06,TDMS,Kharagpur–Gidni,KGP–GID,199.1,Insulator replacement,Medium,58,78,OHE Tower Wagon,2026-10-11,normal,Pending
OHE-26027-00311,2026-10-06,TDMS,Santragachi–Panskura,SRC–PKU,33.2,Sectioning equipment inspection,Low,20,109,Electrical Inspection Team,2026-10-20,normal,Pending
OHE-26027-00312,2026-10-06,TDMS,Howrah–Santragachi,HWH–SRC,3.4,Contact wire inspection,Low,20,99,OHE Tower Wagon,2026-10-20,normal,Pending
OHE-26027-00313,2026-10-06,TDMS,Panskura–Kharagpur,PKU–KGP,135.0,Sectioning equipment inspection,Low,27,98,Electrical Inspection Team,2026-10-14,normal,Pending
OHE-26027-00314,2026-10-06,TDMS,Kharagpur–Gidni,KGP–GID,174.0,Insulator replacement,Medium,47,67,OHE Tower Wagon,2026-10-09,normal,Pending
OHE-26027-00315,2026-10-06,TDMS,Santragachi–Panskura,SRC–PKU,107.7,OHE defect,Medium,63,139,OHE Tower Wagon,2026-10-09,normal,Pending
OHE-26027-00316,2026-10-06,TDMS,Howrah–Santragachi,HWH–SRC,8.8,Sectioning equipment inspection,Low,22,105,Electrical Inspection Team,2026-10-17,normal,Pending
OHE-26027-00317,2026-10-06,TDMS,Kharagpur–Gidni,KGP–GID,202.7,Sectioning equipment inspection,Medium,57,76,Electrical Inspection Team,2026-10-11,normal,Pending
OHE-26027-00318,2026-10-06,TDMS,Kharagpur–Gidni,KGP–GID,210.9,Preventive OHE maintenance,Low,33,75,OHE Tower Wagon,2026-10-18,mixed_realistic,Pending
OHE-26027-00319,2026-10-06,TDMS,Mecheda–Panskura,MCA–PKU,124.0,Sectioning equipment inspection,Critical,93,87,Electrical Inspection Team,2026-10-06,critical_defect,Pending
OHE-26027-00320,2026-10-06,TDMS,Kharagpur–Gidni,KGP–GID,203.4,Insulator replacement,Medium,44,49,OHE Crew,2026-10-10,cross_department_cluster,Pending
OHE-26027-00321,2026-10-06,TDMS,Panskura–Kharagpur,PKU–KGP,155.3,Pantograph interaction issue,Medium,63,112,OHE Crew,2026-10-09,mixed_realistic,Pending
OHE-26027-00322,2026-10-06,TDMS,Panskura–Kharagpur,PKU–KGP,152.8,OHE defect,Medium,43,104,OHE Crew,2026-10-12,cross_department_cluster,Pending
OHE-26027-00323,2026-10-06,TDMS,Santragachi–Panskura,SRC–PKU,43.4,Traction substation inspection,High,74,173,Traction Maintenance Team,2026-10-09,high_defect_load,Pending
OHE-26027-00324,2026-10-06,TDMS,Panskura–Kharagpur,PKU–KGP,165.7,Pantograph interaction issue,Medium,47,74,OHE Tower Wagon,2026-10-11,normal,Pending
OHE-26027-00325,2026-10-06,TDMS,Kharagpur–Gidni,KGP–GID,195.9,Contact wire inspection,High,83,115,OHE Tower Wagon,2026-10-08,normal,Pending
OHE-26027-00326,2026-10-07,TDMS,Santragachi–Panskura,SRC–PKU,48.6,Contact wire inspection,Low,18,116,OHE Tower Wagon,2026-10-20,high_defect_load,Pending
OHE-26027-00327,2026-10-07,TDMS,Howrah–Santragachi,HWH–SRC,7.4,Contact wire inspection,Medium,62,61,OHE Crew,2026-10-10,high_defect_load,Pending
OHE-26027-00328,2026-10-07,TDMS,Howrah–Santragachi,HWH–SRC,6.6,Contact wire inspection,Medium,51,89,OHE Crew,2026-10-13,normal,Pending
OHE-26027-00329,2026-10-07,TDMS,Howrah–Santragachi,HWH–SRC,11.7,Sectioning equipment inspection,Medium,49,80,Electrical Inspection Team,2026-10-14,normal,Pending
OHE-26027-00330,2026-10-07,TDMS,Howrah–Santragachi,HWH–SRC,10.3,Preventive OHE maintenance,Medium,44,119,Electrical Inspection Team,2026-10-09,normal,Pending
OHE-26027-00331,2026-10-07,TDMS,Howrah–Santragachi,HWH–SRC,7.3,Preventive OHE maintenance,Critical,90,75,OHE Crew,2026-10-08,critical_defect,Pending
OHE-26027-00332,2026-10-07,TDMS,Kharagpur–Gidni,KGP–GID,182.0,Contact wire inspection,High,83,118,OHE Crew,2026-10-07,cross_department_cluster,Pending
OHE-26027-00333,2026-10-07,TDMS,Panskura–Kharagpur,PKU–KGP,160.6,Sectioning equipment inspection,Medium,40,73,Electrical Inspection Team,2026-10-11,normal,Pending
OHE-26027-00334,2026-10-07,TDMS,Panskura–Kharagpur,PKU–KGP,149.3,Insulator replacement,Medium,57,79,OHE Tower Wagon,2026-10-13,normal,Pending
OHE-26027-00335,2026-10-07,TDMS,Kharagpur–Gidni,KGP–GID,200.6,Sectioning equipment inspection,Medium,53,118,Electrical Inspection Team,2026-10-11,normal,Pending
OHE-26027-00336,2026-10-07,TDMS,Howrah–Santragachi,HWH–SRC,8.7,Pantograph interaction issue,Low,27,76,OHE Tower Wagon,2026-10-19,mixed_realistic,Pending
OHE-26027-00337,2026-10-07,TDMS,Howrah–Santragachi,HWH–SRC,0.9,Contact wire inspection,Low,16,109,OHE Crew,2026-10-18,normal,Pending
OHE-26027-00338,2026-10-07,TDMS,Santragachi–Panskura,SRC–PKU,102.3,Sectioning equipment inspection,Low,24,104,Electrical Inspection Team,2026-10-15,normal,Pending
OHE-26027-00339,2026-10-07,TDMS,Kharagpur–Gidni,KGP–GID,173.0,OHE defect,Medium,42,134,OHE Tower Wagon,2026-10-09,normal,Pending
OHE-26027-00340,2026-10-07,TDMS,Howrah–Santragachi,HWH–SRC,2.6,OHE defect,Medium,58,131,OHE Tower Wagon,2026-10-13,cross_department_cluster,Pending
OHE-26027-00341,2026-10-07,TDMS,Mecheda–Panskura,MCA–PKU,118.7,OHE defect,Low,28,113,OHE Tower Wagon,2026-10-19,normal,Pending
OHE-26027-00342,2026-10-07,TDMS,Santragachi–Panskura,SRC–PKU,39.1,Contact wire inspection,Medium,51,71,OHE Tower Wagon,2026-10-14,normal,Pending
OHE-26027-00343,2026-10-07,TDMS,Santragachi–Panskura,SRC–PKU,72.5,Preventive OHE maintenance,Critical,95,98,OHE Tower Wagon,2026-10-08,high_conflict,Pending
OHE-26027-00344,2026-10-07,TDMS,Howrah–Santragachi,HWH–SRC,2.4,Contact wire inspection,Medium,60,109,OHE Tower Wagon,2026-10-09,mixed_realistic,Pending
OHE-26027-00345,2026-10-07,TDMS,Kharagpur–Gidni,KGP–GID,185.2,Traction substation inspection,Medium,43,135,Traction Maintenance Team,2026-10-14,high_defect_load,Pending
OHE-26027-00346,2026-10-07,TDMS,Howrah–Santragachi,HWH–SRC,11.6,Pantograph interaction issue,Medium,62,89,OHE Crew,2026-10-11,high_defect_load,Pending
OHE-26027-00347,2026-10-07,TDMS,Panskura–Kharagpur,PKU–KGP,135.2,OHE defect,High,71,89,OHE Tower Wagon,2026-10-10,high_defect_load,Pending
OHE-26027-00348,2026-10-07,TDMS,Santragachi–Panskura,SRC–PKU,97.5,Preventive OHE maintenance,Low,23,53,OHE Tower Wagon,2026-10-14,cross_department_cluster,Pending
OHE-26027-00349,2026-10-07,TDMS,Santragachi–Panskura,SRC–PKU,29.9,Insulator replacement,Medium,48,62,OHE Crew,2026-10-13,normal,Pending
OHE-26027-00350,2026-10-07,TDMS,Mecheda–Panskura,MCA–PKU,118.2,Preventive OHE maintenance,Medium,47,65,Electrical Inspection Team,2026-10-12,cross_department_cluster,Pending
OHE-26027-00351,2026-10-07,TDMS,Mecheda–Panskura,MCA–PKU,118.2,Preventive OHE maintenance,Low,38,60,Traction Maintenance Team,2026-10-16,cross_department_cluster,Pending
OHE-26027-00352,2026-10-07,TDMS,Santragachi–Panskura,SRC–PKU,71.2,Pantograph interaction issue,High,84,67,OHE Tower Wagon,2026-10-10,mixed_realistic,Pending
OHE-26027-00353,2026-10-07,TDMS,Santragachi–Panskura,SRC–PKU,39.7,Traction substation inspection,High,66,130,Traction Maintenance Team,2026-10-08,normal,Pending
OHE-26027-00354,2026-10-07,TDMS,Santragachi–Panskura,SRC–PKU,37.1,Pantograph interaction issue,High,82,82,OHE Tower Wagon,2026-10-08,normal,Pending
OHE-26027-00355,2026-10-07,TDMS,Panskura–Kharagpur,PKU–KGP,158.3,Preventive OHE maintenance,High,71,92,OHE Tower Wagon,2026-10-08,cross_department_cluster,Pending
OHE-26027-00356,2026-10-07,TDMS,Santragachi–Panskura,SRC–PKU,74.7,Pantograph interaction issue,Medium,55,93,OHE Crew,2026-10-13,normal,Pending
OHE-26027-00357,2026-10-07,TDMS,Kharagpur–Gidni,KGP–GID,170.7,Insulator replacement,Low,34,67,OHE Tower Wagon,2026-10-19,normal,Pending
OHE-26027-00358,2026-10-07,TDMS,Santragachi–Panskura,SRC–PKU,45.3,Traction substation inspection,Low,30,130,Traction Maintenance Team,2026-10-16,normal,Pending
OHE-26027-00359,2026-10-07,TDMS,Santragachi–Panskura,SRC–PKU,39.8,Insulator replacement,High,82,87,OHE Tower Wagon,2026-10-10,normal,Pending
OHE-26027-00360,2026-10-07,TDMS,Kharagpur–Gidni,KGP–GID,201.7,Sectioning equipment inspection,Medium,64,99,Electrical Inspection Team,2026-10-13,normal,Pending
OHE-26027-00361,2026-10-07,TDMS,Mecheda–Panskura,MCA–PKU,120.5,Insulator replacement,Medium,52,59,OHE Tower Wagon,2026-10-12,high_defect_load,Pending
OHE-26027-00362,2026-10-07,TDMS,Mecheda–Panskura,MCA–PKU,117.9,Sectioning equipment inspection,High,74,117,Electrical Inspection Team,2026-10-09,normal,Pending
OHE-26027-00363,2026-10-07,TDMS,Panskura–Kharagpur,PKU–KGP,164.2,Traction substation inspection,Low,33,180,Traction Maintenance Team,2026-10-12,cross_department_cluster,Pending
OHE-26027-00364,2026-10-07,TDMS,Howrah–Santragachi,HWH–SRC,10.8,Sectioning equipment inspection,Medium,60,118,Electrical Inspection Team,2026-10-14,normal,Pending
OHE-26027-00365,2026-10-07,TDMS,Santragachi–Panskura,SRC–PKU,20.0,Insulator replacement,Low,19,86,OHE Crew,2026-10-12,normal,Pending
OHE-26027-00366,2026-10-07,TDMS,Panskura–Kharagpur,PKU–KGP,148.8,Traction substation inspection,Medium,48,170,Traction Maintenance Team,2026-10-12,normal,Pending
OHE-26027-00367,2026-10-07,TDMS,Panskura–Kharagpur,PKU–KGP,167.4,Pantograph interaction issue,Medium,54,70,OHE Tower Wagon,2026-10-09,normal,Pending
OHE-26027-00368,2026-10-07,TDMS,Mecheda–Panskura,MCA–PKU,117.0,Insulator replacement,High,82,64,OHE Tower Wagon,2026-10-09,cross_department_cluster,Pending
OHE-26027-00369,2026-10-07,TDMS,Howrah–Santragachi,HWH–SRC,2.5,Traction substation inspection,Low,24,90,Traction Maintenance Team,2026-10-13,normal,Pending
OHE-26027-00370,2026-10-07,TDMS,Howrah–Santragachi,HWH–SRC,5.6,Pantograph interaction issue,High,65,113,OHE Tower Wagon,2026-10-08,cross_department_cluster,Pending
OHE-26027-00371,2026-10-07,TDMS,Panskura–Kharagpur,PKU–KGP,150.3,OHE defect,Medium,64,104,OHE Crew,2026-10-12,normal,Pending
OHE-26027-00372,2026-10-07,TDMS,Santragachi–Panskura,SRC–PKU,55.3,Traction substation inspection,Medium,53,136,Traction Maintenance Team,2026-10-09,normal,Pending
OHE-26027-00373,2026-10-07,TDMS,Santragachi–Panskura,SRC–PKU,39.5,Pantograph interaction issue,High,83,72,OHE Tower Wagon,2026-10-10,normal,Pending
OHE-26027-00374,2026-10-07,TDMS,Howrah–Santragachi,HWH–SRC,3.1,Insulator replacement,High,69,70,OHE Crew,2026-10-07,normal,Pending
OHE-26027-00375,2026-10-07,TDMS,Panskura–Kharagpur,PKU–KGP,143.5,OHE defect,Low,31,75,OHE Crew,2026-10-13,normal,Pending
OHE-26027-00376,2026-10-07,TDMS,Santragachi–Panskura,SRC–PKU,17.0,Contact wire inspection,High,79,85,OHE Crew,2026-10-08,normal,Pending
OHE-26027-00377,2026-10-07,TDMS,Panskura–Kharagpur,PKU–KGP,145.5,Insulator replacement,Low,26,89,OHE Tower Wagon,2026-10-19,normal,Pending
OHE-26027-00378,2026-10-07,TDMS,Panskura–Kharagpur,PKU–KGP,146.9,Preventive OHE maintenance,Low,24,72,Traction Maintenance Team,2026-10-17,normal,Pending
OHE-26027-00379,2026-10-07,TDMS,Panskura–Kharagpur,PKU–KGP,164.0,Sectioning equipment inspection,Medium,53,65,Electrical Inspection Team,2026-10-11,cross_department_cluster,Pending
OHE-26027-00380,2026-10-07,TDMS,Panskura–Kharagpur,PKU–KGP,164.6,Preventive OHE maintenance,Low,27,70,Traction Maintenance Team,2026-10-20,mixed_realistic,Pending
OHE-26027-00381,2026-10-07,TDMS,Mecheda–Panskura,MCA–PKU,122.6,OHE defect,Low,16,115,OHE Crew,2026-10-16,cross_department_cluster,Pending
OHE-26027-00382,2026-10-07,TDMS,Santragachi–Panskura,SRC–PKU,87.7,Preventive OHE maintenance,Low,22,118,OHE Tower Wagon,2026-10-15,normal,Pending
OHE-26027-00383,2026-10-07,TDMS,Howrah–Santragachi,HWH–SRC,7.7,OHE defect,Medium,63,127,OHE Tower Wagon,2026-10-09,high_defect_load,Pending
OHE-26027-00384,2026-10-07,TDMS,Mecheda–Panskura,MCA–PKU,123.7,Contact wire inspection,Medium,45,78,OHE Tower Wagon,2026-10-09,high_defect_load,Pending
OHE-26027-00385,2026-10-07,TDMS,Howrah–Santragachi,HWH–SRC,10.5,Sectioning equipment inspection,Critical,91,65,Electrical Inspection Team,2026-10-08,high_conflict,Pending
OHE-26027-00386,2026-10-07,TDMS,Panskura–Kharagpur,PKU–KGP,139.5,Insulator replacement,Low,30,58,OHE Tower Wagon,2026-10-12,normal,Pending
OHE-26027-00387,2026-10-07,TDMS,Panskura–Kharagpur,PKU–KGP,136.4,Traction substation inspection,Medium,58,125,Traction Maintenance Team,2026-10-11,cross_department_cluster,Pending
OHE-26027-00388,2026-10-07,TDMS,Kharagpur–Gidni,KGP–GID,201.5,OHE defect,Medium,59,85,OHE Crew,2026-10-09,mixed_realistic,Pending
OHE-26027-00389,2026-10-07,TDMS,Panskura–Kharagpur,PKU–KGP,164.5,Sectioning equipment inspection,Critical,92,51,Electrical Inspection Team,2026-10-08,cross_department_cluster,Pending
OHE-26027-00390,2026-10-07,TDMS,Kharagpur–Gidni,KGP–GID,202.8,Contact wire inspection,Medium,56,103,OHE Tower Wagon,2026-10-12,high_defect_load,Pending
OHE-26027-00391,2026-10-08,TDMS,Howrah–Santragachi,HWH–SRC,5.4,Contact wire inspection,Medium,44,95,OHE Tower Wagon,2026-10-12,cross_department_cluster,Pending
OHE-26027-00392,2026-10-08,TDMS,Mecheda–Panskura,MCA–PKU,118.3,OHE defect,Medium,55,110,OHE Tower Wagon,2026-10-10,normal,Pending
OHE-26027-00393,2026-10-08,TDMS,Panskura–Kharagpur,PKU–KGP,133.6,Pantograph interaction issue,Medium,57,89,OHE Crew,2026-10-11,normal,Pending
OHE-26027-00394,2026-10-08,TDMS,Panskura–Kharagpur,PKU–KGP,131.6,Sectioning equipment inspection,Medium,61,120,Electrical Inspection Team,2026-10-13,normal,Pending
OHE-26027-00395,2026-10-08,TDMS,Panskura–Kharagpur,PKU–KGP,154.1,OHE defect,Medium,50,142,OHE Tower Wagon,2026-10-12,normal,Pending
OHE-26027-00396,2026-10-08,TDMS,Panskura–Kharagpur,PKU–KGP,129.4,Contact wire inspection,Low,35,94,OHE Crew,2026-10-15,normal,Pending
OHE-26027-00397,2026-10-08,TDMS,Howrah–Santragachi,HWH–SRC,7.4,Preventive OHE maintenance,Low,28,59,Electrical Inspection Team,2026-10-20,normal,Pending
OHE-26027-00398,2026-10-08,TDMS,Mecheda–Panskura,MCA–PKU,116.6,Preventive OHE maintenance,Medium,46,47,Traction Maintenance Team,2026-10-15,normal,Pending
OHE-26027-00399,2026-10-08,TDMS,Howrah–Santragachi,HWH–SRC,9.2,Sectioning equipment inspection,Medium,41,110,Electrical Inspection Team,2026-10-11,normal,Pending
OHE-26027-00400,2026-10-08,TDMS,Kharagpur–Gidni,KGP–GID,195.4,Sectioning equipment inspection,Low,32,90,Electrical Inspection Team,2026-10-17,normal,Pending
OHE-26027-00401,2026-10-08,TDMS,Santragachi–Panskura,SRC–PKU,15.9,Insulator replacement,Low,33,67,OHE Crew,2026-10-13,mixed_realistic,Pending
OHE-26027-00402,2026-10-08,TDMS,Santragachi–Panskura,SRC–PKU,99.5,Insulator replacement,High,79,73,OHE Crew,2026-10-09,mixed_realistic,Pending
OHE-26027-00403,2026-10-08,TDMS,Howrah–Santragachi,HWH–SRC,6.5,Preventive OHE maintenance,Medium,40,98,Electrical Inspection Team,2026-10-15,high_defect_load,Pending
OHE-26027-00404,2026-10-08,TDMS,Mecheda–Panskura,MCA–PKU,118.5,Sectioning equipment inspection,High,77,74,Electrical Inspection Team,2026-10-11,cross_department_cluster,Pending
OHE-26027-00405,2026-10-08,TDMS,Kharagpur–Gidni,KGP–GID,175.3,Sectioning equipment inspection,Medium,46,99,Electrical Inspection Team,2026-10-11,mixed_realistic,Pending
OHE-26027-00406,2026-10-08,TDMS,Howrah–Santragachi,HWH–SRC,9.7,OHE defect,High,74,111,OHE Tower Wagon,2026-10-08,normal,Pending
OHE-26027-00407,2026-10-08,TDMS,Howrah–Santragachi,HWH–SRC,3.5,Traction substation inspection,Medium,43,127,Traction Maintenance Team,2026-10-11,high_defect_load,Pending
OHE-26027-00408,2026-10-08,TDMS,Mecheda–Panskura,MCA–PKU,119.6,Traction substation inspection,Medium,42,113,Traction Maintenance Team,2026-10-10,mixed_realistic,Pending
OHE-26027-00409,2026-10-08,TDMS,Panskura–Kharagpur,PKU–KGP,141.8,Pantograph interaction issue,High,76,114,OHE Crew,2026-10-10,high_defect_load,Pending
OHE-26027-00410,2026-10-08,TDMS,Santragachi–Panskura,SRC–PKU,80.3,Preventive OHE maintenance,Medium,56,49,OHE Tower Wagon,2026-10-10,high_defect_load,Pending
OHE-26027-00411,2026-10-08,TDMS,Panskura–Kharagpur,PKU–KGP,158.9,Sectioning equipment inspection,Low,35,95,Electrical Inspection Team,2026-10-13,normal,Pending
OHE-26027-00412,2026-10-08,TDMS,Kharagpur–Gidni,KGP–GID,190.1,Preventive OHE maintenance,Medium,48,113,Electrical Inspection Team,2026-10-14,normal,Pending
OHE-26027-00413,2026-10-08,TDMS,Santragachi–Panskura,SRC–PKU,66.9,Contact wire inspection,Low,35,102,OHE Tower Wagon,2026-10-18,mixed_realistic,Pending
OHE-26027-00414,2026-10-08,TDMS,Panskura–Kharagpur,PKU–KGP,142.4,Traction substation inspection,Low,29,158,Traction Maintenance Team,2026-10-19,cross_department_cluster,Pending
OHE-26027-00415,2026-10-08,TDMS,Santragachi–Panskura,SRC–PKU,44.3,Sectioning equipment inspection,High,73,64,Electrical Inspection Team,2026-10-11,mixed_realistic,Pending
OHE-26027-00416,2026-10-08,TDMS,Howrah–Santragachi,HWH–SRC,11.1,Preventive OHE maintenance,Medium,49,111,Electrical Inspection Team,2026-10-12,normal,Pending
OHE-26027-00417,2026-10-08,TDMS,Howrah–Santragachi,HWH–SRC,1.3,Pantograph interaction issue,Low,16,97,OHE Tower Wagon,2026-10-14,high_defect_load,Pending
OHE-26027-00418,2026-10-08,TDMS,Kharagpur–Gidni,KGP–GID,175.6,Contact wire inspection,Medium,43,70,OHE Tower Wagon,2026-10-10,high_defect_load,Pending
OHE-26027-00419,2026-10-08,TDMS,Santragachi–Panskura,SRC–PKU,76.4,OHE defect,High,67,123,OHE Tower Wagon,2026-10-10,normal,Pending
OHE-26027-00420,2026-10-08,TDMS,Howrah–Santragachi,HWH–SRC,5.0,Traction substation inspection,High,76,179,Traction Maintenance Team,2026-10-10,normal,Pending
OHE-26027-00421,2026-10-08,TDMS,Panskura–Kharagpur,PKU–KGP,162.5,OHE defect,Low,23,143,OHE Tower Wagon,2026-10-17,mixed_realistic,Pending
OHE-26027-00422,2026-10-08,TDMS,Mecheda–Panskura,MCA–PKU,119.2,Traction substation inspection,Low,34,155,Traction Maintenance Team,2026-10-17,cross_department_cluster,Pending
OHE-26027-00423,2026-10-08,TDMS,Santragachi–Panskura,SRC–PKU,90.7,Sectioning equipment inspection,Low,36,114,Electrical Inspection Team,2026-10-13,normal,Pending
OHE-26027-00424,2026-10-08,TDMS,Santragachi–Panskura,SRC–PKU,86.7,Insulator replacement,Medium,44,88,OHE Tower Wagon,2026-10-13,normal,Pending
OHE-26027-00425,2026-10-08,TDMS,Kharagpur–Gidni,KGP–GID,189.6,OHE defect,Medium,42,111,OHE Tower Wagon,2026-10-12,normal,Pending
OHE-26027-00426,2026-10-08,TDMS,Santragachi–Panskura,SRC–PKU,16.5,OHE defect,Low,19,123,OHE Crew,2026-10-17,cross_department_cluster,Pending
OHE-26027-00427,2026-10-08,TDMS,Kharagpur–Gidni,KGP–GID,173.9,Sectioning equipment inspection,Medium,61,63,Electrical Inspection Team,2026-10-14,high_defect_load,Pending
OHE-26027-00428,2026-10-08,TDMS,Panskura–Kharagpur,PKU–KGP,157.9,OHE defect,Low,30,137,OHE Tower Wagon,2026-10-22,cross_department_cluster,Pending
OHE-26027-00429,2026-10-08,TDMS,Panskura–Kharagpur,PKU–KGP,164.2,Pantograph interaction issue,Medium,52,74,OHE Crew,2026-10-15,cross_department_cluster,Pending
OHE-26027-00430,2026-10-08,TDMS,Panskura–Kharagpur,PKU–KGP,138.2,Insulator replacement,Medium,48,47,OHE Crew,2026-10-10,normal,Pending
OHE-26027-00431,2026-10-08,TDMS,Santragachi–Panskura,SRC–PKU,16.7,OHE defect,Medium,63,128,OHE Crew,2026-10-13,cross_department_cluster,Pending
OHE-26027-00432,2026-10-08,TDMS,Santragachi–Panskura,SRC–PKU,25.4,Sectioning equipment inspection,Medium,62,76,Electrical Inspection Team,2026-10-11,normal,Pending
OHE-26027-00433,2026-10-08,TDMS,Kharagpur–Gidni,KGP–GID,174.5,Insulator replacement,Low,30,83,OHE Crew,2026-10-20,high_defect_load,Pending
OHE-26027-00434,2026-10-08,TDMS,Santragachi–Panskura,SRC–PKU,27.8,Contact wire inspection,Medium,40,84,OHE Crew,2026-10-12,high_defect_load,Pending
OHE-26027-00435,2026-10-08,TDMS,Panskura–Kharagpur,PKU–KGP,158.2,Contact wire inspection,Medium,41,66,OHE Crew,2026-10-10,cross_department_cluster,Pending
OHE-26027-00436,2026-10-08,TDMS,Howrah–Santragachi,HWH–SRC,7.7,Contact wire inspection,Critical,94,101,OHE Tower Wagon,2026-10-08,critical_defect,Pending
OHE-26027-00437,2026-10-08,TDMS,Kharagpur–Gidni,KGP–GID,191.6,Insulator replacement,Medium,61,57,OHE Crew,2026-10-14,mixed_realistic,Pending
OHE-26027-00438,2026-10-08,TDMS,Kharagpur–Gidni,KGP–GID,195.7,Pantograph interaction issue,High,68,92,OHE Tower Wagon,2026-10-11,normal,Pending
OHE-26027-00439,2026-10-08,TDMS,Mecheda–Panskura,MCA–PKU,124.6,Sectioning equipment inspection,High,66,79,Electrical Inspection Team,2026-10-10,cross_department_cluster,Pending
OHE-26027-00440,2026-10-08,TDMS,Mecheda–Panskura,MCA–PKU,116.4,Preventive OHE maintenance,High,66,49,Traction Maintenance Team,2026-10-08,mixed_realistic,Pending
OHE-26027-00441,2026-10-08,TDMS,Kharagpur–Gidni,KGP–GID,170.6,Pantograph interaction issue,Low,30,109,OHE Tower Wagon,2026-10-20,normal,Pending
OHE-26027-00442,2026-10-08,TDMS,Howrah–Santragachi,HWH–SRC,5.8,Pantograph interaction issue,Medium,43,112,OHE Crew,2026-10-13,normal,Pending
OHE-26027-00443,2026-10-08,TDMS,Panskura–Kharagpur,PKU–KGP,157.7,Insulator replacement,Medium,52,66,OHE Tower Wagon,2026-10-13,cross_department_cluster,Pending
OHE-26027-00444,2026-10-08,TDMS,Panskura–Kharagpur,PKU–KGP,164.2,Contact wire inspection,Medium,45,99,OHE Tower Wagon,2026-10-10,cross_department_cluster,Pending
OHE-26027-00445,2026-10-08,TDMS,Santragachi–Panskura,SRC–PKU,30.9,OHE defect,Low,22,132,OHE Tower Wagon,2026-10-20,normal,Pending
OHE-26027-00446,2026-10-08,TDMS,Kharagpur–Gidni,KGP–GID,174.4,Pantograph interaction issue,High,82,95,OHE Tower Wagon,2026-10-10,normal,Pending
OHE-26027-00447,2026-10-08,TDMS,Kharagpur–Gidni,KGP–GID,188.7,Contact wire inspection,High,66,110,OHE Tower Wagon,2026-10-08,normal,Pending
OHE-26027-00448,2026-10-08,TDMS,Panskura–Kharagpur,PKU–KGP,128.7,Pantograph interaction issue,Critical,89,79,OHE Crew,2026-10-08,critical_defect,Pending
OHE-26027-00449,2026-10-08,TDMS,Panskura–Kharagpur,PKU–KGP,166.3,Sectioning equipment inspection,Low,38,115,Electrical Inspection Team,2026-10-16,cross_department_cluster,Pending
OHE-26027-00450,2026-10-08,TDMS,Santragachi–Panskura,SRC–PKU,31.6,Sectioning equipment inspection,High,76,80,Electrical Inspection Team,2026-10-09,normal,Pending
OHE-26027-00451,2026-10-08,TDMS,Kharagpur–Gidni,KGP–GID,207.9,OHE defect,Low,26,139,OHE Tower Wagon,2026-10-19,normal,Pending
OHE-26027-00452,2026-10-08,TDMS,Mecheda–Panskura,MCA–PKU,121.6,Traction substation inspection,Low,35,98,Traction Maintenance Team,2026-10-16,normal,Pending
OHE-26027-00453,2026-10-08,TDMS,Panskura–Kharagpur,PKU–KGP,151.0,Traction substation inspection,Low,27,113,Traction Maintenance Team,2026-10-21,normal,Pending
OHE-26027-00454,2026-10-08,TDMS,Kharagpur–Gidni,KGP–GID,190.5,OHE defect,Low,35,95,OHE Tower Wagon,2026-10-17,normal,Pending
OHE-26027-00455,2026-10-08,TDMS,Santragachi–Panskura,SRC–PKU,49.9,Preventive OHE maintenance,Medium,63,74,Electrical Inspection Team,2026-10-15,normal,Pending
OHE-26027-00456,2026-10-09,TDMS,Kharagpur–Gidni,KGP–GID,207.3,Insulator replacement,Low,28,74,OHE Tower Wagon,2026-10-14,cross_department_cluster,Pending
OHE-26027-00457,2026-10-09,TDMS,Santragachi–Panskura,SRC–PKU,104.9,Sectioning equipment inspection,Medium,60,117,Electrical Inspection Team,2026-10-15,normal,Pending
OHE-26027-00458,2026-10-09,TDMS,Panskura–Kharagpur,PKU–KGP,157.8,Pantograph interaction issue,Low,23,92,OHE Tower Wagon,2026-10-16,cross_department_cluster,Pending
OHE-26027-00459,2026-10-09,TDMS,Santragachi–Panskura,SRC–PKU,30.7,Contact wire inspection,High,83,120,OHE Crew,2026-10-12,normal,Pending
OHE-26027-00460,2026-10-09,TDMS,Mecheda–Panskura,MCA–PKU,121.6,Insulator replacement,Medium,43,56,OHE Tower Wagon,2026-10-16,normal,Pending
OHE-26027-00461,2026-10-09,TDMS,Santragachi–Panskura,SRC–PKU,106.2,Insulator replacement,Low,34,73,OHE Tower Wagon,2026-10-19,high_defect_load,Pending
OHE-26027-00462,2026-10-09,TDMS,Panskura–Kharagpur,PKU–KGP,164.2,Insulator replacement,Medium,58,61,OHE Crew,2026-10-16,cross_department_cluster,Pending
OHE-26027-00463,2026-10-09,TDMS,Mecheda–Panskura,MCA–PKU,119.8,Sectioning equipment inspection,Low,16,64,Electrical Inspection Team,2026-10-14,high_defect_load,Pending
OHE-26027-00464,2026-10-09,TDMS,Howrah–Santragachi,HWH–SRC,8.7,Contact wire inspection,Low,34,97,OHE Tower Wagon,2026-10-14,normal,Pending
OHE-26027-00465,2026-10-09,TDMS,Kharagpur–Gidni,KGP–GID,187.9,Contact wire inspection,High,68,105,OHE Crew,2026-10-12,normal,Pending
OHE-26027-00466,2026-10-09,TDMS,Mecheda–Panskura,MCA–PKU,118.1,Preventive OHE maintenance,Medium,63,87,Traction Maintenance Team,2026-10-14,cross_department_cluster,Pending
OHE-26027-00467,2026-10-09,TDMS,Panskura–Kharagpur,PKU–KGP,163.0,Insulator replacement,Low,37,47,OHE Crew,2026-10-14,normal,Pending
OHE-26027-00468,2026-10-09,TDMS,Panskura–Kharagpur,PKU–KGP,142.5,Contact wire inspection,Low,26,83,OHE Tower Wagon,2026-10-20,cross_department_cluster,Pending
OHE-26027-00469,2026-10-09,TDMS,Mecheda–Panskura,MCA–PKU,117.5,Sectioning equipment inspection,High,79,106,Electrical Inspection Team,2026-10-09,normal,Pending
OHE-26027-00470,2026-10-09,TDMS,Kharagpur–Gidni,KGP–GID,184.5,Traction substation inspection,High,77,179,Traction Maintenance Team,2026-10-12,mixed_realistic,Pending
OHE-26027-00471,2026-10-09,TDMS,Panskura–Kharagpur,PKU–KGP,163.1,OHE defect,Low,28,118,OHE Crew,2026-10-17,cross_department_cluster,Pending
OHE-26027-00472,2026-10-09,TDMS,Kharagpur–Gidni,KGP–GID,202.6,Sectioning equipment inspection,Low,36,105,Electrical Inspection Team,2026-10-14,mixed_realistic,Pending
OHE-26027-00473,2026-10-09,TDMS,Howrah–Santragachi,HWH–SRC,4.1,Insulator replacement,Low,24,47,OHE Crew,2026-10-15,normal,Pending
OHE-26027-00474,2026-10-09,TDMS,Kharagpur–Gidni,KGP–GID,186.8,Sectioning equipment inspection,Critical,87,78,Electrical Inspection Team,2026-10-10,mixed_realistic,Pending
OHE-26027-00475,2026-10-09,TDMS,Panskura–Kharagpur,PKU–KGP,151.6,Sectioning equipment inspection,Low,27,98,Electrical Inspection Team,2026-10-16,cross_department_cluster,Pending
OHE-26027-00476,2026-10-09,TDMS,Mecheda–Panskura,MCA–PKU,117.4,Preventive OHE maintenance,Medium,51,68,Traction Maintenance Team,2026-10-11,normal,Pending
OHE-26027-00477,2026-10-09,TDMS,Panskura–Kharagpur,PKU–KGP,140.0,Sectioning equipment inspection,Low,24,106,Electrical Inspection Team,2026-10-20,cross_department_cluster,Pending
OHE-26027-00478,2026-10-09,TDMS,Howrah–Santragachi,HWH–SRC,1.9,Insulator replacement,Medium,61,53,OHE Tower Wagon,2026-10-12,high_defect_load,Pending
OHE-26027-00479,2026-10-09,TDMS,Howrah–Santragachi,HWH–SRC,11.2,Preventive OHE maintenance,Low,17,73,Electrical Inspection Team,2026-10-14,normal,Pending
OHE-26027-00480,2026-10-09,TDMS,Kharagpur–Gidni,KGP–GID,171.1,Sectioning equipment inspection,Medium,54,60,Electrical Inspection Team,2026-10-13,normal,Pending
OHE-26027-00481,2026-10-09,TDMS,Mecheda–Panskura,MCA–PKU,124.5,Contact wire inspection,High,65,62,OHE Crew,2026-10-10,normal,Pending
OHE-26027-00482,2026-10-09,TDMS,Mecheda–Panskura,MCA–PKU,120.5,OHE defect,High,72,129,OHE Tower Wagon,2026-10-12,cross_department_cluster,Pending
OHE-26027-00483,2026-10-09,TDMS,Howrah–Santragachi,HWH–SRC,8.4,Preventive OHE maintenance,Medium,51,102,Electrical Inspection Team,2026-10-11,normal,Pending
OHE-26027-00484,2026-10-09,TDMS,Mecheda–Panskura,MCA–PKU,118.1,Preventive OHE maintenance,Medium,53,100,Traction Maintenance Team,2026-10-11,cross_department_cluster,Pending
OHE-26027-00485,2026-10-09,TDMS,Mecheda–Panskura,MCA–PKU,123.9,Sectioning equipment inspection,Medium,40,109,Electrical Inspection Team,2026-10-14,normal,Pending
OHE-26027-00486,2026-10-09,TDMS,Kharagpur–Gidni,KGP–GID,183.8,OHE defect,Low,37,85,OHE Crew,2026-10-20,normal,Pending
OHE-26027-00487,2026-10-09,TDMS,Howrah–Santragachi,HWH–SRC,6.0,OHE defect,Low,16,130,OHE Tower Wagon,2026-10-15,high_defect_load,Pending
OHE-26027-00488,2026-10-09,TDMS,Kharagpur–Gidni,KGP–GID,205.0,Traction substation inspection,High,71,95,Traction Maintenance Team,2026-10-09,normal,Pending
OHE-26027-00489,2026-10-09,TDMS,Mecheda–Panskura,MCA–PKU,116.5,Pantograph interaction issue,Medium,60,84,OHE Crew,2026-10-15,normal,Pending
OHE-26027-00490,2026-10-09,TDMS,Kharagpur–Gidni,KGP–GID,193.3,Pantograph interaction issue,Medium,43,72,OHE Crew,2026-10-14,mixed_realistic,Pending
OHE-26027-00491,2026-10-09,TDMS,Howrah–Santragachi,HWH–SRC,7.9,Preventive OHE maintenance,Low,18,116,Electrical Inspection Team,2026-10-19,normal,Pending
OHE-26027-00492,2026-10-09,TDMS,Santragachi–Panskura,SRC–PKU,90.9,Pantograph interaction issue,Medium,64,107,OHE Tower Wagon,2026-10-12,normal,Pending
OHE-26027-00493,2026-10-09,TDMS,Kharagpur–Gidni,KGP–GID,213.7,Pantograph interaction issue,Medium,55,65,OHE Tower Wagon,2026-10-13,normal,Pending
OHE-26027-00494,2026-10-09,TDMS,Kharagpur–Gidni,KGP–GID,177.6,Insulator replacement,Medium,63,67,OHE Crew,2026-10-16,normal,Pending
OHE-26027-00495,2026-10-09,TDMS,Panskura–Kharagpur,PKU–KGP,135.5,Preventive OHE maintenance,Medium,41,51,OHE Tower Wagon,2026-10-13,normal,Pending
OHE-26027-00496,2026-10-09,TDMS,Mecheda–Panskura,MCA–PKU,117.7,Insulator replacement,Medium,45,85,OHE Crew,2026-10-12,cross_department_cluster,Pending
OHE-26027-00497,2026-10-09,TDMS,Santragachi–Panskura,SRC–PKU,64.9,Sectioning equipment inspection,Low,26,67,Electrical Inspection Team,2026-10-17,normal,Pending
OHE-26027-00498,2026-10-09,TDMS,Mecheda–Panskura,MCA–PKU,115.9,OHE defect,Low,25,88,OHE Crew,2026-10-17,normal,Pending
OHE-26027-00499,2026-10-09,TDMS,Kharagpur–Gidni,KGP–GID,177.9,Sectioning equipment inspection,Medium,52,80,Electrical Inspection Team,2026-10-11,normal,Pending
OHE-26027-00500,2026-10-09,TDMS,Kharagpur–Gidni,KGP–GID,211.4,Sectioning equipment inspection,Medium,47,114,Electrical Inspection Team,2026-10-15,high_defect_load,Pending
OHE-26027-00501,2026-10-09,TDMS,Mecheda–Panskura,MCA–PKU,118.1,Preventive OHE maintenance,High,72,53,Traction Maintenance Team,2026-10-09,cross_department_cluster,Pending
OHE-26027-00502,2026-10-09,TDMS,Panskura–Kharagpur,PKU–KGP,144.6,OHE defect,Low,24,145,OHE Tower Wagon,2026-10-23,mixed_realistic,Pending
OHE-26027-00503,2026-10-09,TDMS,Panskura–Kharagpur,PKU–KGP,130.9,Traction substation inspection,High,71,136,Traction Maintenance Team,2026-10-12,normal,Pending
OHE-26027-00504,2026-10-09,TDMS,Mecheda–Panskura,MCA–PKU,122.1,Sectioning equipment inspection,Medium,58,117,Electrical Inspection Team,2026-10-12,high_defect_load,Pending
OHE-26027-00505,2026-10-09,TDMS,Santragachi–Panskura,SRC–PKU,105.9,Sectioning equipment inspection,Low,30,87,Electrical Inspection Team,2026-10-22,cross_department_cluster,Pending
OHE-26027-00506,2026-10-09,TDMS,Panskura–Kharagpur,PKU–KGP,130.0,Insulator replacement,High,74,50,OHE Crew,2026-10-10,mixed_realistic,Pending
OHE-26027-00507,2026-10-09,TDMS,Mecheda–Panskura,MCA–PKU,124.6,Preventive OHE maintenance,Low,39,51,OHE Crew,2026-10-18,normal,Pending
OHE-26027-00508,2026-10-09,TDMS,Kharagpur–Gidni,KGP–GID,211.9,Contact wire inspection,Low,16,93,OHE Tower Wagon,2026-10-16,mixed_realistic,Pending
OHE-26027-00509,2026-10-09,TDMS,Panskura–Kharagpur,PKU–KGP,166.3,Contact wire inspection,High,72,73,OHE Tower Wagon,2026-10-10,cross_department_cluster,Pending
OHE-26027-00510,2026-10-09,TDMS,Panskura–Kharagpur,PKU–KGP,149.3,Sectioning equipment inspection,High,81,92,Electrical Inspection Team,2026-10-10,normal,Pending
OHE-26027-00511,2026-10-09,TDMS,Santragachi–Panskura,SRC–PKU,58.3,Sectioning equipment inspection,Low,23,117,Electrical Inspection Team,2026-10-18,normal,Pending
OHE-26027-00512,2026-10-09,TDMS,Howrah–Santragachi,HWH–SRC,4.0,Insulator replacement,Medium,41,75,OHE Crew,2026-10-14,normal,Pending
OHE-26027-00513,2026-10-09,TDMS,Panskura–Kharagpur,PKU–KGP,131.4,Traction substation inspection,Medium,59,94,Traction Maintenance Team,2026-10-13,mixed_realistic,Pending
OHE-26027-00514,2026-10-09,TDMS,Kharagpur–Gidni,KGP–GID,210.4,Traction substation inspection,Medium,46,123,Traction Maintenance Team,2026-10-13,mixed_realistic,Pending
OHE-26027-00515,2026-10-09,TDMS,Mecheda–Panskura,MCA–PKU,119.2,Insulator replacement,Medium,47,52,OHE Tower Wagon,2026-10-15,high_defect_load,Pending
OHE-26027-00516,2026-10-09,TDMS,Panskura–Kharagpur,PKU–KGP,164.5,Preventive OHE maintenance,Medium,44,114,Electrical Inspection Team,2026-10-11,cross_department_cluster,Pending
OHE-26027-00517,2026-10-09,TDMS,Mecheda–Panskura,MCA–PKU,118.2,Pantograph interaction issue,High,68,72,OHE Crew,2026-10-10,cross_department_cluster,Pending
OHE-26027-00518,2026-10-09,TDMS,Panskura–Kharagpur,PKU–KGP,156.7,Contact wire inspection,Medium,58,119,OHE Tower Wagon,2026-10-11,normal,Pending
OHE-26027-00519,2026-10-09,TDMS,Mecheda–Panskura,MCA–PKU,116.1,Traction substation inspection,Low,29,117,Traction Maintenance Team,2026-10-14,normal,Pending
OHE-26027-00520,2026-10-09,TDMS,Mecheda–Panskura,MCA–PKU,123.7,Preventive OHE maintenance,Critical,88,51,Traction Maintenance Team,2026-10-09,critical_defect,Pending
OHE-26027-00521,2026-10-10,TDMS,Santragachi–Panskura,SRC–PKU,40.2,Sectioning equipment inspection,Medium,57,76,Electrical Inspection Team,2026-10-14,normal,Pending
OHE-26027-00522,2026-10-10,TDMS,Panskura–Kharagpur,PKU–KGP,146.1,OHE defect,Low,28,146,OHE Tower Wagon,2026-10-16,cross_department_cluster,Pending
OHE-26027-00523,2026-10-10,TDMS,Mecheda–Panskura,MCA–PKU,115.4,OHE defect,Low,31,108,OHE Tower Wagon,2026-10-22,cross_department_cluster,Pending
OHE-26027-00524,2026-10-10,TDMS,Mecheda–Panskura,MCA–PKU,122.7,Contact wire inspection,Low,17,85,OHE Crew,2026-10-17,normal,Pending
OHE-26027-00525,2026-10-10,TDMS,Howrah–Santragachi,HWH–SRC,8.0,Sectioning equipment inspection,High,80,111,Electrical Inspection Team,2026-10-11,cross_department_cluster,Pending
OHE-26027-00526,2026-10-10,TDMS,Howrah–Santragachi,HWH–SRC,10.7,Insulator replacement,Low,32,88,OHE Crew,2026-10-15,normal,Pending
OHE-26027-00527,2026-10-10,TDMS,Santragachi–Panskura,SRC–PKU,85.8,Insulator replacement,Low,21,45,OHE Crew,2026-10-15,cross_department_cluster,Pending
OHE-26027-00528,2026-10-10,TDMS,Kharagpur–Gidni,KGP–GID,205.8,Insulator replacement,Medium,63,85,OHE Crew,2026-10-15,mixed_realistic,Pending
OHE-26027-00529,2026-10-10,TDMS,Kharagpur–Gidni,KGP–GID,181.7,Traction substation inspection,Medium,63,169,Traction Maintenance Team,2026-10-17,normal,Pending
OHE-26027-00530,2026-10-10,TDMS,Howrah–Santragachi,HWH–SRC,4.2,Preventive OHE maintenance,Low,33,82,OHE Tower Wagon,2026-10-24,mixed_realistic,Pending
OHE-26027-00531,2026-10-10,TDMS,Santragachi–Panskura,SRC–PKU,62.2,Pantograph interaction issue,Medium,59,91,OHE Tower Wagon,2026-10-12,cross_department_cluster,Pending
OHE-26027-00532,2026-10-10,TDMS,Mecheda–Panskura,MCA–PKU,121.4,Pantograph interaction issue,Medium,59,112,OHE Tower Wagon,2026-10-15,normal,Pending
OHE-26027-00533,2026-10-10,TDMS,Mecheda–Panskura,MCA–PKU,124.2,OHE defect,Medium,54,144,OHE Tower Wagon,2026-10-15,mixed_realistic,Pending
OHE-26027-00534,2026-10-10,TDMS,Santragachi–Panskura,SRC–PKU,92.9,Sectioning equipment inspection,Low,17,106,Electrical Inspection Team,2026-10-15,normal,Pending
OHE-26027-00535,2026-10-10,TDMS,Kharagpur–Gidni,KGP–GID,206.4,Insulator replacement,High,66,90,OHE Crew,2026-10-10,normal,Pending
OHE-26027-00536,2026-10-10,TDMS,Howrah–Santragachi,HWH–SRC,2.8,Traction substation inspection,Low,29,99,Traction Maintenance Team,2026-10-22,mixed_realistic,Pending
OHE-26027-00537,2026-10-10,TDMS,Panskura–Kharagpur,PKU–KGP,127.0,Traction substation inspection,Medium,58,142,Traction Maintenance Team,2026-10-14,cross_department_cluster,Pending
OHE-26027-00538,2026-10-10,TDMS,Santragachi–Panskura,SRC–PKU,50.1,Pantograph interaction issue,Low,38,97,OHE Crew,2026-10-17,cross_department_cluster,Pending
OHE-26027-00539,2026-10-10,TDMS,Santragachi–Panskura,SRC–PKU,25.2,Traction substation inspection,Medium,40,127,Traction Maintenance Team,2026-10-15,normal,Pending
OHE-26027-00540,2026-10-10,TDMS,Santragachi–Panskura,SRC–PKU,81.7,Pantograph interaction issue,Medium,52,67,OHE Tower Wagon,2026-10-14,cross_department_cluster,Pending
OHE-26027-00541,2026-10-10,TDMS,Howrah–Santragachi,HWH–SRC,4.1,Traction substation inspection,Medium,58,102,Traction Maintenance Team,2026-10-13,cross_department_cluster,Pending
OHE-26027-00542,2026-10-10,TDMS,Santragachi–Panskura,SRC–PKU,18.7,Pantograph interaction issue,Low,17,119,OHE Crew,2026-10-23,normal,Pending
OHE-26027-00543,2026-10-10,TDMS,Santragachi–Panskura,SRC–PKU,107.3,Pantograph interaction issue,Medium,59,97,OHE Tower Wagon,2026-10-15,normal,Pending
OHE-26027-00544,2026-10-10,TDMS,Mecheda–Panskura,MCA–PKU,117.5,Contact wire inspection,Medium,54,67,OHE Crew,2026-10-15,normal,Pending
OHE-26027-00545,2026-10-10,TDMS,Mecheda–Panskura,MCA–PKU,115.7,Contact wire inspection,Medium,51,73,OHE Crew,2026-10-13,normal,Pending
OHE-26027-00546,2026-10-10,TDMS,Howrah–Santragachi,HWH–SRC,3.3,Contact wire inspection,Low,26,103,OHE Tower Wagon,2026-10-17,normal,Pending
OHE-26027-00547,2026-10-10,TDMS,Panskura–Kharagpur,PKU–KGP,164.5,Pantograph interaction issue,High,66,75,OHE Tower Wagon,2026-10-12,cross_department_cluster,Pending
OHE-26027-00548,2026-10-10,TDMS,Mecheda–Panskura,MCA–PKU,117.4,Preventive OHE maintenance,Low,18,100,OHE Tower Wagon,2026-10-23,normal,Pending
OHE-26027-00549,2026-10-10,TDMS,Santragachi–Panskura,SRC–PKU,65.6,Insulator replacement,Medium,40,60,OHE Tower Wagon,2026-10-16,cross_department_cluster,Pending
OHE-26027-00550,2026-10-10,TDMS,Howrah–Santragachi,HWH–SRC,9.5,Sectioning equipment inspection,Medium,52,95,Electrical Inspection Team,2026-10-15,normal,Pending
OHE-26027-00551,2026-10-10,TDMS,Howrah–Santragachi,HWH–SRC,0.5,OHE defect,Medium,56,81,OHE Crew,2026-10-16,normal,Pending
OHE-26027-00552,2026-10-10,TDMS,Mecheda–Panskura,MCA–PKU,118.5,OHE defect,High,70,140,OHE Tower Wagon,2026-10-11,cross_department_cluster,Pending
OHE-26027-00553,2026-10-10,TDMS,Panskura–Kharagpur,PKU–KGP,132.9,Insulator replacement,Low,15,74,OHE Crew,2026-10-16,normal,Pending
OHE-26027-00554,2026-10-10,TDMS,Panskura–Kharagpur,PKU–KGP,129.2,Traction substation inspection,High,76,112,Traction Maintenance Team,2026-10-13,normal,Pending
OHE-26027-00555,2026-10-10,TDMS,Howrah–Santragachi,HWH–SRC,7.9,Traction substation inspection,Medium,54,91,Traction Maintenance Team,2026-10-13,normal,Pending
OHE-26027-00556,2026-10-10,TDMS,Howrah–Santragachi,HWH–SRC,11.4,OHE defect,High,81,105,OHE Crew,2026-10-13,cross_department_cluster,Pending
OHE-26027-00557,2026-10-10,TDMS,Santragachi–Panskura,SRC–PKU,91.9,Pantograph interaction issue,Low,16,95,OHE Tower Wagon,2026-10-18,normal,Pending
OHE-26027-00558,2026-10-10,TDMS,Panskura–Kharagpur,PKU–KGP,142.3,Contact wire inspection,Medium,56,88,OHE Tower Wagon,2026-10-16,cross_department_cluster,Pending
OHE-26027-00559,2026-10-10,TDMS,Mecheda–Panskura,MCA–PKU,115.7,OHE defect,Medium,52,79,OHE Crew,2026-10-14,high_defect_load,Pending
OHE-26027-00560,2026-10-10,TDMS,Kharagpur–Gidni,KGP–GID,182.9,Pantograph interaction issue,Low,26,118,OHE Tower Wagon,2026-10-20,normal,Pending
OHE-26027-00561,2026-10-10,TDMS,Mecheda–Panskura,MCA–PKU,122.5,Contact wire inspection,Low,20,89,OHE Tower Wagon,2026-10-24,high_defect_load,Pending
OHE-26027-00562,2026-10-10,TDMS,Mecheda–Panskura,MCA–PKU,117.9,OHE defect,Medium,43,60,OHE Crew,2026-10-14,cross_department_cluster,Pending
OHE-26027-00563,2026-10-10,TDMS,Kharagpur–Gidni,KGP–GID,179.2,Preventive OHE maintenance,Medium,58,88,Traction Maintenance Team,2026-10-13,normal,Pending
OHE-26027-00564,2026-10-10,TDMS,Santragachi–Panskura,SRC–PKU,37.7,OHE defect,Medium,46,148,OHE Tower Wagon,2026-10-16,mixed_realistic,Pending
OHE-26027-00565,2026-10-10,TDMS,Santragachi–Panskura,SRC–PKU,15.1,Contact wire inspection,Low,19,105,OHE Tower Wagon,2026-10-17,normal,Pending
OHE-26027-00566,2026-10-10,TDMS,Howrah–Santragachi,HWH–SRC,8.7,Contact wire inspection,High,79,80,OHE Crew,2026-10-10,high_defect_load,Pending
OHE-26027-00567,2026-10-10,TDMS,Panskura–Kharagpur,PKU–KGP,142.2,Contact wire inspection,Medium,55,100,OHE Tower Wagon,2026-10-17,cross_department_cluster,Pending
OHE-26027-00568,2026-10-10,TDMS,Kharagpur–Gidni,KGP–GID,204.4,Contact wire inspection,Medium,64,105,OHE Crew,2026-10-15,cross_department_cluster,Pending
OHE-26027-00569,2026-10-10,TDMS,Santragachi–Panskura,SRC–PKU,48.1,Pantograph interaction issue,Low,25,104,OHE Tower Wagon,2026-10-15,normal,Pending
OHE-26027-00570,2026-10-10,TDMS,Panskura–Kharagpur,PKU–KGP,142.4,Traction substation inspection,Medium,44,113,Traction Maintenance Team,2026-10-17,cross_department_cluster,Pending
OHE-26027-00571,2026-10-10,TDMS,Howrah–Santragachi,HWH–SRC,11.9,Sectioning equipment inspection,Medium,40,101,Electrical Inspection Team,2026-10-17,cross_department_cluster,Pending
OHE-26027-00572,2026-10-10,TDMS,Panskura–Kharagpur,PKU–KGP,140.6,Sectioning equipment inspection,Medium,43,114,Electrical Inspection Team,2026-10-16,high_defect_load,Pending
OHE-26027-00573,2026-10-10,TDMS,Panskura–Kharagpur,PKU–KGP,137.7,Pantograph interaction issue,Medium,50,112,OHE Crew,2026-10-15,high_defect_load,Pending
OHE-26027-00574,2026-10-10,TDMS,Panskura–Kharagpur,PKU–KGP,161.0,OHE defect,Medium,40,124,OHE Crew,2026-10-15,normal,Pending
OHE-26027-00575,2026-10-10,TDMS,Kharagpur–Gidni,KGP–GID,171.5,Sectioning equipment inspection,Low,36,82,Electrical Inspection Team,2026-10-20,cross_department_cluster,Pending
OHE-26027-00576,2026-10-10,TDMS,Howrah–Santragachi,HWH–SRC,1.4,Pantograph interaction issue,Low,35,99,OHE Crew,2026-10-18,normal,Pending
OHE-26027-00577,2026-10-10,TDMS,Panskura–Kharagpur,PKU–KGP,158.0,Pantograph interaction issue,High,72,119,OHE Tower Wagon,2026-10-11,cross_department_cluster,Pending
OHE-26027-00578,2026-10-10,TDMS,Howrah–Santragachi,HWH–SRC,5.5,Contact wire inspection,Medium,61,66,OHE Crew,2026-10-16,high_defect_load,Pending
OHE-26027-00579,2026-10-10,TDMS,Santragachi–Panskura,SRC–PKU,88.4,Insulator replacement,High,68,48,OHE Tower Wagon,2026-10-13,cross_department_cluster,Pending
OHE-26027-00580,2026-10-10,TDMS,Kharagpur–Gidni,KGP–GID,185.1,Preventive OHE maintenance,Medium,44,110,Electrical Inspection Team,2026-10-15,normal,Pending
OHE-26027-00581,2026-10-10,TDMS,Kharagpur–Gidni,KGP–GID,214.9,Insulator replacement,Low,29,85,OHE Tower Wagon,2026-10-19,normal,Pending
OHE-26027-00582,2026-10-10,TDMS,Panskura–Kharagpur,PKU–KGP,164.2,Pantograph interaction issue,Medium,47,86,OHE Tower Wagon,2026-10-12,cross_department_cluster,Pending
OHE-26027-00583,2026-10-10,TDMS,Mecheda–Panskura,MCA–PKU,120.4,Contact wire inspection,Medium,51,113,OHE Tower Wagon,2026-10-14,normal,Pending
OHE-26027-00584,2026-10-10,TDMS,Kharagpur–Gidni,KGP–GID,191.0,Traction substation inspection,High,71,131,Traction Maintenance Team,2026-10-13,cross_department_cluster,Pending
OHE-26027-00585,2026-10-10,TDMS,Howrah–Santragachi,HWH–SRC,10.5,Contact wire inspection,Low,27,78,OHE Crew,2026-10-22,mixed_realistic,Pending
OHE-26027-00586,2026-10-11,TDMS,Mecheda–Panskura,MCA–PKU,116.2,Insulator replacement,Medium,61,51,OHE Crew,2026-10-17,cross_department_cluster,Pending
OHE-26027-00587,2026-10-11,TDMS,Mecheda–Panskura,MCA–PKU,118.6,Traction substation inspection,Medium,54,100,Traction Maintenance Team,2026-10-16,normal,Pending
OHE-26027-00588,2026-10-11,TDMS,Kharagpur–Gidni,KGP–GID,176.7,Contact wire inspection,Medium,41,76,OHE Crew,2026-10-18,mixed_realistic,Pending
OHE-26027-00589,2026-10-11,TDMS,Howrah–Santragachi,HWH–SRC,9.0,Preventive OHE maintenance,Low,30,84,OHE Crew,2026-10-25,high_defect_load,Pending
OHE-26027-00590,2026-10-11,TDMS,Panskura–Kharagpur,PKU–KGP,138.0,Traction substation inspection,Low,24,123,Traction Maintenance Team,2026-10-16,normal,Pending
OHE-26027-00591,2026-10-11,TDMS,Panskura–Kharagpur,PKU–KGP,152.3,Traction substation inspection,High,75,110,Traction Maintenance Team,2026-10-13,high_defect_load,Pending
OHE-26027-00592,2026-10-11,TDMS,Kharagpur–Gidni,KGP–GID,185.6,OHE defect,High,73,116,OHE Crew,2026-10-13,normal,Pending
OHE-26027-00593,2026-10-11,TDMS,Panskura–Kharagpur,PKU–KGP,148.4,Contact wire inspection,High,70,71,OHE Tower Wagon,2026-10-14,mixed_realistic,Pending
OHE-26027-00594,2026-10-11,TDMS,Mecheda–Panskura,MCA–PKU,118.9,Traction substation inspection,Medium,48,168,Traction Maintenance Team,2026-10-18,high_defect_load,Pending
OHE-26027-00595,2026-10-11,TDMS,Santragachi–Panskura,SRC–PKU,111.7,Traction substation inspection,High,69,159,Traction Maintenance Team,2026-10-12,normal,Pending
OHE-26027-00596,2026-10-11,TDMS,Panskura–Kharagpur,PKU–KGP,157.8,Sectioning equipment inspection,High,77,103,Electrical Inspection Team,2026-10-12,cross_department_cluster,Pending
OHE-26027-00597,2026-10-11,TDMS,Mecheda–Panskura,MCA–PKU,124.4,Traction substation inspection,High,65,126,Traction Maintenance Team,2026-10-13,normal,Pending
OHE-26027-00598,2026-10-11,TDMS,Howrah–Santragachi,HWH–SRC,8.3,Pantograph interaction issue,Medium,58,94,OHE Tower Wagon,2026-10-13,normal,Pending
OHE-26027-00599,2026-10-11,TDMS,Santragachi–Panskura,SRC–PKU,26.3,Sectioning equipment inspection,Medium,53,118,Electrical Inspection Team,2026-10-16,cross_department_cluster,Pending
OHE-26027-00600,2026-10-11,TDMS,Mecheda–Panskura,MCA–PKU,118.1,OHE defect,Medium,55,76,OHE Crew,2026-10-15,cross_department_cluster,Pending
OHE-26027-00601,2026-10-11,TDMS,Mecheda–Panskura,MCA–PKU,117.9,OHE defect,High,74,99,OHE Tower Wagon,2026-10-14,cross_department_cluster,Pending
OHE-26027-00602,2026-10-11,TDMS,Santragachi–Panskura,SRC–PKU,26.3,Insulator replacement,Medium,57,60,OHE Crew,2026-10-18,normal,Pending
OHE-26027-00603,2026-10-11,TDMS,Panskura–Kharagpur,PKU–KGP,139.5,Traction substation inspection,High,83,140,Traction Maintenance Team,2026-10-13,normal,Pending
OHE-26027-00604,2026-10-11,TDMS,Santragachi–Panskura,SRC–PKU,95.2,Contact wire inspection,Medium,52,68,OHE Crew,2026-10-15,normal,Pending
OHE-26027-00605,2026-10-11,TDMS,Mecheda–Panskura,MCA–PKU,118.4,Sectioning equipment inspection,Medium,46,61,Electrical Inspection Team,2026-10-15,cross_department_cluster,Pending
OHE-26027-00606,2026-10-11,TDMS,Mecheda–Panskura,MCA–PKU,122.6,Sectioning equipment inspection,Medium,53,119,Electrical Inspection Team,2026-10-15,cross_department_cluster,Pending
OHE-26027-00607,2026-10-11,TDMS,Howrah–Santragachi,HWH–SRC,3.4,Pantograph interaction issue,Medium,62,102,OHE Crew,2026-10-18,mixed_realistic,Pending
OHE-26027-00608,2026-10-11,TDMS,Panskura–Kharagpur,PKU–KGP,165.9,OHE defect,High,76,80,OHE Crew,2026-10-13,normal,Pending
OHE-26027-00609,2026-10-11,TDMS,Howrah–Santragachi,HWH–SRC,1.9,Preventive OHE maintenance,Low,39,56,Electrical Inspection Team,2026-10-25,normal,Pending
OHE-26027-00610,2026-10-11,TDMS,Santragachi–Panskura,SRC–PKU,46.4,Preventive OHE maintenance,Low,39,71,Traction Maintenance Team,2026-10-25,mixed_realistic,Pending
OHE-26027-00611,2026-10-11,TDMS,Panskura–Kharagpur,PKU–KGP,133.6,Insulator replacement,Medium,47,60,OHE Crew,2026-10-14,normal,Pending
OHE-26027-00612,2026-10-11,TDMS,Santragachi–Panskura,SRC–PKU,108.1,Contact wire inspection,High,71,80,OHE Tower Wagon,2026-10-13,normal,Pending
OHE-26027-00613,2026-10-11,TDMS,Mecheda–Panskura,MCA–PKU,118.2,Pantograph interaction issue,Low,30,115,OHE Crew,2026-10-19,cross_department_cluster,Pending
OHE-26027-00614,2026-10-11,TDMS,Howrah–Santragachi,HWH–SRC,10.2,Traction substation inspection,Low,39,153,Traction Maintenance Team,2026-10-20,normal,Pending
OHE-26027-00615,2026-10-11,TDMS,Santragachi–Panskura,SRC–PKU,93.0,Contact wire inspection,Medium,64,100,OHE Crew,2026-10-13,normal,Pending
OHE-26027-00616,2026-10-11,TDMS,Panskura–Kharagpur,PKU–KGP,157.6,OHE defect,High,66,123,OHE Tower Wagon,2026-10-14,normal,Pending
OHE-26027-00617,2026-10-11,TDMS,Panskura–Kharagpur,PKU–KGP,158.0,Contact wire inspection,Medium,49,60,OHE Tower Wagon,2026-10-14,cross_department_cluster,Pending
OHE-26027-00618,2026-10-11,TDMS,Howrah–Santragachi,HWH–SRC,10.7,Sectioning equipment inspection,Medium,43,107,Electrical Inspection Team,2026-10-17,normal,Pending
OHE-26027-00619,2026-10-11,TDMS,Panskura–Kharagpur,PKU–KGP,158.1,Sectioning equipment inspection,High,79,112,Electrical Inspection Team,2026-10-13,cross_department_cluster,Pending
OHE-26027-00620,2026-10-11,TDMS,Panskura–Kharagpur,PKU–KGP,156.0,Preventive OHE maintenance,High,83,69,OHE Crew,2026-10-13,normal,Pending
OHE-26027-00621,2026-10-11,TDMS,Howrah–Santragachi,HWH–SRC,0.6,OHE defect,Medium,58,86,OHE Crew,2026-10-17,normal,Pending
OHE-26027-00622,2026-10-11,TDMS,Howrah–Santragachi,HWH–SRC,5.6,OHE defect,Low,32,77,OHE Crew,2026-10-18,normal,Pending
OHE-26027-00623,2026-10-11,TDMS,Kharagpur–Gidni,KGP–GID,182.1,Sectioning equipment inspection,Low,32,119,Electrical Inspection Team,2026-10-25,normal,Pending
OHE-26027-00624,2026-10-11,TDMS,Santragachi–Panskura,SRC–PKU,111.3,Preventive OHE maintenance,Medium,56,96,OHE Tower Wagon,2026-10-13,normal,Pending
OHE-26027-00625,2026-10-11,TDMS,Santragachi–Panskura,SRC–PKU,35.9,Contact wire inspection,Medium,60,108,OHE Crew,2026-10-16,normal,Pending
OHE-26027-00626,2026-10-11,TDMS,Howrah–Santragachi,HWH–SRC,7.5,Sectioning equipment inspection,High,74,119,Electrical Inspection Team,2026-10-13,cross_department_cluster,Pending
OHE-26027-00627,2026-10-11,TDMS,Panskura–Kharagpur,PKU–KGP,164.6,Contact wire inspection,Low,30,119,OHE Crew,2026-10-23,cross_department_cluster,Pending
OHE-26027-00628,2026-10-11,TDMS,Kharagpur–Gidni,KGP–GID,183.6,Traction substation inspection,Low,19,152,Traction Maintenance Team,2026-10-23,normal,Pending
OHE-26027-00629,2026-10-11,TDMS,Panskura–Kharagpur,PKU–KGP,127.4,Preventive OHE maintenance,Critical,95,69,Electrical Inspection Team,2026-10-12,critical_defect,Pending
OHE-26027-00630,2026-10-11,TDMS,Howrah–Santragachi,HWH–SRC,8.1,Sectioning equipment inspection,High,75,110,Electrical Inspection Team,2026-10-13,high_defect_load,Pending
OHE-26027-00631,2026-10-11,TDMS,Kharagpur–Gidni,KGP–GID,173.6,Sectioning equipment inspection,Medium,54,108,Electrical Inspection Team,2026-10-13,normal,Pending
OHE-26027-00632,2026-10-11,TDMS,Panskura–Kharagpur,PKU–KGP,139.7,Traction substation inspection,Medium,53,126,Traction Maintenance Team,2026-10-14,mixed_realistic,Pending
OHE-26027-00633,2026-10-11,TDMS,Panskura–Kharagpur,PKU–KGP,142.8,Preventive OHE maintenance,Medium,61,62,Traction Maintenance Team,2026-10-17,cross_department_cluster,Pending
OHE-26027-00634,2026-10-11,TDMS,Panskura–Kharagpur,PKU–KGP,142.7,Pantograph interaction issue,Critical,89,99,OHE Tower Wagon,2026-10-11,cross_department_cluster,Pending
OHE-26027-00635,2026-10-11,TDMS,Kharagpur–Gidni,KGP–GID,171.7,Preventive OHE maintenance,Medium,47,118,OHE Tower Wagon,2026-10-16,normal,Pending
OHE-26027-00636,2026-10-11,TDMS,Howrah–Santragachi,HWH–SRC,8.8,OHE defect,Critical,95,107,OHE Crew,2026-10-12,critical_defect,Pending
OHE-26027-00637,2026-10-11,TDMS,Kharagpur–Gidni,KGP–GID,210.1,Sectioning equipment inspection,High,84,79,Electrical Inspection Team,2026-10-13,mixed_realistic,Pending
OHE-26027-00638,2026-10-11,TDMS,Santragachi–Panskura,SRC–PKU,110.8,Sectioning equipment inspection,Medium,41,71,Electrical Inspection Team,2026-10-14,normal,Pending
OHE-26027-00639,2026-10-11,TDMS,Kharagpur–Gidni,KGP–GID,201.0,Traction substation inspection,Low,15,131,Traction Maintenance Team,2026-10-23,high_defect_load,Pending
OHE-26027-00640,2026-10-11,TDMS,Panskura–Kharagpur,PKU–KGP,155.3,Traction substation inspection,Medium,49,118,Traction Maintenance Team,2026-10-18,cross_department_cluster,Pending
OHE-26027-00641,2026-10-11,TDMS,Panskura–Kharagpur,PKU–KGP,164.3,Pantograph interaction issue,Medium,40,64,OHE Crew,2026-10-14,cross_department_cluster,Pending
OHE-26027-00642,2026-10-11,TDMS,Howrah–Santragachi,HWH–SRC,10.0,Preventive OHE maintenance,Medium,42,84,OHE Crew,2026-10-14,mixed_realistic,Pending
OHE-26027-00643,2026-10-11,TDMS,Kharagpur–Gidni,KGP–GID,183.7,Traction substation inspection,Medium,50,131,Traction Maintenance Team,2026-10-17,cross_department_cluster,Pending
OHE-26027-00644,2026-10-11,TDMS,Mecheda–Panskura,MCA–PKU,123.8,Contact wire inspection,High,82,110,OHE Crew,2026-10-13,normal,Pending
OHE-26027-00645,2026-10-11,TDMS,Santragachi–Panskura,SRC–PKU,91.1,Traction substation inspection,Low,15,138,Traction Maintenance Team,2026-10-21,mixed_realistic,Pending
OHE-26027-00646,2026-10-11,TDMS,Panskura–Kharagpur,PKU–KGP,137.1,OHE defect,Medium,64,134,OHE Tower Wagon,2026-10-13,normal,Pending
OHE-26027-00647,2026-10-11,TDMS,Kharagpur–Gidni,KGP–GID,196.3,Sectioning equipment inspection,Medium,49,93,Electrical Inspection Team,2026-10-15,normal,Pending
OHE-26027-00648,2026-10-11,TDMS,Mecheda–Panskura,MCA–PKU,121.2,Sectioning equipment inspection,Medium,44,60,Electrical Inspection Team,2026-10-17,cross_department_cluster,Pending
OHE-26027-00649,2026-10-11,TDMS,Panskura–Kharagpur,PKU–KGP,157.9,Traction substation inspection,Medium,62,170,Traction Maintenance Team,2026-10-13,cross_department_cluster,Pending
OHE-26027-00650,2026-10-11,TDMS,Mecheda–Panskura,MCA–PKU,124.1,Preventive OHE maintenance,Low,28,83,Traction Maintenance Team,2026-10-19,cross_department_cluster,Pending
OHE-26027-00651,2026-10-12,TDMS,Howrah–Santragachi,HWH–SRC,4.8,Contact wire inspection,High,79,80,OHE Crew,2026-10-15,normal,Pending
OHE-26027-00652,2026-10-12,TDMS,Panskura–Kharagpur,PKU–KGP,158.5,Sectioning equipment inspection,Critical,90,62,Electrical Inspection Team,2026-10-12,high_conflict,Pending
OHE-26027-00653,2026-10-12,TDMS,Panskura–Kharagpur,PKU–KGP,156.4,Traction substation inspection,High,81,150,Traction Maintenance Team,2026-10-15,normal,Pending
OHE-26027-00654,2026-10-12,TDMS,Panskura–Kharagpur,PKU–KGP,164.6,Traction substation inspection,Critical,98,102,Traction Maintenance Team,2026-10-12,critical_defect,Pending
OHE-26027-00655,2026-10-12,TDMS,Santragachi–Panskura,SRC–PKU,93.1,Preventive OHE maintenance,Medium,46,76,Electrical Inspection Team,2026-10-19,normal,Pending
OHE-26027-00656,2026-10-12,TDMS,Mecheda–Panskura,MCA–PKU,123.9,Traction substation inspection,Low,23,135,Traction Maintenance Team,2026-10-26,normal,Pending
OHE-26027-00657,2026-10-12,TDMS,Howrah–Santragachi,HWH–SRC,3.4,Sectioning equipment inspection,Medium,53,82,Electrical Inspection Team,2026-10-19,cross_department_cluster,Pending
OHE-26027-00658,2026-10-12,TDMS,Santragachi–Panskura,SRC–PKU,56.9,Pantograph interaction issue,Low,36,109,OHE Crew,2026-10-25,normal,Pending
OHE-26027-00659,2026-10-12,TDMS,Kharagpur–Gidni,KGP–GID,170.2,Contact wire inspection,Low,36,61,OHE Crew,2026-10-18,normal,Pending
OHE-26027-00660,2026-10-12,TDMS,Panskura–Kharagpur,PKU–KGP,142.8,Sectioning equipment inspection,Medium,43,65,Electrical Inspection Team,2026-10-14,cross_department_cluster,Pending
OHE-26027-00661,2026-10-12,TDMS,Howrah–Santragachi,HWH–SRC,7.1,OHE defect,Low,16,99,OHE Crew,2026-10-25,normal,Pending
OHE-26027-00662,2026-10-12,TDMS,Panskura–Kharagpur,PKU–KGP,167.1,Insulator replacement,Medium,56,49,OHE Crew,2026-10-18,mixed_realistic,Pending
OHE-26027-00663,2026-10-12,TDMS,Mecheda–Panskura,MCA–PKU,124.5,Pantograph interaction issue,Medium,44,74,OHE Crew,2026-10-14,high_defect_load,Pending
OHE-26027-00664,2026-10-12,TDMS,Panskura–Kharagpur,PKU–KGP,165.5,Preventive OHE maintenance,High,67,95,OHE Crew,2026-10-14,mixed_realistic,Pending
OHE-26027-00665,2026-10-12,TDMS,Mecheda–Panskura,MCA–PKU,122.1,Pantograph interaction issue,Medium,54,115,OHE Tower Wagon,2026-10-19,mixed_realistic,Pending
OHE-26027-00666,2026-10-12,TDMS,Panskura–Kharagpur,PKU–KGP,164.2,OHE defect,High,68,104,OHE Crew,2026-10-13,cross_department_cluster,Pending
OHE-26027-00667,2026-10-12,TDMS,Mecheda–Panskura,MCA–PKU,117.6,Contact wire inspection,Medium,54,79,OHE Tower Wagon,2026-10-15,normal,Pending
OHE-26027-00668,2026-10-12,TDMS,Kharagpur–Gidni,KGP–GID,193.9,OHE defect,High,73,140,OHE Tower Wagon,2026-10-12,mixed_realistic,Pending
OHE-26027-00669,2026-10-12,TDMS,Mecheda–Panskura,MCA–PKU,118.1,OHE defect,Medium,50,96,OHE Tower Wagon,2026-10-17,cross_department_cluster,Pending
OHE-26027-00670,2026-10-12,TDMS,Mecheda–Panskura,MCA–PKU,115.9,Contact wire inspection,High,77,69,OHE Crew,2026-10-14,normal,Pending
OHE-26027-00671,2026-10-12,TDMS,Panskura–Kharagpur,PKU–KGP,150.2,OHE defect,Low,21,120,OHE Crew,2026-10-24,normal,Pending
OHE-26027-00672,2026-10-12,TDMS,Panskura–Kharagpur,PKU–KGP,137.8,Contact wire inspection,Low,22,80,OHE Tower Wagon,2026-10-19,normal,Pending
OHE-26027-00673,2026-10-12,TDMS,Kharagpur–Gidni,KGP–GID,201.8,Sectioning equipment inspection,High,74,69,Electrical Inspection Team,2026-10-12,high_defect_load,Pending
OHE-26027-00674,2026-10-12,TDMS,Panskura–Kharagpur,PKU–KGP,164.4,Contact wire inspection,Medium,48,80,OHE Tower Wagon,2026-10-18,cross_department_cluster,Pending
OHE-26027-00675,2026-10-12,TDMS,Panskura–Kharagpur,PKU–KGP,168.1,Preventive OHE maintenance,Medium,51,78,OHE Tower Wagon,2026-10-19,normal,Pending
OHE-26027-00676,2026-10-12,TDMS,Santragachi–Panskura,SRC–PKU,37.8,Insulator replacement,Medium,55,46,OHE Crew,2026-10-14,normal,Pending
OHE-26027-00677,2026-10-12,TDMS,Santragachi–Panskura,SRC–PKU,108.4,Traction substation inspection,Critical,95,81,Traction Maintenance Team,2026-10-12,mixed_realistic,Pending
OHE-26027-00678,2026-10-12,TDMS,Santragachi–Panskura,SRC–PKU,74.7,Insulator replacement,Medium,46,73,OHE Crew,2026-10-18,mixed_realistic,Pending
OHE-26027-00679,2026-10-12,TDMS,Panskura–Kharagpur,PKU–KGP,148.7,Pantograph interaction issue,High,78,111,OHE Tower Wagon,2026-10-13,normal,Pending
OHE-26027-00680,2026-10-12,TDMS,Panskura–Kharagpur,PKU–KGP,138.2,Contact wire inspection,High,70,61,OHE Crew,2026-10-12,normal,Pending
OHE-26027-00681,2026-10-12,TDMS,Mecheda–Panskura,MCA–PKU,121.1,Traction substation inspection,Medium,57,162,Traction Maintenance Team,2026-10-18,high_defect_load,Pending
OHE-26027-00682,2026-10-12,TDMS,Mecheda–Panskura,MCA–PKU,118.1,Contact wire inspection,Medium,62,83,OHE Crew,2026-10-15,mixed_realistic,Pending
OHE-26027-00683,2026-10-12,TDMS,Mecheda–Panskura,MCA–PKU,118.3,Insulator replacement,Critical,87,45,OHE Tower Wagon,2026-10-12,cross_department_cluster,Pending
OHE-26027-00684,2026-10-12,TDMS,Panskura–Kharagpur,PKU–KGP,131.1,Traction substation inspection,High,65,163,Traction Maintenance Team,2026-10-15,normal,Pending
OHE-26027-00685,2026-10-12,TDMS,Mecheda–Panskura,MCA–PKU,116.8,Preventive OHE maintenance,Medium,54,55,Electrical Inspection Team,2026-10-17,normal,Pending
OHE-26027-00686,2026-10-12,TDMS,Mecheda–Panskura,MCA–PKU,118.2,Pantograph interaction issue,Medium,60,114,OHE Crew,2026-10-19,cross_department_cluster,Pending
OHE-26027-00687,2026-10-12,TDMS,Howrah–Santragachi,HWH–SRC,0.2,Pantograph interaction issue,Medium,56,91,OHE Crew,2026-10-15,normal,Pending
OHE-26027-00688,2026-10-12,TDMS,Kharagpur–Gidni,KGP–GID,199.8,Traction substation inspection,Low,36,111,Traction Maintenance Team,2026-10-21,high_defect_load,Pending
OHE-26027-00689,2026-10-12,TDMS,Kharagpur–Gidni,KGP–GID,177.2,Insulator replacement,Low,39,57,OHE Tower Wagon,2026-10-25,normal,Pending
OHE-26027-00690,2026-10-12,TDMS,Panskura–Kharagpur,PKU–KGP,151.5,Insulator replacement,Medium,47,82,OHE Tower Wagon,2026-10-15,normal,Pending
OHE-26027-00691,2026-10-12,TDMS,Kharagpur–Gidni,KGP–GID,176.6,Preventive OHE maintenance,High,74,104,Electrical Inspection Team,2026-10-12,high_defect_load,Pending
OHE-26027-00692,2026-10-12,TDMS,Santragachi–Panskura,SRC–PKU,111.2,Insulator replacement,Medium,54,63,OHE Crew,2026-10-14,normal,Pending
OHE-26027-00693,2026-10-12,TDMS,Kharagpur–Gidni,KGP–GID,214.7,Pantograph interaction issue,Low,39,78,OHE Tower Wagon,2026-10-17,high_defect_load,Pending
OHE-26027-00694,2026-10-12,TDMS,Panskura–Kharagpur,PKU–KGP,164.6,Sectioning equipment inspection,Low,30,61,Electrical Inspection Team,2026-10-22,cross_department_cluster,Pending
OHE-26027-00695,2026-10-12,TDMS,Mecheda–Panskura,MCA–PKU,117.5,OHE defect,High,71,130,OHE Tower Wagon,2026-10-12,normal,Pending
OHE-26027-00696,2026-10-12,TDMS,Santragachi–Panskura,SRC–PKU,111.0,Contact wire inspection,High,82,109,OHE Crew,2026-10-15,cross_department_cluster,Pending
OHE-26027-00697,2026-10-12,TDMS,Panskura–Kharagpur,PKU–KGP,166.9,OHE defect,Low,38,84,OHE Tower Wagon,2026-10-20,normal,Pending
OHE-26027-00698,2026-10-12,TDMS,Panskura–Kharagpur,PKU–KGP,167.8,OHE defect,Low,26,84,OHE Crew,2026-10-24,normal,Pending
OHE-26027-00699,2026-10-12,TDMS,Mecheda–Panskura,MCA–PKU,123.0,Insulator replacement,Medium,43,56,OHE Tower Wagon,2026-10-15,mixed_realistic,Pending
OHE-26027-00700,2026-10-12,TDMS,Mecheda–Panskura,MCA–PKU,123.6,Insulator replacement,Medium,47,73,OHE Crew,2026-10-14,normal,Pending
OHE-26027-00701,2026-10-12,TDMS,Mecheda–Panskura,MCA–PKU,116.2,Contact wire inspection,Low,18,61,OHE Crew,2026-10-20,normal,Pending
OHE-26027-00702,2026-10-12,TDMS,Mecheda–Panskura,MCA–PKU,123.6,Preventive OHE maintenance,Low,18,76,OHE Crew,2026-10-22,high_defect_load,Pending
OHE-26027-00703,2026-10-12,TDMS,Howrah–Santragachi,HWH–SRC,5.2,Pantograph interaction issue,Medium,48,110,OHE Tower Wagon,2026-10-15,normal,Pending
OHE-26027-00704,2026-10-12,TDMS,Mecheda–Panskura,MCA–PKU,118.1,Contact wire inspection,High,76,66,OHE Crew,2026-10-13,cross_department_cluster,Pending
OHE-26027-00705,2026-10-12,TDMS,Howrah–Santragachi,HWH–SRC,9.9,Insulator replacement,Low,32,74,OHE Crew,2026-10-25,cross_department_cluster,Pending
OHE-26027-00706,2026-10-12,TDMS,Panskura–Kharagpur,PKU–KGP,142.8,OHE defect,Low,30,123,OHE Tower Wagon,2026-10-22,cross_department_cluster,Pending
OHE-26027-00707,2026-10-12,TDMS,Panskura–Kharagpur,PKU–KGP,165.2,Pantograph interaction issue,Medium,64,80,OHE Tower Wagon,2026-10-17,normal,Pending
OHE-26027-00708,2026-10-12,TDMS,Santragachi–Panskura,SRC–PKU,20.1,Sectioning equipment inspection,Medium,50,113,Electrical Inspection Team,2026-10-16,normal,Pending
OHE-26027-00709,2026-10-12,TDMS,Mecheda–Panskura,MCA–PKU,120.4,Pantograph interaction issue,Medium,57,77,OHE Tower Wagon,2026-10-19,normal,Pending
OHE-26027-00710,2026-10-12,TDMS,Santragachi–Panskura,SRC–PKU,93.0,Traction substation inspection,High,75,125,Traction Maintenance Team,2026-10-15,cross_department_cluster,Pending
OHE-26027-00711,2026-10-12,TDMS,Mecheda–Panskura,MCA–PKU,123.6,Sectioning equipment inspection,Low,16,85,Electrical Inspection Team,2026-10-22,normal,Pending
OHE-26027-00712,2026-10-12,TDMS,Mecheda–Panskura,MCA–PKU,119.1,Sectioning equipment inspection,High,77,81,Electrical Inspection Team,2026-10-15,normal,Pending
OHE-26027-00713,2026-10-12,TDMS,Kharagpur–Gidni,KGP–GID,206.0,Contact wire inspection,High,69,117,OHE Tower Wagon,2026-10-15,cross_department_cluster,Pending
OHE-26027-00714,2026-10-12,TDMS,Panskura–Kharagpur,PKU–KGP,143.5,Pantograph interaction issue,Medium,56,82,OHE Tower Wagon,2026-10-19,normal,Pending
OHE-26027-00715,2026-10-12,TDMS,Kharagpur–Gidni,KGP–GID,199.8,Traction substation inspection,Low,21,151,Traction Maintenance Team,2026-10-26,normal,Pending
OHE-26027-00716,2026-10-13,TDMS,Kharagpur–Gidni,KGP–GID,206.2,Preventive OHE maintenance,High,76,119,OHE Tower Wagon,2026-10-13,normal,Pending
OHE-26027-00717,2026-10-13,TDMS,Santragachi–Panskura,SRC–PKU,34.9,Sectioning equipment inspection,Low,27,77,Electrical Inspection Team,2026-10-21,mixed_realistic,Pending
OHE-26027-00718,2026-10-13,TDMS,Kharagpur–Gidni,KGP–GID,185.0,Preventive OHE maintenance,Medium,46,87,Traction Maintenance Team,2026-10-16,cross_department_cluster,Pending
OHE-26027-00719,2026-10-13,TDMS,Santragachi–Panskura,SRC–PKU,105.3,Sectioning equipment inspection,Medium,61,91,Electrical Inspection Team,2026-10-16,normal,Pending
OHE-26027-00720,2026-10-13,TDMS,Panskura–Kharagpur,PKU–KGP,148.0,Sectioning equipment inspection,Medium,50,115,Electrical Inspection Team,2026-10-16,mixed_realistic,Pending
OHE-26027-00721,2026-10-13,TDMS,Howrah–Santragachi,HWH–SRC,9.9,Insulator replacement,Low,19,74,OHE Crew,2026-10-19,high_defect_load,Pending
OHE-26027-00722,2026-10-13,TDMS,Panskura–Kharagpur,PKU–KGP,165.6,Pantograph interaction issue,Medium,59,77,OHE Crew,2026-10-18,normal,Pending
OHE-26027-00723,2026-10-13,TDMS,Howrah–Santragachi,HWH–SRC,0.9,Sectioning equipment inspection,Medium,57,90,Electrical Inspection Team,2026-10-15,normal,Pending
OHE-26027-00724,2026-10-13,TDMS,Panskura–Kharagpur,PKU–KGP,153.2,Insulator replacement,Medium,43,87,OHE Crew,2026-10-16,normal,Pending
OHE-26027-00725,2026-10-13,TDMS,Howrah–Santragachi,HWH–SRC,1.7,Insulator replacement,Medium,57,67,OHE Crew,2026-10-20,cross_department_cluster,Pending
OHE-26027-00726,2026-10-13,TDMS,Howrah–Santragachi,HWH–SRC,9.4,Sectioning equipment inspection,Medium,63,87,Electrical Inspection Team,2026-10-18,normal,Pending
OHE-26027-00727,2026-10-13,TDMS,Howrah–Santragachi,HWH–SRC,10.1,Insulator replacement,Low,21,45,OHE Tower Wagon,2026-10-23,normal,Pending
OHE-26027-00728,2026-10-13,TDMS,Howrah–Santragachi,HWH–SRC,8.0,OHE defect,Low,37,98,OHE Tower Wagon,2026-10-18,normal,Pending
OHE-26027-00729,2026-10-13,TDMS,Kharagpur–Gidni,KGP–GID,213.7,Sectioning equipment inspection,Low,24,66,Electrical Inspection Team,2026-10-27,normal,Pending
OHE-26027-00730,2026-10-13,TDMS,Santragachi–Panskura,SRC–PKU,72.5,Pantograph interaction issue,Low,28,102,OHE Crew,2026-10-20,cross_department_cluster,Pending
OHE-26027-00731,2026-10-13,TDMS,Howrah–Santragachi,HWH–SRC,4.3,Insulator replacement,High,72,56,OHE Crew,2026-10-16,normal,Pending
OHE-26027-00732,2026-10-13,TDMS,Kharagpur–Gidni,KGP–GID,179.2,Insulator replacement,Low,25,55,OHE Tower Wagon,2026-10-22,mixed_realistic,Pending
OHE-26027-00733,2026-10-13,TDMS,Panskura–Kharagpur,PKU–KGP,159.8,Pantograph interaction issue,Low,16,117,OHE Tower Wagon,2026-10-21,high_defect_load,Pending
OHE-26027-00734,2026-10-13,TDMS,Howrah–Santragachi,HWH–SRC,3.2,Sectioning equipment inspection,Medium,54,101,Electrical Inspection Team,2026-10-15,normal,Pending
OHE-26027-00735,2026-10-13,TDMS,Kharagpur–Gidni,KGP–GID,178.9,Sectioning equipment inspection,Medium,51,118,Electrical Inspection Team,2026-10-15,normal,Pending
OHE-26027-00736,2026-10-13,TDMS,Mecheda–Panskura,MCA–PKU,119.8,Insulator replacement,High,81,69,OHE Crew,2026-10-13,cross_department_cluster,Pending
OHE-26027-00737,2026-10-13,TDMS,Howrah–Santragachi,HWH–SRC,10.3,Contact wire inspection,Medium,43,74,OHE Tower Wagon,2026-10-15,normal,Pending
OHE-26027-00738,2026-10-13,TDMS,Panskura–Kharagpur,PKU–KGP,159.6,OHE defect,Low,21,133,OHE Tower Wagon,2026-10-21,normal,Pending
OHE-26027-00739,2026-10-13,TDMS,Panskura–Kharagpur,PKU–KGP,158.2,Contact wire inspection,Medium,59,62,OHE Tower Wagon,2026-10-17,cross_department_cluster,Pending
OHE-26027-00740,2026-10-13,TDMS,Kharagpur–Gidni,KGP–GID,203.9,Traction substation inspection,Low,20,154,Traction Maintenance Team,2026-10-24,normal,Pending
OHE-26027-00741,2026-10-13,TDMS,Kharagpur–Gidni,KGP–GID,198.4,Traction substation inspection,Medium,46,126,Traction Maintenance Team,2026-10-17,high_defect_load,Pending
OHE-26027-00742,2026-10-13,TDMS,Mecheda–Panskura,MCA–PKU,118.1,Sectioning equipment inspection,Low,35,120,Electrical Inspection Team,2026-10-18,normal,Pending
OHE-26027-00743,2026-10-13,TDMS,Mecheda–Panskura,MCA–PKU,115.9,Pantograph interaction issue,Medium,46,106,OHE Crew,2026-10-17,mixed_realistic,Pending
OHE-26027-00744,2026-10-13,TDMS,Panskura–Kharagpur,PKU–KGP,139.3,Pantograph interaction issue,Low,17,92,OHE Tower Wagon,2026-10-26,normal,Pending
OHE-26027-00745,2026-10-13,TDMS,Panskura–Kharagpur,PKU–KGP,164.5,Traction substation inspection,Medium,54,130,Traction Maintenance Team,2026-10-15,cross_department_cluster,Pending
OHE-26027-00746,2026-10-13,TDMS,Mecheda–Panskura,MCA–PKU,116.8,Traction substation inspection,Medium,46,115,Traction Maintenance Team,2026-10-15,cross_department_cluster,Pending
OHE-26027-00747,2026-10-13,TDMS,Mecheda–Panskura,MCA–PKU,122.0,Contact wire inspection,Medium,61,72,OHE Crew,2026-10-15,normal,Pending
OHE-26027-00748,2026-10-13,TDMS,Kharagpur–Gidni,KGP–GID,174.9,Pantograph interaction issue,High,74,117,OHE Tower Wagon,2026-10-15,mixed_realistic,Pending
OHE-26027-00749,2026-10-13,TDMS,Santragachi–Panskura,SRC–PKU,36.2,Traction substation inspection,Medium,48,178,Traction Maintenance Team,2026-10-18,mixed_realistic,Pending
OHE-26027-00750,2026-10-13,TDMS,Kharagpur–Gidni,KGP–GID,189.6,Insulator replacement,High,73,48,OHE Tower Wagon,2026-10-14,cross_department_cluster,Pending
OHE-26027-00751,2026-10-13,TDMS,Mecheda–Panskura,MCA–PKU,119.7,OHE defect,High,70,137,OHE Crew,2026-10-15,normal,Pending
OHE-26027-00752,2026-10-13,TDMS,Howrah–Santragachi,HWH–SRC,7.4,Traction substation inspection,Low,34,122,Traction Maintenance Team,2026-10-25,cross_department_cluster,Pending
OHE-26027-00753,2026-10-13,TDMS,Panskura–Kharagpur,PKU–KGP,163.8,Contact wire inspection,Medium,41,62,OHE Tower Wagon,2026-10-19,normal,Pending
OHE-26027-00754,2026-10-13,TDMS,Panskura–Kharagpur,PKU–KGP,164.2,Insulator replacement,Critical,93,68,OHE Crew,2026-10-14,cross_department_cluster,Pending
OHE-26027-00755,2026-10-13,TDMS,Howrah–Santragachi,HWH–SRC,8.5,Sectioning equipment inspection,Medium,48,108,Electrical Inspection Team,2026-10-19,normal,Pending
OHE-26027-00756,2026-10-13,TDMS,Panskura–Kharagpur,PKU–KGP,166.5,Contact wire inspection,Medium,41,84,OHE Tower Wagon,2026-10-18,cross_department_cluster,Pending
OHE-26027-00757,2026-10-13,TDMS,Howrah–Santragachi,HWH–SRC,3.0,Traction substation inspection,High,84,167,Traction Maintenance Team,2026-10-14,cross_department_cluster,Pending
OHE-26027-00758,2026-10-13,TDMS,Kharagpur–Gidni,KGP–GID,210.4,Preventive OHE maintenance,Low,26,68,Electrical Inspection Team,2026-10-21,normal,Pending
OHE-26027-00759,2026-10-13,TDMS,Santragachi–Panskura,SRC–PKU,112.2,Preventive OHE maintenance,Critical,87,85,Electrical Inspection Team,2026-10-13,critical_defect,Pending
OHE-26027-00760,2026-10-13,TDMS,Panskura–Kharagpur,PKU–KGP,164.9,Preventive OHE maintenance,Low,34,102,Traction Maintenance Team,2026-10-19,cross_department_cluster,Pending
OHE-26027-00761,2026-10-13,TDMS,Kharagpur–Gidni,KGP–GID,176.0,Insulator replacement,Low,31,78,OHE Tower Wagon,2026-10-27,normal,Pending
OHE-26027-00762,2026-10-13,TDMS,Mecheda–Panskura,MCA–PKU,121.2,Sectioning equipment inspection,Medium,51,101,Electrical Inspection Team,2026-10-18,normal,Pending
OHE-26027-00763,2026-10-13,TDMS,Howrah–Santragachi,HWH–SRC,6.7,Pantograph interaction issue,Medium,45,86,OHE Tower Wagon,2026-10-20,mixed_realistic,Pending
OHE-26027-00764,2026-10-13,TDMS,Mecheda–Panskura,MCA–PKU,121.1,Pantograph interaction issue,Low,24,67,OHE Tower Wagon,2026-10-25,normal,Pending
OHE-26027-00765,2026-10-13,TDMS,Howrah–Santragachi,HWH–SRC,0.4,Traction substation inspection,Medium,50,135,Traction Maintenance Team,2026-10-19,normal,Pending
OHE-26027-00766,2026-10-13,TDMS,Panskura–Kharagpur,PKU–KGP,139.0,Preventive OHE maintenance,Medium,40,117,Traction Maintenance Team,2026-10-20,normal,Pending
OHE-26027-00767,2026-10-13,TDMS,Panskura–Kharagpur,PKU–KGP,162.2,Traction substation inspection,High,71,128,Traction Maintenance Team,2026-10-13,high_defect_load,Pending
OHE-26027-00768,2026-10-13,TDMS,Santragachi–Panskura,SRC–PKU,44.3,Pantograph interaction issue,Medium,40,114,OHE Crew,2026-10-16,normal,Pending
OHE-26027-00769,2026-10-13,TDMS,Mecheda–Panskura,MCA–PKU,119.5,Traction substation inspection,Medium,42,176,Traction Maintenance Team,2026-10-20,cross_department_cluster,Pending
OHE-26027-00770,2026-10-13,TDMS,Mecheda–Panskura,MCA–PKU,115.5,Contact wire inspection,Medium,58,90,OHE Tower Wagon,2026-10-20,normal,Pending
OHE-26027-00771,2026-10-13,TDMS,Panskura–Kharagpur,PKU–KGP,167.9,Insulator replacement,Medium,53,83,OHE Tower Wagon,2026-10-18,high_defect_load,Pending
OHE-26027-00772,2026-10-13,TDMS,Panskura–Kharagpur,PKU–KGP,142.6,Traction substation inspection,Medium,55,127,Traction Maintenance Team,2026-10-20,cross_department_cluster,Pending
OHE-26027-00773,2026-10-13,TDMS,Panskura–Kharagpur,PKU–KGP,158.2,OHE defect,Low,33,137,OHE Crew,2026-10-20,cross_department_cluster,Pending
OHE-26027-00774,2026-10-13,TDMS,Kharagpur–Gidni,KGP–GID,198.5,Sectioning equipment inspection,Low,20,74,Electrical Inspection Team,2026-10-24,cross_department_cluster,Pending
OHE-26027-00775,2026-10-13,TDMS,Howrah–Santragachi,HWH–SRC,4.2,Contact wire inspection,Medium,47,78,OHE Tower Wagon,2026-10-19,normal,Pending
OHE-26027-00776,2026-10-13,TDMS,Santragachi–Panskura,SRC–PKU,84.7,Contact wire inspection,High,78,105,OHE Crew,2026-10-15,high_defect_load,Pending
OHE-26027-00777,2026-10-13,TDMS,Santragachi–Panskura,SRC–PKU,98.0,OHE defect,Medium,54,85,OHE Tower Wagon,2026-10-17,normal,Pending
OHE-26027-00778,2026-10-13,TDMS,Kharagpur–Gidni,KGP–GID,202.1,Pantograph interaction issue,Medium,40,103,OHE Crew,2026-10-20,cross_department_cluster,Pending
OHE-26027-00779,2026-10-13,TDMS,Kharagpur–Gidni,KGP–GID,214.6,Contact wire inspection,Medium,48,79,OHE Crew,2026-10-18,normal,Pending
OHE-26027-00780,2026-10-13,TDMS,Panskura–Kharagpur,PKU–KGP,164.3,Pantograph interaction issue,Low,21,118,OHE Tower Wagon,2026-10-26,normal,Pending
OHE-26027-00781,2026-10-14,TDMS,Panskura–Kharagpur,PKU–KGP,146.8,OHE defect,Low,25,138,OHE Tower Wagon,2026-10-21,normal,Pending
OHE-26027-00782,2026-10-14,TDMS,Kharagpur–Gidni,KGP–GID,206.2,Contact wire inspection,Medium,40,91,OHE Tower Wagon,2026-10-21,normal,Pending
OHE-26027-00783,2026-10-14,TDMS,Howrah–Santragachi,HWH–SRC,5.2,Preventive OHE maintenance,Medium,42,64,OHE Tower Wagon,2026-10-21,normal,Pending
OHE-26027-00784,2026-10-14,TDMS,Panskura–Kharagpur,PKU–KGP,147.4,Sectioning equipment inspection,Medium,63,64,Electrical Inspection Team,2026-10-19,normal,Pending
OHE-26027-00785,2026-10-14,TDMS,Santragachi–Panskura,SRC–PKU,37.1,Pantograph interaction issue,Low,35,68,OHE Tower Wagon,2026-10-27,cross_department_cluster,Pending
OHE-26027-00786,2026-10-14,TDMS,Mecheda–Panskura,MCA–PKU,122.6,OHE defect,Low,26,94,OHE Tower Wagon,2026-10-21,normal,Pending
OHE-26027-00787,2026-10-14,TDMS,Mecheda–Panskura,MCA–PKU,118.3,Insulator replacement,Medium,53,79,OHE Tower Wagon,2026-10-20,cross_department_cluster,Pending
OHE-26027-00788,2026-10-14,TDMS,Santragachi–Panskura,SRC–PKU,26.9,Contact wire inspection,Medium,50,103,OHE Tower Wagon,2026-10-21,high_defect_load,Pending
OHE-26027-00789,2026-10-14,TDMS,Howrah–Santragachi,HWH–SRC,9.8,Traction substation inspection,Low,20,148,Traction Maintenance Team,2026-10-26,cross_department_cluster,Pending
OHE-26027-00790,2026-10-14,TDMS,Kharagpur–Gidni,KGP–GID,201.2,Traction substation inspection,Low,31,120,Traction Maintenance Team,2026-10-19,normal,Pending
OHE-26027-00791,2026-10-14,TDMS,Kharagpur–Gidni,KGP–GID,184.7,OHE defect,Medium,63,130,OHE Tower Wagon,2026-10-17,cross_department_cluster,Pending
OHE-26027-00792,2026-10-14,TDMS,Mecheda–Panskura,MCA–PKU,120.7,Sectioning equipment inspection,Medium,58,69,Electrical Inspection Team,2026-10-21,normal,Pending
OHE-26027-00793,2026-10-14,TDMS,Howrah–Santragachi,HWH–SRC,10.5,Insulator replacement,Medium,56,45,OHE Tower Wagon,2026-10-19,normal,Pending
OHE-26027-00794,2026-10-14,TDMS,Santragachi–Panskura,SRC–PKU,96.0,Traction substation inspection,Low,31,119,Traction Maintenance Team,2026-10-26,cross_department_cluster,Pending
OHE-26027-00795,2026-10-14,TDMS,Howrah–Santragachi,HWH–SRC,1.0,OHE defect,Low,31,65,OHE Crew,2026-10-28,cross_department_cluster,Pending
OHE-26027-00796,2026-10-14,TDMS,Panskura–Kharagpur,PKU–KGP,148.0,Sectioning equipment inspection,Medium,61,90,Electrical Inspection Team,2026-10-17,normal,Pending
OHE-26027-00797,2026-10-14,TDMS,Howrah–Santragachi,HWH–SRC,0.7,OHE defect,High,65,74,OHE Tower Wagon,2026-10-16,mixed_realistic,Pending
OHE-26027-00798,2026-10-14,TDMS,Santragachi–Panskura,SRC–PKU,22.3,Preventive OHE maintenance,Medium,43,50,OHE Crew,2026-10-20,normal,Pending
OHE-26027-00799,2026-10-14,TDMS,Howrah–Santragachi,HWH–SRC,11.3,Sectioning equipment inspection,Medium,51,63,Electrical Inspection Team,2026-10-19,normal,Pending
OHE-26027-00800,2026-10-14,TDMS,Panskura–Kharagpur,PKU–KGP,128.3,Preventive OHE maintenance,Low,29,52,Electrical Inspection Team,2026-10-24,cross_department_cluster,Pending
OHE-26027-00801,2026-10-14,TDMS,Howrah–Santragachi,HWH–SRC,8.3,OHE defect,Low,36,96,OHE Tower Wagon,2026-10-24,mixed_realistic,Pending
OHE-26027-00802,2026-10-14,TDMS,Mecheda–Panskura,MCA–PKU,118.1,Pantograph interaction issue,High,74,75,OHE Crew,2026-10-16,cross_department_cluster,Pending
OHE-26027-00803,2026-10-14,TDMS,Kharagpur–Gidni,KGP–GID,178.8,Sectioning equipment inspection,High,79,72,Electrical Inspection Team,2026-10-16,normal,Pending
OHE-26027-00804,2026-10-14,TDMS,Panskura–Kharagpur,PKU–KGP,151.6,Sectioning equipment inspection,Medium,56,79,Electrical Inspection Team,2026-10-19,normal,Pending
OHE-26027-00805,2026-10-14,TDMS,Panskura–Kharagpur,PKU–KGP,164.0,Contact wire inspection,Low,32,86,OHE Crew,2026-10-23,cross_department_cluster,Pending
OHE-26027-00806,2026-10-14,TDMS,Panskura–Kharagpur,PKU–KGP,157.7,Preventive OHE maintenance,Low,18,63,Traction Maintenance Team,2026-10-24,cross_department_cluster,Pending
OHE-26027-00807,2026-10-14,TDMS,Mecheda–Panskura,MCA–PKU,123.7,Contact wire inspection,Critical,100,97,OHE Crew,2026-10-15,critical_defect,Pending
OHE-26027-00808,2026-10-14,TDMS,Panskura–Kharagpur,PKU–KGP,130.9,Insulator replacement,High,80,46,OHE Crew,2026-10-14,cross_department_cluster,Pending
OHE-26027-00809,2026-10-14,TDMS,Howrah–Santragachi,HWH–SRC,7.9,Preventive OHE maintenance,Low,33,87,OHE Tower Wagon,2026-10-21,mixed_realistic,Pending
OHE-26027-00810,2026-10-14,TDMS,Santragachi–Panskura,SRC–PKU,43.6,Contact wire inspection,Medium,57,96,OHE Tower Wagon,2026-10-16,normal,Pending
OHE-26027-00811,2026-10-14,TDMS,Santragachi–Panskura,SRC–PKU,73.4,Contact wire inspection,Medium,64,118,OHE Crew,2026-10-18,normal,Pending
OHE-26027-00812,2026-10-14,TDMS,Panskura–Kharagpur,PKU–KGP,155.7,Preventive OHE maintenance,Low,32,119,OHE Tower Wagon,2026-10-27,normal,Pending
OHE-26027-00813,2026-10-14,TDMS,Mecheda–Panskura,MCA–PKU,117.9,OHE defect,Medium,47,83,OHE Crew,2026-10-20,cross_department_cluster,Pending
OHE-26027-00814,2026-10-14,TDMS,Mecheda–Panskura,MCA–PKU,118.8,Contact wire inspection,Medium,42,120,OHE Crew,2026-10-16,mixed_realistic,Pending
OHE-26027-00815,2026-10-14,TDMS,Mecheda–Panskura,MCA–PKU,116.9,Contact wire inspection,Low,32,64,OHE Tower Wagon,2026-10-22,normal,Pending
OHE-26027-00816,2026-10-14,TDMS,Mecheda–Panskura,MCA–PKU,119.2,Traction substation inspection,High,71,116,Traction Maintenance Team,2026-10-15,normal,Pending
OHE-26027-00817,2026-10-14,TDMS,Mecheda–Panskura,MCA–PKU,118.9,OHE defect,Medium,54,103,OHE Crew,2026-10-17,normal,Pending
OHE-26027-00818,2026-10-14,TDMS,Panskura–Kharagpur,PKU–KGP,142.2,Traction substation inspection,Medium,56,178,Traction Maintenance Team,2026-10-18,cross_department_cluster,Pending
OHE-26027-00819,2026-10-14,TDMS,Santragachi–Panskura,SRC–PKU,79.8,Sectioning equipment inspection,Medium,63,100,Electrical Inspection Team,2026-10-20,cross_department_cluster,Pending
OHE-26027-00820,2026-10-14,TDMS,Howrah–Santragachi,HWH–SRC,5.0,Preventive OHE maintenance,High,81,80,Traction Maintenance Team,2026-10-15,high_defect_load,Pending
OHE-26027-00821,2026-10-14,TDMS,Panskura–Kharagpur,PKU–KGP,157.5,Pantograph interaction issue,Medium,45,73,OHE Tower Wagon,2026-10-17,normal,Pending
OHE-26027-00822,2026-10-14,TDMS,Mecheda–Panskura,MCA–PKU,118.5,Contact wire inspection,Medium,57,95,OHE Crew,2026-10-20,cross_department_cluster,Pending
OHE-26027-00823,2026-10-14,TDMS,Panskura–Kharagpur,PKU–KGP,166.3,Pantograph interaction issue,Medium,45,113,OHE Crew,2026-10-18,mixed_realistic,Pending
OHE-26027-00824,2026-10-14,TDMS,Santragachi–Panskura,SRC–PKU,43.0,Contact wire inspection,Medium,47,81,OHE Tower Wagon,2026-10-21,normal,Pending
OHE-26027-00825,2026-10-14,TDMS,Mecheda–Panskura,MCA–PKU,118.5,OHE defect,Critical,87,68,OHE Tower Wagon,2026-10-14,mixed_realistic,Pending
OHE-26027-00826,2026-10-14,TDMS,Panskura–Kharagpur,PKU–KGP,125.1,Insulator replacement,Low,15,61,OHE Tower Wagon,2026-10-22,cross_department_cluster,Pending
OHE-26027-00827,2026-10-14,TDMS,Panskura–Kharagpur,PKU–KGP,158.2,Traction substation inspection,Medium,57,143,Traction Maintenance Team,2026-10-17,cross_department_cluster,Pending
OHE-26027-00828,2026-10-14,TDMS,Panskura–Kharagpur,PKU–KGP,127.3,Sectioning equipment inspection,Medium,55,110,Electrical Inspection Team,2026-10-19,normal,Pending
OHE-26027-00829,2026-10-14,TDMS,Kharagpur–Gidni,KGP–GID,198.4,Pantograph interaction issue,Low,32,116,OHE Tower Wagon,2026-10-21,cross_department_cluster,Pending
OHE-26027-00830,2026-10-14,TDMS,Santragachi–Panskura,SRC–PKU,91.8,Insulator replacement,Low,18,88,OHE Crew,2026-10-22,normal,Pending
OHE-26027-00831,2026-10-14,TDMS,Panskura–Kharagpur,PKU–KGP,138.6,Contact wire inspection,Medium,61,60,OHE Crew,2026-10-16,high_defect_load,Pending
OHE-26027-00832,2026-10-14,TDMS,Mecheda–Panskura,MCA–PKU,118.6,Sectioning equipment inspection,Medium,53,90,Electrical Inspection Team,2026-10-19,cross_department_cluster,Pending
OHE-26027-00833,2026-10-14,TDMS,Santragachi–Panskura,SRC–PKU,26.3,Preventive OHE maintenance,Critical,95,85,OHE Crew,2026-10-14,critical_defect,Pending
OHE-26027-00834,2026-10-14,TDMS,Mecheda–Panskura,MCA–PKU,118.1,Preventive OHE maintenance,Medium,56,58,Traction Maintenance Team,2026-10-19,high_defect_load,Pending
OHE-26027-00835,2026-10-14,TDMS,Santragachi–Panskura,SRC–PKU,71.1,Pantograph interaction issue,Low,24,77,OHE Crew,2026-10-25,normal,Pending
OHE-26027-00836,2026-10-14,TDMS,Mecheda–Panskura,MCA–PKU,118.2,Insulator replacement,Medium,63,59,OHE Crew,2026-10-19,cross_department_cluster,Pending
OHE-26027-00837,2026-10-14,TDMS,Kharagpur–Gidni,KGP–GID,212.8,Preventive OHE maintenance,Medium,55,97,OHE Tower Wagon,2026-10-19,normal,Pending
OHE-26027-00838,2026-10-14,TDMS,Panskura–Kharagpur,PKU–KGP,131.1,OHE defect,Low,32,76,OHE Crew,2026-10-21,cross_department_cluster,Pending
OHE-26027-00839,2026-10-14,TDMS,Mecheda–Panskura,MCA–PKU,115.0,Traction substation inspection,Low,20,134,Traction Maintenance Team,2026-10-23,normal,Pending
OHE-26027-00840,2026-10-14,TDMS,Kharagpur–Gidni,KGP–GID,192.8,Sectioning equipment inspection,Medium,55,115,Electrical Inspection Team,2026-10-21,normal,Pending
OHE-26027-00841,2026-10-14,TDMS,Panskura–Kharagpur,PKU–KGP,158.3,Traction substation inspection,High,72,161,Traction Maintenance Team,2026-10-14,cross_department_cluster,Pending
OHE-26027-00842,2026-10-14,TDMS,Kharagpur–Gidni,KGP–GID,202.7,Pantograph interaction issue,High,78,109,OHE Tower Wagon,2026-10-14,cross_department_cluster,Pending
OHE-26027-00843,2026-10-14,TDMS,Panskura–Kharagpur,PKU–KGP,139.3,Pantograph interaction issue,Medium,57,99,OHE Tower Wagon,2026-10-16,normal,Pending
OHE-26027-00844,2026-10-14,TDMS,Howrah–Santragachi,HWH–SRC,2.4,Preventive OHE maintenance,Low,29,92,Traction Maintenance Team,2026-10-25,normal,Pending
OHE-26027-00845,2026-10-14,TDMS,Kharagpur–Gidni,KGP–GID,182.7,Pantograph interaction issue,High,68,113,OHE Tower Wagon,2026-10-16,normal,Pending
OHE-26027-00846,2026-10-15,TDMS,Santragachi–Panskura,SRC–PKU,53.2,Sectioning equipment inspection,Medium,45,111,Electrical Inspection Team,2026-10-20,cross_department_cluster,Pending
OHE-26027-00847,2026-10-15,TDMS,Santragachi–Panskura,SRC–PKU,100.4,Insulator replacement,Low,32,83,OHE Crew,2026-10-29,cross_department_cluster,Pending
OHE-26027-00848,2026-10-15,TDMS,Panskura–Kharagpur,PKU–KGP,157.9,Preventive OHE maintenance,Medium,45,103,Electrical Inspection Team,2026-10-21,normal,Pending
OHE-26027-00849,2026-10-15,TDMS,Panskura–Kharagpur,PKU–KGP,142.4,Preventive OHE maintenance,High,74,84,Electrical Inspection Team,2026-10-18,cross_department_cluster,Pending
OHE-26027-00850,2026-10-15,TDMS,Mecheda–Panskura,MCA–PKU,118.4,OHE defect,High,82,84,OHE Tower Wagon,2026-10-18,cross_department_cluster,Pending
OHE-26027-00851,2026-10-15,TDMS,Howrah–Santragachi,HWH–SRC,0.6,Traction substation inspection,High,73,93,Traction Maintenance Team,2026-10-16,mixed_realistic,Pending
OHE-26027-00852,2026-10-15,TDMS,Mecheda–Panskura,MCA–PKU,115.5,Traction substation inspection,Medium,48,164,Traction Maintenance Team,2026-10-22,normal,Pending
OHE-26027-00853,2026-10-15,TDMS,Howrah–Santragachi,HWH–SRC,7.1,Pantograph interaction issue,Medium,56,116,OHE Crew,2026-10-19,cross_department_cluster,Pending
OHE-26027-00854,2026-10-15,TDMS,Mecheda–Panskura,MCA–PKU,120.4,Preventive OHE maintenance,Medium,44,50,OHE Crew,2026-10-22,normal,Pending
OHE-26027-00855,2026-10-15,TDMS,Panskura–Kharagpur,PKU–KGP,159.4,Sectioning equipment inspection,Low,28,109,Electrical Inspection Team,2026-10-20,high_defect_load,Pending
OHE-26027-00856,2026-10-15,TDMS,Kharagpur–Gidni,KGP–GID,184.1,Preventive OHE maintenance,Medium,43,46,Traction Maintenance Team,2026-10-20,high_defect_load,Pending
OHE-26027-00857,2026-10-15,TDMS,Santragachi–Panskura,SRC–PKU,29.2,Traction substation inspection,High,65,103,Traction Maintenance Team,2026-10-16,mixed_realistic,Pending
OHE-26027-00858,2026-10-15,TDMS,Kharagpur–Gidni,KGP–GID,212.5,Sectioning equipment inspection,Medium,64,62,Electrical Inspection Team,2026-10-18,high_defect_load,Pending
OHE-26027-00859,2026-10-15,TDMS,Panskura–Kharagpur,PKU–KGP,144.8,OHE defect,Low,27,75,OHE Crew,2026-10-29,normal,Pending
OHE-26027-00860,2026-10-15,TDMS,Santragachi–Panskura,SRC–PKU,68.9,Sectioning equipment inspection,Medium,55,118,Electrical Inspection Team,2026-10-19,cross_department_cluster,Pending
OHE-26027-00861,2026-10-15,TDMS,Panskura–Kharagpur,PKU–KGP,142.8,Traction substation inspection,Medium,55,92,Traction Maintenance Team,2026-10-22,cross_department_cluster,Pending
OHE-26027-00862,2026-10-15,TDMS,Howrah–Santragachi,HWH–SRC,4.4,Sectioning equipment inspection,Medium,44,69,Electrical Inspection Team,2026-10-18,normal,Pending
OHE-26027-00863,2026-10-15,TDMS,Santragachi–Panskura,SRC–PKU,98.1,Pantograph interaction issue,Low,25,97,OHE Crew,2026-10-24,normal,Pending
OHE-26027-00864,2026-10-15,TDMS,Kharagpur–Gidni,KGP–GID,182.3,Traction substation inspection,Medium,64,139,Traction Maintenance Team,2026-10-22,normal,Pending
OHE-26027-00865,2026-10-15,TDMS,Panskura–Kharagpur,PKU–KGP,169.7,Traction substation inspection,Low,28,100,Traction Maintenance Team,2026-10-22,mixed_realistic,Pending
OHE-26027-00866,2026-10-15,TDMS,Panskura–Kharagpur,PKU–KGP,136.1,Preventive OHE maintenance,Critical,87,88,Electrical Inspection Team,2026-10-16,mixed_realistic,Pending
OHE-26027-00867,2026-10-15,TDMS,Mecheda–Panskura,MCA–PKU,115.0,OHE defect,Medium,52,138,OHE Tower Wagon,2026-10-20,normal,Pending
OHE-26027-00868,2026-10-15,TDMS,Panskura–Kharagpur,PKU–KGP,157.8,Sectioning equipment inspection,Medium,51,95,Electrical Inspection Team,2026-10-18,cross_department_cluster,Pending
OHE-26027-00869,2026-10-15,TDMS,Panskura–Kharagpur,PKU–KGP,167.6,Preventive OHE maintenance,Medium,64,74,OHE Tower Wagon,2026-10-22,normal,Pending
OHE-26027-00870,2026-10-15,TDMS,Panskura–Kharagpur,PKU–KGP,146.6,Pantograph interaction issue,High,78,78,OHE Tower Wagon,2026-10-16,cross_department_cluster,Pending
OHE-26027-00871,2026-10-15,TDMS,Panskura–Kharagpur,PKU–KGP,138.8,Contact wire inspection,Low,32,68,OHE Crew,2026-10-21,cross_department_cluster,Pending
OHE-26027-00872,2026-10-15,TDMS,Panskura–Kharagpur,PKU–KGP,138.2,Pantograph interaction issue,Medium,60,66,OHE Crew,2026-10-21,normal,Pending
OHE-26027-00873,2026-10-15,TDMS,Panskura–Kharagpur,PKU–KGP,158.0,Pantograph interaction issue,High,67,69,OHE Tower Wagon,2026-10-18,cross_department_cluster,Pending
OHE-26027-00874,2026-10-15,TDMS,Panskura–Kharagpur,PKU–KGP,164.4,Pantograph interaction issue,Medium,43,117,OHE Crew,2026-10-18,cross_department_cluster,Pending
OHE-26027-00875,2026-10-15,TDMS,Howrah–Santragachi,HWH–SRC,2.2,Preventive OHE maintenance,Medium,42,56,OHE Tower Wagon,2026-10-22,mixed_realistic,Pending
OHE-26027-00876,2026-10-15,TDMS,Kharagpur–Gidni,KGP–GID,200.9,Sectioning equipment inspection,Low,34,116,Electrical Inspection Team,2026-10-21,normal,Pending
OHE-26027-00877,2026-10-15,TDMS,Santragachi–Panskura,SRC–PKU,69.7,OHE defect,Low,27,71,OHE Crew,2026-10-23,normal,Pending
OHE-26027-00878,2026-10-15,TDMS,Mecheda–Panskura,MCA–PKU,120.7,Traction substation inspection,Medium,54,144,Traction Maintenance Team,2026-10-21,mixed_realistic,Pending
OHE-26027-00879,2026-10-15,TDMS,Howrah–Santragachi,HWH–SRC,0.7,Sectioning equipment inspection,Low,21,90,Electrical Inspection Team,2026-10-27,mixed_realistic,Pending
OHE-26027-00880,2026-10-15,TDMS,Howrah–Santragachi,HWH–SRC,9.3,Contact wire inspection,Medium,43,111,OHE Crew,2026-10-17,normal,Pending
OHE-26027-00881,2026-10-15,TDMS,Mecheda–Panskura,MCA–PKU,123.9,Traction substation inspection,High,82,90,Traction Maintenance Team,2026-10-16,high_defect_load,Pending
OHE-26027-00882,2026-10-15,TDMS,Mecheda–Panskura,MCA–PKU,118.4,Insulator replacement,Low,37,71,OHE Tower Wagon,2026-10-20,high_defect_load,Pending
OHE-26027-00883,2026-10-15,TDMS,Santragachi–Panskura,SRC–PKU,83.0,Contact wire inspection,Critical,89,69,OHE Tower Wagon,2026-10-16,mixed_realistic,Pending
OHE-26027-00884,2026-10-15,TDMS,Panskura–Kharagpur,PKU–KGP,142.6,Sectioning equipment inspection,Medium,40,95,Electrical Inspection Team,2026-10-22,cross_department_cluster,Pending
OHE-26027-00885,2026-10-15,TDMS,Mecheda–Panskura,MCA–PKU,124.0,OHE defect,Critical,98,82,OHE Tower Wagon,2026-10-15,critical_defect,Pending
OHE-26027-00886,2026-10-15,TDMS,Howrah–Santragachi,HWH–SRC,5.5,Contact wire inspection,High,71,81,OHE Crew,2026-10-15,mixed_realistic,Pending
OHE-26027-00887,2026-10-15,TDMS,Kharagpur–Gidni,KGP–GID,176.5,Sectioning equipment inspection,Medium,60,87,Electrical Inspection Team,2026-10-22,mixed_realistic,Pending
OHE-26027-00888,2026-10-15,TDMS,Santragachi–Panskura,SRC–PKU,84.5,Preventive OHE maintenance,Medium,55,99,Traction Maintenance Team,2026-10-17,normal,Pending
OHE-26027-00889,2026-10-15,TDMS,Panskura–Kharagpur,PKU–KGP,142.2,Preventive OHE maintenance,Medium,64,103,Electrical Inspection Team,2026-10-22,cross_department_cluster,Pending
OHE-26027-00890,2026-10-15,TDMS,Howrah–Santragachi,HWH–SRC,3.3,Traction substation inspection,Low,23,112,Traction Maintenance Team,2026-10-28,normal,Pending
OHE-26027-00891,2026-10-15,TDMS,Howrah–Santragachi,HWH–SRC,9.4,Contact wire inspection,Medium,62,67,OHE Crew,2026-10-22,high_defect_load,Pending
OHE-26027-00892,2026-10-15,TDMS,Santragachi–Panskura,SRC–PKU,37.5,OHE defect,Critical,97,97,OHE Tower Wagon,2026-10-15,critical_defect,Pending
OHE-26027-00893,2026-10-15,TDMS,Kharagpur–Gidni,KGP–GID,197.6,Traction substation inspection,Low,22,172,Traction Maintenance Team,2026-10-27,mixed_realistic,Pending
OHE-26027-00894,2026-10-15,TDMS,Howrah–Santragachi,HWH–SRC,4.9,Sectioning equipment inspection,Medium,61,68,Electrical Inspection Team,2026-10-22,normal,Pending
OHE-26027-00895,2026-10-15,TDMS,Mecheda–Panskura,MCA–PKU,122.6,OHE defect,Medium,57,139,OHE Crew,2026-10-19,normal,Pending
OHE-26027-00896,2026-10-15,TDMS,Panskura–Kharagpur,PKU–KGP,165.1,Contact wire inspection,Low,30,74,OHE Tower Wagon,2026-10-27,normal,Pending
OHE-26027-00897,2026-10-15,TDMS,Panskura–Kharagpur,PKU–KGP,160.1,Preventive OHE maintenance,Medium,45,63,Electrical Inspection Team,2026-10-20,mixed_realistic,Pending
OHE-26027-00898,2026-10-15,TDMS,Panskura–Kharagpur,PKU–KGP,164.3,Sectioning equipment inspection,High,68,84,Electrical Inspection Team,2026-10-16,cross_department_cluster,Pending
OHE-26027-00899,2026-10-15,TDMS,Santragachi–Panskura,SRC–PKU,86.1,Contact wire inspection,Medium,64,97,OHE Tower Wagon,2026-10-19,cross_department_cluster,Pending
OHE-26027-00900,2026-10-15,TDMS,Panskura–Kharagpur,PKU–KGP,134.9,OHE defect,Medium,48,106,OHE Crew,2026-10-22,mixed_realistic,Pending
OHE-26027-00901,2026-10-15,TDMS,Santragachi–Panskura,SRC–PKU,32.2,OHE defect,Medium,63,125,OHE Tower Wagon,2026-10-22,mixed_realistic,Pending
OHE-26027-00902,2026-10-15,TDMS,Kharagpur–Gidni,KGP–GID,211.6,Pantograph interaction issue,High,68,74,OHE Crew,2026-10-18,normal,Pending
OHE-26027-00903,2026-10-15,TDMS,Kharagpur–Gidni,KGP–GID,203.5,Insulator replacement,Low,18,62,OHE Crew,2026-10-29,normal,Pending
OHE-26027-00904,2026-10-15,TDMS,Panskura–Kharagpur,PKU–KGP,157.8,Traction substation inspection,Low,29,118,Traction Maintenance Team,2026-10-21,cross_department_cluster,Pending
OHE-26027-00905,2026-10-15,TDMS,Santragachi–Panskura,SRC–PKU,30.9,OHE defect,Low,18,64,OHE Tower Wagon,2026-10-29,cross_department_cluster,Pending
OHE-26027-00906,2026-10-15,TDMS,Panskura–Kharagpur,PKU–KGP,157.8,Sectioning equipment inspection,Critical,92,57,Electrical Inspection Team,2026-10-16,cross_department_cluster,Pending
OHE-26027-00907,2026-10-15,TDMS,Santragachi–Panskura,SRC–PKU,40.0,Sectioning equipment inspection,Critical,96,61,Electrical Inspection Team,2026-10-16,critical_defect,Pending
OHE-26027-00908,2026-10-15,TDMS,Kharagpur–Gidni,KGP–GID,201.5,Pantograph interaction issue,Low,21,100,OHE Tower Wagon,2026-10-28,high_defect_load,Pending
OHE-26027-00909,2026-10-15,TDMS,Mecheda–Panskura,MCA–PKU,121.3,Pantograph interaction issue,High,72,108,OHE Tower Wagon,2026-10-17,high_defect_load,Pending
OHE-26027-00910,2026-10-15,TDMS,Howrah–Santragachi,HWH–SRC,7.2,Traction substation inspection,Critical,97,150,Traction Maintenance Team,2026-10-15,critical_defect,Pending
OHE-26027-00911,2026-10-16,TDMS,Mecheda–Panskura,MCA–PKU,123.6,Pantograph interaction issue,Low,32,65,OHE Crew,2026-10-26,normal,Pending
OHE-26027-00912,2026-10-16,TDMS,Howrah–Santragachi,HWH–SRC,11.4,Insulator replacement,Low,21,52,OHE Tower Wagon,2026-10-22,cross_department_cluster,Pending
OHE-26027-00913,2026-10-16,TDMS,Panskura–Kharagpur,PKU–KGP,136.1,Contact wire inspection,High,72,70,OHE Tower Wagon,2026-10-19,normal,Pending
OHE-26027-00914,2026-10-16,TDMS,Panskura–Kharagpur,PKU–KGP,139.3,OHE defect,Medium,51,146,OHE Crew,2026-10-21,normal,Pending
OHE-26027-00915,2026-10-16,TDMS,Howrah–Santragachi,HWH–SRC,3.0,Insulator replacement,Low,20,76,OHE Tower Wagon,2026-10-30,high_defect_load,Pending
OHE-26027-00916,2026-10-16,TDMS,Panskura–Kharagpur,PKU–KGP,157.7,Traction substation inspection,Medium,57,176,Traction Maintenance Team,2026-10-19,cross_department_cluster,Pending
OHE-26027-00917,2026-10-16,TDMS,Santragachi–Panskura,SRC–PKU,27.4,Pantograph interaction issue,Medium,58,116,OHE Tower Wagon,2026-10-23,cross_department_cluster,Pending
OHE-26027-00918,2026-10-16,TDMS,Mecheda–Panskura,MCA–PKU,122.7,Sectioning equipment inspection,Low,32,115,Electrical Inspection Team,2026-10-29,normal,Pending
OHE-26027-00919,2026-10-16,TDMS,Kharagpur–Gidni,KGP–GID,188.5,Traction substation inspection,Medium,61,153,Traction Maintenance Team,2026-10-18,normal,Pending
OHE-26027-00920,2026-10-16,TDMS,Panskura–Kharagpur,PKU–KGP,145.9,Sectioning equipment inspection,High,69,93,Electrical Inspection Team,2026-10-17,normal,Pending
OHE-26027-00921,2026-10-16,TDMS,Mecheda–Panskura,MCA–PKU,115.8,Insulator replacement,High,76,88,OHE Tower Wagon,2026-10-17,cross_department_cluster,Pending
OHE-26027-00922,2026-10-16,TDMS,Panskura–Kharagpur,PKU–KGP,142.2,Traction substation inspection,High,68,162,Traction Maintenance Team,2026-10-18,cross_department_cluster,Pending
OHE-26027-00923,2026-10-16,TDMS,Panskura–Kharagpur,PKU–KGP,164.2,Pantograph interaction issue,Medium,49,90,OHE Tower Wagon,2026-10-22,cross_department_cluster,Pending
OHE-26027-00924,2026-10-16,TDMS,Santragachi–Panskura,SRC–PKU,73.1,Sectioning equipment inspection,Medium,41,102,Electrical Inspection Team,2026-10-19,normal,Pending
OHE-26027-00925,2026-10-16,TDMS,Santragachi–Panskura,SRC–PKU,102.6,Traction substation inspection,Medium,40,131,Traction Maintenance Team,2026-10-22,normal,Pending
OHE-26027-00926,2026-10-16,TDMS,Santragachi–Panskura,SRC–PKU,52.9,Preventive OHE maintenance,Low,24,91,OHE Crew,2026-10-21,normal,Pending
OHE-26027-00927,2026-10-16,TDMS,Panskura–Kharagpur,PKU–KGP,142.6,Contact wire inspection,High,81,80,OHE Crew,2026-10-18,cross_department_cluster,Pending
OHE-26027-00928,2026-10-16,TDMS,Howrah–Santragachi,HWH–SRC,0.3,Preventive OHE maintenance,Low,29,73,OHE Crew,2026-10-25,normal,Pending
OHE-26027-00929,2026-10-16,TDMS,Panskura–Kharagpur,PKU–KGP,158.3,Sectioning equipment inspection,High,73,72,Electrical Inspection Team,2026-10-17,cross_department_cluster,Pending
OHE-26027-00930,2026-10-16,TDMS,Santragachi–Panskura,SRC–PKU,94.3,Traction substation inspection,High,75,135,Traction Maintenance Team,2026-10-19,cross_department_cluster,Pending
OHE-26027-00931,2026-10-16,TDMS,Panskura–Kharagpur,PKU–KGP,142.5,Insulator replacement,Medium,64,47,OHE Tower Wagon,2026-10-23,cross_department_cluster,Pending
OHE-26027-00932,2026-10-16,TDMS,Panskura–Kharagpur,PKU–KGP,129.1,Preventive OHE maintenance,Low,35,98,OHE Crew,2026-10-26,high_defect_load,Pending
OHE-26027-00933,2026-10-16,TDMS,Kharagpur–Gidni,KGP–GID,194.1,Preventive OHE maintenance,Medium,41,64,Traction Maintenance Team,2026-10-19,cross_department_cluster,Pending
OHE-26027-00934,2026-10-16,TDMS,Howrah–Santragachi,HWH–SRC,6.9,Preventive OHE maintenance,Medium,41,92,OHE Crew,2026-10-23,mixed_realistic,Pending
OHE-26027-00935,2026-10-16,TDMS,Panskura–Kharagpur,PKU–KGP,142.8,Preventive OHE maintenance,Medium,58,76,OHE Tower Wagon,2026-10-23,cross_department_cluster,Pending
OHE-26027-00936,2026-10-16,TDMS,Howrah–Santragachi,HWH–SRC,4.5,Sectioning equipment inspection,Low,27,87,Electrical Inspection Team,2026-10-27,mixed_realistic,Pending
OHE-26027-00937,2026-10-16,TDMS,Mecheda–Panskura,MCA–PKU,118.3,Insulator replacement,High,83,49,OHE Crew,2026-10-17,mixed_realistic,Pending
OHE-26027-00938,2026-10-16,TDMS,Mecheda–Panskura,MCA–PKU,122.4,Pantograph interaction issue,Low,22,83,OHE Crew,2026-10-27,mixed_realistic,Pending
OHE-26027-00939,2026-10-16,TDMS,Panskura–Kharagpur,PKU–KGP,160.1,Traction substation inspection,Medium,56,106,Traction Maintenance Team,2026-10-21,normal,Pending
OHE-26027-00940,2026-10-16,TDMS,Santragachi–Panskura,SRC–PKU,46.9,OHE defect,Low,24,100,OHE Tower Wagon,2026-10-22,high_defect_load,Pending
OHE-26027-00941,2026-10-16,TDMS,Santragachi–Panskura,SRC–PKU,21.5,Pantograph interaction issue,Low,36,87,OHE Tower Wagon,2026-10-29,normal,Pending
OHE-26027-00942,2026-10-16,TDMS,Mecheda–Panskura,MCA–PKU,118.4,Sectioning equipment inspection,Low,17,92,Electrical Inspection Team,2026-10-22,cross_department_cluster,Pending
OHE-26027-00943,2026-10-16,TDMS,Howrah–Santragachi,HWH–SRC,3.0,Insulator replacement,Critical,98,45,OHE Tower Wagon,2026-10-16,critical_defect,Pending
OHE-26027-00944,2026-10-16,TDMS,Panskura–Kharagpur,PKU–KGP,139.0,Pantograph interaction issue,Low,34,114,OHE Crew,2026-10-21,cross_department_cluster,Pending
OHE-26027-00945,2026-10-16,TDMS,Kharagpur–Gidni,KGP–GID,194.3,Pantograph interaction issue,Low,32,109,OHE Tower Wagon,2026-10-26,normal,Pending
OHE-26027-00946,2026-10-16,TDMS,Santragachi–Panskura,SRC–PKU,67.8,OHE defect,High,82,132,OHE Tower Wagon,2026-10-18,cross_department_cluster,Pending
OHE-26027-00947,2026-10-16,TDMS,Panskura–Kharagpur,PKU–KGP,158.2,Sectioning equipment inspection,Low,34,92,Electrical Inspection Team,2026-10-25,cross_department_cluster,Pending
OHE-26027-00948,2026-10-16,TDMS,Panskura–Kharagpur,PKU–KGP,154.4,Traction substation inspection,Low,32,169,Traction Maintenance Team,2026-10-21,normal,Pending
OHE-26027-00949,2026-10-16,TDMS,Kharagpur–Gidni,KGP–GID,173.1,Pantograph interaction issue,High,79,104,OHE Crew,2026-10-18,normal,Pending
OHE-26027-00950,2026-10-16,TDMS,Kharagpur–Gidni,KGP–GID,197.6,Pantograph interaction issue,Low,31,82,OHE Crew,2026-10-25,mixed_realistic,Pending
OHE-26027-00951,2026-10-16,TDMS,Panskura–Kharagpur,PKU–KGP,142.8,Sectioning equipment inspection,Medium,53,60,Electrical Inspection Team,2026-10-20,cross_department_cluster,Pending
OHE-26027-00952,2026-10-16,TDMS,Mecheda–Panskura,MCA–PKU,118.3,Traction substation inspection,Medium,49,158,Traction Maintenance Team,2026-10-19,cross_department_cluster,Pending
OHE-26027-00953,2026-10-16,TDMS,Panskura–Kharagpur,PKU–KGP,149.6,Preventive OHE maintenance,Low,37,56,Electrical Inspection Team,2026-10-23,normal,Pending
OHE-26027-00954,2026-10-16,TDMS,Santragachi–Panskura,SRC–PKU,24.8,Sectioning equipment inspection,Medium,40,109,Electrical Inspection Team,2026-10-23,mixed_realistic,Pending
OHE-26027-00955,2026-10-16,TDMS,Santragachi–Panskura,SRC–PKU,19.8,Insulator replacement,Low,19,78,OHE Tower Wagon,2026-10-22,normal,Pending
OHE-26027-00956,2026-10-16,TDMS,Howrah–Santragachi,HWH–SRC,0.1,Preventive OHE maintenance,Low,34,82,OHE Crew,2026-10-23,normal,Pending
OHE-26027-00957,2026-10-16,TDMS,Mecheda–Panskura,MCA–PKU,120.2,Pantograph interaction issue,Medium,45,94,OHE Crew,2026-10-18,mixed_realistic,Pending
OHE-26027-00958,2026-10-16,TDMS,Howrah–Santragachi,HWH–SRC,2.8,Insulator replacement,Medium,50,74,OHE Crew,2026-10-19,mixed_realistic,Pending
OHE-26027-00959,2026-10-16,TDMS,Santragachi–Panskura,SRC–PKU,113.0,Sectioning equipment inspection,High,72,109,Electrical Inspection Team,2026-10-18,normal,Pending
OHE-26027-00960,2026-10-16,TDMS,Panskura–Kharagpur,PKU–KGP,157.7,Insulator replacement,Low,33,75,OHE Crew,2026-10-21,cross_department_cluster,Pending
OHE-26027-00961,2026-10-16,TDMS,Panskura–Kharagpur,PKU–KGP,127.4,Contact wire inspection,Medium,43,83,OHE Tower Wagon,2026-10-18,mixed_realistic,Pending
OHE-26027-00962,2026-10-16,TDMS,Howrah–Santragachi,HWH–SRC,1.9,Pantograph interaction issue,Medium,53,91,OHE Tower Wagon,2026-10-23,normal,Pending
OHE-26027-00963,2026-10-16,TDMS,Panskura–Kharagpur,PKU–KGP,159.9,Pantograph interaction issue,Low,20,111,OHE Crew,2026-10-28,mixed_realistic,Pending
OHE-26027-00964,2026-10-16,TDMS,Mecheda–Panskura,MCA–PKU,123.1,Contact wire inspection,Medium,60,98,OHE Crew,2026-10-21,cross_department_cluster,Pending
OHE-26027-00965,2026-10-16,TDMS,Panskura–Kharagpur,PKU–KGP,153.7,OHE defect,Medium,57,80,OHE Tower Wagon,2026-10-18,mixed_realistic,Pending
OHE-26027-00966,2026-10-16,TDMS,Mecheda–Panskura,MCA–PKU,116.1,Preventive OHE maintenance,High,71,55,Electrical Inspection Team,2026-10-16,mixed_realistic,Pending
OHE-26027-00967,2026-10-16,TDMS,Santragachi–Panskura,SRC–PKU,76.1,Sectioning equipment inspection,Medium,63,102,Electrical Inspection Team,2026-10-23,normal,Pending
OHE-26027-00968,2026-10-16,TDMS,Santragachi–Panskura,SRC–PKU,88.5,Preventive OHE maintenance,High,65,84,OHE Crew,2026-10-16,high_defect_load,Pending
OHE-26027-00969,2026-10-16,TDMS,Panskura–Kharagpur,PKU–KGP,158.1,Insulator replacement,Low,19,68,OHE Crew,2026-10-29,cross_department_cluster,Pending
OHE-26027-00970,2026-10-16,TDMS,Mecheda–Panskura,MCA–PKU,116.2,Sectioning equipment inspection,High,72,118,Electrical Inspection Team,2026-10-17,normal,Pending
OHE-26027-00971,2026-10-16,TDMS,Howrah–Santragachi,HWH–SRC,0.2,Contact wire inspection,Medium,60,104,OHE Tower Wagon,2026-10-23,mixed_realistic,Pending
OHE-26027-00972,2026-10-16,TDMS,Howrah–Santragachi,HWH–SRC,9.2,Sectioning equipment inspection,Low,28,94,Electrical Inspection Team,2026-10-28,mixed_realistic,Pending
OHE-26027-00973,2026-10-16,TDMS,Howrah–Santragachi,HWH–SRC,9.0,Contact wire inspection,Medium,44,78,OHE Tower Wagon,2026-10-18,cross_department_cluster,Pending
OHE-26027-00974,2026-10-16,TDMS,Panskura–Kharagpur,PKU–KGP,157.7,Sectioning equipment inspection,Medium,55,74,Electrical Inspection Team,2026-10-21,cross_department_cluster,Pending
OHE-26027-00975,2026-10-16,TDMS,Santragachi–Panskura,SRC–PKU,38.4,OHE defect,Medium,47,71,OHE Tower Wagon,2026-10-18,normal,Pending
OHE-26027-00976,2026-10-17,TDMS,Panskura–Kharagpur,PKU–KGP,142.4,Contact wire inspection,Low,36,67,OHE Tower Wagon,2026-10-28,cross_department_cluster,Pending
OHE-26027-00977,2026-10-17,TDMS,Santragachi–Panskura,SRC–PKU,113.3,Pantograph interaction issue,Low,31,88,OHE Crew,2026-10-26,cross_department_cluster,Pending
OHE-26027-00978,2026-10-17,TDMS,Mecheda–Panskura,MCA–PKU,120.2,Traction substation inspection,Critical,93,131,Traction Maintenance Team,2026-10-17,critical_defect,Pending
OHE-26027-00979,2026-10-17,TDMS,Mecheda–Panskura,MCA–PKU,120.2,Traction substation inspection,Medium,46,159,Traction Maintenance Team,2026-10-21,normal,Pending
OHE-26027-00980,2026-10-17,TDMS,Howrah–Santragachi,HWH–SRC,4.1,Contact wire inspection,Low,33,65,OHE Crew,2026-10-30,normal,Pending
OHE-26027-00981,2026-10-17,TDMS,Panskura–Kharagpur,PKU–KGP,142.5,Sectioning equipment inspection,Medium,55,66,Electrical Inspection Team,2026-10-22,cross_department_cluster,Pending
OHE-26027-00982,2026-10-17,TDMS,Howrah–Santragachi,HWH–SRC,11.2,Contact wire inspection,Low,24,99,OHE Tower Wagon,2026-10-28,normal,Pending
OHE-26027-00983,2026-10-17,TDMS,Panskura–Kharagpur,PKU–KGP,154.8,Preventive OHE maintenance,Critical,87,64,OHE Crew,2026-10-17,mixed_realistic,Pending
OHE-26027-00984,2026-10-17,TDMS,Panskura–Kharagpur,PKU–KGP,134.7,OHE defect,Medium,61,104,OHE Crew,2026-10-24,normal,Pending
OHE-26027-00985,2026-10-17,TDMS,Kharagpur–Gidni,KGP–GID,214.4,OHE defect,Low,24,82,OHE Crew,2026-10-30,mixed_realistic,Pending
OHE-26027-00986,2026-10-17,TDMS,Howrah–Santragachi,HWH–SRC,7.8,OHE defect,Medium,40,60,OHE Tower Wagon,2026-10-22,mixed_realistic,Pending
OHE-26027-00987,2026-10-17,TDMS,Mecheda–Panskura,MCA–PKU,124.7,Preventive OHE maintenance,Medium,42,83,Electrical Inspection Team,2026-10-22,cross_department_cluster,Pending
OHE-26027-00988,2026-10-17,TDMS,Santragachi–Panskura,SRC–PKU,102.0,Sectioning equipment inspection,Medium,47,112,Electrical Inspection Team,2026-10-22,high_defect_load,Pending
OHE-26027-00989,2026-10-17,TDMS,Mecheda–Panskura,MCA–PKU,115.2,Insulator replacement,Low,16,80,OHE Crew,2026-10-29,normal,Pending
OHE-26027-00990,2026-10-17,TDMS,Howrah–Santragachi,HWH–SRC,3.0,Preventive OHE maintenance,High,76,107,Electrical Inspection Team,2026-10-17,cross_department_cluster,Pending
OHE-26027-00991,2026-10-17,TDMS,Mecheda–Panskura,MCA–PKU,117.9,Contact wire inspection,Medium,53,89,OHE Crew,2026-10-19,cross_department_cluster,Pending
OHE-26027-00992,2026-10-17,TDMS,Panskura–Kharagpur,PKU–KGP,150.7,Preventive OHE maintenance,Low,34,47,OHE Crew,2026-10-22,normal,Pending
OHE-26027-00993,2026-10-17,TDMS,Kharagpur–Gidni,KGP–GID,192.5,OHE defect,High,71,106,OHE Crew,2026-10-20,normal,Pending
OHE-26027-00994,2026-10-17,TDMS,Mecheda–Panskura,MCA–PKU,119.8,Pantograph interaction issue,Medium,43,96,OHE Crew,2026-10-23,normal,Pending
OHE-26027-00995,2026-10-17,TDMS,Howrah–Santragachi,HWH–SRC,1.7,Insulator replacement,Medium,43,56,OHE Tower Wagon,2026-10-23,normal,Pending
OHE-26027-00996,2026-10-17,TDMS,Panskura–Kharagpur,PKU–KGP,142.3,Traction substation inspection,High,75,115,Traction Maintenance Team,2026-10-19,cross_department_cluster,Pending
OHE-26027-00997,2026-10-17,TDMS,Panskura–Kharagpur,PKU–KGP,156.7,Sectioning equipment inspection,Low,22,78,Electrical Inspection Team,2026-10-26,mixed_realistic,Pending
OHE-26027-00998,2026-10-17,TDMS,Howrah–Santragachi,HWH–SRC,5.2,Pantograph interaction issue,Low,34,85,OHE Tower Wagon,2026-10-29,high_defect_load,Pending
OHE-26027-00999,2026-10-17,TDMS,Mecheda–Panskura,MCA–PKU,120.2,Contact wire inspection,Low,15,66,OHE Tower Wagon,2026-10-31,normal,Pending
OHE-26027-01000,2026-10-17,TDMS,Howrah–Santragachi,HWH–SRC,1.5,Contact wire inspection,High,65,85,OHE Crew,2026-10-19,cross_department_cluster,Pending
OHE-26027-01001,2026-10-17,TDMS,Panskura–Kharagpur,PKU–KGP,158.0,Traction substation inspection,Low,16,98,Traction Maintenance Team,2026-10-24,cross_department_cluster,Pending
OHE-26027-01002,2026-10-17,TDMS,Santragachi–Panskura,SRC–PKU,80.0,Pantograph interaction issue,Low,24,95,OHE Crew,2026-10-27,normal,Pending
OHE-26027-01003,2026-10-17,TDMS,Howrah–Santragachi,HWH–SRC,10.2,OHE defect,Medium,52,73,OHE Tower Wagon,2026-10-21,normal,Pending
OHE-26027-01004,2026-10-17,TDMS,Panskura–Kharagpur,PKU–KGP,164.3,Pantograph interaction issue,Medium,40,89,OHE Crew,2026-10-21,cross_department_cluster,Pending
OHE-26027-01005,2026-10-17,TDMS,Howrah–Santragachi,HWH–SRC,11.5,Pantograph interaction issue,Low,29,69,OHE Crew,2026-10-28,cross_department_cluster,Pending
OHE-26027-01006,2026-10-17,TDMS,Howrah–Santragachi,HWH–SRC,7.0,Preventive OHE maintenance,Medium,41,79,OHE Tower Wagon,2026-10-22,cross_department_cluster,Pending
OHE-26027-01007,2026-10-17,TDMS,Panskura–Kharagpur,PKU–KGP,167.2,OHE defect,Medium,62,85,OHE Crew,2026-10-20,cross_department_cluster,Pending
OHE-26027-01008,2026-10-17,TDMS,Panskura–Kharagpur,PKU–KGP,141.5,Pantograph interaction issue,Medium,41,71,OHE Crew,2026-10-22,normal,Pending
OHE-26027-01009,2026-10-17,TDMS,Panskura–Kharagpur,PKU–KGP,128.9,Insulator replacement,Medium,50,75,OHE Crew,2026-10-20,normal,Pending
OHE-26027-01010,2026-10-17,TDMS,Howrah–Santragachi,HWH–SRC,2.5,Traction substation inspection,Low,27,92,Traction Maintenance Team,2026-10-27,cross_department_cluster,Pending
OHE-26027-01011,2026-10-17,TDMS,Santragachi–Panskura,SRC–PKU,111.9,Insulator replacement,Medium,40,63,OHE Crew,2026-10-20,high_defect_load,Pending
OHE-26027-01012,2026-10-17,TDMS,Santragachi–Panskura,SRC–PKU,99.5,Insulator replacement,High,71,86,OHE Crew,2026-10-17,normal,Pending
OHE-26027-01013,2026-10-17,TDMS,Mecheda–Panskura,MCA–PKU,118.6,Traction substation inspection,Medium,46,142,Traction Maintenance Team,2026-10-21,high_defect_load,Pending
OHE-26027-01014,2026-10-17,TDMS,Mecheda–Panskura,MCA–PKU,118.2,Preventive OHE maintenance,Medium,40,64,OHE Crew,2026-10-19,cross_department_cluster,Pending
OHE-26027-01015,2026-10-17,TDMS,Kharagpur–Gidni,KGP–GID,182.8,Sectioning equipment inspection,Medium,43,93,Electrical Inspection Team,2026-10-24,mixed_realistic,Pending
OHE-26027-01016,2026-10-17,TDMS,Santragachi–Panskura,SRC–PKU,74.3,Traction substation inspection,Medium,48,99,Traction Maintenance Team,2026-10-19,normal,Pending
OHE-26027-01017,2026-10-17,TDMS,Kharagpur–Gidni,KGP–GID,187.5,OHE defect,Medium,61,143,OHE Tower Wagon,2026-10-19,high_defect_load,Pending
OHE-26027-01018,2026-10-17,TDMS,Santragachi–Panskura,SRC–PKU,55.5,Contact wire inspection,High,82,93,OHE Crew,2026-10-18,cross_department_cluster,Pending
OHE-26027-01019,2026-10-17,TDMS,Panskura–Kharagpur,PKU–KGP,158.7,Traction substation inspection,Low,24,170,Traction Maintenance Team,2026-10-28,mixed_realistic,Pending
OHE-26027-01020,2026-10-17,TDMS,Santragachi–Panskura,SRC–PKU,74.6,OHE defect,Medium,51,126,OHE Tower Wagon,2026-10-20,normal,Pending
OHE-26027-01021,2026-10-17,TDMS,Santragachi–Panskura,SRC–PKU,61.1,Sectioning equipment inspection,High,80,60,Electrical Inspection Team,2026-10-19,normal,Pending
OHE-26027-01022,2026-10-17,TDMS,Howrah–Santragachi,HWH–SRC,10.8,OHE defect,Low,33,72,OHE Tower Wagon,2026-10-26,cross_department_cluster,Pending
OHE-26027-01023,2026-10-17,TDMS,Howrah–Santragachi,HWH–SRC,3.3,Preventive OHE maintenance,Medium,48,83,OHE Crew,2026-10-19,normal,Pending
OHE-26027-01024,2026-10-17,TDMS,Santragachi–Panskura,SRC–PKU,38.5,Contact wire inspection,Low,30,61,OHE Tower Wagon,2026-10-29,normal,Pending
OHE-26027-01025,2026-10-17,TDMS,Howrah–Santragachi,HWH–SRC,2.7,Sectioning equipment inspection,Low,25,94,Electrical Inspection Team,2026-10-29,high_defect_load,Pending
OHE-26027-01026,2026-10-17,TDMS,Kharagpur–Gidni,KGP–GID,189.9,OHE defect,High,72,70,OHE Crew,2026-10-18,normal,Pending
OHE-26027-01027,2026-10-17,TDMS,Howrah–Santragachi,HWH–SRC,8.1,Contact wire inspection,High,74,109,OHE Crew,2026-10-20,high_defect_load,Pending
OHE-26027-01028,2026-10-17,TDMS,Kharagpur–Gidni,KGP–GID,183.8,Traction substation inspection,Medium,50,156,Traction Maintenance Team,2026-10-24,high_defect_load,Pending
OHE-26027-01029,2026-10-17,TDMS,Howrah–Santragachi,HWH–SRC,7.0,Preventive OHE maintenance,Low,29,93,OHE Crew,2026-10-24,normal,Pending
OHE-26027-01030,2026-10-17,TDMS,Panskura–Kharagpur,PKU–KGP,155.4,Preventive OHE maintenance,Medium,43,74,OHE Crew,2026-10-23,normal,Pending
OHE-26027-01031,2026-10-17,TDMS,Mecheda–Panskura,MCA–PKU,118.5,Pantograph interaction issue,Medium,49,79,OHE Tower Wagon,2026-10-22,cross_department_cluster,Pending
OHE-26027-01032,2026-10-17,TDMS,Panskura–Kharagpur,PKU–KGP,133.1,OHE defect,Medium,45,107,OHE Tower Wagon,2026-10-19,normal,Pending
OHE-26027-01033,2026-10-17,TDMS,Santragachi–Panskura,SRC–PKU,15.4,Insulator replacement,Low,18,88,OHE Tower Wagon,2026-10-22,mixed_realistic,Pending
OHE-26027-01034,2026-10-17,TDMS,Mecheda–Panskura,MCA–PKU,118.0,Pantograph interaction issue,Medium,50,63,OHE Tower Wagon,2026-10-23,cross_department_cluster,Pending
OHE-26027-01035,2026-10-17,TDMS,Howrah–Santragachi,HWH–SRC,3.7,Traction substation inspection,Medium,45,97,Traction Maintenance Team,2026-10-22,mixed_realistic,Pending
OHE-26027-01036,2026-10-17,TDMS,Panskura–Kharagpur,PKU–KGP,158.2,Pantograph interaction issue,Medium,53,105,OHE Crew,2026-10-19,cross_department_cluster,Pending
OHE-26027-01037,2026-10-17,TDMS,Kharagpur–Gidni,KGP–GID,181.6,OHE defect,Medium,40,117,OHE Crew,2026-10-21,normal,Pending
OHE-26027-01038,2026-10-17,TDMS,Howrah–Santragachi,HWH–SRC,7.6,Insulator replacement,High,80,87,OHE Tower Wagon,2026-10-20,normal,Pending
OHE-26027-01039,2026-10-17,TDMS,Mecheda–Panskura,MCA–PKU,121.7,Insulator replacement,High,72,66,OHE Crew,2026-10-18,normal,Pending
OHE-26027-01040,2026-10-17,TDMS,Kharagpur–Gidni,KGP–GID,213.5,Pantograph interaction issue,Medium,49,102,OHE Tower Wagon,2026-10-19,normal,Pending
OHE-26027-01041,2026-10-18,TDMS,Panskura–Kharagpur,PKU–KGP,142.7,Traction substation inspection,Low,37,114,Traction Maintenance Team,2026-10-23,cross_department_cluster,Pending
OHE-26027-01042,2026-10-18,TDMS,Santragachi–Panskura,SRC–PKU,79.0,Sectioning equipment inspection,Medium,60,107,Electrical Inspection Team,2026-10-24,cross_department_cluster,Pending
OHE-26027-01043,2026-10-18,TDMS,Mecheda–Panskura,MCA–PKU,121.3,Contact wire inspection,Medium,48,119,OHE Tower Wagon,2026-10-22,normal,Pending
OHE-26027-01044,2026-10-18,TDMS,Santragachi–Panskura,SRC–PKU,37.8,Traction substation inspection,Medium,55,94,Traction Maintenance Team,2026-10-21,normal,Pending
OHE-26027-01045,2026-10-18,TDMS,Panskura–Kharagpur,PKU–KGP,134.0,Pantograph interaction issue,High,77,65,OHE Tower Wagon,2026-10-19,mixed_realistic,Pending
OHE-26027-01046,2026-10-18,TDMS,Santragachi–Panskura,SRC–PKU,109.5,Traction substation inspection,Medium,59,150,Traction Maintenance Team,2026-10-20,normal,Pending
OHE-26027-01047,2026-10-18,TDMS,Santragachi–Panskura,SRC–PKU,26.9,Pantograph interaction issue,Medium,43,108,OHE Tower Wagon,2026-10-25,normal,Pending
OHE-26027-01048,2026-10-18,TDMS,Panskura–Kharagpur,PKU–KGP,128.4,Traction substation inspection,Medium,55,126,Traction Maintenance Team,2026-10-22,normal,Pending
OHE-26027-01049,2026-10-18,TDMS,Mecheda–Panskura,MCA–PKU,124.2,Preventive OHE maintenance,High,77,76,OHE Crew,2026-10-20,cross_department_cluster,Pending
OHE-26027-01050,2026-10-18,TDMS,Howrah–Santragachi,HWH–SRC,5.5,Contact wire inspection,Medium,61,83,OHE Crew,2026-10-22,normal,Pending
OHE-26027-01051,2026-10-18,TDMS,Kharagpur–Gidni,KGP–GID,184.5,Insulator replacement,Medium,51,79,OHE Crew,2026-10-20,normal,Pending
OHE-26027-01052,2026-10-18,TDMS,Panskura–Kharagpur,PKU–KGP,135.6,Pantograph interaction issue,Medium,45,106,OHE Crew,2026-10-24,normal,Pending
OHE-26027-01053,2026-10-18,TDMS,Kharagpur–Gidni,KGP–GID,188.6,Pantograph interaction issue,Medium,63,112,OHE Tower Wagon,2026-10-20,normal,Pending
OHE-26027-01054,2026-10-18,TDMS,Howrah–Santragachi,HWH–SRC,1.1,OHE defect,High,65,132,OHE Crew,2026-10-19,normal,Pending
OHE-26027-01055,2026-10-18,TDMS,Mecheda–Panskura,MCA–PKU,121.2,Insulator replacement,Low,28,75,OHE Tower Wagon,2026-10-25,normal,Pending
OHE-26027-01056,2026-10-18,TDMS,Santragachi–Panskura,SRC–PKU,34.2,Sectioning equipment inspection,Medium,45,68,Electrical Inspection Team,2026-10-20,normal,Pending
OHE-26027-01057,2026-10-18,TDMS,Santragachi–Panskura,SRC–PKU,68.5,Pantograph interaction issue,High,82,103,OHE Crew,2026-10-20,normal,Pending
OHE-26027-01058,2026-10-18,TDMS,Santragachi–Panskura,SRC–PKU,16.3,Sectioning equipment inspection,High,79,84,Electrical Inspection Team,2026-10-21,normal,Pending
OHE-26027-01059,2026-10-18,TDMS,Mecheda–Panskura,MCA–PKU,118.0,Insulator replacement,Medium,43,51,OHE Tower Wagon,2026-10-23,cross_department_cluster,Pending
OHE-26027-01060,2026-10-18,TDMS,Mecheda–Panskura,MCA–PKU,116.0,Sectioning equipment inspection,Medium,57,111,Electrical Inspection Team,2026-10-25,normal,Pending
OHE-26027-01061,2026-10-18,TDMS,Kharagpur–Gidni,KGP–GID,179.9,Preventive OHE maintenance,Medium,64,92,OHE Crew,2026-10-20,high_defect_load,Pending
OHE-26027-01062,2026-10-18,TDMS,Santragachi–Panskura,SRC–PKU,106.6,Insulator replacement,High,69,81,OHE Crew,2026-10-21,high_defect_load,Pending
OHE-26027-01063,2026-10-18,TDMS,Mecheda–Panskura,MCA–PKU,115.5,Contact wire inspection,High,65,86,OHE Tower Wagon,2026-10-20,normal,Pending
OHE-26027-01064,2026-10-18,TDMS,Santragachi–Panskura,SRC–PKU,100.1,Preventive OHE maintenance,Low,34,83,OHE Crew,2026-10-27,normal,Pending
OHE-26027-01065,2026-10-18,TDMS,Panskura–Kharagpur,PKU–KGP,160.8,Insulator replacement,Medium,59,79,OHE Crew,2026-10-24,normal,Pending
OHE-26027-01066,2026-10-18,TDMS,Santragachi–Panskura,SRC–PKU,82.6,Contact wire inspection,High,73,85,OHE Crew,2026-10-19,normal,Pending
OHE-26027-01067,2026-10-18,TDMS,Panskura–Kharagpur,PKU–KGP,139.9,Traction substation inspection,Low,35,130,Traction Maintenance Team,2026-10-27,normal,Pending
OHE-26027-01068,2026-10-18,TDMS,Kharagpur–Gidni,KGP–GID,174.0,Contact wire inspection,High,66,102,OHE Tower Wagon,2026-10-18,normal,Pending
OHE-26027-01069,2026-10-18,TDMS,Panskura–Kharagpur,PKU–KGP,164.3,Insulator replacement,Low,22,47,OHE Tower Wagon,2026-10-23,cross_department_cluster,Pending
OHE-26027-01070,2026-10-18,TDMS,Panskura–Kharagpur,PKU–KGP,140.9,OHE defect,Critical,98,69,OHE Crew,2026-10-19,critical_defect,Pending
OHE-26027-01071,2026-10-18,TDMS,Kharagpur–Gidni,KGP–GID,171.9,Sectioning equipment inspection,High,74,67,Electrical Inspection Team,2026-10-20,normal,Pending
OHE-26027-01072,2026-10-18,TDMS,Kharagpur–Gidni,KGP–GID,191.3,Insulator replacement,Low,19,67,OHE Tower Wagon,2026-10-29,normal,Pending
OHE-26027-01073,2026-10-18,TDMS,Howrah–Santragachi,HWH–SRC,3.6,Contact wire inspection,Low,30,72,OHE Tower Wagon,2026-10-27,mixed_realistic,Pending
OHE-26027-01074,2026-10-18,TDMS,Santragachi–Panskura,SRC–PKU,62.6,Traction substation inspection,Medium,57,109,Traction Maintenance Team,2026-10-22,cross_department_cluster,Pending
OHE-26027-01075,2026-10-18,TDMS,Panskura–Kharagpur,PKU–KGP,164.3,Pantograph interaction issue,Medium,47,110,OHE Crew,2026-10-20,cross_department_cluster,Pending
OHE-26027-01076,2026-10-18,TDMS,Mecheda–Panskura,MCA–PKU,123.0,Sectioning equipment inspection,Medium,50,87,Electrical Inspection Team,2026-10-23,cross_department_cluster,Pending
OHE-26027-01077,2026-10-18,TDMS,Howrah–Santragachi,HWH–SRC,3.3,Traction substation inspection,Medium,47,127,Traction Maintenance Team,2026-10-23,normal,Pending
OHE-26027-01078,2026-10-18,TDMS,Panskura–Kharagpur,PKU–KGP,141.0,Pantograph interaction issue,High,78,89,OHE Tower Wagon,2026-10-18,normal,Pending
OHE-26027-01079,2026-10-18,TDMS,Howrah–Santragachi,HWH–SRC,8.3,Contact wire inspection,Medium,51,107,OHE Tower Wagon,2026-10-20,mixed_realistic,Pending
OHE-26027-01080,2026-10-18,TDMS,Panskura–Kharagpur,PKU–KGP,128.8,Preventive OHE maintenance,Medium,48,85,Traction Maintenance Team,2026-10-23,normal,Pending
OHE-26027-01081,2026-10-18,TDMS,Panskura–Kharagpur,PKU–KGP,161.3,Pantograph interaction issue,Critical,96,72,OHE Crew,2026-10-19,mixed_realistic,Pending
OHE-26027-01082,2026-10-18,TDMS,Panskura–Kharagpur,PKU–KGP,158.0,Traction substation inspection,High,71,107,Traction Maintenance Team,2026-10-20,cross_department_cluster,Pending
OHE-26027-01083,2026-10-18,TDMS,Mecheda–Panskura,MCA–PKU,118.3,Preventive OHE maintenance,Medium,45,61,OHE Tower Wagon,2026-10-25,cross_department_cluster,Pending
OHE-26027-01084,2026-10-18,TDMS,Kharagpur–Gidni,KGP–GID,175.8,Contact wire inspection,Medium,47,91,OHE Crew,2026-10-24,mixed_realistic,Pending
OHE-26027-01085,2026-10-18,TDMS,Panskura–Kharagpur,PKU–KGP,139.9,Sectioning equipment inspection,Medium,48,78,Electrical Inspection Team,2026-10-23,normal,Pending
OHE-26027-01086,2026-10-18,TDMS,Kharagpur–Gidni,KGP–GID,182.3,Sectioning equipment inspection,Medium,51,62,Electrical Inspection Team,2026-10-22,high_defect_load,Pending
OHE-26027-01087,2026-10-18,TDMS,Panskura–Kharagpur,PKU–KGP,157.5,Traction substation inspection,Low,15,162,Traction Maintenance Team,2026-10-25,normal,Pending
OHE-26027-01088,2026-10-18,TDMS,Howrah–Santragachi,HWH–SRC,11.5,OHE defect,Medium,61,63,OHE Tower Wagon,2026-10-24,normal,Pending
OHE-26027-01089,2026-10-18,TDMS,Panskura–Kharagpur,PKU–KGP,142.3,OHE defect,High,83,93,OHE Tower Wagon,2026-10-21,cross_department_cluster,Pending
OHE-26027-01090,2026-10-18,TDMS,Santragachi–Panskura,SRC–PKU,16.2,OHE defect,Medium,45,116,OHE Crew,2026-10-21,cross_department_cluster,Pending
OHE-26027-01091,2026-10-18,TDMS,Mecheda–Panskura,MCA–PKU,119.3,Contact wire inspection,Low,35,113,OHE Tower Wagon,2026-10-30,mixed_realistic,Pending
OHE-26027-01092,2026-10-18,TDMS,Howrah–Santragachi,HWH–SRC,4.7,OHE defect,Low,38,150,OHE Tower Wagon,2026-10-26,high_defect_load,Pending
OHE-26027-01093,2026-10-18,TDMS,Mecheda–Panskura,MCA–PKU,121.0,Insulator replacement,Medium,47,54,OHE Crew,2026-10-22,normal,Pending
OHE-26027-01094,2026-10-18,TDMS,Mecheda–Panskura,MCA–PKU,117.6,Insulator replacement,Low,21,64,OHE Crew,2026-10-28,normal,Pending
OHE-26027-01095,2026-10-18,TDMS,Panskura–Kharagpur,PKU–KGP,164.4,Preventive OHE maintenance,High,69,64,Traction Maintenance Team,2026-10-20,cross_department_cluster,Pending
OHE-26027-01096,2026-10-18,TDMS,Panskura–Kharagpur,PKU–KGP,142.8,Pantograph interaction issue,Medium,52,109,OHE Tower Wagon,2026-10-25,cross_department_cluster,Pending
OHE-26027-01097,2026-10-18,TDMS,Mecheda–Panskura,MCA–PKU,119.4,Pantograph interaction issue,Low,32,64,OHE Crew,2026-10-31,normal,Pending
OHE-26027-01098,2026-10-18,TDMS,Panskura–Kharagpur,PKU–KGP,142.8,Traction substation inspection,Medium,63,107,Traction Maintenance Team,2026-10-22,cross_department_cluster,Pending
OHE-26027-01099,2026-10-18,TDMS,Santragachi–Panskura,SRC–PKU,63.8,Insulator replacement,Medium,55,76,OHE Crew,2026-10-25,normal,Pending
OHE-26027-01100,2026-10-18,TDMS,Santragachi–Panskura,SRC–PKU,82.4,Insulator replacement,Low,19,85,OHE Tower Wagon,2026-10-28,high_defect_load,Pending
OHE-26027-01101,2026-10-18,TDMS,Kharagpur–Gidni,KGP–GID,211.3,Pantograph interaction issue,High,82,120,OHE Tower Wagon,2026-10-19,normal,Pending
OHE-26027-01102,2026-10-18,TDMS,Kharagpur–Gidni,KGP–GID,185.8,Sectioning equipment inspection,High,74,111,Electrical Inspection Team,2026-10-20,mixed_realistic,Pending
OHE-26027-01103,2026-10-18,TDMS,Santragachi–Panskura,SRC–PKU,24.5,Sectioning equipment inspection,High,83,68,Electrical Inspection Team,2026-10-18,cross_department_cluster,Pending
OHE-26027-01104,2026-10-18,TDMS,Santragachi–Panskura,SRC–PKU,63.8,Preventive OHE maintenance,High,82,79,Electrical Inspection Team,2026-10-18,normal,Pending
OHE-26027-01105,2026-10-18,TDMS,Howrah–Santragachi,HWH–SRC,6.7,Sectioning equipment inspection,Medium,58,104,Electrical Inspection Team,2026-10-25,cross_department_cluster,Pending
OHE-26027-01106,2026-10-19,TDMS,Mecheda–Panskura,MCA–PKU,117.6,OHE defect,Low,37,64,OHE Tower Wagon,2026-10-29,high_defect_load,Pending
OHE-26027-01107,2026-10-19,TDMS,Panskura–Kharagpur,PKU–KGP,153.9,Sectioning equipment inspection,Low,34,79,Electrical Inspection Team,2026-10-29,high_defect_load,Pending
OHE-26027-01108,2026-10-19,TDMS,Santragachi–Panskura,SRC–PKU,87.4,Pantograph interaction issue,Medium,59,89,OHE Crew,2026-10-25,cross_department_cluster,Pending
OHE-26027-01109,2026-10-19,TDMS,Santragachi–Panskura,SRC–PKU,27.5,Insulator replacement,High,79,47,OHE Tower Wagon,2026-10-22,mixed_realistic,Pending
OHE-26027-01110,2026-10-19,TDMS,Panskura–Kharagpur,PKU–KGP,131.7,Pantograph interaction issue,Medium,40,65,OHE Crew,2026-10-22,normal,Pending
OHE-26027-01111,2026-10-19,TDMS,Kharagpur–Gidni,KGP–GID,212.6,Traction substation inspection,Medium,46,139,Traction Maintenance Team,2026-10-21,cross_department_cluster,Pending
OHE-26027-01112,2026-10-19,TDMS,Panskura–Kharagpur,PKU–KGP,157.7,Insulator replacement,Low,35,90,OHE Tower Wagon,2026-10-25,mixed_realistic,Pending
OHE-26027-01113,2026-10-19,TDMS,Kharagpur–Gidni,KGP–GID,178.5,Sectioning equipment inspection,Low,19,86,Electrical Inspection Team,2026-11-01,mixed_realistic,Pending
OHE-26027-01114,2026-10-19,TDMS,Panskura–Kharagpur,PKU–KGP,158.3,Contact wire inspection,Medium,47,80,OHE Tower Wagon,2026-10-22,cross_department_cluster,Pending
OHE-26027-01115,2026-10-19,TDMS,Kharagpur–Gidni,KGP–GID,176.7,Traction substation inspection,Medium,42,99,Traction Maintenance Team,2026-10-23,normal,Pending
OHE-26027-01116,2026-10-19,TDMS,Howrah–Santragachi,HWH–SRC,2.0,Traction substation inspection,Critical,99,125,Traction Maintenance Team,2026-10-20,mixed_realistic,Pending
OHE-26027-01117,2026-10-19,TDMS,Mecheda–Panskura,MCA–PKU,116.3,Insulator replacement,Medium,45,45,OHE Crew,2026-10-24,mixed_realistic,Pending
OHE-26027-01118,2026-10-19,TDMS,Mecheda–Panskura,MCA–PKU,123.7,Contact wire inspection,High,70,68,OHE Crew,2026-10-22,high_defect_load,Pending
OHE-26027-01119,2026-10-19,TDMS,Howrah–Santragachi,HWH–SRC,8.8,Preventive OHE maintenance,High,82,69,OHE Crew,2026-10-20,normal,Pending
OHE-26027-01120,2026-10-19,TDMS,Panskura–Kharagpur,PKU–KGP,158.3,Sectioning equipment inspection,High,66,104,Electrical Inspection Team,2026-10-22,cross_department_cluster,Pending
OHE-26027-01121,2026-10-19,TDMS,Santragachi–Panskura,SRC–PKU,89.8,OHE defect,Low,37,133,OHE Crew,2026-10-24,normal,Pending
OHE-26027-01122,2026-10-19,TDMS,Howrah–Santragachi,HWH–SRC,3.4,Traction substation inspection,Low,36,176,Traction Maintenance Team,2026-10-28,normal,Pending
OHE-26027-01123,2026-10-19,TDMS,Mecheda–Panskura,MCA–PKU,117.9,Sectioning equipment inspection,Critical,95,72,Electrical Inspection Team,2026-10-19,critical_defect,Pending
OHE-26027-01124,2026-10-19,TDMS,Mecheda–Panskura,MCA–PKU,121.0,Contact wire inspection,Medium,58,109,OHE Crew,2026-10-24,high_defect_load,Pending
OHE-26027-01125,2026-10-19,TDMS,Panskura–Kharagpur,PKU–KGP,158.1,Preventive OHE maintenance,Low,38,98,Traction Maintenance Team,2026-10-24,normal,Pending
OHE-26027-01126,2026-10-19,TDMS,Santragachi–Panskura,SRC–PKU,107.6,OHE defect,Medium,51,150,OHE Tower Wagon,2026-10-24,high_defect_load,Pending
OHE-26027-01127,2026-10-19,TDMS,Howrah–Santragachi,HWH–SRC,4.4,Preventive OHE maintenance,Medium,40,110,Electrical Inspection Team,2026-10-22,cross_department_cluster,Pending
OHE-26027-01128,2026-10-19,TDMS,Panskura–Kharagpur,PKU–KGP,131.6,Pantograph interaction issue,High,78,67,OHE Tower Wagon,2026-10-22,normal,Pending
OHE-26027-01129,2026-10-19,TDMS,Mecheda–Panskura,MCA–PKU,118.5,OHE defect,Low,15,60,OHE Tower Wagon,2026-11-02,cross_department_cluster,Pending
OHE-26027-01130,2026-10-19,TDMS,Santragachi–Panskura,SRC–PKU,12.5,Pantograph interaction issue,Low,34,117,OHE Crew,2026-10-28,mixed_realistic,Pending
OHE-26027-01131,2026-10-19,TDMS,Panskura–Kharagpur,PKU–KGP,137.8,Sectioning equipment inspection,High,74,115,Electrical Inspection Team,2026-10-21,normal,Pending
OHE-26027-01132,2026-10-19,TDMS,Howrah–Santragachi,HWH–SRC,4.6,Preventive OHE maintenance,Medium,59,49,Traction Maintenance Team,2026-10-23,normal,Pending
OHE-26027-01133,2026-10-19,TDMS,Santragachi–Panskura,SRC–PKU,113.8,Traction substation inspection,Critical,96,111,Traction Maintenance Team,2026-10-19,critical_defect,Pending
OHE-26027-01134,2026-10-19,TDMS,Santragachi–Panskura,SRC–PKU,54.7,Contact wire inspection,Low,31,93,OHE Crew,2026-10-25,cross_department_cluster,Pending
OHE-26027-01135,2026-10-19,TDMS,Panskura–Kharagpur,PKU–KGP,158.2,Contact wire inspection,Critical,85,79,OHE Tower Wagon,2026-10-20,cross_department_cluster,Pending
OHE-26027-01136,2026-10-19,TDMS,Santragachi–Panskura,SRC–PKU,82.7,Contact wire inspection,Medium,40,67,OHE Crew,2026-10-21,normal,Pending
OHE-26027-01137,2026-10-19,TDMS,Santragachi–Panskura,SRC–PKU,91.6,Traction substation inspection,High,77,152,Traction Maintenance Team,2026-10-21,normal,Pending
OHE-26027-01138,2026-10-19,TDMS,Mecheda–Panskura,MCA–PKU,115.0,Preventive OHE maintenance,Medium,56,99,OHE Crew,2026-10-23,high_defect_load,Pending
OHE-26027-01139,2026-10-19,TDMS,Panskura–Kharagpur,PKU–KGP,163.4,Sectioning equipment inspection,Medium,41,112,Electrical Inspection Team,2026-10-22,normal,Pending
OHE-26027-01140,2026-10-19,TDMS,Mecheda–Panskura,MCA–PKU,118.4,OHE defect,Low,29,96,OHE Tower Wagon,2026-10-30,cross_department_cluster,Pending
OHE-26027-01141,2026-10-19,TDMS,Howrah–Santragachi,HWH–SRC,5.3,OHE defect,High,72,126,OHE Tower Wagon,2026-10-19,normal,Pending
OHE-26027-01142,2026-10-19,TDMS,Howrah–Santragachi,HWH–SRC,10.1,Contact wire inspection,Low,17,83,OHE Crew,2026-10-25,high_defect_load,Pending
OHE-26027-01143,2026-10-19,TDMS,Howrah–Santragachi,HWH–SRC,6.9,Pantograph interaction issue,Medium,59,76,OHE Crew,2026-10-25,normal,Pending
OHE-26027-01144,2026-10-19,TDMS,Mecheda–Panskura,MCA–PKU,115.4,Pantograph interaction issue,High,67,117,OHE Tower Wagon,2026-10-21,normal,Pending
OHE-26027-01145,2026-10-19,TDMS,Santragachi–Panskura,SRC–PKU,29.2,Traction substation inspection,Medium,49,157,Traction Maintenance Team,2026-10-23,cross_department_cluster,Pending
OHE-26027-01146,2026-10-19,TDMS,Howrah–Santragachi,HWH–SRC,10.1,Sectioning equipment inspection,Medium,48,73,Electrical Inspection Team,2026-10-24,high_defect_load,Pending
OHE-26027-01147,2026-10-19,TDMS,Panskura–Kharagpur,PKU–KGP,160.7,Sectioning equipment inspection,Medium,59,95,Electrical Inspection Team,2026-10-21,normal,Pending
OHE-26027-01148,2026-10-19,TDMS,Kharagpur–Gidni,KGP–GID,191.2,OHE defect,Low,23,134,OHE Crew,2026-10-26,normal,Pending
OHE-26027-01149,2026-10-19,TDMS,Kharagpur–Gidni,KGP–GID,176.7,Contact wire inspection,Low,25,103,OHE Tower Wagon,2026-11-01,normal,Pending
OHE-26027-01150,2026-10-19,TDMS,Howrah–Santragachi,HWH–SRC,10.0,Sectioning equipment inspection,Low,21,117,Electrical Inspection Team,2026-10-27,normal,Pending
OHE-26027-01151,2026-10-19,TDMS,Santragachi–Panskura,SRC–PKU,80.2,Contact wire inspection,Low,36,101,OHE Crew,2026-10-31,normal,Pending
OHE-26027-01152,2026-10-19,TDMS,Howrah–Santragachi,HWH–SRC,5.5,Contact wire inspection,Medium,44,90,OHE Crew,2026-10-24,normal,Pending
OHE-26027-01153,2026-10-19,TDMS,Mecheda–Panskura,MCA–PKU,118.2,Sectioning equipment inspection,Medium,48,108,Electrical Inspection Team,2026-10-22,normal,Pending
OHE-26027-01154,2026-10-19,TDMS,Santragachi–Panskura,SRC–PKU,13.8,Sectioning equipment inspection,Medium,51,91,Electrical Inspection Team,2026-10-21,normal,Pending
OHE-26027-01155,2026-10-19,TDMS,Panskura–Kharagpur,PKU–KGP,158.0,Contact wire inspection,High,83,89,OHE Tower Wagon,2026-10-19,cross_department_cluster,Pending
OHE-26027-01156,2026-10-19,TDMS,Panskura–Kharagpur,PKU–KGP,127.0,Pantograph interaction issue,High,71,62,OHE Tower Wagon,2026-10-22,mixed_realistic,Pending
OHE-26027-01157,2026-10-19,TDMS,Howrah–Santragachi,HWH–SRC,0.2,Insulator replacement,High,80,74,OHE Tower Wagon,2026-10-20,normal,Pending
OHE-26027-01158,2026-10-19,TDMS,Kharagpur–Gidni,KGP–GID,194.2,Contact wire inspection,Critical,89,69,OHE Crew,2026-10-20,critical_defect,Pending
OHE-26027-01159,2026-10-19,TDMS,Howrah–Santragachi,HWH–SRC,2.6,Contact wire inspection,Medium,58,103,OHE Crew,2026-10-25,normal,Pending
OHE-26027-01160,2026-10-19,TDMS,Santragachi–Panskura,SRC–PKU,43.9,Sectioning equipment inspection,Medium,56,79,Electrical Inspection Team,2026-10-21,normal,Pending
OHE-26027-01161,2026-10-19,TDMS,Kharagpur–Gidni,KGP–GID,214.4,Sectioning equipment inspection,Medium,45,90,Electrical Inspection Team,2026-10-21,normal,Pending
OHE-26027-01162,2026-10-19,TDMS,Mecheda–Panskura,MCA–PKU,118.4,Contact wire inspection,Medium,57,75,OHE Tower Wagon,2026-10-22,cross_department_cluster,Pending
OHE-26027-01163,2026-10-19,TDMS,Santragachi–Panskura,SRC–PKU,75.5,Insulator replacement,Low,22,68,OHE Crew,2026-10-25,normal,Pending
OHE-26027-01164,2026-10-19,TDMS,Panskura–Kharagpur,PKU–KGP,134.4,Traction substation inspection,Medium,58,168,Traction Maintenance Team,2026-10-25,high_defect_load,Pending
OHE-26027-01165,2026-10-19,TDMS,Panskura–Kharagpur,PKU–KGP,164.5,Insulator replacement,Medium,55,78,OHE Tower Wagon,2026-10-22,cross_department_cluster,Pending
OHE-26027-01166,2026-10-19,TDMS,Panskura–Kharagpur,PKU–KGP,157.8,Contact wire inspection,Medium,54,81,OHE Tower Wagon,2026-10-26,cross_department_cluster,Pending
OHE-26027-01167,2026-10-19,TDMS,Panskura–Kharagpur,PKU–KGP,158.5,Contact wire inspection,High,70,86,OHE Tower Wagon,2026-10-22,cross_department_cluster,Pending
OHE-26027-01168,2026-10-19,TDMS,Howrah–Santragachi,HWH–SRC,1.3,Sectioning equipment inspection,High,78,113,Electrical Inspection Team,2026-10-21,cross_department_cluster,Pending
OHE-26027-01169,2026-10-19,TDMS,Howrah–Santragachi,HWH–SRC,5.8,Insulator replacement,Medium,59,55,OHE Tower Wagon,2026-10-24,normal,Pending
OHE-26027-01170,2026-10-19,TDMS,Panskura–Kharagpur,PKU–KGP,157.9,OHE defect,Medium,48,131,OHE Crew,2026-10-23,cross_department_cluster,Pending
OHE-26027-01171,2026-10-20,TDMS,Santragachi–Panskura,SRC–PKU,47.5,Pantograph interaction issue,High,67,101,OHE Tower Wagon,2026-10-22,high_defect_load,Pending
OHE-26027-01172,2026-10-20,TDMS,Kharagpur–Gidni,KGP–GID,176.0,OHE defect,Medium,56,83,OHE Crew,2026-10-27,mixed_realistic,Pending
OHE-26027-01173,2026-10-20,TDMS,Santragachi–Panskura,SRC–PKU,90.8,Contact wire inspection,Medium,58,117,OHE Tower Wagon,2026-10-26,cross_department_cluster,Pending
OHE-26027-01174,2026-10-20,TDMS,Panskura–Kharagpur,PKU–KGP,164.1,Contact wire inspection,Medium,53,93,OHE Tower Wagon,2026-10-27,cross_department_cluster,Pending
OHE-26027-01175,2026-10-20,TDMS,Panskura–Kharagpur,PKU–KGP,140.1,Sectioning equipment inspection,High,76,107,Electrical Inspection Team,2026-10-23,mixed_realistic,Pending
OHE-26027-01176,2026-10-20,TDMS,Panskura–Kharagpur,PKU–KGP,164.6,Pantograph interaction issue,Medium,54,69,OHE Crew,2026-10-26,cross_department_cluster,Pending
OHE-26027-01177,2026-10-20,TDMS,Panskura–Kharagpur,PKU–KGP,161.2,Pantograph interaction issue,High,65,78,OHE Tower Wagon,2026-10-22,high_defect_load,Pending
OHE-26027-01178,2026-10-20,TDMS,Howrah–Santragachi,HWH–SRC,7.3,OHE defect,High,78,130,OHE Tower Wagon,2026-10-22,normal,Pending
OHE-26027-01179,2026-10-20,TDMS,Mecheda–Panskura,MCA–PKU,118.4,Insulator replacement,High,68,59,OHE Crew,2026-10-23,mixed_realistic,Pending
OHE-26027-01180,2026-10-20,TDMS,Panskura–Kharagpur,PKU–KGP,158.1,Preventive OHE maintenance,High,84,76,Traction Maintenance Team,2026-10-20,cross_department_cluster,Pending
OHE-26027-01181,2026-10-20,TDMS,Santragachi–Panskura,SRC–PKU,106.7,Pantograph interaction issue,Low,22,79,OHE Crew,2026-10-27,normal,Pending
OHE-26027-01182,2026-10-20,TDMS,Santragachi–Panskura,SRC–PKU,75.1,Traction substation inspection,Medium,42,160,Traction Maintenance Team,2026-10-25,cross_department_cluster,Pending
OHE-26027-01183,2026-10-20,TDMS,Santragachi–Panskura,SRC–PKU,29.7,OHE defect,High,78,98,OHE Tower Wagon,2026-10-23,mixed_realistic,Pending
OHE-26027-01184,2026-10-20,TDMS,Kharagpur–Gidni,KGP–GID,212.3,Contact wire inspection,Low,21,110,OHE Tower Wagon,2026-10-29,high_defect_load,Pending
OHE-26027-01185,2026-10-20,TDMS,Mecheda–Panskura,MCA–PKU,116.7,Preventive OHE maintenance,Low,35,91,Traction Maintenance Team,2026-11-03,normal,Pending
OHE-26027-01186,2026-10-20,TDMS,Howrah–Santragachi,HWH–SRC,1.1,Pantograph interaction issue,Medium,45,68,OHE Tower Wagon,2026-10-24,cross_department_cluster,Pending
OHE-26027-01187,2026-10-20,TDMS,Panskura–Kharagpur,PKU–KGP,142.4,Insulator replacement,Low,20,61,OHE Crew,2026-11-01,cross_department_cluster,Pending
OHE-26027-01188,2026-10-20,TDMS,Panskura–Kharagpur,PKU–KGP,142.8,Preventive OHE maintenance,High,75,45,Traction Maintenance Team,2026-10-20,cross_department_cluster,Pending
OHE-26027-01189,2026-10-20,TDMS,Santragachi–Panskura,SRC–PKU,86.6,Insulator replacement,Low,19,87,OHE Tower Wagon,2026-10-29,cross_department_cluster,Pending
OHE-26027-01190,2026-10-20,TDMS,Kharagpur–Gidni,KGP–GID,189.6,Pantograph interaction issue,Medium,48,71,OHE Crew,2026-10-24,cross_department_cluster,Pending
OHE-26027-01191,2026-10-20,TDMS,Santragachi–Panskura,SRC–PKU,55.5,Pantograph interaction issue,High,70,71,OHE Crew,2026-10-23,normal,Pending
OHE-26027-01192,2026-10-20,TDMS,Mecheda–Panskura,MCA–PKU,124.9,Traction substation inspection,Low,25,154,Traction Maintenance Team,2026-10-25,normal,Pending
OHE-26027-01193,2026-10-20,TDMS,Kharagpur–Gidni,KGP–GID,207.3,Pantograph interaction issue,Critical,97,91,OHE Tower Wagon,2026-10-21,critical_defect,Pending
OHE-26027-01194,2026-10-20,TDMS,Panskura–Kharagpur,PKU–KGP,142.3,Preventive OHE maintenance,Low,34,86,OHE Crew,2026-11-02,cross_department_cluster,Pending
OHE-26027-01195,2026-10-20,TDMS,Panskura–Kharagpur,PKU–KGP,130.8,Traction substation inspection,Low,31,175,Traction Maintenance Team,2026-11-03,normal,Pending
OHE-26027-01196,2026-10-20,TDMS,Howrah–Santragachi,HWH–SRC,7.5,Pantograph interaction issue,Medium,63,102,OHE Tower Wagon,2026-10-25,normal,Pending
OHE-26027-01197,2026-10-20,TDMS,Mecheda–Panskura,MCA–PKU,116.3,Contact wire inspection,Medium,64,65,OHE Tower Wagon,2026-10-27,cross_department_cluster,Pending
OHE-26027-01198,2026-10-20,TDMS,Howrah–Santragachi,HWH–SRC,1.3,Sectioning equipment inspection,High,83,100,Electrical Inspection Team,2026-10-23,normal,Pending
OHE-26027-01199,2026-10-20,TDMS,Panskura–Kharagpur,PKU–KGP,162.9,Insulator replacement,High,81,74,OHE Crew,2026-10-21,cross_department_cluster,Pending
OHE-26027-01200,2026-10-20,TDMS,Santragachi–Panskura,SRC–PKU,82.7,Contact wire inspection,Medium,41,82,OHE Tower Wagon,2026-10-23,normal,Pending
OHE-26027-01201,2026-10-20,TDMS,Mecheda–Panskura,MCA–PKU,120.6,Insulator replacement,High,73,59,OHE Crew,2026-10-23,normal,Pending
OHE-26027-01202,2026-10-20,TDMS,Mecheda–Panskura,MCA–PKU,120.1,Sectioning equipment inspection,Medium,55,100,Electrical Inspection Team,2026-10-24,cross_department_cluster,Pending
OHE-26027-01203,2026-10-20,TDMS,Mecheda–Panskura,MCA–PKU,120.7,Traction substation inspection,Medium,59,127,Traction Maintenance Team,2026-10-27,mixed_realistic,Pending
OHE-26027-01204,2026-10-20,TDMS,Santragachi–Panskura,SRC–PKU,28.2,Insulator replacement,Critical,87,62,OHE Tower Wagon,2026-10-21,mixed_realistic,Pending
OHE-26027-01205,2026-10-20,TDMS,Howrah–Santragachi,HWH–SRC,6.5,OHE defect,Low,29,87,OHE Crew,2026-10-26,cross_department_cluster,Pending
OHE-26027-01206,2026-10-20,TDMS,Panskura–Kharagpur,PKU–KGP,150.4,Insulator replacement,Low,36,76,OHE Tower Wagon,2026-10-26,high_defect_load,Pending
OHE-26027-01207,2026-10-20,TDMS,Kharagpur–Gidni,KGP–GID,208.4,Pantograph interaction issue,Low,15,68,OHE Crew,2026-10-29,normal,Pending
OHE-26027-01208,2026-10-20,TDMS,Panskura–Kharagpur,PKU–KGP,164.5,Contact wire inspection,Medium,47,98,OHE Tower Wagon,2026-10-24,cross_department_cluster,Pending
OHE-26027-01209,2026-10-20,TDMS,Mecheda–Panskura,MCA–PKU,115.9,Contact wire inspection,Low,23,75,OHE Tower Wagon,2026-11-01,normal,Pending
OHE-26027-01210,2026-10-20,TDMS,Santragachi–Panskura,SRC–PKU,23.6,Pantograph interaction issue,Low,27,80,OHE Crew,2026-10-27,normal,Pending
OHE-26027-01211,2026-10-20,TDMS,Panskura–Kharagpur,PKU–KGP,164.1,Sectioning equipment inspection,Medium,56,78,Electrical Inspection Team,2026-10-24,cross_department_cluster,Pending
OHE-26027-01212,2026-10-20,TDMS,Mecheda–Panskura,MCA–PKU,119.2,Traction substation inspection,Low,32,140,Traction Maintenance Team,2026-11-03,mixed_realistic,Pending
OHE-26027-01213,2026-10-20,TDMS,Mecheda–Panskura,MCA–PKU,116.5,Insulator replacement,High,68,60,OHE Crew,2026-10-23,high_defect_load,Pending
OHE-26027-01214,2026-10-20,TDMS,Howrah–Santragachi,HWH–SRC,4.3,Sectioning equipment inspection,High,69,77,Electrical Inspection Team,2026-10-20,normal,Pending
OHE-26027-01215,2026-10-20,TDMS,Mecheda–Panskura,MCA–PKU,124.2,Pantograph interaction issue,Medium,41,110,OHE Crew,2026-10-24,normal,Pending
OHE-26027-01216,2026-10-20,TDMS,Panskura–Kharagpur,PKU–KGP,164.4,OHE defect,Medium,55,92,OHE Tower Wagon,2026-10-27,cross_department_cluster,Pending
OHE-26027-01217,2026-10-20,TDMS,Howrah–Santragachi,HWH–SRC,1.7,OHE defect,Medium,46,130,OHE Crew,2026-10-27,cross_department_cluster,Pending
OHE-26027-01218,2026-10-20,TDMS,Panskura–Kharagpur,PKU–KGP,147.0,OHE defect,Low,18,147,OHE Tower Wagon,2026-10-27,normal,Pending
OHE-26027-01219,2026-10-20,TDMS,Panskura–Kharagpur,PKU–KGP,169.7,Sectioning equipment inspection,Medium,63,71,Electrical Inspection Team,2026-10-23,mixed_realistic,Pending
OHE-26027-01220,2026-10-20,TDMS,Mecheda–Panskura,MCA–PKU,115.5,Pantograph interaction issue,High,73,95,OHE Tower Wagon,2026-10-20,normal,Pending
OHE-26027-01221,2026-10-20,TDMS,Kharagpur–Gidni,KGP–GID,186.7,Sectioning equipment inspection,High,75,114,Electrical Inspection Team,2026-10-23,mixed_realistic,Pending
OHE-26027-01222,2026-10-20,TDMS,Howrah–Santragachi,HWH–SRC,10.1,Contact wire inspection,Medium,50,79,OHE Tower Wagon,2026-10-24,cross_department_cluster,Pending
OHE-26027-01223,2026-10-20,TDMS,Panskura–Kharagpur,PKU–KGP,164.2,Insulator replacement,Medium,46,88,OHE Crew,2026-10-26,cross_department_cluster,Pending
OHE-26027-01224,2026-10-20,TDMS,Howrah–Santragachi,HWH–SRC,9.6,Traction substation inspection,Low,27,168,Traction Maintenance Team,2026-11-02,normal,Pending
OHE-26027-01225,2026-10-20,TDMS,Santragachi–Panskura,SRC–PKU,12.3,Sectioning equipment inspection,Medium,60,81,Electrical Inspection Team,2026-10-27,mixed_realistic,Pending
OHE-26027-01226,2026-10-20,TDMS,Panskura–Kharagpur,PKU–KGP,142.3,Preventive OHE maintenance,Critical,88,54,Electrical Inspection Team,2026-10-20,cross_department_cluster,Pending
OHE-26027-01227,2026-10-20,TDMS,Panskura–Kharagpur,PKU–KGP,157.7,Pantograph interaction issue,Medium,43,120,OHE Crew,2026-10-25,high_defect_load,Pending
OHE-26027-01228,2026-10-20,TDMS,Panskura–Kharagpur,PKU–KGP,142.8,Preventive OHE maintenance,Low,24,65,OHE Tower Wagon,2026-10-26,cross_department_cluster,Pending
OHE-26027-01229,2026-10-20,TDMS,Panskura–Kharagpur,PKU–KGP,164.4,Sectioning equipment inspection,Critical,87,69,Electrical Inspection Team,2026-10-20,cross_department_cluster,Pending
OHE-26027-01230,2026-10-20,TDMS,Panskura–Kharagpur,PKU–KGP,137.8,OHE defect,Low,19,62,OHE Crew,2026-10-30,cross_department_cluster,Pending
OHE-26027-01231,2026-10-20,TDMS,Mecheda–Panskura,MCA–PKU,116.0,Pantograph interaction issue,High,69,99,OHE Crew,2026-10-23,normal,Pending
OHE-26027-01232,2026-10-20,TDMS,Mecheda–Panskura,MCA–PKU,116.6,Contact wire inspection,Low,32,80,OHE Crew,2026-10-31,mixed_realistic,Pending
OHE-26027-01233,2026-10-20,TDMS,Panskura–Kharagpur,PKU–KGP,164.0,Pantograph interaction issue,Low,31,103,OHE Tower Wagon,2026-10-30,cross_department_cluster,Pending
OHE-26027-01234,2026-10-20,TDMS,Panskura–Kharagpur,PKU–KGP,145.5,Sectioning equipment inspection,Critical,91,101,Electrical Inspection Team,2026-10-21,critical_defect,Pending
OHE-26027-01235,2026-10-20,TDMS,Panskura–Kharagpur,PKU–KGP,158.0,Insulator replacement,Medium,50,90,OHE Crew,2026-10-26,cross_department_cluster,Pending
OHE-26027-01236,2026-10-21,TDMS,Panskura–Kharagpur,PKU–KGP,142.8,OHE defect,High,76,119,OHE Crew,2026-10-23,cross_department_cluster,Pending
OHE-26027-01237,2026-10-21,TDMS,Howrah–Santragachi,HWH–SRC,1.4,Sectioning equipment inspection,High,84,68,Electrical Inspection Team,2026-10-23,normal,Pending
OHE-26027-01238,2026-10-21,TDMS,Panskura–Kharagpur,PKU–KGP,134.7,Pantograph interaction issue,High,83,71,OHE Crew,2026-10-24,normal,Pending
OHE-26027-01239,2026-10-21,TDMS,Santragachi–Panskura,SRC–PKU,84.7,Traction substation inspection,Medium,44,151,Traction Maintenance Team,2026-10-24,normal,Pending
OHE-26027-01240,2026-10-21,TDMS,Howrah–Santragachi,HWH–SRC,2.8,Sectioning equipment inspection,High,78,109,Electrical Inspection Team,2026-10-21,normal,Pending
OHE-26027-01241,2026-10-21,TDMS,Santragachi–Panskura,SRC–PKU,87.0,Insulator replacement,Critical,92,45,OHE Crew,2026-10-22,critical_defect,Pending
OHE-26027-01242,2026-10-21,TDMS,Howrah–Santragachi,HWH–SRC,7.2,Contact wire inspection,Low,30,117,OHE Crew,2026-10-28,mixed_realistic,Pending
OHE-26027-01243,2026-10-21,TDMS,Howrah–Santragachi,HWH–SRC,11.5,Pantograph interaction issue,Low,19,109,OHE Tower Wagon,2026-11-01,normal,Pending
OHE-26027-01244,2026-10-21,TDMS,Kharagpur–Gidni,KGP–GID,196.2,Sectioning equipment inspection,Medium,45,106,Electrical Inspection Team,2026-10-24,normal,Pending
OHE-26027-01245,2026-10-21,TDMS,Panskura–Kharagpur,PKU–KGP,157.7,Insulator replacement,Medium,55,72,OHE Crew,2026-10-24,cross_department_cluster,Pending
OHE-26027-01246,2026-10-21,TDMS,Howrah–Santragachi,HWH–SRC,7.6,Preventive OHE maintenance,Low,19,57,Electrical Inspection Team,2026-10-29,mixed_realistic,Pending
OHE-26027-01247,2026-10-21,TDMS,Santragachi–Panskura,SRC–PKU,78.4,Insulator replacement,High,78,86,OHE Crew,2026-10-24,cross_department_cluster,Pending
OHE-26027-01248,2026-10-21,TDMS,Mecheda–Panskura,MCA–PKU,121.3,Pantograph interaction issue,Medium,51,116,OHE Tower Wagon,2026-10-27,cross_department_cluster,Pending
OHE-26027-01249,2026-10-21,TDMS,Kharagpur–Gidni,KGP–GID,188.1,Insulator replacement,Medium,48,78,OHE Crew,2026-10-23,normal,Pending
OHE-26027-01250,2026-10-21,TDMS,Kharagpur–Gidni,KGP–GID,211.3,Pantograph interaction issue,High,68,63,OHE Tower Wagon,2026-10-21,cross_department_cluster,Pending
OHE-26027-01251,2026-10-21,TDMS,Panskura–Kharagpur,PKU–KGP,125.6,Pantograph interaction issue,Medium,43,77,OHE Crew,2026-10-24,cross_department_cluster,Pending
OHE-26027-01252,2026-10-21,TDMS,Panskura–Kharagpur,PKU–KGP,166.8,Traction substation inspection,Low,17,150,Traction Maintenance Team,2026-11-03,mixed_realistic,Pending
OHE-26027-01253,2026-10-21,TDMS,Kharagpur–Gidni,KGP–GID,203.0,Preventive OHE maintenance,Medium,49,50,Electrical Inspection Team,2026-10-27,high_defect_load,Pending
OHE-26027-01254,2026-10-21,TDMS,Panskura–Kharagpur,PKU–KGP,153.0,Contact wire inspection,Low,26,96,OHE Crew,2026-10-30,normal,Pending
OHE-26027-01255,2026-10-21,TDMS,Panskura–Kharagpur,PKU–KGP,152.1,Contact wire inspection,Medium,64,99,OHE Tower Wagon,2026-10-26,mixed_realistic,Pending
OHE-26027-01256,2026-10-21,TDMS,Panskura–Kharagpur,PKU–KGP,164.2,Contact wire inspection,High,65,102,OHE Crew,2026-10-23,cross_department_cluster,Pending
OHE-26027-01257,2026-10-21,TDMS,Panskura–Kharagpur,PKU–KGP,148.6,Traction substation inspection,High,70,116,Traction Maintenance Team,2026-10-24,high_defect_load,Pending
OHE-26027-01258,2026-10-21,TDMS,Mecheda–Panskura,MCA–PKU,121.7,OHE defect,Medium,40,121,OHE Crew,2026-10-26,normal,Pending
OHE-26027-01259,2026-10-21,TDMS,Kharagpur–Gidni,KGP–GID,204.0,Preventive OHE maintenance,Low,28,48,Traction Maintenance Team,2026-10-31,cross_department_cluster,Pending
OHE-26027-01260,2026-10-21,TDMS,Santragachi–Panskura,SRC–PKU,73.1,Preventive OHE maintenance,Medium,41,84,Traction Maintenance Team,2026-10-25,normal,Pending
OHE-26027-01261,2026-10-21,TDMS,Howrah–Santragachi,HWH–SRC,10.2,Contact wire inspection,Low,22,96,OHE Crew,2026-11-03,mixed_realistic,Pending
OHE-26027-01262,2026-10-21,TDMS,Mecheda–Panskura,MCA–PKU,115.0,Sectioning equipment inspection,Medium,58,83,Electrical Inspection Team,2026-10-27,normal,Pending
OHE-26027-01263,2026-10-21,TDMS,Panskura–Kharagpur,PKU–KGP,157.3,Contact wire inspection,Medium,58,102,OHE Crew,2026-10-25,normal,Pending
OHE-26027-01264,2026-10-21,TDMS,Panskura–Kharagpur,PKU–KGP,146.4,OHE defect,Medium,45,61,OHE Crew,2026-10-23,normal,Pending
OHE-26027-01265,2026-10-21,TDMS,Panskura–Kharagpur,PKU–KGP,142.0,Sectioning equipment inspection,Medium,54,88,Electrical Inspection Team,2026-10-28,cross_department_cluster,Pending
OHE-26027-01266,2026-10-21,TDMS,Santragachi–Panskura,SRC–PKU,61.4,Preventive OHE maintenance,Low,32,60,Electrical Inspection Team,2026-10-29,cross_department_cluster,Pending
OHE-26027-01267,2026-10-21,TDMS,Mecheda–Panskura,MCA–PKU,124.6,Sectioning equipment inspection,High,66,78,Electrical Inspection Team,2026-10-23,cross_department_cluster,Pending
OHE-26027-01268,2026-10-21,TDMS,Howrah–Santragachi,HWH–SRC,7.3,OHE defect,Low,25,120,OHE Crew,2026-10-26,normal,Pending
OHE-26027-01269,2026-10-21,TDMS,Kharagpur–Gidni,KGP–GID,197.6,Insulator replacement,High,74,86,OHE Crew,2026-10-22,normal,Pending
OHE-26027-01270,2026-10-21,TDMS,Howrah–Santragachi,HWH–SRC,11.0,Preventive OHE maintenance,High,72,82,OHE Tower Wagon,2026-10-23,normal,Pending
OHE-26027-01271,2026-10-21,TDMS,Mecheda–Panskura,MCA–PKU,118.2,Preventive OHE maintenance,Low,23,109,Electrical Inspection Team,2026-11-02,cross_department_cluster,Pending
OHE-26027-01272,2026-10-21,TDMS,Panskura–Kharagpur,PKU–KGP,142.3,Insulator replacement,Low,35,73,OHE Tower Wagon,2026-10-27,cross_department_cluster,Pending
OHE-26027-01273,2026-10-21,TDMS,Santragachi–Panskura,SRC–PKU,92.0,Sectioning equipment inspection,Medium,46,96,Electrical Inspection Team,2026-10-28,cross_department_cluster,Pending
OHE-26027-01274,2026-10-21,TDMS,Howrah–Santragachi,HWH–SRC,1.2,Preventive OHE maintenance,High,78,85,Electrical Inspection Team,2026-10-22,mixed_realistic,Pending
OHE-26027-01275,2026-10-21,TDMS,Santragachi–Panskura,SRC–PKU,25.0,Traction substation inspection,High,73,98,Traction Maintenance Team,2026-10-22,cross_department_cluster,Pending
OHE-26027-01276,2026-10-21,TDMS,Santragachi–Panskura,SRC–PKU,50.4,OHE defect,Medium,61,150,OHE Crew,2026-10-28,high_defect_load,Pending
OHE-26027-01277,2026-10-21,TDMS,Santragachi–Panskura,SRC–PKU,48.6,Insulator replacement,High,65,84,OHE Tower Wagon,2026-10-21,high_defect_load,Pending
OHE-26027-01278,2026-10-21,TDMS,Panskura–Kharagpur,PKU–KGP,142.3,OHE defect,Medium,61,140,OHE Crew,2026-10-25,cross_department_cluster,Pending
OHE-26027-01279,2026-10-21,TDMS,Howrah–Santragachi,HWH–SRC,9.9,Contact wire inspection,High,73,77,OHE Tower Wagon,2026-10-21,mixed_realistic,Pending
OHE-26027-01280,2026-10-21,TDMS,Mecheda–Panskura,MCA–PKU,117.9,Preventive OHE maintenance,Low,23,64,Electrical Inspection Team,2026-11-01,cross_department_cluster,Pending
OHE-26027-01281,2026-10-21,TDMS,Santragachi–Panskura,SRC–PKU,55.4,Traction substation inspection,High,73,107,Traction Maintenance Team,2026-10-24,cross_department_cluster,Pending
OHE-26027-01282,2026-10-21,TDMS,Howrah–Santragachi,HWH–SRC,6.3,Traction substation inspection,Critical,94,141,Traction Maintenance Team,2026-10-22,mixed_realistic,Pending
OHE-26027-01283,2026-10-21,TDMS,Kharagpur–Gidni,KGP–GID,174.8,Insulator replacement,Low,34,68,OHE Crew,2026-10-29,normal,Pending
OHE-26027-01284,2026-10-21,TDMS,Kharagpur–Gidni,KGP–GID,179.6,OHE defect,High,66,65,OHE Crew,2026-10-22,normal,Pending
OHE-26027-01285,2026-10-21,TDMS,Panskura–Kharagpur,PKU–KGP,146.1,Sectioning equipment inspection,Low,17,62,Electrical Inspection Team,2026-10-31,cross_department_cluster,Pending
OHE-26027-01286,2026-10-21,TDMS,Mecheda–Panskura,MCA–PKU,118.5,Preventive OHE maintenance,High,83,66,OHE Crew,2026-10-23,cross_department_cluster,Pending
OHE-26027-01287,2026-10-21,TDMS,Kharagpur–Gidni,KGP–GID,214.0,Insulator replacement,High,76,46,OHE Crew,2026-10-21,mixed_realistic,Pending
OHE-26027-01288,2026-10-21,TDMS,Mecheda–Panskura,MCA–PKU,122.7,Sectioning equipment inspection,Low,36,77,Electrical Inspection Team,2026-10-27,mixed_realistic,Pending
OHE-26027-01289,2026-10-21,TDMS,Santragachi–Panskura,SRC–PKU,50.5,OHE defect,Critical,89,74,OHE Tower Wagon,2026-10-22,critical_defect,Pending
OHE-26027-01290,2026-10-21,TDMS,Mecheda–Panskura,MCA–PKU,118.1,Traction substation inspection,Low,29,172,Traction Maintenance Team,2026-10-31,normal,Pending
OHE-26027-01291,2026-10-21,TDMS,Panskura–Kharagpur,PKU–KGP,143.5,OHE defect,Medium,47,124,OHE Crew,2026-10-26,normal,Pending
OHE-26027-01292,2026-10-21,TDMS,Mecheda–Panskura,MCA–PKU,118.1,Preventive OHE maintenance,Medium,40,57,OHE Tower Wagon,2026-10-25,cross_department_cluster,Pending
OHE-26027-01293,2026-10-21,TDMS,Panskura–Kharagpur,PKU–KGP,158.3,Contact wire inspection,Low,20,101,OHE Tower Wagon,2026-11-02,cross_department_cluster,Pending
OHE-26027-01294,2026-10-21,TDMS,Howrah–Santragachi,HWH–SRC,11.0,Insulator replacement,Medium,59,71,OHE Crew,2026-10-24,normal,Pending
OHE-26027-01295,2026-10-21,TDMS,Howrah–Santragachi,HWH–SRC,7.5,Preventive OHE maintenance,Medium,45,68,OHE Tower Wagon,2026-10-25,cross_department_cluster,Pending
OHE-26027-01296,2026-10-21,TDMS,Mecheda–Panskura,MCA–PKU,124.5,Insulator replacement,Medium,62,61,OHE Crew,2026-10-23,normal,Pending
OHE-26027-01297,2026-10-21,TDMS,Panskura–Kharagpur,PKU–KGP,152.0,Contact wire inspection,High,74,64,OHE Crew,2026-10-24,normal,Pending
OHE-26027-01298,2026-10-21,TDMS,Howrah–Santragachi,HWH–SRC,6.5,Sectioning equipment inspection,Medium,53,74,Electrical Inspection Team,2026-10-27,cross_department_cluster,Pending
OHE-26027-01299,2026-10-21,TDMS,Santragachi–Panskura,SRC–PKU,26.5,Insulator replacement,Medium,59,75,OHE Tower Wagon,2026-10-27,normal,Pending
OHE-26027-01300,2026-10-21,TDMS,Mecheda–Panskura,MCA–PKU,118.0,Preventive OHE maintenance,Medium,58,91,OHE Crew,2026-10-23,normal,Pending
OHE-26027-01301,2026-10-22,TDMS,Panskura–Kharagpur,PKU–KGP,164.3,Pantograph interaction issue,Medium,59,69,OHE Tower Wagon,2026-10-24,cross_department_cluster,Pending
OHE-26027-01302,2026-10-22,TDMS,Kharagpur–Gidni,KGP–GID,206.8,Contact wire inspection,Medium,49,74,OHE Tower Wagon,2026-10-27,normal,Pending
OHE-26027-01303,2026-10-22,TDMS,Panskura–Kharagpur,PKU–KGP,164.5,Preventive OHE maintenance,Medium,55,69,OHE Tower Wagon,2026-10-28,cross_department_cluster,Pending
OHE-26027-01304,2026-10-22,TDMS,Panskura–Kharagpur,PKU–KGP,164.1,Sectioning equipment inspection,Low,26,65,Electrical Inspection Team,2026-11-03,cross_department_cluster,Pending
OHE-26027-01305,2026-10-22,TDMS,Kharagpur–Gidni,KGP–GID,211.0,Traction substation inspection,High,79,109,Traction Maintenance Team,2026-10-22,cross_department_cluster,Pending
OHE-26027-01306,2026-10-22,TDMS,Panskura–Kharagpur,PKU–KGP,144.4,Contact wire inspection,Medium,44,69,OHE Tower Wagon,2026-10-26,normal,Pending
OHE-26027-01307,2026-10-22,TDMS,Mecheda–Panskura,MCA–PKU,121.4,Insulator replacement,Medium,43,60,OHE Tower Wagon,2026-10-24,normal,Pending
OHE-26027-01308,2026-10-22,TDMS,Kharagpur–Gidni,KGP–GID,208.8,Contact wire inspection,Medium,63,98,OHE Crew,2026-10-29,normal,Pending
OHE-26027-01309,2026-10-22,TDMS,Howrah–Santragachi,HWH–SRC,9.4,OHE defect,Medium,41,145,OHE Tower Wagon,2026-10-27,mixed_realistic,Pending
OHE-26027-01310,2026-10-22,TDMS,Mecheda–Panskura,MCA–PKU,120.1,OHE defect,Low,34,81,OHE Tower Wagon,2026-11-01,normal,Pending
OHE-26027-01311,2026-10-22,TDMS,Kharagpur–Gidni,KGP–GID,170.0,Pantograph interaction issue,Medium,61,108,OHE Tower Wagon,2026-10-28,normal,Pending
OHE-26027-01312,2026-10-22,TDMS,Santragachi–Panskura,SRC–PKU,56.9,Contact wire inspection,Medium,62,101,OHE Crew,2026-10-24,mixed_realistic,Pending
OHE-26027-01313,2026-10-22,TDMS,Mecheda–Panskura,MCA–PKU,125.0,Pantograph interaction issue,Low,31,82,OHE Crew,2026-11-04,normal,Pending
OHE-26027-01314,2026-10-22,TDMS,Santragachi–Panskura,SRC–PKU,28.3,Contact wire inspection,Low,30,110,OHE Crew,2026-10-28,normal,Pending
OHE-26027-01315,2026-10-22,TDMS,Santragachi–Panskura,SRC–PKU,35.8,OHE defect,Low,25,124,OHE Crew,2026-11-01,normal,Pending
OHE-26027-01316,2026-10-22,TDMS,Howrah–Santragachi,HWH–SRC,9.1,Sectioning equipment inspection,High,74,115,Electrical Inspection Team,2026-10-25,mixed_realistic,Pending
OHE-26027-01317,2026-10-22,TDMS,Mecheda–Panskura,MCA–PKU,119.4,Sectioning equipment inspection,Low,33,81,Electrical Inspection Team,2026-11-02,normal,Pending
OHE-26027-01318,2026-10-22,TDMS,Panskura–Kharagpur,PKU–KGP,150.8,Pantograph interaction issue,Medium,41,96,OHE Crew,2026-10-28,cross_department_cluster,Pending
OHE-26027-01319,2026-10-22,TDMS,Mecheda–Panskura,MCA–PKU,117.9,Sectioning equipment inspection,Medium,54,85,Electrical Inspection Team,2026-10-24,cross_department_cluster,Pending
OHE-26027-01320,2026-10-22,TDMS,Kharagpur–Gidni,KGP–GID,178.8,Pantograph interaction issue,Low,37,100,OHE Tower Wagon,2026-10-29,cross_department_cluster,Pending
OHE-26027-01321,2026-10-22,TDMS,Panskura–Kharagpur,PKU–KGP,140.1,Sectioning equipment inspection,Medium,42,108,Electrical Inspection Team,2026-10-25,high_defect_load,Pending
OHE-26027-01322,2026-10-22,TDMS,Mecheda–Panskura,MCA–PKU,118.0,Traction substation inspection,Medium,55,102,Traction Maintenance Team,2026-10-25,cross_department_cluster,Pending
OHE-26027-01323,2026-10-22,TDMS,Kharagpur–Gidni,KGP–GID,176.3,Insulator replacement,Medium,61,72,OHE Crew,2026-10-25,normal,Pending
OHE-26027-01324,2026-10-22,TDMS,Santragachi–Panskura,SRC–PKU,90.7,Insulator replacement,Medium,59,46,OHE Tower Wagon,2026-10-24,normal,Pending
OHE-26027-01325,2026-10-22,TDMS,Panskura–Kharagpur,PKU–KGP,164.0,OHE defect,Medium,54,135,OHE Tower Wagon,2026-10-28,cross_department_cluster,Pending
OHE-26027-01326,2026-10-22,TDMS,Mecheda–Panskura,MCA–PKU,118.4,Sectioning equipment inspection,Medium,63,109,Electrical Inspection Team,2026-10-27,normal,Pending
OHE-26027-01327,2026-10-22,TDMS,Panskura–Kharagpur,PKU–KGP,125.9,Sectioning equipment inspection,Medium,50,114,Electrical Inspection Team,2026-10-25,normal,Pending
OHE-26027-01328,2026-10-22,TDMS,Mecheda–Panskura,MCA–PKU,119.9,Contact wire inspection,High,80,65,OHE Crew,2026-10-25,normal,Pending
OHE-26027-01329,2026-10-22,TDMS,Santragachi–Panskura,SRC–PKU,101.1,Preventive OHE maintenance,Medium,57,65,OHE Tower Wagon,2026-10-25,mixed_realistic,Pending
OHE-26027-01330,2026-10-22,TDMS,Kharagpur–Gidni,KGP–GID,208.6,Sectioning equipment inspection,High,65,93,Electrical Inspection Team,2026-10-22,normal,Pending
OHE-26027-01331,2026-10-22,TDMS,Kharagpur–Gidni,KGP–GID,188.8,Sectioning equipment inspection,Medium,64,79,Electrical Inspection Team,2026-10-27,high_defect_load,Pending
OHE-26027-01332,2026-10-22,TDMS,Mecheda–Panskura,MCA–PKU,118.3,Contact wire inspection,Critical,87,97,OHE Crew,2026-10-22,cross_department_cluster,Pending
OHE-26027-01333,2026-10-22,TDMS,Mecheda–Panskura,MCA–PKU,117.7,Traction substation inspection,Medium,41,171,Traction Maintenance Team,2026-10-26,mixed_realistic,Pending
OHE-26027-01334,2026-10-22,TDMS,Panskura–Kharagpur,PKU–KGP,165.1,Contact wire inspection,Critical,89,64,OHE Crew,2026-10-23,critical_defect,Pending
OHE-26027-01335,2026-10-22,TDMS,Panskura–Kharagpur,PKU–KGP,149.5,Preventive OHE maintenance,Medium,57,112,Electrical Inspection Team,2026-10-24,normal,Pending
OHE-26027-01336,2026-10-22,TDMS,Panskura–Kharagpur,PKU–KGP,164.0,OHE defect,Medium,44,140,OHE Tower Wagon,2026-10-27,cross_department_cluster,Pending
OHE-26027-01337,2026-10-22,TDMS,Mecheda–Panskura,MCA–PKU,118.2,Sectioning equipment inspection,High,82,74,Electrical Inspection Team,2026-10-23,cross_department_cluster,Pending
OHE-26027-01338,2026-10-22,TDMS,Santragachi–Panskura,SRC–PKU,101.2,Pantograph interaction issue,Medium,54,105,OHE Tower Wagon,2026-10-25,normal,Pending
OHE-26027-01339,2026-10-22,TDMS,Howrah–Santragachi,HWH–SRC,6.7,Traction substation inspection,High,82,131,Traction Maintenance Team,2026-10-23,normal,Pending
OHE-26027-01340,2026-10-22,TDMS,Mecheda–Panskura,MCA–PKU,123.9,Traction substation inspection,High,74,117,Traction Maintenance Team,2026-10-23,normal,Pending
OHE-26027-01341,2026-10-22,TDMS,Panskura–Kharagpur,PKU–KGP,143.1,Insulator replacement,Critical,100,66,OHE Crew,2026-10-22,critical_defect,Pending
OHE-26027-01342,2026-10-22,TDMS,Panskura–Kharagpur,PKU–KGP,158.0,OHE defect,Low,29,123,OHE Crew,2026-10-29,cross_department_cluster,Pending
OHE-26027-01343,2026-10-22,TDMS,Panskura–Kharagpur,PKU–KGP,165.1,Traction substation inspection,Medium,55,150,Traction Maintenance Team,2026-10-27,mixed_realistic,Pending
OHE-26027-01344,2026-10-22,TDMS,Kharagpur–Gidni,KGP–GID,183.7,Traction substation inspection,High,67,156,Traction Maintenance Team,2026-10-24,normal,Pending
OHE-26027-01345,2026-10-22,TDMS,Mecheda–Panskura,MCA–PKU,118.1,Insulator replacement,Medium,47,57,OHE Crew,2026-10-26,cross_department_cluster,Pending
OHE-26027-01346,2026-10-22,TDMS,Kharagpur–Gidni,KGP–GID,177.1,Preventive OHE maintenance,High,68,55,OHE Tower Wagon,2026-10-25,cross_department_cluster,Pending
OHE-26027-01347,2026-10-22,TDMS,Panskura–Kharagpur,PKU–KGP,164.2,Preventive OHE maintenance,Medium,41,67,OHE Crew,2026-10-26,cross_department_cluster,Pending
OHE-26027-01348,2026-10-22,TDMS,Howrah–Santragachi,HWH–SRC,9.3,Pantograph interaction issue,Medium,47,60,OHE Tower Wagon,2026-10-27,cross_department_cluster,Pending
OHE-26027-01349,2026-10-22,TDMS,Mecheda–Panskura,MCA–PKU,124.4,Preventive OHE maintenance,High,73,86,OHE Crew,2026-10-24,mixed_realistic,Pending
OHE-26027-01350,2026-10-22,TDMS,Panskura–Kharagpur,PKU–KGP,126.0,Contact wire inspection,Medium,53,67,OHE Tower Wagon,2026-10-29,cross_department_cluster,Pending
OHE-26027-01351,2026-10-22,TDMS,Santragachi–Panskura,SRC–PKU,50.9,Sectioning equipment inspection,Medium,54,117,Electrical Inspection Team,2026-10-24,normal,Pending
OHE-26027-01352,2026-10-22,TDMS,Panskura–Kharagpur,PKU–KGP,129.9,OHE defect,Critical,94,62,OHE Crew,2026-10-23,high_conflict,Pending
OHE-26027-01353,2026-10-22,TDMS,Mecheda–Panskura,MCA–PKU,118.0,OHE defect,High,78,137,OHE Tower Wagon,2026-10-25,normal,Pending
OHE-26027-01354,2026-10-22,TDMS,Mecheda–Panskura,MCA–PKU,118.4,Insulator replacement,Low,28,76,OHE Crew,2026-10-27,cross_department_cluster,Pending
OHE-26027-01355,2026-10-22,TDMS,Kharagpur–Gidni,KGP–GID,206.4,Contact wire inspection,Medium,56,99,OHE Crew,2026-10-29,normal,Pending
OHE-26027-01356,2026-10-22,TDMS,Panskura–Kharagpur,PKU–KGP,138.0,OHE defect,Medium,61,119,OHE Crew,2026-10-24,normal,Pending
OHE-26027-01357,2026-10-22,TDMS,Panskura–Kharagpur,PKU–KGP,142.8,Contact wire inspection,Medium,53,65,OHE Tower Wagon,2026-10-28,mixed_realistic,Pending
OHE-26027-01358,2026-10-22,TDMS,Panskura–Kharagpur,PKU–KGP,162.6,Contact wire inspection,Low,37,103,OHE Crew,2026-11-04,mixed_realistic,Pending
OHE-26027-01359,2026-10-22,TDMS,Howrah–Santragachi,HWH–SRC,1.6,Pantograph interaction issue,Medium,47,72,OHE Tower Wagon,2026-10-26,normal,Pending
OHE-26027-01360,2026-10-22,TDMS,Panskura–Kharagpur,PKU–KGP,134.9,Pantograph interaction issue,Medium,40,97,OHE Tower Wagon,2026-10-29,normal,Pending
OHE-26027-01361,2026-10-22,TDMS,Mecheda–Panskura,MCA–PKU,121.2,Contact wire inspection,Medium,63,68,OHE Tower Wagon,2026-10-24,normal,Pending
OHE-26027-01362,2026-10-22,TDMS,Howrah–Santragachi,HWH–SRC,7.5,Preventive OHE maintenance,High,70,77,Traction Maintenance Team,2026-10-22,normal,Pending
OHE-26027-01363,2026-10-22,TDMS,Panskura–Kharagpur,PKU–KGP,164.5,Pantograph interaction issue,High,84,87,OHE Crew,2026-10-22,cross_department_cluster,Pending
OHE-26027-01364,2026-10-22,TDMS,Mecheda–Panskura,MCA–PKU,121.8,Insulator replacement,Critical,94,45,OHE Crew,2026-10-22,mixed_realistic,Pending
OHE-26027-01365,2026-10-22,TDMS,Kharagpur–Gidni,KGP–GID,175.9,Pantograph interaction issue,Low,31,60,OHE Crew,2026-10-28,normal,Pending
OHE-26027-01366,2026-10-23,TDMS,Mecheda–Panskura,MCA–PKU,121.3,Sectioning equipment inspection,Medium,61,116,Electrical Inspection Team,2026-10-28,normal,Pending
OHE-26027-01367,2026-10-23,TDMS,Santragachi–Panskura,SRC–PKU,72.2,Pantograph interaction issue,Medium,60,66,OHE Crew,2026-10-29,normal,Pending
OHE-26027-01368,2026-10-23,TDMS,Kharagpur–Gidni,KGP–GID,193.7,Insulator replacement,Medium,55,83,OHE Crew,2026-10-27,mixed_realistic,Pending
OHE-26027-01369,2026-10-23,TDMS,Santragachi–Panskura,SRC–PKU,78.8,Preventive OHE maintenance,High,67,88,OHE Crew,2026-10-25,high_defect_load,Pending
OHE-26027-01370,2026-10-23,TDMS,Panskura–Kharagpur,PKU–KGP,148.2,Sectioning equipment inspection,Medium,43,65,Electrical Inspection Team,2026-10-25,cross_department_cluster,Pending
OHE-26027-01371,2026-10-23,TDMS,Mecheda–Panskura,MCA–PKU,122.6,Pantograph interaction issue,High,79,63,OHE Tower Wagon,2026-10-25,normal,Pending
OHE-26027-01372,2026-10-23,TDMS,Panskura–Kharagpur,PKU–KGP,138.9,Sectioning equipment inspection,Low,18,73,Electrical Inspection Team,2026-10-31,normal,Pending
OHE-26027-01373,2026-10-23,TDMS,Panskura–Kharagpur,PKU–KGP,164.2,Insulator replacement,High,79,90,OHE Crew,2026-10-23,cross_department_cluster,Pending
OHE-26027-01374,2026-10-23,TDMS,Panskura–Kharagpur,PKU–KGP,164.3,Pantograph interaction issue,High,65,78,OHE Tower Wagon,2026-10-25,cross_department_cluster,Pending
OHE-26027-01375,2026-10-23,TDMS,Kharagpur–Gidni,KGP–GID,213.1,Insulator replacement,Low,39,60,OHE Crew,2026-11-06,cross_department_cluster,Pending
OHE-26027-01376,2026-10-23,TDMS,Santragachi–Panskura,SRC–PKU,70.0,Traction substation inspection,Critical,93,126,Traction Maintenance Team,2026-10-24,critical_defect,Pending
OHE-26027-01377,2026-10-23,TDMS,Mecheda–Panskura,MCA–PKU,115.7,Contact wire inspection,Medium,49,104,OHE Tower Wagon,2026-10-30,normal,Pending
OHE-26027-01378,2026-10-23,TDMS,Mecheda–Panskura,MCA–PKU,121.7,Traction substation inspection,High,69,120,Traction Maintenance Team,2026-10-23,cross_department_cluster,Pending
OHE-26027-01379,2026-10-23,TDMS,Mecheda–Panskura,MCA–PKU,118.7,Traction substation inspection,Low,28,144,Traction Maintenance Team,2026-11-03,cross_department_cluster,Pending
OHE-26027-01380,2026-10-23,TDMS,Howrah–Santragachi,HWH–SRC,0.6,Preventive OHE maintenance,High,82,106,Traction Maintenance Team,2026-10-25,normal,Pending
OHE-26027-01381,2026-10-23,TDMS,Santragachi–Panskura,SRC–PKU,38.2,Preventive OHE maintenance,Low,24,118,OHE Crew,2026-10-31,high_defect_load,Pending
OHE-26027-01382,2026-10-23,TDMS,Mecheda–Panskura,MCA–PKU,121.3,Pantograph interaction issue,High,81,96,OHE Crew,2026-10-24,cross_department_cluster,Pending
OHE-26027-01383,2026-10-23,TDMS,Howrah–Santragachi,HWH–SRC,1.7,Preventive OHE maintenance,Medium,55,103,Traction Maintenance Team,2026-10-30,cross_department_cluster,Pending
OHE-26027-01384,2026-10-23,TDMS,Kharagpur–Gidni,KGP–GID,205.8,Insulator replacement,Medium,46,54,OHE Tower Wagon,2026-10-28,mixed_realistic,Pending
OHE-26027-01385,2026-10-23,TDMS,Mecheda–Panskura,MCA–PKU,121.4,Sectioning equipment inspection,High,78,102,Electrical Inspection Team,2026-10-26,normal,Pending
OHE-26027-01386,2026-10-23,TDMS,Howrah–Santragachi,HWH–SRC,10.0,Contact wire inspection,High,76,67,OHE Crew,2026-10-26,normal,Pending
OHE-26027-01387,2026-10-23,TDMS,Howrah–Santragachi,HWH–SRC,5.8,Traction substation inspection,Low,21,150,Traction Maintenance Team,2026-10-30,cross_department_cluster,Pending
OHE-26027-01388,2026-10-23,TDMS,Mecheda–Panskura,MCA–PKU,115.5,Traction substation inspection,Medium,51,98,Traction Maintenance Team,2026-10-26,mixed_realistic,Pending
OHE-26027-01389,2026-10-23,TDMS,Panskura–Kharagpur,PKU–KGP,164.3,Insulator replacement,Medium,63,63,OHE Tower Wagon,2026-10-26,cross_department_cluster,Pending
OHE-26027-01390,2026-10-23,TDMS,Howrah–Santragachi,HWH–SRC,3.5,OHE defect,High,77,86,OHE Tower Wagon,2026-10-26,normal,Pending
OHE-26027-01391,2026-10-23,TDMS,Panskura–Kharagpur,PKU–KGP,135.8,Traction substation inspection,High,78,147,Traction Maintenance Team,2026-10-23,normal,Pending
OHE-26027-01392,2026-10-23,TDMS,Santragachi–Panskura,SRC–PKU,14.7,Insulator replacement,Low,34,47,OHE Tower Wagon,2026-10-30,normal,Pending
OHE-26027-01393,2026-10-23,TDMS,Santragachi–Panskura,SRC–PKU,106.1,Sectioning equipment inspection,Low,22,84,Electrical Inspection Team,2026-11-01,cross_department_cluster,Pending
OHE-26027-01394,2026-10-23,TDMS,Panskura–Kharagpur,PKU–KGP,164.1,Sectioning equipment inspection,High,82,114,Electrical Inspection Team,2026-10-24,cross_department_cluster,Pending
OHE-26027-01395,2026-10-23,TDMS,Mecheda–Panskura,MCA–PKU,118.8,Traction substation inspection,Medium,48,169,Traction Maintenance Team,2026-10-29,normal,Pending
OHE-26027-01396,2026-10-23,TDMS,Kharagpur–Gidni,KGP–GID,186.0,Insulator replacement,Low,29,79,OHE Tower Wagon,2026-11-06,mixed_realistic,Pending
OHE-26027-01397,2026-10-23,TDMS,Mecheda–Panskura,MCA–PKU,116.4,Sectioning equipment inspection,Low,20,68,Electrical Inspection Team,2026-11-02,cross_department_cluster,Pending
OHE-26027-01398,2026-10-23,TDMS,Panskura–Kharagpur,PKU–KGP,156.0,OHE defect,Low,28,70,OHE Crew,2026-11-06,high_defect_load,Pending
OHE-26027-01399,2026-10-23,TDMS,Kharagpur–Gidni,KGP–GID,184.1,Traction substation inspection,Medium,48,174,Traction Maintenance Team,2026-10-26,normal,Pending
OHE-26027-01400,2026-10-23,TDMS,Santragachi–Panskura,SRC–PKU,57.8,OHE defect,Critical,92,122,OHE Tower Wagon,2026-10-24,critical_defect,Pending
OHE-26027-01401,2026-10-23,TDMS,Howrah–Santragachi,HWH–SRC,7.3,Pantograph interaction issue,Low,26,92,OHE Tower Wagon,2026-10-31,normal,Pending
OHE-26027-01402,2026-10-23,TDMS,Kharagpur–Gidni,KGP–GID,176.6,Traction substation inspection,Low,32,157,Traction Maintenance Team,2026-11-02,normal,Pending
OHE-26027-01403,2026-10-23,TDMS,Howrah–Santragachi,HWH–SRC,7.2,OHE defect,High,66,147,OHE Crew,2026-10-24,cross_department_cluster,Pending
OHE-26027-01404,2026-10-23,TDMS,Kharagpur–Gidni,KGP–GID,210.0,OHE defect,Medium,56,104,OHE Crew,2026-10-28,normal,Pending
OHE-26027-01405,2026-10-23,TDMS,Mecheda–Panskura,MCA–PKU,119.2,Insulator replacement,Medium,63,71,OHE Crew,2026-10-25,high_defect_load,Pending
OHE-26027-01406,2026-10-23,TDMS,Kharagpur–Gidni,KGP–GID,195.4,Contact wire inspection,Low,22,91,OHE Tower Wagon,2026-11-04,normal,Pending
OHE-26027-01407,2026-10-23,TDMS,Howrah–Santragachi,HWH–SRC,7.2,OHE defect,Medium,64,116,OHE Tower Wagon,2026-10-26,normal,Pending
OHE-26027-01408,2026-10-23,TDMS,Kharagpur–Gidni,KGP–GID,212.1,OHE defect,Medium,54,138,OHE Tower Wagon,2026-10-26,normal,Pending
OHE-26027-01409,2026-10-23,TDMS,Santragachi–Panskura,SRC–PKU,77.0,Contact wire inspection,Medium,44,99,OHE Tower Wagon,2026-10-29,normal,Pending
OHE-26027-01410,2026-10-23,TDMS,Panskura–Kharagpur,PKU–KGP,147.1,OHE defect,Low,21,103,OHE Crew,2026-10-31,normal,Pending
OHE-26027-01411,2026-10-23,TDMS,Mecheda–Panskura,MCA–PKU,119.2,Insulator replacement,High,83,76,OHE Crew,2026-10-26,mixed_realistic,Pending
OHE-26027-01412,2026-10-23,TDMS,Panskura–Kharagpur,PKU–KGP,157.8,Pantograph interaction issue,Medium,45,100,OHE Crew,2026-10-29,cross_department_cluster,Pending
OHE-26027-01413,2026-10-23,TDMS,Panskura–Kharagpur,PKU–KGP,164.3,Traction substation inspection,High,74,159,Traction Maintenance Team,2026-10-23,cross_department_cluster,Pending
OHE-26027-01414,2026-10-23,TDMS,Kharagpur–Gidni,KGP–GID,206.4,Contact wire inspection,Low,15,78,OHE Crew,2026-11-03,normal,Pending
OHE-26027-01415,2026-10-23,TDMS,Mecheda–Panskura,MCA–PKU,115.9,Traction substation inspection,Medium,48,98,Traction Maintenance Team,2026-10-29,mixed_realistic,Pending
OHE-26027-01416,2026-10-23,TDMS,Panskura–Kharagpur,PKU–KGP,153.0,Preventive OHE maintenance,Low,26,64,OHE Crew,2026-11-02,normal,Pending
OHE-26027-01417,2026-10-23,TDMS,Mecheda–Panskura,MCA–PKU,121.1,Sectioning equipment inspection,Low,16,60,Electrical Inspection Team,2026-11-04,high_defect_load,Pending
OHE-26027-01418,2026-10-23,TDMS,Panskura–Kharagpur,PKU–KGP,159.6,Pantograph interaction issue,Medium,52,65,OHE Crew,2026-10-27,normal,Pending
OHE-26027-01419,2026-10-23,TDMS,Panskura–Kharagpur,PKU–KGP,157.9,Insulator replacement,Medium,54,69,OHE Crew,2026-10-27,cross_department_cluster,Pending
OHE-26027-01420,2026-10-23,TDMS,Panskura–Kharagpur,PKU–KGP,142.8,Traction substation inspection,Low,34,106,Traction Maintenance Team,2026-11-04,cross_department_cluster,Pending
OHE-26027-01421,2026-10-23,TDMS,Santragachi–Panskura,SRC–PKU,68.3,Preventive OHE maintenance,Medium,60,100,Traction Maintenance Team,2026-10-29,cross_department_cluster,Pending
OHE-26027-01422,2026-10-23,TDMS,Kharagpur–Gidni,KGP–GID,202.1,Traction substation inspection,High,79,147,Traction Maintenance Team,2026-10-25,mixed_realistic,Pending
OHE-26027-01423,2026-10-23,TDMS,Howrah–Santragachi,HWH–SRC,0.9,Pantograph interaction issue,Critical,96,96,OHE Tower Wagon,2026-10-23,critical_defect,Pending
OHE-26027-01424,2026-10-23,TDMS,Panskura–Kharagpur,PKU–KGP,147.6,Contact wire inspection,Medium,54,66,OHE Crew,2026-10-29,normal,Pending
OHE-26027-01425,2026-10-23,TDMS,Kharagpur–Gidni,KGP–GID,172.7,Preventive OHE maintenance,Low,24,65,OHE Tower Wagon,2026-11-04,normal,Pending
OHE-26027-01426,2026-10-23,TDMS,Santragachi–Panskura,SRC–PKU,99.7,OHE defect,Medium,56,91,OHE Tower Wagon,2026-10-26,mixed_realistic,Pending
OHE-26027-01427,2026-10-23,TDMS,Kharagpur–Gidni,KGP–GID,187.2,Sectioning equipment inspection,Medium,48,81,Electrical Inspection Team,2026-10-28,normal,Pending
OHE-26027-01428,2026-10-23,TDMS,Panskura–Kharagpur,PKU–KGP,127.1,OHE defect,Medium,60,97,OHE Tower Wagon,2026-10-26,normal,Pending
OHE-26027-01429,2026-10-23,TDMS,Panskura–Kharagpur,PKU–KGP,150.5,Contact wire inspection,Medium,54,86,OHE Tower Wagon,2026-10-27,cross_department_cluster,Pending
OHE-26027-01430,2026-10-23,TDMS,Panskura–Kharagpur,PKU–KGP,156.0,Traction substation inspection,Medium,49,127,Traction Maintenance Team,2026-10-28,high_defect_load,Pending
OHE-26027-01431,2026-10-24,TDMS,Howrah–Santragachi,HWH–SRC,0.0,Contact wire inspection,High,84,117,OHE Tower Wagon,2026-10-27,cross_department_cluster,Pending
OHE-26027-01432,2026-10-24,TDMS,Santragachi–Panskura,SRC–PKU,69.4,Sectioning equipment inspection,High,68,83,Electrical Inspection Team,2026-10-24,mixed_realistic,Pending
OHE-26027-01433,2026-10-24,TDMS,Santragachi–Panskura,SRC–PKU,25.4,Insulator replacement,Critical,85,52,OHE Crew,2026-10-25,mixed_realistic,Pending
OHE-26027-01434,2026-10-24,TDMS,Mecheda–Panskura,MCA–PKU,124.8,Traction substation inspection,High,75,116,Traction Maintenance Team,2026-10-24,mixed_realistic,Pending
OHE-26027-01435,2026-10-24,TDMS,Panskura–Kharagpur,PKU–KGP,142.3,Pantograph interaction issue,Low,29,94,OHE Tower Wagon,2026-11-03,cross_department_cluster,Pending
OHE-26027-01436,2026-10-24,TDMS,Panskura–Kharagpur,PKU–KGP,159.6,Sectioning equipment inspection,Medium,40,116,Electrical Inspection Team,2026-10-29,normal,Pending
OHE-26027-01437,2026-10-24,TDMS,Panskura–Kharagpur,PKU–KGP,125.3,Contact wire inspection,Low,25,104,OHE Crew,2026-11-01,normal,Pending
OHE-26027-01438,2026-10-24,TDMS,Panskura–Kharagpur,PKU–KGP,169.7,Sectioning equipment inspection,Low,15,87,Electrical Inspection Team,2026-11-02,normal,Pending
OHE-26027-01439,2026-10-24,TDMS,Mecheda–Panskura,MCA–PKU,118.5,Pantograph interaction issue,Low,27,81,OHE Crew,2026-11-04,cross_department_cluster,Pending
OHE-26027-01440,2026-10-24,TDMS,Kharagpur–Gidni,KGP–GID,204.0,Traction substation inspection,Medium,55,134,Traction Maintenance Team,2026-10-27,normal,Pending
OHE-26027-01441,2026-10-24,TDMS,Santragachi–Panskura,SRC–PKU,60.0,OHE defect,High,84,60,OHE Crew,2026-10-27,normal,Pending
OHE-26027-01442,2026-10-24,TDMS,Panskura–Kharagpur,PKU–KGP,125.7,Contact wire inspection,Medium,47,110,OHE Tower Wagon,2026-10-29,normal,Pending
OHE-26027-01443,2026-10-24,TDMS,Panskura–Kharagpur,PKU–KGP,132.5,Insulator replacement,High,82,47,OHE Crew,2026-10-24,cross_department_cluster,Pending
OHE-26027-01444,2026-10-24,TDMS,Panskura–Kharagpur,PKU–KGP,156.0,Contact wire inspection,Medium,57,67,OHE Crew,2026-10-30,cross_department_cluster,Pending
OHE-26027-01445,2026-10-24,TDMS,Panskura–Kharagpur,PKU–KGP,163.0,OHE defect,Medium,49,107,OHE Crew,2026-10-31,high_defect_load,Pending
OHE-26027-01446,2026-10-24,TDMS,Panskura–Kharagpur,PKU–KGP,158.0,Contact wire inspection,Low,16,69,OHE Tower Wagon,2026-11-05,cross_department_cluster,Pending
OHE-26027-01447,2026-10-24,TDMS,Howrah–Santragachi,HWH–SRC,9.6,OHE defect,Medium,52,122,OHE Crew,2026-10-30,normal,Pending
OHE-26027-01448,2026-10-24,TDMS,Panskura–Kharagpur,PKU–KGP,164.2,Traction substation inspection,Low,35,168,Traction Maintenance Team,2026-10-30,cross_department_cluster,Pending
OHE-26027-01449,2026-10-24,TDMS,Howrah–Santragachi,HWH–SRC,10.9,Contact wire inspection,Low,30,116,OHE Tower Wagon,2026-11-07,high_defect_load,Pending
OHE-26027-01450,2026-10-24,TDMS,Kharagpur–Gidni,KGP–GID,207.3,Preventive OHE maintenance,Medium,52,75,OHE Crew,2026-10-28,high_defect_load,Pending
OHE-26027-01451,2026-10-24,TDMS,Howrah–Santragachi,HWH–SRC,6.1,Preventive OHE maintenance,Medium,55,109,OHE Crew,2026-10-30,normal,Pending
OHE-26027-01452,2026-10-24,TDMS,Santragachi–Panskura,SRC–PKU,14.3,Preventive OHE maintenance,Low,34,55,OHE Tower Wagon,2026-11-03,cross_department_cluster,Pending
OHE-26027-01453,2026-10-24,TDMS,Santragachi–Panskura,SRC–PKU,34.3,Preventive OHE maintenance,Medium,64,120,Traction Maintenance Team,2026-10-28,mixed_realistic,Pending
OHE-26027-01454,2026-10-24,TDMS,Mecheda–Panskura,MCA–PKU,118.4,Contact wire inspection,Low,39,99,OHE Crew,2026-11-01,cross_department_cluster,Pending
OHE-26027-01455,2026-10-24,TDMS,Kharagpur–Gidni,KGP–GID,209.2,Preventive OHE maintenance,Low,24,89,OHE Crew,2026-10-29,cross_department_cluster,Pending
OHE-26027-01456,2026-10-24,TDMS,Panskura–Kharagpur,PKU–KGP,142.5,Pantograph interaction issue,High,83,67,OHE Crew,2026-10-24,cross_department_cluster,Pending
OHE-26027-01457,2026-10-24,TDMS,Mecheda–Panskura,MCA–PKU,120.8,Preventive OHE maintenance,Medium,61,115,OHE Tower Wagon,2026-10-27,normal,Pending
OHE-26027-01458,2026-10-24,TDMS,Panskura–Kharagpur,PKU–KGP,158.0,Traction substation inspection,Low,30,149,Traction Maintenance Team,2026-10-29,cross_department_cluster,Pending
OHE-26027-01459,2026-10-24,TDMS,Santragachi–Panskura,SRC–PKU,105.0,Pantograph interaction issue,High,73,113,OHE Tower Wagon,2026-10-26,cross_department_cluster,Pending
OHE-26027-01460,2026-10-24,TDMS,Panskura–Kharagpur,PKU–KGP,157.8,OHE defect,Low,25,98,OHE Crew,2026-11-03,cross_department_cluster,Pending
OHE-26027-01461,2026-10-24,TDMS,Santragachi–Panskura,SRC–PKU,14.1,Traction substation inspection,High,76,113,Traction Maintenance Team,2026-10-26,normal,Pending
OHE-26027-01462,2026-10-24,TDMS,Panskura–Kharagpur,PKU–KGP,156.2,Traction substation inspection,Low,15,122,Traction Maintenance Team,2026-11-05,normal,Pending
OHE-26027-01463,2026-10-24,TDMS,Mecheda–Panskura,MCA–PKU,115.3,OHE defect,Medium,58,76,OHE Tower Wagon,2026-10-28,normal,Pending
OHE-26027-01464,2026-10-24,TDMS,Mecheda–Panskura,MCA–PKU,122.4,Preventive OHE maintenance,Medium,64,89,Electrical Inspection Team,2026-10-28,normal,Pending
OHE-26027-01465,2026-10-24,TDMS,Howrah–Santragachi,HWH–SRC,2.2,Contact wire inspection,Medium,51,87,OHE Crew,2026-10-28,normal,Pending
OHE-26027-01466,2026-10-24,TDMS,Panskura–Kharagpur,PKU–KGP,157.9,OHE defect,Medium,55,98,OHE Crew,2026-10-31,cross_department_cluster,Pending
OHE-26027-01467,2026-10-24,TDMS,Panskura–Kharagpur,PKU–KGP,130.0,Contact wire inspection,Low,20,89,OHE Tower Wagon,2026-11-04,normal,Pending
OHE-26027-01468,2026-10-24,TDMS,Howrah–Santragachi,HWH–SRC,10.3,Pantograph interaction issue,Low,24,68,OHE Tower Wagon,2026-10-31,normal,Pending
OHE-26027-01469,2026-10-24,TDMS,Kharagpur–Gidni,KGP–GID,211.6,Preventive OHE maintenance,Low,31,97,Traction Maintenance Team,2026-10-29,normal,Pending
OHE-26027-01470,2026-10-24,TDMS,Mecheda–Panskura,MCA–PKU,124.6,Contact wire inspection,Medium,59,120,OHE Crew,2026-10-30,normal,Pending
OHE-26027-01471,2026-10-24,TDMS,Kharagpur–Gidni,KGP–GID,181.0,Preventive OHE maintenance,High,76,45,Traction Maintenance Team,2026-10-25,normal,Pending
OHE-26027-01472,2026-10-24,TDMS,Santragachi–Panskura,SRC–PKU,85.6,Contact wire inspection,Medium,48,94,OHE Crew,2026-10-26,cross_department_cluster,Pending
OHE-26027-01473,2026-10-24,TDMS,Panskura–Kharagpur,PKU–KGP,142.6,Contact wire inspection,High,82,80,OHE Tower Wagon,2026-10-27,cross_department_cluster,Pending
OHE-26027-01474,2026-10-24,TDMS,Santragachi–Panskura,SRC–PKU,91.8,Pantograph interaction issue,High,72,112,OHE Crew,2026-10-27,mixed_realistic,Pending
OHE-26027-01475,2026-10-24,TDMS,Kharagpur–Gidni,KGP–GID,179.7,Preventive OHE maintenance,Medium,60,75,Electrical Inspection Team,2026-10-28,normal,Pending
OHE-26027-01476,2026-10-24,TDMS,Howrah–Santragachi,HWH–SRC,3.7,Insulator replacement,Medium,56,86,OHE Crew,2026-10-27,high_defect_load,Pending
OHE-26027-01477,2026-10-24,TDMS,Kharagpur–Gidni,KGP–GID,176.3,Sectioning equipment inspection,Low,35,104,Electrical Inspection Team,2026-11-06,high_defect_load,Pending
OHE-26027-01478,2026-10-24,TDMS,Santragachi–Panskura,SRC–PKU,114.4,Contact wire inspection,Medium,53,106,OHE Crew,2026-10-26,cross_department_cluster,Pending
OHE-26027-01479,2026-10-24,TDMS,Kharagpur–Gidni,KGP–GID,177.5,Pantograph interaction issue,High,71,80,OHE Crew,2026-10-27,normal,Pending
OHE-26027-01480,2026-10-24,TDMS,Howrah–Santragachi,HWH–SRC,11.5,Preventive OHE maintenance,Low,18,58,Traction Maintenance Team,2026-10-31,normal,Pending
OHE-26027-01481,2026-10-24,TDMS,Panskura–Kharagpur,PKU–KGP,164.3,Insulator replacement,Low,28,70,OHE Crew,2026-10-31,cross_department_cluster,Pending
OHE-26027-01482,2026-10-24,TDMS,Kharagpur–Gidni,KGP–GID,214.6,OHE defect,Medium,60,106,OHE Tower Wagon,2026-10-27,normal,Pending
OHE-26027-01483,2026-10-24,TDMS,Mecheda–Panskura,MCA–PKU,120.0,Sectioning equipment inspection,High,80,102,Electrical Inspection Team,2026-10-24,cross_department_cluster,Pending
OHE-26027-01484,2026-10-24,TDMS,Mecheda–Panskura,MCA–PKU,118.2,Traction substation inspection,Medium,57,136,Traction Maintenance Team,2026-10-27,cross_department_cluster,Pending
OHE-26027-01485,2026-10-24,TDMS,Panskura–Kharagpur,PKU–KGP,129.1,Sectioning equipment inspection,Medium,50,72,Electrical Inspection Team,2026-10-26,normal,Pending
OHE-26027-01486,2026-10-24,TDMS,Mecheda–Panskura,MCA–PKU,118.5,Preventive OHE maintenance,Medium,58,101,OHE Tower Wagon,2026-10-26,normal,Pending
OHE-26027-01487,2026-10-24,TDMS,Howrah–Santragachi,HWH–SRC,7.9,Pantograph interaction issue,Medium,64,94,OHE Tower Wagon,2026-10-30,normal,Pending
OHE-26027-01488,2026-10-24,TDMS,Howrah–Santragachi,HWH–SRC,8.2,Preventive OHE maintenance,Low,29,97,Traction Maintenance Team,2026-10-31,normal,Pending
OHE-26027-01489,2026-10-24,TDMS,Santragachi–Panskura,SRC–PKU,104.4,OHE defect,Low,23,83,OHE Crew,2026-11-06,mixed_realistic,Pending
OHE-26027-01490,2026-10-24,TDMS,Howrah–Santragachi,HWH–SRC,5.7,Contact wire inspection,Medium,63,110,OHE Tower Wagon,2026-10-28,normal,Pending
OHE-26027-01491,2026-10-24,TDMS,Panskura–Kharagpur,PKU–KGP,144.8,Pantograph interaction issue,Medium,50,79,OHE Tower Wagon,2026-10-28,normal,Pending
OHE-26027-01492,2026-10-24,TDMS,Mecheda–Panskura,MCA–PKU,120.6,Sectioning equipment inspection,Medium,42,105,Electrical Inspection Team,2026-10-29,normal,Pending
OHE-26027-01493,2026-10-24,TDMS,Howrah–Santragachi,HWH–SRC,1.9,Contact wire inspection,Medium,50,74,OHE Tower Wagon,2026-10-28,normal,Pending
OHE-26027-01494,2026-10-24,TDMS,Howrah–Santragachi,HWH–SRC,4.7,Contact wire inspection,Low,28,74,OHE Tower Wagon,2026-11-02,cross_department_cluster,Pending
OHE-26027-01495,2026-10-24,TDMS,Kharagpur–Gidni,KGP–GID,174.5,Traction substation inspection,Medium,48,94,Traction Maintenance Team,2026-10-30,mixed_realistic,Pending
OHE-26027-01496,2026-10-25,TDMS,Santragachi–Panskura,SRC–PKU,58.4,Preventive OHE maintenance,Low,31,52,OHE Tower Wagon,2026-11-03,mixed_realistic,Pending
OHE-26027-01497,2026-10-25,TDMS,Mecheda–Panskura,MCA–PKU,124.6,Preventive OHE maintenance,Medium,58,47,OHE Crew,2026-11-01,normal,Pending
OHE-26027-01498,2026-10-25,TDMS,Panskura–Kharagpur,PKU–KGP,157.8,Insulator replacement,Medium,46,48,OHE Tower Wagon,2026-10-31,cross_department_cluster,Pending
OHE-26027-01499,2026-10-25,TDMS,Kharagpur–Gidni,KGP–GID,175.3,Contact wire inspection,Low,32,120,OHE Crew,2026-11-06,high_defect_load,Pending
OHE-26027-01500,2026-10-25,TDMS,Mecheda–Panskura,MCA–PKU,115.5,OHE defect,Low,39,75,OHE Tower Wagon,2026-11-01,mixed_realistic,Pending
OHE-26027-01501,2026-10-25,TDMS,Howrah–Santragachi,HWH–SRC,10.2,Preventive OHE maintenance,High,75,107,OHE Crew,2026-10-27,high_defect_load,Pending
OHE-26027-01502,2026-10-25,TDMS,Mecheda–Panskura,MCA–PKU,121.0,Traction substation inspection,Low,28,123,Traction Maintenance Team,2026-11-07,normal,Pending
OHE-26027-01503,2026-10-25,TDMS,Panskura–Kharagpur,PKU–KGP,142.5,OHE defect,Low,25,78,OHE Tower Wagon,2026-11-03,cross_department_cluster,Pending
OHE-26027-01504,2026-10-25,TDMS,Panskura–Kharagpur,PKU–KGP,164.4,Preventive OHE maintenance,Low,36,114,OHE Crew,2026-11-05,cross_department_cluster,Pending
OHE-26027-01505,2026-10-25,TDMS,Panskura–Kharagpur,PKU–KGP,146.4,Traction substation inspection,Medium,64,92,Traction Maintenance Team,2026-10-31,normal,Pending
OHE-26027-01506,2026-10-25,TDMS,Panskura–Kharagpur,PKU–KGP,142.8,Pantograph interaction issue,High,82,72,OHE Tower Wagon,2026-10-27,normal,Pending
OHE-26027-01507,2026-10-25,TDMS,Panskura–Kharagpur,PKU–KGP,142.6,Sectioning equipment inspection,Low,35,78,Electrical Inspection Team,2026-11-04,cross_department_cluster,Pending
OHE-26027-01508,2026-10-25,TDMS,Panskura–Kharagpur,PKU–KGP,142.5,Insulator replacement,Medium,62,61,OHE Crew,2026-11-01,cross_department_cluster,Pending
OHE-26027-01509,2026-10-25,TDMS,Kharagpur–Gidni,KGP–GID,194.4,Preventive OHE maintenance,High,71,47,OHE Crew,2026-10-27,mixed_realistic,Pending
OHE-26027-01510,2026-10-25,TDMS,Santragachi–Panskura,SRC–PKU,19.3,Contact wire inspection,High,67,94,OHE Tower Wagon,2026-10-28,cross_department_cluster,Pending
OHE-26027-01511,2026-10-25,TDMS,Mecheda–Panskura,MCA–PKU,116.2,Insulator replacement,Medium,63,67,OHE Crew,2026-10-27,mixed_realistic,Pending
OHE-26027-01512,2026-10-25,TDMS,Panskura–Kharagpur,PKU–KGP,131.4,Traction substation inspection,Low,30,109,Traction Maintenance Team,2026-11-08,mixed_realistic,Pending
OHE-26027-01513,2026-10-25,TDMS,Panskura–Kharagpur,PKU–KGP,167.5,Insulator replacement,Medium,61,56,OHE Crew,2026-10-29,normal,Pending
OHE-26027-01514,2026-10-25,TDMS,Santragachi–Panskura,SRC–PKU,89.4,Contact wire inspection,Low,30,90,OHE Crew,2026-11-04,normal,Pending
OHE-26027-01515,2026-10-25,TDMS,Mecheda–Panskura,MCA–PKU,121.8,Contact wire inspection,Low,17,70,OHE Tower Wagon,2026-10-30,normal,Pending
OHE-26027-01516,2026-10-25,TDMS,Mecheda–Panskura,MCA–PKU,118.9,Contact wire inspection,Medium,46,95,OHE Tower Wagon,2026-10-29,cross_department_cluster,Pending
OHE-26027-01517,2026-10-25,TDMS,Howrah–Santragachi,HWH–SRC,6.0,Sectioning equipment inspection,High,78,61,Electrical Inspection Team,2026-10-28,normal,Pending
OHE-26027-01518,2026-10-25,TDMS,Howrah–Santragachi,HWH–SRC,4.9,Preventive OHE maintenance,Low,18,47,OHE Tower Wagon,2026-11-05,high_defect_load,Pending
OHE-26027-01519,2026-10-25,TDMS,Panskura–Kharagpur,PKU–KGP,155.9,Insulator replacement,High,66,83,OHE Crew,2026-10-27,high_defect_load,Pending
OHE-26027-01520,2026-10-25,TDMS,Santragachi–Panskura,SRC–PKU,36.1,Contact wire inspection,Low,20,105,OHE Tower Wagon,2026-11-02,normal,Pending
OHE-26027-01521,2026-10-25,TDMS,Mecheda–Panskura,MCA–PKU,118.2,Preventive OHE maintenance,Medium,63,64,Traction Maintenance Team,2026-10-31,cross_department_cluster,Pending
OHE-26027-01522,2026-10-25,TDMS,Mecheda–Panskura,MCA–PKU,116.2,Traction substation inspection,Medium,64,91,Traction Maintenance Team,2026-11-01,mixed_realistic,Pending
OHE-26027-01523,2026-10-25,TDMS,Panskura–Kharagpur,PKU–KGP,167.8,Traction substation inspection,Critical,90,124,Traction Maintenance Team,2026-10-26,critical_defect,Pending
OHE-26027-01524,2026-10-25,TDMS,Kharagpur–Gidni,KGP–GID,177.6,Preventive OHE maintenance,Medium,43,61,OHE Crew,2026-11-01,normal,Pending
OHE-26027-01525,2026-10-25,TDMS,Howrah–Santragachi,HWH–SRC,9.2,Sectioning equipment inspection,Low,32,118,Electrical Inspection Team,2026-11-08,normal,Pending
OHE-26027-01526,2026-10-25,TDMS,Santragachi–Panskura,SRC–PKU,110.3,Sectioning equipment inspection,Critical,99,87,Electrical Inspection Team,2026-10-26,critical_defect,Pending
OHE-26027-01527,2026-10-25,TDMS,Kharagpur–Gidni,KGP–GID,205.0,Insulator replacement,Low,21,54,OHE Crew,2026-11-02,cross_department_cluster,Pending
OHE-26027-01528,2026-10-25,TDMS,Kharagpur–Gidni,KGP–GID,205.8,Insulator replacement,Low,20,69,OHE Tower Wagon,2026-11-08,normal,Pending
OHE-26027-01529,2026-10-25,TDMS,Mecheda–Panskura,MCA–PKU,117.2,Preventive OHE maintenance,Medium,42,71,Electrical Inspection Team,2026-10-31,mixed_realistic,Pending
OHE-26027-01530,2026-10-25,TDMS,Howrah–Santragachi,HWH–SRC,7.3,Contact wire inspection,High,75,92,OHE Crew,2026-10-26,normal,Pending
OHE-26027-01531,2026-10-25,TDMS,Mecheda–Panskura,MCA–PKU,118.0,Traction substation inspection,Medium,45,95,Traction Maintenance Team,2026-11-01,cross_department_cluster,Pending
OHE-26027-01532,2026-10-25,TDMS,Panskura–Kharagpur,PKU–KGP,142.5,OHE defect,High,78,148,OHE Crew,2026-10-27,cross_department_cluster,Pending
OHE-26027-01533,2026-10-25,TDMS,Mecheda–Panskura,MCA–PKU,123.6,Sectioning equipment inspection,High,65,69,Electrical Inspection Team,2026-10-26,cross_department_cluster,Pending
OHE-26027-01534,2026-10-25,TDMS,Kharagpur–Gidni,KGP–GID,198.0,OHE defect,Medium,60,106,OHE Crew,2026-10-27,normal,Pending
OHE-26027-01535,2026-10-25,TDMS,Panskura–Kharagpur,PKU–KGP,135.2,Preventive OHE maintenance,Low,22,80,Electrical Inspection Team,2026-10-31,mixed_realistic,Pending
OHE-26027-01536,2026-10-25,TDMS,Panskura–Kharagpur,PKU–KGP,135.1,OHE defect,Medium,46,150,OHE Tower Wagon,2026-10-29,normal,Pending
OHE-26027-01537,2026-10-25,TDMS,Kharagpur–Gidni,KGP–GID,185.4,Sectioning equipment inspection,Medium,43,85,Electrical Inspection Team,2026-10-31,mixed_realistic,Pending
OHE-26027-01538,2026-10-25,TDMS,Panskura–Kharagpur,PKU–KGP,131.3,Preventive OHE maintenance,Low,21,54,Electrical Inspection Team,2026-11-03,normal,Pending
OHE-26027-01539,2026-10-25,TDMS,Howrah–Santragachi,HWH–SRC,8.2,Pantograph interaction issue,Medium,45,92,OHE Tower Wagon,2026-10-29,cross_department_cluster,Pending
OHE-26027-01540,2026-10-25,TDMS,Panskura–Kharagpur,PKU–KGP,164.2,OHE defect,Low,22,73,OHE Crew,2026-10-30,cross_department_cluster,Pending
OHE-26027-01541,2026-10-25,TDMS,Howrah–Santragachi,HWH–SRC,9.1,Contact wire inspection,Medium,50,91,OHE Tower Wagon,2026-10-27,cross_department_cluster,Pending
OHE-26027-01542,2026-10-25,TDMS,Panskura–Kharagpur,PKU–KGP,148.4,OHE defect,Medium,44,60,OHE Tower Wagon,2026-10-29,mixed_realistic,Pending
OHE-26027-01543,2026-10-25,TDMS,Mecheda–Panskura,MCA–PKU,124.6,Preventive OHE maintenance,Medium,47,46,OHE Tower Wagon,2026-10-28,normal,Pending
OHE-26027-01544,2026-10-25,TDMS,Panskura–Kharagpur,PKU–KGP,127.7,Traction substation inspection,High,75,90,Traction Maintenance Team,2026-10-25,normal,Pending
OHE-26027-01545,2026-10-25,TDMS,Santragachi–Panskura,SRC–PKU,109.5,Sectioning equipment inspection,Low,33,112,Electrical Inspection Team,2026-11-05,normal,Pending
OHE-26027-01546,2026-10-25,TDMS,Santragachi–Panskura,SRC–PKU,25.6,Contact wire inspection,High,76,87,OHE Crew,2026-10-28,normal,Pending
OHE-26027-01547,2026-10-25,TDMS,Panskura–Kharagpur,PKU–KGP,162.6,Preventive OHE maintenance,Medium,46,75,OHE Tower Wagon,2026-11-01,normal,Pending
OHE-26027-01548,2026-10-25,TDMS,Santragachi–Panskura,SRC–PKU,40.6,Traction substation inspection,High,66,144,Traction Maintenance Team,2026-10-25,mixed_realistic,Pending
OHE-26027-01549,2026-10-25,TDMS,Panskura–Kharagpur,PKU–KGP,164.0,Pantograph interaction issue,High,70,117,OHE Crew,2026-10-27,cross_department_cluster,Pending
OHE-26027-01550,2026-10-25,TDMS,Howrah–Santragachi,HWH–SRC,8.0,Traction substation inspection,Medium,58,163,Traction Maintenance Team,2026-10-27,normal,Pending
OHE-26027-01551,2026-10-25,TDMS,Santragachi–Panskura,SRC–PKU,84.0,Contact wire inspection,Medium,54,88,OHE Tower Wagon,2026-10-31,normal,Pending
OHE-26027-01552,2026-10-25,TDMS,Kharagpur–Gidni,KGP–GID,213.0,Traction substation inspection,Low,35,123,Traction Maintenance Team,2026-11-07,mixed_realistic,Pending
OHE-26027-01553,2026-10-25,TDMS,Panskura–Kharagpur,PKU–KGP,159.2,Preventive OHE maintenance,Medium,50,50,OHE Tower Wagon,2026-10-30,normal,Pending
OHE-26027-01554,2026-10-25,TDMS,Panskura–Kharagpur,PKU–KGP,149.2,OHE defect,Low,16,131,OHE Tower Wagon,2026-10-30,mixed_realistic,Pending
OHE-26027-01555,2026-10-25,TDMS,Panskura–Kharagpur,PKU–KGP,164.5,OHE defect,Low,34,120,OHE Tower Wagon,2026-11-07,cross_department_cluster,Pending
OHE-26027-01556,2026-10-25,TDMS,Panskura–Kharagpur,PKU–KGP,159.2,Pantograph interaction issue,High,72,70,OHE Crew,2026-10-27,mixed_realistic,Pending
OHE-26027-01557,2026-10-25,TDMS,Panskura–Kharagpur,PKU–KGP,158.0,Insulator replacement,Medium,41,72,OHE Crew,2026-10-31,cross_department_cluster,Pending
OHE-26027-01558,2026-10-25,TDMS,Mecheda–Panskura,MCA–PKU,120.4,Preventive OHE maintenance,Medium,54,105,OHE Tower Wagon,2026-10-30,high_defect_load,Pending
OHE-26027-01559,2026-10-25,TDMS,Santragachi–Panskura,SRC–PKU,85.1,Insulator replacement,Low,36,81,OHE Crew,2026-11-05,normal,Pending
OHE-26027-01560,2026-10-25,TDMS,Panskura–Kharagpur,PKU–KGP,142.2,Insulator replacement,High,80,62,OHE Tower Wagon,2026-10-25,cross_department_cluster,Pending
OHE-26027-01561,2026-10-26,TDMS,Mecheda–Panskura,MCA–PKU,120.3,OHE defect,Low,19,128,OHE Tower Wagon,2026-11-09,normal,Pending
OHE-26027-01562,2026-10-26,TDMS,Mecheda–Panskura,MCA–PKU,116.4,Insulator replacement,Low,35,46,OHE Crew,2026-11-02,cross_department_cluster,Pending
OHE-26027-01563,2026-10-26,TDMS,Panskura–Kharagpur,PKU–KGP,157.8,Contact wire inspection,High,75,87,OHE Tower Wagon,2026-10-29,cross_department_cluster,Pending
OHE-26027-01564,2026-10-26,TDMS,Santragachi–Panskura,SRC–PKU,79.9,Traction substation inspection,Medium,60,96,Traction Maintenance Team,2026-11-02,normal,Pending
OHE-26027-01565,2026-10-26,TDMS,Santragachi–Panskura,SRC–PKU,84.6,Traction substation inspection,High,83,140,Traction Maintenance Team,2026-10-29,mixed_realistic,Pending
OHE-26027-01566,2026-10-26,TDMS,Santragachi–Panskura,SRC–PKU,47.7,Traction substation inspection,Medium,44,125,Traction Maintenance Team,2026-10-30,normal,Pending
OHE-26027-01567,2026-10-26,TDMS,Panskura–Kharagpur,PKU–KGP,135.3,Sectioning equipment inspection,Low,37,64,Electrical Inspection Team,2026-11-01,normal,Pending
OHE-26027-01568,2026-10-26,TDMS,Mecheda–Panskura,MCA–PKU,124.4,Preventive OHE maintenance,Medium,51,106,OHE Tower Wagon,2026-10-29,mixed_realistic,Pending
OHE-26027-01569,2026-10-26,TDMS,Howrah–Santragachi,HWH–SRC,9.9,Sectioning equipment inspection,Medium,53,103,Electrical Inspection Team,2026-10-30,normal,Pending
OHE-26027-01570,2026-10-26,TDMS,Kharagpur–Gidni,KGP–GID,212.5,Insulator replacement,High,73,55,OHE Crew,2026-10-28,cross_department_cluster,Pending
OHE-26027-01571,2026-10-26,TDMS,Panskura–Kharagpur,PKU–KGP,159.4,Pantograph interaction issue,Medium,59,76,OHE Tower Wagon,2026-10-30,mixed_realistic,Pending
OHE-26027-01572,2026-10-26,TDMS,Kharagpur–Gidni,KGP–GID,211.6,Preventive OHE maintenance,High,80,59,OHE Crew,2026-10-28,normal,Pending
OHE-26027-01573,2026-10-26,TDMS,Howrah–Santragachi,HWH–SRC,1.3,Insulator replacement,Low,29,68,OHE Crew,2026-11-03,normal,Pending
OHE-26027-01574,2026-10-26,TDMS,Panskura–Kharagpur,PKU–KGP,132.7,OHE defect,Low,33,141,OHE Crew,2026-11-05,mixed_realistic,Pending
OHE-26027-01575,2026-10-26,TDMS,Panskura–Kharagpur,PKU–KGP,165.9,Preventive OHE maintenance,Low,24,45,Electrical Inspection Team,2026-10-31,normal,Pending
OHE-26027-01576,2026-10-26,TDMS,Kharagpur–Gidni,KGP–GID,192.7,Preventive OHE maintenance,Critical,100,89,OHE Tower Wagon,2026-10-26,mixed_realistic,Pending
OHE-26027-01577,2026-10-26,TDMS,Panskura–Kharagpur,PKU–KGP,134.0,Traction substation inspection,Low,34,129,Traction Maintenance Team,2026-11-01,high_defect_load,Pending
OHE-26027-01578,2026-10-26,TDMS,Mecheda–Panskura,MCA–PKU,124.3,OHE defect,High,77,84,OHE Tower Wagon,2026-10-27,normal,Pending
OHE-26027-01579,2026-10-26,TDMS,Panskura–Kharagpur,PKU–KGP,153.5,OHE defect,Medium,52,95,OHE Tower Wagon,2026-11-02,mixed_realistic,Pending
OHE-26027-01580,2026-10-26,TDMS,Kharagpur–Gidni,KGP–GID,207.9,Preventive OHE maintenance,Low,25,113,OHE Tower Wagon,2026-11-08,mixed_realistic,Pending
OHE-26027-01581,2026-10-26,TDMS,Santragachi–Panskura,SRC–PKU,97.8,Pantograph interaction issue,Medium,49,98,OHE Tower Wagon,2026-11-01,normal,Pending
OHE-26027-01582,2026-10-26,TDMS,Kharagpur–Gidni,KGP–GID,192.2,Sectioning equipment inspection,Low,29,61,Electrical Inspection Team,2026-11-02,normal,Pending
OHE-26027-01583,2026-10-26,TDMS,Panskura–Kharagpur,PKU–KGP,158.2,Traction substation inspection,Medium,48,168,Traction Maintenance Team,2026-10-28,cross_department_cluster,Pending
OHE-26027-01584,2026-10-26,TDMS,Kharagpur–Gidni,KGP–GID,210.5,Pantograph interaction issue,High,74,85,OHE Crew,2026-10-29,normal,Pending
OHE-26027-01585,2026-10-26,TDMS,Panskura–Kharagpur,PKU–KGP,164.4,Insulator replacement,Medium,45,57,OHE Tower Wagon,2026-11-01,cross_department_cluster,Pending
OHE-26027-01586,2026-10-26,TDMS,Mecheda–Panskura,MCA–PKU,119.9,Traction substation inspection,High,68,128,Traction Maintenance Team,2026-10-29,high_defect_load,Pending
OHE-26027-01587,2026-10-26,TDMS,Santragachi–Panskura,SRC–PKU,75.3,Preventive OHE maintenance,Critical,92,48,Electrical Inspection Team,2026-10-26,mixed_realistic,Pending
OHE-26027-01588,2026-10-26,TDMS,Mecheda–Panskura,MCA–PKU,120.4,Insulator replacement,Medium,40,50,OHE Crew,2026-10-31,mixed_realistic,Pending
OHE-26027-01589,2026-10-26,TDMS,Panskura–Kharagpur,PKU–KGP,142.7,Contact wire inspection,Medium,49,65,OHE Crew,2026-11-02,mixed_realistic,Pending
OHE-26027-01590,2026-10-26,TDMS,Santragachi–Panskura,SRC–PKU,26.4,Traction substation inspection,Low,22,149,Traction Maintenance Team,2026-11-09,normal,Pending
OHE-26027-01591,2026-10-26,TDMS,Santragachi–Panskura,SRC–PKU,114.2,Sectioning equipment inspection,Critical,90,102,Electrical Inspection Team,2026-10-26,high_conflict,Pending
OHE-26027-01592,2026-10-26,TDMS,Kharagpur–Gidni,KGP–GID,191.1,Pantograph interaction issue,Low,25,97,OHE Crew,2026-11-03,high_defect_load,Pending
OHE-26027-01593,2026-10-26,TDMS,Panskura–Kharagpur,PKU–KGP,157.7,Preventive OHE maintenance,Medium,46,90,OHE Tower Wagon,2026-10-29,cross_department_cluster,Pending
OHE-26027-01594,2026-10-26,TDMS,Mecheda–Panskura,MCA–PKU,118.4,Insulator replacement,High,80,73,OHE Tower Wagon,2026-10-26,mixed_realistic,Pending
OHE-26027-01595,2026-10-26,TDMS,Howrah–Santragachi,HWH–SRC,6.9,Insulator replacement,Medium,53,45,OHE Crew,2026-11-02,normal,Pending
OHE-26027-01596,2026-10-26,TDMS,Mecheda–Panskura,MCA–PKU,118.4,Insulator replacement,High,70,74,OHE Crew,2026-10-27,cross_department_cluster,Pending
OHE-26027-01597,2026-10-26,TDMS,Mecheda–Panskura,MCA–PKU,118.8,Preventive OHE maintenance,Medium,49,50,OHE Tower Wagon,2026-11-01,normal,Pending
OHE-26027-01598,2026-10-26,TDMS,Kharagpur–Gidni,KGP–GID,199.2,Insulator replacement,Medium,59,86,OHE Tower Wagon,2026-11-02,cross_department_cluster,Pending
OHE-26027-01599,2026-10-26,TDMS,Mecheda–Panskura,MCA–PKU,120.7,Traction substation inspection,Medium,42,120,Traction Maintenance Team,2026-10-30,mixed_realistic,Pending
OHE-26027-01600,2026-10-26,TDMS,Santragachi–Panskura,SRC–PKU,30.6,Pantograph interaction issue,Low,22,118,OHE Crew,2026-11-07,high_defect_load,Pending
OHE-26027-01601,2026-10-26,TDMS,Santragachi–Panskura,SRC–PKU,54.4,Pantograph interaction issue,Medium,54,96,OHE Crew,2026-10-31,mixed_realistic,Pending
OHE-26027-01602,2026-10-26,TDMS,Panskura–Kharagpur,PKU–KGP,164.0,Pantograph interaction issue,Medium,55,118,OHE Tower Wagon,2026-10-28,cross_department_cluster,Pending
OHE-26027-01603,2026-10-26,TDMS,Kharagpur–Gidni,KGP–GID,207.6,Contact wire inspection,Medium,57,117,OHE Crew,2026-11-01,normal,Pending
OHE-26027-01604,2026-10-26,TDMS,Santragachi–Panskura,SRC–PKU,73.6,Insulator replacement,Low,18,82,OHE Tower Wagon,2026-11-08,mixed_realistic,Pending
OHE-26027-01605,2026-10-26,TDMS,Mecheda–Panskura,MCA–PKU,115.8,Preventive OHE maintenance,Critical,89,51,Electrical Inspection Team,2026-10-26,critical_defect,Pending
OHE-26027-01606,2026-10-26,TDMS,Panskura–Kharagpur,PKU–KGP,162.5,Sectioning equipment inspection,Medium,42,97,Electrical Inspection Team,2026-10-28,cross_department_cluster,Pending
OHE-26027-01607,2026-10-26,TDMS,Mecheda–Panskura,MCA–PKU,124.4,OHE defect,Low,21,124,OHE Tower Wagon,2026-11-05,normal,Pending
OHE-26027-01608,2026-10-26,TDMS,Howrah–Santragachi,HWH–SRC,8.6,Sectioning equipment inspection,Medium,53,91,Electrical Inspection Team,2026-10-28,normal,Pending
OHE-26027-01609,2026-10-26,TDMS,Mecheda–Panskura,MCA–PKU,115.7,Traction substation inspection,Medium,44,122,Traction Maintenance Team,2026-10-28,mixed_realistic,Pending
OHE-26027-01610,2026-10-26,TDMS,Mecheda–Panskura,MCA–PKU,122.7,Contact wire inspection,Medium,61,114,OHE Crew,2026-10-31,normal,Pending
OHE-26027-01611,2026-10-26,TDMS,Santragachi–Panskura,SRC–PKU,112.8,Traction substation inspection,High,69,175,Traction Maintenance Team,2026-10-28,cross_department_cluster,Pending
OHE-26027-01612,2026-10-26,TDMS,Kharagpur–Gidni,KGP–GID,181.3,Preventive OHE maintenance,Low,20,61,OHE Crew,2026-10-31,normal,Pending
OHE-26027-01613,2026-10-26,TDMS,Howrah–Santragachi,HWH–SRC,10.6,Pantograph interaction issue,Medium,51,60,OHE Crew,2026-11-01,normal,Pending
OHE-26027-01614,2026-10-26,TDMS,Howrah–Santragachi,HWH–SRC,1.0,Preventive OHE maintenance,High,79,106,OHE Crew,2026-10-28,cross_department_cluster,Pending
OHE-26027-01615,2026-10-26,TDMS,Mecheda–Panskura,MCA–PKU,120.5,OHE defect,Low,37,99,OHE Tower Wagon,2026-11-01,normal,Pending
OHE-26027-01616,2026-10-26,TDMS,Panskura–Kharagpur,PKU–KGP,164.2,Preventive OHE maintenance,Medium,54,86,Electrical Inspection Team,2026-10-31,cross_department_cluster,Pending
OHE-26027-01617,2026-10-26,TDMS,Howrah–Santragachi,HWH–SRC,10.6,Preventive OHE maintenance,High,84,95,Electrical Inspection Team,2026-10-26,cross_department_cluster,Pending
OHE-26027-01618,2026-10-26,TDMS,Kharagpur–Gidni,KGP–GID,187.9,Preventive OHE maintenance,Low,25,117,OHE Crew,2026-11-03,high_defect_load,Pending
OHE-26027-01619,2026-10-26,TDMS,Kharagpur–Gidni,KGP–GID,198.6,OHE defect,Medium,53,82,OHE Tower Wagon,2026-10-29,mixed_realistic,Pending
OHE-26027-01620,2026-10-26,TDMS,Mecheda–Panskura,MCA–PKU,118.4,OHE defect,Medium,43,80,OHE Crew,2026-10-29,cross_department_cluster,Pending
OHE-26027-01621,2026-10-26,TDMS,Panskura–Kharagpur,PKU–KGP,166.9,Preventive OHE maintenance,Low,33,87,OHE Tower Wagon,2026-11-04,cross_department_cluster,Pending
OHE-26027-01622,2026-10-26,TDMS,Kharagpur–Gidni,KGP–GID,203.0,Preventive OHE maintenance,High,84,112,Traction Maintenance Team,2026-10-28,normal,Pending
OHE-26027-01623,2026-10-26,TDMS,Santragachi–Panskura,SRC–PKU,39.5,OHE defect,High,73,118,OHE Crew,2026-10-27,mixed_realistic,Pending
OHE-26027-01624,2026-10-26,TDMS,Panskura–Kharagpur,PKU–KGP,167.6,Preventive OHE maintenance,Medium,53,51,OHE Crew,2026-10-31,normal,Pending
OHE-26027-01625,2026-10-26,TDMS,Santragachi–Panskura,SRC–PKU,101.2,Pantograph interaction issue,Medium,42,71,OHE Crew,2026-10-30,normal,Pending
OHE-26027-01626,2026-10-27,TDMS,Panskura–Kharagpur,PKU–KGP,169.9,Contact wire inspection,Low,16,67,OHE Tower Wagon,2026-11-09,normal,Pending
OHE-26027-01627,2026-10-27,TDMS,Panskura–Kharagpur,PKU–KGP,142.3,OHE defect,High,69,75,OHE Crew,2026-10-28,cross_department_cluster,Pending
OHE-26027-01628,2026-10-27,TDMS,Howrah–Santragachi,HWH–SRC,11.9,Preventive OHE maintenance,Medium,42,75,OHE Tower Wagon,2026-10-30,high_defect_load,Pending
OHE-26027-01629,2026-10-27,TDMS,Santragachi–Panskura,SRC–PKU,55.4,Traction substation inspection,Low,39,152,Traction Maintenance Team,2026-11-02,normal,Pending
OHE-26027-01630,2026-10-27,TDMS,Kharagpur–Gidni,KGP–GID,198.0,Traction substation inspection,Medium,51,174,Traction Maintenance Team,2026-10-29,normal,Pending
OHE-26027-01631,2026-10-27,TDMS,Mecheda–Panskura,MCA–PKU,121.7,Insulator replacement,High,79,74,OHE Crew,2026-10-28,cross_department_cluster,Pending
OHE-26027-01632,2026-10-27,TDMS,Panskura–Kharagpur,PKU–KGP,142.2,Contact wire inspection,Low,26,62,OHE Tower Wagon,2026-11-09,cross_department_cluster,Pending
OHE-26027-01633,2026-10-27,TDMS,Panskura–Kharagpur,PKU–KGP,164.6,Sectioning equipment inspection,Medium,54,74,Electrical Inspection Team,2026-10-29,cross_department_cluster,Pending
OHE-26027-01634,2026-10-27,TDMS,Santragachi–Panskura,SRC–PKU,108.2,Traction substation inspection,Medium,50,132,Traction Maintenance Team,2026-10-29,high_defect_load,Pending
OHE-26027-01635,2026-10-27,TDMS,Santragachi–Panskura,SRC–PKU,14.9,Traction substation inspection,High,77,101,Traction Maintenance Team,2026-10-28,normal,Pending
OHE-26027-01636,2026-10-27,TDMS,Panskura–Kharagpur,PKU–KGP,144.1,Contact wire inspection,High,80,99,OHE Crew,2026-10-28,mixed_realistic,Pending
OHE-26027-01637,2026-10-27,TDMS,Mecheda–Panskura,MCA–PKU,119.3,Pantograph interaction issue,High,80,116,OHE Tower Wagon,2026-10-28,cross_department_cluster,Pending
OHE-26027-01638,2026-10-27,TDMS,Panskura–Kharagpur,PKU–KGP,163.8,Preventive OHE maintenance,Medium,55,119,Traction Maintenance Team,2026-11-02,normal,Pending
OHE-26027-01639,2026-10-27,TDMS,Mecheda–Panskura,MCA–PKU,122.9,Traction substation inspection,Medium,60,178,Traction Maintenance Team,2026-11-03,cross_department_cluster,Pending
OHE-26027-01640,2026-10-27,TDMS,Mecheda–Panskura,MCA–PKU,118.6,Contact wire inspection,Medium,43,70,OHE Tower Wagon,2026-10-31,cross_department_cluster,Pending
OHE-26027-01641,2026-10-27,TDMS,Santragachi–Panskura,SRC–PKU,101.6,Contact wire inspection,Low,35,116,OHE Crew,2026-11-04,mixed_realistic,Pending
OHE-26027-01642,2026-10-27,TDMS,Panskura–Kharagpur,PKU–KGP,154.4,Preventive OHE maintenance,Medium,47,91,OHE Tower Wagon,2026-11-01,normal,Pending
OHE-26027-01643,2026-10-27,TDMS,Kharagpur–Gidni,KGP–GID,182.4,OHE defect,Low,26,100,OHE Tower Wagon,2026-11-02,normal,Pending
OHE-26027-01644,2026-10-27,TDMS,Howrah–Santragachi,HWH–SRC,7.5,OHE defect,Medium,53,150,OHE Tower Wagon,2026-10-31,cross_department_cluster,Pending
OHE-26027-01645,2026-10-27,TDMS,Mecheda–Panskura,MCA–PKU,118.1,OHE defect,Medium,63,77,OHE Crew,2026-11-01,cross_department_cluster,Pending
OHE-26027-01646,2026-10-27,TDMS,Howrah–Santragachi,HWH–SRC,1.5,Pantograph interaction issue,Low,31,105,OHE Crew,2026-11-07,normal,Pending
OHE-26027-01647,2026-10-27,TDMS,Howrah–Santragachi,HWH–SRC,5.6,Contact wire inspection,Medium,49,109,OHE Crew,2026-11-01,high_defect_load,Pending
OHE-26027-01648,2026-10-27,TDMS,Santragachi–Panskura,SRC–PKU,35.3,Insulator replacement,Low,27,81,OHE Tower Wagon,2026-11-03,cross_department_cluster,Pending
OHE-26027-01649,2026-10-27,TDMS,Santragachi–Panskura,SRC–PKU,102.0,Contact wire inspection,Low,33,105,OHE Tower Wagon,2026-11-08,mixed_realistic,Pending
OHE-26027-01650,2026-10-27,TDMS,Panskura–Kharagpur,PKU–KGP,164.1,Contact wire inspection,High,77,109,OHE Crew,2026-10-28,cross_department_cluster,Pending
OHE-26027-01651,2026-10-27,TDMS,Howrah–Santragachi,HWH–SRC,5.8,Pantograph interaction issue,Medium,58,116,OHE Crew,2026-10-30,normal,Pending
OHE-26027-01652,2026-10-27,TDMS,Kharagpur–Gidni,KGP–GID,189.5,Traction substation inspection,High,66,156,Traction Maintenance Team,2026-10-27,normal,Pending
OHE-26027-01653,2026-10-27,TDMS,Santragachi–Panskura,SRC–PKU,74.0,OHE defect,Medium,53,66,OHE Crew,2026-11-02,normal,Pending
OHE-26027-01654,2026-10-27,TDMS,Panskura–Kharagpur,PKU–KGP,130.2,Preventive OHE maintenance,Low,29,114,Traction Maintenance Team,2026-11-07,normal,Pending
OHE-26027-01655,2026-10-27,TDMS,Panskura–Kharagpur,PKU–KGP,135.4,Insulator replacement,Medium,48,67,OHE Crew,2026-10-31,cross_department_cluster,Pending
OHE-26027-01656,2026-10-27,TDMS,Panskura–Kharagpur,PKU–KGP,142.8,Insulator replacement,Low,21,64,OHE Crew,2026-11-02,cross_department_cluster,Pending
OHE-26027-01657,2026-10-27,TDMS,Howrah–Santragachi,HWH–SRC,7.1,OHE defect,Low,21,149,OHE Tower Wagon,2026-11-08,normal,Pending
OHE-26027-01658,2026-10-27,TDMS,Panskura–Kharagpur,PKU–KGP,142.5,Pantograph interaction issue,Medium,47,113,OHE Tower Wagon,2026-11-03,cross_department_cluster,Pending
OHE-26027-01659,2026-10-27,TDMS,Mecheda–Panskura,MCA–PKU,120.7,Traction substation inspection,Medium,61,140,Traction Maintenance Team,2026-11-02,mixed_realistic,Pending
OHE-26027-01660,2026-10-27,TDMS,Kharagpur–Gidni,KGP–GID,174.9,Preventive OHE maintenance,Medium,40,80,Traction Maintenance Team,2026-10-29,normal,Pending
OHE-26027-01661,2026-10-27,TDMS,Panskura–Kharagpur,PKU–KGP,164.3,Pantograph interaction issue,Medium,43,64,OHE Tower Wagon,2026-10-29,cross_department_cluster,Pending
OHE-26027-01662,2026-10-27,TDMS,Panskura–Kharagpur,PKU–KGP,164.6,Insulator replacement,Medium,47,84,OHE Tower Wagon,2026-11-03,cross_department_cluster,Pending
OHE-26027-01663,2026-10-27,TDMS,Panskura–Kharagpur,PKU–KGP,128.9,Sectioning equipment inspection,Medium,52,75,Electrical Inspection Team,2026-11-03,normal,Pending
OHE-26027-01664,2026-10-27,TDMS,Kharagpur–Gidni,KGP–GID,171.0,Traction substation inspection,Critical,100,116,Traction Maintenance Team,2026-10-27,critical_defect,Pending
OHE-26027-01665,2026-10-27,TDMS,Panskura–Kharagpur,PKU–KGP,153.5,Contact wire inspection,High,78,77,OHE Tower Wagon,2026-10-27,cross_department_cluster,Pending
OHE-26027-01666,2026-10-27,TDMS,Kharagpur–Gidni,KGP–GID,179.5,Preventive OHE maintenance,Medium,50,103,Traction Maintenance Team,2026-10-30,normal,Pending
OHE-26027-01667,2026-10-27,TDMS,Panskura–Kharagpur,PKU–KGP,164.4,Pantograph interaction issue,Low,37,75,OHE Tower Wagon,2026-11-03,cross_department_cluster,Pending
OHE-26027-01668,2026-10-27,TDMS,Howrah–Santragachi,HWH–SRC,0.6,Pantograph interaction issue,Medium,63,90,OHE Crew,2026-11-01,normal,Pending
OHE-26027-01669,2026-10-27,TDMS,Panskura–Kharagpur,PKU–KGP,142.7,Contact wire inspection,High,79,99,OHE Crew,2026-10-30,cross_department_cluster,Pending
OHE-26027-01670,2026-10-27,TDMS,Howrah–Santragachi,HWH–SRC,0.5,Preventive OHE maintenance,High,80,67,OHE Crew,2026-10-30,normal,Pending
OHE-26027-01671,2026-10-27,TDMS,Panskura–Kharagpur,PKU–KGP,135.6,OHE defect,Low,25,77,OHE Tower Wagon,2026-11-10,cross_department_cluster,Pending
OHE-26027-01672,2026-10-27,TDMS,Panskura–Kharagpur,PKU–KGP,158.2,Pantograph interaction issue,Low,28,85,OHE Crew,2026-11-10,cross_department_cluster,Pending
OHE-26027-01673,2026-10-27,TDMS,Panskura–Kharagpur,PKU–KGP,157.8,Pantograph interaction issue,Low,26,91,OHE Tower Wagon,2026-11-08,cross_department_cluster,Pending
OHE-26027-01674,2026-10-27,TDMS,Santragachi–Panskura,SRC–PKU,60.3,OHE defect,Low,34,95,OHE Crew,2026-11-10,normal,Pending
OHE-26027-01675,2026-10-27,TDMS,Kharagpur–Gidni,KGP–GID,205.2,Sectioning equipment inspection,Medium,56,63,Electrical Inspection Team,2026-11-02,high_defect_load,Pending
OHE-26027-01676,2026-10-27,TDMS,Kharagpur–Gidni,KGP–GID,182.0,Contact wire inspection,Medium,44,93,OHE Tower Wagon,2026-10-30,mixed_realistic,Pending
OHE-26027-01677,2026-10-27,TDMS,Panskura–Kharagpur,PKU–KGP,153.2,Pantograph interaction issue,Medium,51,92,OHE Tower Wagon,2026-10-29,mixed_realistic,Pending
OHE-26027-01678,2026-10-27,TDMS,Santragachi–Panskura,SRC–PKU,49.3,OHE defect,Low,34,78,OHE Tower Wagon,2026-11-06,cross_department_cluster,Pending
OHE-26027-01679,2026-10-27,TDMS,Panskura–Kharagpur,PKU–KGP,155.3,Preventive OHE maintenance,High,69,49,Electrical Inspection Team,2026-10-27,mixed_realistic,Pending
OHE-26027-01680,2026-10-27,TDMS,Kharagpur–Gidni,KGP–GID,174.2,Pantograph interaction issue,Medium,47,77,OHE Crew,2026-10-31,normal,Pending
OHE-26027-01681,2026-10-27,TDMS,Kharagpur–Gidni,KGP–GID,196.9,Insulator replacement,Medium,48,60,OHE Tower Wagon,2026-11-02,mixed_realistic,Pending
OHE-26027-01682,2026-10-27,TDMS,Santragachi–Panskura,SRC–PKU,78.8,OHE defect,Medium,54,144,OHE Tower Wagon,2026-10-30,high_defect_load,Pending
OHE-26027-01683,2026-10-27,TDMS,Santragachi–Panskura,SRC–PKU,69.1,Contact wire inspection,Low,38,93,OHE Crew,2026-11-09,cross_department_cluster,Pending
OHE-26027-01684,2026-10-27,TDMS,Howrah–Santragachi,HWH–SRC,10.8,Contact wire inspection,Medium,61,67,OHE Tower Wagon,2026-10-31,mixed_realistic,Pending
OHE-26027-01685,2026-10-27,TDMS,Santragachi–Panskura,SRC–PKU,19.0,OHE defect,Medium,47,109,OHE Tower Wagon,2026-10-30,normal,Pending
OHE-26027-01686,2026-10-27,TDMS,Panskura–Kharagpur,PKU–KGP,158.2,Preventive OHE maintenance,Medium,57,59,Traction Maintenance Team,2026-10-30,cross_department_cluster,Pending
OHE-26027-01687,2026-10-27,TDMS,Kharagpur–Gidni,KGP–GID,210.2,Insulator replacement,Medium,52,82,OHE Crew,2026-10-30,normal,Pending
OHE-26027-01688,2026-10-27,TDMS,Panskura–Kharagpur,PKU–KGP,142.2,Preventive OHE maintenance,Low,35,45,Electrical Inspection Team,2026-11-02,cross_department_cluster,Pending
OHE-26027-01689,2026-10-27,TDMS,Santragachi–Panskura,SRC–PKU,69.8,Pantograph interaction issue,Low,37,102,OHE Crew,2026-11-07,normal,Pending
OHE-26027-01690,2026-10-27,TDMS,Panskura–Kharagpur,PKU–KGP,142.3,Traction substation inspection,Medium,55,93,Traction Maintenance Team,2026-11-02,cross_department_cluster,Pending
OHE-26027-01691,2026-10-28,TDMS,Panskura–Kharagpur,PKU–KGP,164.1,Contact wire inspection,Medium,45,85,OHE Tower Wagon,2026-10-30,cross_department_cluster,Pending
OHE-26027-01692,2026-10-28,TDMS,Kharagpur–Gidni,KGP–GID,182.7,Pantograph interaction issue,Medium,58,102,OHE Crew,2026-11-04,cross_department_cluster,Pending
OHE-26027-01693,2026-10-28,TDMS,Panskura–Kharagpur,PKU–KGP,134.3,Preventive OHE maintenance,Medium,40,73,OHE Tower Wagon,2026-11-01,mixed_realistic,Pending
OHE-26027-01694,2026-10-28,TDMS,Mecheda–Panskura,MCA–PKU,121.1,Pantograph interaction issue,Medium,41,109,OHE Tower Wagon,2026-10-30,normal,Pending
OHE-26027-01695,2026-10-28,TDMS,Panskura–Kharagpur,PKU–KGP,150.2,OHE defect,High,71,95,OHE Tower Wagon,2026-10-30,normal,Pending
OHE-26027-01696,2026-10-28,TDMS,Kharagpur–Gidni,KGP–GID,198.4,Pantograph interaction issue,Low,27,70,OHE Crew,2026-11-07,normal,Pending
OHE-26027-01697,2026-10-28,TDMS,Kharagpur–Gidni,KGP–GID,201.1,Contact wire inspection,Low,21,106,OHE Crew,2026-11-11,mixed_realistic,Pending
OHE-26027-01698,2026-10-28,TDMS,Panskura–Kharagpur,PKU–KGP,149.2,Contact wire inspection,Medium,63,84,OHE Crew,2026-11-03,normal,Pending
OHE-26027-01699,2026-10-28,TDMS,Panskura–Kharagpur,PKU–KGP,144.2,Insulator replacement,Medium,43,55,OHE Tower Wagon,2026-10-31,high_defect_load,Pending
OHE-26027-01700,2026-10-28,TDMS,Mecheda–Panskura,MCA–PKU,118.3,Traction substation inspection,Low,36,139,Traction Maintenance Team,2026-11-03,cross_department_cluster,Pending
OHE-26027-01701,2026-10-28,TDMS,Kharagpur–Gidni,KGP–GID,170.1,OHE defect,High,82,76,OHE Tower Wagon,2026-10-28,mixed_realistic,Pending
OHE-26027-01702,2026-10-28,TDMS,Mecheda–Panskura,MCA–PKU,118.1,Pantograph interaction issue,Low,27,64,OHE Crew,2026-11-04,cross_department_cluster,Pending
OHE-26027-01703,2026-10-28,TDMS,Panskura–Kharagpur,PKU–KGP,158.1,Preventive OHE maintenance,Low,30,91,Electrical Inspection Team,2026-11-10,cross_department_cluster,Pending
OHE-26027-01704,2026-10-28,TDMS,Kharagpur–Gidni,KGP–GID,205.2,Contact wire inspection,Low,29,83,OHE Tower Wagon,2026-11-06,normal,Pending
OHE-26027-01705,2026-10-28,TDMS,Mecheda–Panskura,MCA–PKU,118.2,Insulator replacement,Medium,48,59,OHE Tower Wagon,2026-11-02,normal,Pending
OHE-26027-01706,2026-10-28,TDMS,Santragachi–Panskura,SRC–PKU,104.1,Insulator replacement,Medium,43,83,OHE Crew,2026-10-30,normal,Pending
OHE-26027-01707,2026-10-28,TDMS,Mecheda–Panskura,MCA–PKU,116.9,Preventive OHE maintenance,Critical,89,99,OHE Tower Wagon,2026-10-29,critical_defect,Pending
OHE-26027-01708,2026-10-28,TDMS,Panskura–Kharagpur,PKU–KGP,142.4,Traction substation inspection,Low,31,143,Traction Maintenance Team,2026-11-09,cross_department_cluster,Pending
OHE-26027-01709,2026-10-28,TDMS,Santragachi–Panskura,SRC–PKU,79.3,Traction substation inspection,Medium,48,172,Traction Maintenance Team,2026-11-04,normal,Pending
OHE-26027-01710,2026-10-28,TDMS,Panskura–Kharagpur,PKU–KGP,134.2,Traction substation inspection,Medium,60,180,Traction Maintenance Team,2026-10-30,normal,Pending
OHE-26027-01711,2026-10-28,TDMS,Kharagpur–Gidni,KGP–GID,208.5,Pantograph interaction issue,High,72,109,OHE Tower Wagon,2026-10-28,normal,Pending
OHE-26027-01712,2026-10-28,TDMS,Santragachi–Panskura,SRC–PKU,54.5,Preventive OHE maintenance,Low,29,107,OHE Tower Wagon,2026-11-05,cross_department_cluster,Pending
OHE-26027-01713,2026-10-28,TDMS,Mecheda–Panskura,MCA–PKU,124.3,Insulator replacement,Medium,55,80,OHE Tower Wagon,2026-10-31,mixed_realistic,Pending
OHE-26027-01714,2026-10-28,TDMS,Panskura–Kharagpur,PKU–KGP,142.6,Pantograph interaction issue,Low,25,99,OHE Tower Wagon,2026-11-08,cross_department_cluster,Pending
OHE-26027-01715,2026-10-28,TDMS,Mecheda–Panskura,MCA–PKU,117.0,Insulator replacement,High,80,60,OHE Tower Wagon,2026-10-28,mixed_realistic,Pending
OHE-26027-01716,2026-10-28,TDMS,Mecheda–Panskura,MCA–PKU,115.9,Insulator replacement,Medium,41,71,OHE Tower Wagon,2026-11-01,normal,Pending
OHE-26027-01717,2026-10-28,TDMS,Panskura–Kharagpur,PKU–KGP,143.6,Sectioning equipment inspection,Low,18,61,Electrical Inspection Team,2026-11-09,normal,Pending
OHE-26027-01718,2026-10-28,TDMS,Panskura–Kharagpur,PKU–KGP,164.1,Sectioning equipment inspection,Low,21,69,Electrical Inspection Team,2026-11-07,cross_department_cluster,Pending
OHE-26027-01719,2026-10-28,TDMS,Howrah–Santragachi,HWH–SRC,2.6,Pantograph interaction issue,Medium,51,97,OHE Tower Wagon,2026-11-03,cross_department_cluster,Pending
OHE-26027-01720,2026-10-28,TDMS,Panskura–Kharagpur,PKU–KGP,163.3,OHE defect,Medium,52,64,OHE Tower Wagon,2026-11-03,cross_department_cluster,Pending
OHE-26027-01721,2026-10-28,TDMS,Kharagpur–Gidni,KGP–GID,208.0,Preventive OHE maintenance,Medium,61,84,OHE Tower Wagon,2026-10-31,cross_department_cluster,Pending
OHE-26027-01722,2026-10-28,TDMS,Kharagpur–Gidni,KGP–GID,208.4,Contact wire inspection,Medium,60,120,OHE Crew,2026-11-01,normal,Pending
OHE-26027-01723,2026-10-28,TDMS,Howrah–Santragachi,HWH–SRC,4.0,Contact wire inspection,Medium,62,62,OHE Crew,2026-10-31,cross_department_cluster,Pending
OHE-26027-01724,2026-10-28,TDMS,Santragachi–Panskura,SRC–PKU,26.3,Insulator replacement,High,82,67,OHE Crew,2026-10-31,normal,Pending
OHE-26027-01725,2026-10-28,TDMS,Howrah–Santragachi,HWH–SRC,5.0,Pantograph interaction issue,High,72,74,OHE Crew,2026-10-29,normal,Pending
OHE-26027-01726,2026-10-28,TDMS,Panskura–Kharagpur,PKU–KGP,158.2,Sectioning equipment inspection,Critical,94,55,Electrical Inspection Team,2026-10-28,cross_department_cluster,Pending
OHE-26027-01727,2026-10-28,TDMS,Mecheda–Panskura,MCA–PKU,122.1,Preventive OHE maintenance,Low,30,53,Traction Maintenance Team,2026-11-03,mixed_realistic,Pending
OHE-26027-01728,2026-10-28,TDMS,Kharagpur–Gidni,KGP–GID,183.2,Pantograph interaction issue,Low,26,115,OHE Tower Wagon,2026-11-06,normal,Pending
OHE-26027-01729,2026-10-28,TDMS,Howrah–Santragachi,HWH–SRC,7.1,Insulator replacement,High,80,68,OHE Tower Wagon,2026-10-30,high_defect_load,Pending
OHE-26027-01730,2026-10-28,TDMS,Panskura–Kharagpur,PKU–KGP,125.9,Traction substation inspection,Critical,99,102,Traction Maintenance Team,2026-10-28,mixed_realistic,Pending
OHE-26027-01731,2026-10-28,TDMS,Mecheda–Panskura,MCA–PKU,116.4,OHE defect,Medium,58,121,OHE Tower Wagon,2026-11-02,cross_department_cluster,Pending
OHE-26027-01732,2026-10-28,TDMS,Mecheda–Panskura,MCA–PKU,123.5,Pantograph interaction issue,Low,21,111,OHE Crew,2026-11-05,normal,Pending
OHE-26027-01733,2026-10-28,TDMS,Santragachi–Panskura,SRC–PKU,26.3,Preventive OHE maintenance,Low,26,112,OHE Tower Wagon,2026-11-03,normal,Pending
OHE-26027-01734,2026-10-28,TDMS,Santragachi–Panskura,SRC–PKU,59.6,Traction substation inspection,Medium,43,111,Traction Maintenance Team,2026-10-31,cross_department_cluster,Pending
OHE-26027-01735,2026-10-28,TDMS,Mecheda–Panskura,MCA–PKU,122.2,OHE defect,Medium,55,63,OHE Crew,2026-11-02,high_defect_load,Pending
OHE-26027-01736,2026-10-28,TDMS,Mecheda–Panskura,MCA–PKU,115.2,Insulator replacement,Low,20,56,OHE Tower Wagon,2026-11-02,cross_department_cluster,Pending
OHE-26027-01737,2026-10-28,TDMS,Kharagpur–Gidni,KGP–GID,183.5,Sectioning equipment inspection,Low,22,102,Electrical Inspection Team,2026-11-08,normal,Pending
OHE-26027-01738,2026-10-28,TDMS,Santragachi–Panskura,SRC–PKU,25.2,Sectioning equipment inspection,Medium,51,95,Electrical Inspection Team,2026-11-01,normal,Pending
OHE-26027-01739,2026-10-28,TDMS,Kharagpur–Gidni,KGP–GID,183.5,OHE defect,Low,33,82,OHE Tower Wagon,2026-11-03,cross_department_cluster,Pending
OHE-26027-01740,2026-10-28,TDMS,Howrah–Santragachi,HWH–SRC,5.0,Preventive OHE maintenance,Low,26,91,Electrical Inspection Team,2026-11-10,normal,Pending
OHE-26027-01741,2026-10-28,TDMS,Mecheda–Panskura,MCA–PKU,116.6,Contact wire inspection,Medium,48,111,OHE Crew,2026-11-02,mixed_realistic,Pending
OHE-26027-01742,2026-10-28,TDMS,Mecheda–Panskura,MCA–PKU,121.9,Insulator replacement,Critical,85,45,OHE Tower Wagon,2026-10-28,critical_defect,Pending
OHE-26027-01743,2026-10-28,TDMS,Kharagpur–Gidni,KGP–GID,188.4,Preventive OHE maintenance,Medium,46,95,OHE Tower Wagon,2026-10-31,cross_department_cluster,Pending
OHE-26027-01744,2026-10-28,TDMS,Panskura–Kharagpur,PKU–KGP,157.9,Insulator replacement,Medium,64,90,OHE Crew,2026-10-31,normal,Pending
OHE-26027-01745,2026-10-28,TDMS,Kharagpur–Gidni,KGP–GID,177.8,Preventive OHE maintenance,Medium,50,103,OHE Tower Wagon,2026-11-04,cross_department_cluster,Pending
OHE-26027-01746,2026-10-28,TDMS,Panskura–Kharagpur,PKU–KGP,142.4,Traction substation inspection,Critical,92,92,Traction Maintenance Team,2026-10-29,cross_department_cluster,Pending
OHE-26027-01747,2026-10-28,TDMS,Howrah–Santragachi,HWH–SRC,2.9,Pantograph interaction issue,Low,32,98,OHE Tower Wagon,2026-11-04,high_defect_load,Pending
OHE-26027-01748,2026-10-28,TDMS,Panskura–Kharagpur,PKU–KGP,158.1,Sectioning equipment inspection,Low,36,80,Electrical Inspection Team,2026-11-06,cross_department_cluster,Pending
OHE-26027-01749,2026-10-28,TDMS,Kharagpur–Gidni,KGP–GID,199.2,Preventive OHE maintenance,Medium,57,116,Traction Maintenance Team,2026-10-30,cross_department_cluster,Pending
OHE-26027-01750,2026-10-28,TDMS,Panskura–Kharagpur,PKU–KGP,149.8,OHE defect,Low,26,96,OHE Tower Wagon,2026-11-08,high_defect_load,Pending
OHE-26027-01751,2026-10-28,TDMS,Kharagpur–Gidni,KGP–GID,205.0,Insulator replacement,Low,29,86,OHE Crew,2026-11-06,normal,Pending
OHE-26027-01752,2026-10-28,TDMS,Santragachi–Panskura,SRC–PKU,80.7,Contact wire inspection,High,76,63,OHE Crew,2026-10-30,normal,Pending
OHE-26027-01753,2026-10-28,TDMS,Kharagpur–Gidni,KGP–GID,171.9,Traction substation inspection,Medium,47,124,Traction Maintenance Team,2026-10-31,mixed_realistic,Pending
OHE-26027-01754,2026-10-28,TDMS,Mecheda–Panskura,MCA–PKU,118.3,Insulator replacement,Medium,64,78,OHE Tower Wagon,2026-11-01,cross_department_cluster,Pending
OHE-26027-01755,2026-10-28,TDMS,Santragachi–Panskura,SRC–PKU,39.9,Traction substation inspection,Low,23,120,Traction Maintenance Team,2026-11-02,normal,Pending
OHE-26027-01756,2026-10-29,TDMS,Howrah–Santragachi,HWH–SRC,2.9,Contact wire inspection,Medium,59,93,OHE Tower Wagon,2026-11-05,normal,Pending
OHE-26027-01757,2026-10-29,TDMS,Mecheda–Panskura,MCA–PKU,118.1,OHE defect,Medium,46,120,OHE Tower Wagon,2026-11-04,cross_department_cluster,Pending
OHE-26027-01758,2026-10-29,TDMS,Mecheda–Panskura,MCA–PKU,118.2,Traction substation inspection,Medium,55,156,Traction Maintenance Team,2026-10-31,cross_department_cluster,Pending
OHE-26027-01759,2026-10-29,TDMS,Santragachi–Panskura,SRC–PKU,104.1,Sectioning equipment inspection,Critical,90,73,Electrical Inspection Team,2026-10-30,critical_defect,Pending
OHE-26027-01760,2026-10-29,TDMS,Howrah–Santragachi,HWH–SRC,6.2,Preventive OHE maintenance,High,75,87,Electrical Inspection Team,2026-10-31,high_defect_load,Pending
OHE-26027-01761,2026-10-29,TDMS,Mecheda–Panskura,MCA–PKU,123.1,Traction substation inspection,Low,34,90,Traction Maintenance Team,2026-11-09,cross_department_cluster,Pending
OHE-26027-01762,2026-10-29,TDMS,Mecheda–Panskura,MCA–PKU,116.6,Traction substation inspection,Medium,62,137,Traction Maintenance Team,2026-11-02,mixed_realistic,Pending
OHE-26027-01763,2026-10-29,TDMS,Kharagpur–Gidni,KGP–GID,173.0,Traction substation inspection,High,68,131,Traction Maintenance Team,2026-10-29,normal,Pending
OHE-26027-01764,2026-10-29,TDMS,Panskura–Kharagpur,PKU–KGP,144.6,Preventive OHE maintenance,Low,19,110,OHE Tower Wagon,2026-11-03,cross_department_cluster,Pending
OHE-26027-01765,2026-10-29,TDMS,Panskura–Kharagpur,PKU–KGP,127.0,Pantograph interaction issue,Low,19,67,OHE Crew,2026-11-04,normal,Pending
OHE-26027-01766,2026-10-29,TDMS,Santragachi–Panskura,SRC–PKU,83.3,Pantograph interaction issue,Medium,60,87,OHE Crew,2026-10-31,high_defect_load,Pending
OHE-26027-01767,2026-10-29,TDMS,Kharagpur–Gidni,KGP–GID,199.5,Preventive OHE maintenance,Medium,57,86,Electrical Inspection Team,2026-11-02,normal,Pending
OHE-26027-01768,2026-10-29,TDMS,Kharagpur–Gidni,KGP–GID,192.8,Pantograph interaction issue,Medium,56,94,OHE Crew,2026-11-05,normal,Pending
OHE-26027-01769,2026-10-29,TDMS,Panskura–Kharagpur,PKU–KGP,158.2,Sectioning equipment inspection,Medium,47,85,Electrical Inspection Team,2026-11-02,cross_department_cluster,Pending
OHE-26027-01770,2026-10-29,TDMS,Kharagpur–Gidni,KGP–GID,185.9,Insulator replacement,High,72,88,OHE Tower Wagon,2026-11-01,cross_department_cluster,Pending
OHE-26027-01771,2026-10-29,TDMS,Kharagpur–Gidni,KGP–GID,206.0,Traction substation inspection,High,66,106,Traction Maintenance Team,2026-11-01,cross_department_cluster,Pending
OHE-26027-01772,2026-10-29,TDMS,Kharagpur–Gidni,KGP–GID,214.2,Insulator replacement,Medium,46,85,OHE Crew,2026-11-01,cross_department_cluster,Pending
OHE-26027-01773,2026-10-29,TDMS,Santragachi–Panskura,SRC–PKU,66.8,Preventive OHE maintenance,Low,25,68,Electrical Inspection Team,2026-11-12,cross_department_cluster,Pending
OHE-26027-01774,2026-10-29,TDMS,Mecheda–Panskura,MCA–PKU,118.4,Traction substation inspection,High,77,144,Traction Maintenance Team,2026-10-29,mixed_realistic,Pending
OHE-26027-01775,2026-10-29,TDMS,Panskura–Kharagpur,PKU–KGP,144.2,OHE defect,High,81,143,OHE Crew,2026-11-01,normal,Pending
OHE-26027-01776,2026-10-29,TDMS,Panskura–Kharagpur,PKU–KGP,136.1,Pantograph interaction issue,Medium,55,95,OHE Tower Wagon,2026-11-02,mixed_realistic,Pending
OHE-26027-01777,2026-10-29,TDMS,Mecheda–Panskura,MCA–PKU,117.6,Sectioning equipment inspection,Low,18,80,Electrical Inspection Team,2026-11-03,mixed_realistic,Pending
OHE-26027-01778,2026-10-29,TDMS,Mecheda–Panskura,MCA–PKU,118.2,Insulator replacement,Low,32,70,OHE Crew,2026-11-12,cross_department_cluster,Pending
OHE-26027-01779,2026-10-29,TDMS,Kharagpur–Gidni,KGP–GID,207.6,Preventive OHE maintenance,Low,20,58,OHE Tower Wagon,2026-11-07,normal,Pending
OHE-26027-01780,2026-10-29,TDMS,Mecheda–Panskura,MCA–PKU,118.2,Insulator replacement,High,69,61,OHE Crew,2026-11-01,cross_department_cluster,Pending
OHE-26027-01781,2026-10-29,TDMS,Panskura–Kharagpur,PKU–KGP,158.0,Preventive OHE maintenance,High,76,48,Electrical Inspection Team,2026-11-01,cross_department_cluster,Pending
OHE-26027-01782,2026-10-29,TDMS,Howrah–Santragachi,HWH–SRC,9.5,Insulator replacement,Medium,55,76,OHE Crew,2026-11-04,normal,Pending
OHE-26027-01783,2026-10-29,TDMS,Panskura–Kharagpur,PKU–KGP,136.1,OHE defect,Medium,40,121,OHE Crew,2026-10-31,high_defect_load,Pending
OHE-26027-01784,2026-10-29,TDMS,Howrah–Santragachi,HWH–SRC,5.2,Contact wire inspection,High,81,112,OHE Crew,2026-10-30,normal,Pending
OHE-26027-01785,2026-10-29,TDMS,Panskura–Kharagpur,PKU–KGP,166.9,Pantograph interaction issue,Medium,49,77,OHE Crew,2026-11-05,normal,Pending
OHE-26027-01786,2026-10-29,TDMS,Kharagpur–Gidni,KGP–GID,201.9,OHE defect,Low,23,118,OHE Tower Wagon,2026-11-09,cross_department_cluster,Pending
OHE-26027-01787,2026-10-29,TDMS,Panskura–Kharagpur,PKU–KGP,147.3,Insulator replacement,High,70,71,OHE Crew,2026-10-31,normal,Pending
OHE-26027-01788,2026-10-29,TDMS,Santragachi–Panskura,SRC–PKU,26.0,Insulator replacement,Low,19,77,OHE Tower Wagon,2026-11-12,normal,Pending
OHE-26027-01789,2026-10-29,TDMS,Panskura–Kharagpur,PKU–KGP,142.5,Traction substation inspection,Medium,61,111,Traction Maintenance Team,2026-10-31,cross_department_cluster,Pending
OHE-26027-01790,2026-10-29,TDMS,Mecheda–Panskura,MCA–PKU,115.7,Contact wire inspection,Low,33,115,OHE Crew,2026-11-06,normal,Pending
OHE-26027-01791,2026-10-29,TDMS,Mecheda–Panskura,MCA–PKU,118.0,Sectioning equipment inspection,Medium,44,81,Electrical Inspection Team,2026-11-03,cross_department_cluster,Pending
OHE-26027-01792,2026-10-29,TDMS,Santragachi–Panskura,SRC–PKU,80.7,OHE defect,High,77,76,OHE Crew,2026-10-30,normal,Pending
OHE-26027-01793,2026-10-29,TDMS,Howrah–Santragachi,HWH–SRC,11.9,Traction substation inspection,Medium,58,142,Traction Maintenance Team,2026-11-02,normal,Pending
OHE-26027-01794,2026-10-29,TDMS,Mecheda–Panskura,MCA–PKU,121.9,Contact wire inspection,Medium,59,82,OHE Tower Wagon,2026-11-05,normal,Pending
OHE-26027-01795,2026-10-29,TDMS,Panskura–Kharagpur,PKU–KGP,158.2,Sectioning equipment inspection,High,82,88,Electrical Inspection Team,2026-10-29,cross_department_cluster,Pending
OHE-26027-01796,2026-10-29,TDMS,Kharagpur–Gidni,KGP–GID,209.3,Pantograph interaction issue,Medium,53,116,OHE Tower Wagon,2026-10-31,normal,Pending
OHE-26027-01797,2026-10-29,TDMS,Howrah–Santragachi,HWH–SRC,4.1,OHE defect,Medium,58,113,OHE Tower Wagon,2026-11-03,cross_department_cluster,Pending
OHE-26027-01798,2026-10-29,TDMS,Howrah–Santragachi,HWH–SRC,1.1,OHE defect,Low,25,142,OHE Crew,2026-11-04,normal,Pending
OHE-26027-01799,2026-10-29,TDMS,Mecheda–Panskura,MCA–PKU,116.8,Traction substation inspection,Medium,62,162,Traction Maintenance Team,2026-11-01,normal,Pending
OHE-26027-01800,2026-10-29,TDMS,Panskura–Kharagpur,PKU–KGP,157.7,Contact wire inspection,High,83,79,OHE Tower Wagon,2026-10-30,cross_department_cluster,Pending
OHE-26027-01801,2026-10-29,TDMS,Panskura–Kharagpur,PKU–KGP,142.4,Pantograph interaction issue,Medium,40,110,OHE Tower Wagon,2026-11-05,cross_department_cluster,Pending
OHE-26027-01802,2026-10-29,TDMS,Kharagpur–Gidni,KGP–GID,199.4,Sectioning equipment inspection,Medium,49,85,Electrical Inspection Team,2026-11-02,normal,Pending
OHE-26027-01803,2026-10-29,TDMS,Panskura–Kharagpur,PKU–KGP,136.5,Contact wire inspection,Critical,100,62,OHE Tower Wagon,2026-10-30,critical_defect,Pending
OHE-26027-01804,2026-10-29,TDMS,Howrah–Santragachi,HWH–SRC,0.2,Traction substation inspection,Medium,56,159,Traction Maintenance Team,2026-11-03,high_defect_load,Pending
OHE-26027-01805,2026-10-29,TDMS,Panskura–Kharagpur,PKU–KGP,129.6,Preventive OHE maintenance,High,83,99,Electrical Inspection Team,2026-10-29,normal,Pending
OHE-26027-01806,2026-10-29,TDMS,Panskura–Kharagpur,PKU–KGP,168.0,Preventive OHE maintenance,High,68,113,OHE Crew,2026-10-31,normal,Pending
OHE-26027-01807,2026-10-29,TDMS,Panskura–Kharagpur,PKU–KGP,147.7,OHE defect,Low,19,137,OHE Crew,2026-11-05,cross_department_cluster,Pending
OHE-26027-01808,2026-10-29,TDMS,Kharagpur–Gidni,KGP–GID,172.8,Traction substation inspection,High,70,112,Traction Maintenance Team,2026-11-01,cross_department_cluster,Pending
OHE-26027-01809,2026-10-29,TDMS,Panskura–Kharagpur,PKU–KGP,158.2,OHE defect,High,81,119,OHE Crew,2026-11-01,cross_department_cluster,Pending
OHE-26027-01810,2026-10-29,TDMS,Panskura–Kharagpur,PKU–KGP,155.5,Sectioning equipment inspection,Low,26,112,Electrical Inspection Team,2026-11-05,cross_department_cluster,Pending
OHE-26027-01811,2026-10-29,TDMS,Santragachi–Panskura,SRC–PKU,25.8,Insulator replacement,Low,29,90,OHE Tower Wagon,2026-11-03,normal,Pending
OHE-26027-01812,2026-10-29,TDMS,Panskura–Kharagpur,PKU–KGP,164.4,Sectioning equipment inspection,Medium,55,117,Electrical Inspection Team,2026-11-03,cross_department_cluster,Pending
OHE-26027-01813,2026-10-29,TDMS,Santragachi–Panskura,SRC–PKU,66.3,Pantograph interaction issue,Low,34,90,OHE Crew,2026-11-05,high_defect_load,Pending
OHE-26027-01814,2026-10-29,TDMS,Kharagpur–Gidni,KGP–GID,204.2,Preventive OHE maintenance,Medium,47,47,Traction Maintenance Team,2026-11-01,cross_department_cluster,Pending
OHE-26027-01815,2026-10-29,TDMS,Howrah–Santragachi,HWH–SRC,5.6,Insulator replacement,High,70,75,OHE Crew,2026-10-29,normal,Pending
OHE-26027-01816,2026-10-29,TDMS,Howrah–Santragachi,HWH–SRC,0.5,Pantograph interaction issue,Low,35,61,OHE Crew,2026-11-09,normal,Pending
OHE-26027-01817,2026-10-29,TDMS,Panskura–Kharagpur,PKU–KGP,164.3,OHE defect,High,78,104,OHE Crew,2026-10-30,cross_department_cluster,Pending
OHE-26027-01818,2026-10-29,TDMS,Mecheda–Panskura,MCA–PKU,116.0,Sectioning equipment inspection,Low,16,108,Electrical Inspection Team,2026-11-05,normal,Pending
OHE-26027-01819,2026-10-29,TDMS,Panskura–Kharagpur,PKU–KGP,163.3,Contact wire inspection,Critical,97,52,OHE Tower Wagon,2026-10-29,critical_defect,Pending
OHE-26027-01820,2026-10-29,TDMS,Panskura–Kharagpur,PKU–KGP,158.2,OHE defect,Medium,40,136,OHE Tower Wagon,2026-10-31,cross_department_cluster,Pending
OHE-26027-01821,2026-10-30,TDMS,Panskura–Kharagpur,PKU–KGP,129.8,Sectioning equipment inspection,High,79,117,Electrical Inspection Team,2026-11-01,normal,Pending
OHE-26027-01822,2026-10-30,TDMS,Panskura–Kharagpur,PKU–KGP,147.8,Insulator replacement,Medium,47,57,OHE Tower Wagon,2026-11-05,cross_department_cluster,Pending
OHE-26027-01823,2026-10-30,TDMS,Howrah–Santragachi,HWH–SRC,11.0,Insulator replacement,Medium,60,85,OHE Tower Wagon,2026-11-03,cross_department_cluster,Pending
OHE-26027-01824,2026-10-30,TDMS,Howrah–Santragachi,HWH–SRC,9.7,Sectioning equipment inspection,Critical,92,95,Electrical Inspection Team,2026-10-30,mixed_realistic,Pending
OHE-26027-01825,2026-10-30,TDMS,Santragachi–Panskura,SRC–PKU,110.8,Pantograph interaction issue,Medium,44,91,OHE Crew,2026-11-05,cross_department_cluster,Pending
OHE-26027-01826,2026-10-30,TDMS,Santragachi–Panskura,SRC–PKU,70.8,Pantograph interaction issue,Critical,98,77,OHE Crew,2026-10-30,critical_defect,Pending
OHE-26027-01827,2026-10-30,TDMS,Santragachi–Panskura,SRC–PKU,114.7,Pantograph interaction issue,Medium,52,103,OHE Tower Wagon,2026-11-02,cross_department_cluster,Pending
OHE-26027-01828,2026-10-30,TDMS,Kharagpur–Gidni,KGP–GID,180.0,Contact wire inspection,Medium,59,71,OHE Crew,2026-11-02,normal,Pending
OHE-26027-01829,2026-10-30,TDMS,Kharagpur–Gidni,KGP–GID,171.2,OHE defect,High,70,140,OHE Tower Wagon,2026-10-30,normal,Pending
OHE-26027-01830,2026-10-30,TDMS,Santragachi–Panskura,SRC–PKU,109.7,Sectioning equipment inspection,Low,25,120,Electrical Inspection Team,2026-11-12,normal,Pending
OHE-26027-01831,2026-10-30,TDMS,Santragachi–Panskura,SRC–PKU,95.3,Pantograph interaction issue,Medium,49,116,OHE Crew,2026-11-06,cross_department_cluster,Pending
OHE-26027-01832,2026-10-30,TDMS,Santragachi–Panskura,SRC–PKU,98.1,Contact wire inspection,Medium,64,62,OHE Crew,2026-11-04,normal,Pending
OHE-26027-01833,2026-10-30,TDMS,Mecheda–Panskura,MCA–PKU,124.3,Preventive OHE maintenance,Critical,85,86,OHE Crew,2026-10-30,high_conflict,Pending
OHE-26027-01834,2026-10-30,TDMS,Howrah–Santragachi,HWH–SRC,11.9,Insulator replacement,Critical,95,73,OHE Crew,2026-10-30,high_conflict,Pending
OHE-26027-01835,2026-10-30,TDMS,Kharagpur–Gidni,KGP–GID,195.6,Pantograph interaction issue,Medium,48,70,OHE Crew,2026-11-03,normal,Pending
OHE-26027-01836,2026-10-30,TDMS,Mecheda–Panskura,MCA–PKU,118.5,Traction substation inspection,Medium,58,133,Traction Maintenance Team,2026-11-03,cross_department_cluster,Pending
OHE-26027-01837,2026-10-30,TDMS,Howrah–Santragachi,HWH–SRC,5.4,Preventive OHE maintenance,Medium,58,97,OHE Tower Wagon,2026-11-05,mixed_realistic,Pending
OHE-26027-01838,2026-10-30,TDMS,Panskura–Kharagpur,PKU–KGP,164.2,Pantograph interaction issue,Low,35,115,OHE Tower Wagon,2026-11-04,cross_department_cluster,Pending
OHE-26027-01839,2026-10-30,TDMS,Kharagpur–Gidni,KGP–GID,198.5,Contact wire inspection,Medium,50,76,OHE Tower Wagon,2026-11-04,normal,Pending
OHE-26027-01840,2026-10-30,TDMS,Mecheda–Panskura,MCA–PKU,121.1,Sectioning equipment inspection,Medium,52,96,Electrical Inspection Team,2026-11-01,high_defect_load,Pending
OHE-26027-01841,2026-10-30,TDMS,Mecheda–Panskura,MCA–PKU,120.3,Sectioning equipment inspection,High,70,91,Electrical Inspection Team,2026-10-30,cross_department_cluster,Pending
OHE-26027-01842,2026-10-30,TDMS,Mecheda–Panskura,MCA–PKU,118.2,Contact wire inspection,High,83,97,OHE Crew,2026-11-02,cross_department_cluster,Pending
OHE-26027-01843,2026-10-30,TDMS,Santragachi–Panskura,SRC–PKU,93.9,Pantograph interaction issue,Medium,44,118,OHE Crew,2026-11-02,cross_department_cluster,Pending
OHE-26027-01844,2026-10-30,TDMS,Santragachi–Panskura,SRC–PKU,113.2,OHE defect,Medium,56,85,OHE Crew,2026-11-01,cross_department_cluster,Pending
OHE-26027-01845,2026-10-30,TDMS,Panskura–Kharagpur,PKU–KGP,157.9,Pantograph interaction issue,High,75,62,OHE Tower Wagon,2026-10-31,cross_department_cluster,Pending
OHE-26027-01846,2026-10-30,TDMS,Howrah–Santragachi,HWH–SRC,8.0,Contact wire inspection,Medium,50,82,OHE Crew,2026-11-05,normal,Pending
OHE-26027-01847,2026-10-30,TDMS,Panskura–Kharagpur,PKU–KGP,142.3,Insulator replacement,Critical,86,57,OHE Tower Wagon,2026-10-31,cross_department_cluster,Pending
OHE-26027-01848,2026-10-30,TDMS,Panskura–Kharagpur,PKU–KGP,129.8,Sectioning equipment inspection,Critical,93,72,Electrical Inspection Team,2026-10-30,critical_defect,Pending
OHE-26027-01849,2026-10-30,TDMS,Panskura–Kharagpur,PKU–KGP,132.6,Sectioning equipment inspection,Low,23,74,Electrical Inspection Team,2026-11-12,normal,Pending
OHE-26027-01850,2026-10-30,TDMS,Kharagpur–Gidni,KGP–GID,176.9,Preventive OHE maintenance,Medium,54,67,OHE Crew,2026-11-01,cross_department_cluster,Pending
OHE-26027-01851,2026-10-30,TDMS,Panskura–Kharagpur,PKU–KGP,134.6,Traction substation inspection,Medium,42,98,Traction Maintenance Team,2026-11-06,normal,Pending
OHE-26027-01852,2026-10-30,TDMS,Mecheda–Panskura,MCA–PKU,124.0,OHE defect,Critical,100,113,OHE Tower Wagon,2026-10-31,critical_defect,Pending
OHE-26027-01853,2026-10-30,TDMS,Santragachi–Panskura,SRC–PKU,55.1,Sectioning equipment inspection,Low,37,109,Electrical Inspection Team,2026-11-10,mixed_realistic,Pending
OHE-26027-01854,2026-10-30,TDMS,Kharagpur–Gidni,KGP–GID,199.7,Traction substation inspection,Low,25,136,Traction Maintenance Team,2026-11-12,normal,Pending
OHE-26027-01855,2026-10-30,TDMS,Panskura–Kharagpur,PKU–KGP,156.4,Pantograph interaction issue,Medium,56,81,OHE Tower Wagon,2026-11-01,cross_department_cluster,Pending
OHE-26027-01856,2026-10-30,TDMS,Panskura–Kharagpur,PKU–KGP,128.1,Traction substation inspection,Low,22,173,Traction Maintenance Team,2026-11-11,normal,Pending
OHE-26027-01857,2026-10-30,TDMS,Santragachi–Panskura,SRC–PKU,68.3,Sectioning equipment inspection,High,69,93,Electrical Inspection Team,2026-10-30,normal,Pending
OHE-26027-01858,2026-10-30,TDMS,Santragachi–Panskura,SRC–PKU,37.7,Pantograph interaction issue,Medium,56,94,OHE Tower Wagon,2026-11-06,mixed_realistic,Pending
OHE-26027-01859,2026-10-30,TDMS,Howrah–Santragachi,HWH–SRC,6.3,Contact wire inspection,Low,21,91,OHE Tower Wagon,2026-11-05,cross_department_cluster,Pending
OHE-26027-01860,2026-10-30,TDMS,Howrah–Santragachi,HWH–SRC,6.8,OHE defect,Low,24,88,OHE Crew,2026-11-12,normal,Pending
OHE-26027-01861,2026-10-30,TDMS,Mecheda–Panskura,MCA–PKU,118.2,Insulator replacement,Low,17,80,OHE Crew,2026-11-11,normal,Pending
OHE-26027-01862,2026-10-30,TDMS,Santragachi–Panskura,SRC–PKU,16.8,Pantograph interaction issue,High,74,104,OHE Crew,2026-11-01,cross_department_cluster,Pending
OHE-26027-01863,2026-10-30,TDMS,Mecheda–Panskura,MCA–PKU,118.3,Pantograph interaction issue,Low,22,83,OHE Crew,2026-11-06,normal,Pending
OHE-26027-01864,2026-10-30,TDMS,Mecheda–Panskura,MCA–PKU,118.0,Insulator replacement,High,82,53,OHE Crew,2026-10-30,cross_department_cluster,Pending
OHE-26027-01865,2026-10-30,TDMS,Santragachi–Panskura,SRC–PKU,31.4,Insulator replacement,Medium,47,57,OHE Crew,2026-11-06,normal,Pending
OHE-26027-01866,2026-10-30,TDMS,Kharagpur–Gidni,KGP–GID,200.1,Sectioning equipment inspection,High,76,91,Electrical Inspection Team,2026-10-30,high_defect_load,Pending
OHE-26027-01867,2026-10-30,TDMS,Panskura–Kharagpur,PKU–KGP,146.5,Sectioning equipment inspection,Medium,63,74,Electrical Inspection Team,2026-11-03,cross_department_cluster,Pending
OHE-26027-01868,2026-10-30,TDMS,Santragachi–Panskura,SRC–PKU,19.4,Contact wire inspection,High,68,95,OHE Tower Wagon,2026-11-02,normal,Pending
OHE-26027-01869,2026-10-30,TDMS,Panskura–Kharagpur,PKU–KGP,142.6,OHE defect,Low,15,103,OHE Crew,2026-11-08,cross_department_cluster,Pending
OHE-26027-01870,2026-10-30,TDMS,Kharagpur–Gidni,KGP–GID,176.9,Sectioning equipment inspection,Low,21,102,Electrical Inspection Team,2026-11-09,cross_department_cluster,Pending
OHE-26027-01871,2026-10-30,TDMS,Panskura–Kharagpur,PKU–KGP,142.2,Contact wire inspection,Critical,88,51,OHE Crew,2026-10-31,cross_department_cluster,Pending
OHE-26027-01872,2026-10-30,TDMS,Santragachi–Panskura,SRC–PKU,23.9,Traction substation inspection,Medium,40,113,Traction Maintenance Team,2026-11-02,normal,Pending
OHE-26027-01873,2026-10-30,TDMS,Santragachi–Panskura,SRC–PKU,111.4,Sectioning equipment inspection,Low,17,67,Electrical Inspection Team,2026-11-07,normal,Pending
OHE-26027-01874,2026-10-30,TDMS,Panskura–Kharagpur,PKU–KGP,157.8,Contact wire inspection,Medium,50,88,OHE Tower Wagon,2026-11-04,cross_department_cluster,Pending
OHE-26027-01875,2026-10-30,TDMS,Panskura–Kharagpur,PKU–KGP,155.6,Sectioning equipment inspection,Low,18,97,Electrical Inspection Team,2026-11-09,normal,Pending
OHE-26027-01876,2026-10-30,TDMS,Mecheda–Panskura,MCA–PKU,122.0,Preventive OHE maintenance,Medium,61,70,Traction Maintenance Team,2026-11-05,normal,Pending
OHE-26027-01877,2026-10-30,TDMS,Kharagpur–Gidni,KGP–GID,187.2,Preventive OHE maintenance,Medium,41,116,OHE Tower Wagon,2026-11-05,normal,Pending
OHE-26027-01878,2026-10-30,TDMS,Howrah–Santragachi,HWH–SRC,0.6,Contact wire inspection,Low,34,87,OHE Crew,2026-11-07,normal,Pending
OHE-26027-01879,2026-10-30,TDMS,Panskura–Kharagpur,PKU–KGP,142.6,Pantograph interaction issue,Medium,55,114,OHE Crew,2026-11-01,cross_department_cluster,Pending
OHE-26027-01880,2026-10-30,TDMS,Mecheda–Panskura,MCA–PKU,122.8,OHE defect,Medium,52,119,OHE Tower Wagon,2026-11-05,normal,Pending
OHE-26027-01881,2026-10-30,TDMS,Panskura–Kharagpur,PKU–KGP,157.7,Sectioning equipment inspection,Medium,52,87,Electrical Inspection Team,2026-11-03,cross_department_cluster,Pending
OHE-26027-01882,2026-10-30,TDMS,Kharagpur–Gidni,KGP–GID,210.1,Contact wire inspection,Low,38,120,OHE Crew,2026-11-09,normal,Pending
OHE-26027-01883,2026-10-30,TDMS,Santragachi–Panskura,SRC–PKU,78.9,Sectioning equipment inspection,Medium,41,92,Electrical Inspection Team,2026-11-03,normal,Pending
OHE-26027-01884,2026-10-30,TDMS,Howrah–Santragachi,HWH–SRC,7.5,Pantograph interaction issue,High,68,63,OHE Tower Wagon,2026-11-02,cross_department_cluster,Pending
OHE-26027-01885,2026-10-30,TDMS,Kharagpur–Gidni,KGP–GID,209.4,OHE defect,Medium,56,97,OHE Crew,2026-11-03,high_defect_load,Pending
OHE-26027-01886,2026-10-31,TDMS,Kharagpur–Gidni,KGP–GID,195.2,Pantograph interaction issue,High,69,82,OHE Tower Wagon,2026-10-31,normal,Pending
OHE-26027-01887,2026-10-31,TDMS,Kharagpur–Gidni,KGP–GID,208.6,Traction substation inspection,Medium,48,146,Traction Maintenance Team,2026-11-03,mixed_realistic,Pending
OHE-26027-01888,2026-10-31,TDMS,Mecheda–Panskura,MCA–PKU,117.7,OHE defect,Medium,46,125,OHE Crew,2026-11-04,high_defect_load,Pending
OHE-26027-01889,2026-10-31,TDMS,Mecheda–Panskura,MCA–PKU,118.5,OHE defect,Low,39,97,OHE Crew,2026-11-06,normal,Pending
OHE-26027-01890,2026-10-31,TDMS,Santragachi–Panskura,SRC–PKU,41.1,Contact wire inspection,Low,33,98,OHE Crew,2026-11-14,normal,Pending
OHE-26027-01891,2026-10-31,TDMS,Panskura–Kharagpur,PKU–KGP,164.2,Insulator replacement,Medium,61,63,OHE Crew,2026-11-02,cross_department_cluster,Pending
OHE-26027-01892,2026-10-31,TDMS,Panskura–Kharagpur,PKU–KGP,150.3,Pantograph interaction issue,High,77,90,OHE Tower Wagon,2026-11-03,normal,Pending
OHE-26027-01893,2026-10-31,TDMS,Panskura–Kharagpur,PKU–KGP,164.3,Pantograph interaction issue,Low,35,66,OHE Tower Wagon,2026-11-09,cross_department_cluster,Pending
OHE-26027-01894,2026-10-31,TDMS,Kharagpur–Gidni,KGP–GID,212.2,Pantograph interaction issue,High,76,91,OHE Crew,2026-11-01,cross_department_cluster,Pending
OHE-26027-01895,2026-10-31,TDMS,Howrah–Santragachi,HWH–SRC,2.7,Sectioning equipment inspection,High,84,105,Electrical Inspection Team,2026-10-31,cross_department_cluster,Pending
OHE-26027-01896,2026-10-31,TDMS,Mecheda–Panskura,MCA–PKU,122.7,Contact wire inspection,Low,18,78,OHE Tower Wagon,2026-11-07,normal,Pending
OHE-26027-01897,2026-10-31,TDMS,Howrah–Santragachi,HWH–SRC,12.0,Preventive OHE maintenance,Medium,44,103,OHE Crew,2026-11-06,normal,Pending
OHE-26027-01898,2026-10-31,TDMS,Panskura–Kharagpur,PKU–KGP,158.2,Contact wire inspection,Low,20,104,OHE Crew,2026-11-11,cross_department_cluster,Pending
OHE-26027-01899,2026-10-31,TDMS,Howrah–Santragachi,HWH–SRC,9.9,Traction substation inspection,High,75,160,Traction Maintenance Team,2026-11-02,normal,Pending
OHE-26027-01900,2026-10-31,TDMS,Panskura–Kharagpur,PKU–KGP,142.5,Contact wire inspection,Critical,87,86,OHE Tower Wagon,2026-10-31,cross_department_cluster,Pending
OHE-26027-01901,2026-10-31,TDMS,Mecheda–Panskura,MCA–PKU,120.6,Preventive OHE maintenance,Low,33,63,Electrical Inspection Team,2026-11-12,normal,Pending
OHE-26027-01902,2026-10-31,TDMS,Kharagpur–Gidni,KGP–GID,184.3,Traction substation inspection,Medium,45,107,Traction Maintenance Team,2026-11-04,normal,Pending
OHE-26027-01903,2026-10-31,TDMS,Panskura–Kharagpur,PKU–KGP,168.9,Traction substation inspection,Medium,58,108,Traction Maintenance Team,2026-11-04,normal,Pending
OHE-26027-01904,2026-10-31,TDMS,Howrah–Santragachi,HWH–SRC,7.4,OHE defect,Critical,96,85,OHE Tower Wagon,2026-11-01,high_conflict,Pending
OHE-26027-01905,2026-10-31,TDMS,Santragachi–Panskura,SRC–PKU,22.6,Insulator replacement,High,83,56,OHE Tower Wagon,2026-11-02,cross_department_cluster,Pending
OHE-26027-01906,2026-10-31,TDMS,Mecheda–Panskura,MCA–PKU,120.9,Sectioning equipment inspection,Medium,59,82,Electrical Inspection Team,2026-11-07,high_defect_load,Pending
OHE-26027-01907,2026-10-31,TDMS,Santragachi–Panskura,SRC–PKU,67.1,Sectioning equipment inspection,Medium,52,91,Electrical Inspection Team,2026-11-03,normal,Pending
OHE-26027-01908,2026-10-31,TDMS,Mecheda–Panskura,MCA–PKU,117.6,Traction substation inspection,Critical,87,87,Traction Maintenance Team,2026-10-31,high_conflict,Pending
OHE-26027-01909,2026-10-31,TDMS,Kharagpur–Gidni,KGP–GID,204.3,Traction substation inspection,Low,25,141,Traction Maintenance Team,2026-11-05,normal,Pending
OHE-26027-01910,2026-10-31,TDMS,Panskura–Kharagpur,PKU–KGP,131.4,Sectioning equipment inspection,High,75,90,Electrical Inspection Team,2026-11-01,high_defect_load,Pending
OHE-26027-01911,2026-10-31,TDMS,Panskura–Kharagpur,PKU–KGP,158.1,OHE defect,Low,39,128,OHE Crew,2026-11-07,cross_department_cluster,Pending
OHE-26027-01912,2026-10-31,TDMS,Santragachi–Panskura,SRC–PKU,57.7,Sectioning equipment inspection,Medium,62,85,Electrical Inspection Team,2026-11-05,high_defect_load,Pending
OHE-26027-01913,2026-10-31,TDMS,Mecheda–Panskura,MCA–PKU,118.1,Insulator replacement,Medium,51,49,OHE Tower Wagon,2026-11-05,normal,Pending
OHE-26027-01914,2026-10-31,TDMS,Panskura–Kharagpur,PKU–KGP,137.8,Insulator replacement,High,82,68,OHE Crew,2026-11-02,cross_department_cluster,Pending
OHE-26027-01915,2026-10-31,TDMS,Panskura–Kharagpur,PKU–KGP,131.0,Preventive OHE maintenance,Low,25,81,OHE Crew,2026-11-09,normal,Pending
OHE-26027-01916,2026-10-31,TDMS,Kharagpur–Gidni,KGP–GID,191.3,Pantograph interaction issue,Low,16,113,OHE Tower Wagon,2026-11-10,mixed_realistic,Pending
OHE-26027-01917,2026-10-31,TDMS,Panskura–Kharagpur,PKU–KGP,142.2,OHE defect,Low,15,135,OHE Crew,2026-11-07,cross_department_cluster,Pending
OHE-26027-01918,2026-10-31,TDMS,Panskura–Kharagpur,PKU–KGP,142.4,Contact wire inspection,Medium,46,98,OHE Tower Wagon,2026-11-03,cross_department_cluster,Pending
OHE-26027-01919,2026-10-31,TDMS,Santragachi–Panskura,SRC–PKU,17.9,Insulator replacement,High,66,74,OHE Tower Wagon,2026-11-01,normal,Pending
OHE-26027-01920,2026-10-31,TDMS,Kharagpur–Gidni,KGP–GID,186.6,Pantograph interaction issue,Low,26,66,OHE Crew,2026-11-11,normal,Pending
OHE-26027-01921,2026-10-31,TDMS,Howrah–Santragachi,HWH–SRC,0.7,Contact wire inspection,Medium,62,70,OHE Tower Wagon,2026-11-06,normal,Pending
OHE-26027-01922,2026-10-31,TDMS,Kharagpur–Gidni,KGP–GID,200.1,Contact wire inspection,Low,19,98,OHE Tower Wagon,2026-11-12,mixed_realistic,Pending
OHE-26027-01923,2026-10-31,TDMS,Santragachi–Panskura,SRC–PKU,80.9,Traction substation inspection,High,69,169,Traction Maintenance Team,2026-11-01,cross_department_cluster,Pending
OHE-26027-01924,2026-10-31,TDMS,Kharagpur–Gidni,KGP–GID,209.7,Traction substation inspection,Medium,64,153,Traction Maintenance Team,2026-11-05,normal,Pending
OHE-26027-01925,2026-10-31,TDMS,Panskura–Kharagpur,PKU–KGP,130.2,Preventive OHE maintenance,Medium,40,46,OHE Crew,2026-11-06,cross_department_cluster,Pending
OHE-26027-01926,2026-10-31,TDMS,Panskura–Kharagpur,PKU–KGP,132.1,Pantograph interaction issue,High,75,101,OHE Tower Wagon,2026-10-31,normal,Pending
OHE-26027-01927,2026-10-31,TDMS,Santragachi–Panskura,SRC–PKU,15.8,Pantograph interaction issue,Critical,89,80,OHE Tower Wagon,2026-10-31,critical_defect,Pending
OHE-26027-01928,2026-10-31,TDMS,Kharagpur–Gidni,KGP–GID,194.2,Insulator replacement,Medium,56,74,OHE Crew,2026-11-05,normal,Pending
OHE-26027-01929,2026-10-31,TDMS,Panskura–Kharagpur,PKU–KGP,130.9,Insulator replacement,Medium,64,64,OHE Tower Wagon,2026-11-07,mixed_realistic,Pending
OHE-26027-01930,2026-10-31,TDMS,Panskura–Kharagpur,PKU–KGP,133.5,OHE defect,Low,28,123,OHE Tower Wagon,2026-11-05,mixed_realistic,Pending
OHE-26027-01931,2026-10-31,TDMS,Panskura–Kharagpur,PKU–KGP,131.4,Insulator replacement,Medium,43,66,OHE Tower Wagon,2026-11-07,normal,Pending
OHE-26027-01932,2026-10-31,TDMS,Panskura–Kharagpur,PKU–KGP,142.3,Preventive OHE maintenance,Low,39,54,Electrical Inspection Team,2026-11-14,cross_department_cluster,Pending
OHE-26027-01933,2026-10-31,TDMS,Panskura–Kharagpur,PKU–KGP,150.5,Insulator replacement,Low,29,65,OHE Tower Wagon,2026-11-10,high_defect_load,Pending
OHE-26027-01934,2026-10-31,TDMS,Howrah–Santragachi,HWH–SRC,10.6,Insulator replacement,High,83,47,OHE Crew,2026-11-01,high_defect_load,Pending
OHE-26027-01935,2026-10-31,TDMS,Panskura–Kharagpur,PKU–KGP,157.8,Preventive OHE maintenance,Critical,93,95,Electrical Inspection Team,2026-11-01,cross_department_cluster,Pending
OHE-26027-01936,2026-10-31,TDMS,Panskura–Kharagpur,PKU–KGP,164.4,Pantograph interaction issue,Low,15,101,OHE Crew,2026-11-12,cross_department_cluster,Pending
OHE-26027-01937,2026-10-31,TDMS,Mecheda–Panskura,MCA–PKU,122.1,Pantograph interaction issue,High,68,72,OHE Crew,2026-10-31,normal,Pending
OHE-26027-01938,2026-10-31,TDMS,Mecheda–Panskura,MCA–PKU,123.7,OHE defect,Low,39,109,OHE Crew,2026-11-14,normal,Pending
OHE-26027-01939,2026-10-31,TDMS,Kharagpur–Gidni,KGP–GID,205.2,Contact wire inspection,Medium,53,71,OHE Tower Wagon,2026-11-04,normal,Pending
OHE-26027-01940,2026-10-31,TDMS,Howrah–Santragachi,HWH–SRC,8.3,Contact wire inspection,Low,37,120,OHE Crew,2026-11-11,high_defect_load,Pending
OHE-26027-01941,2026-10-31,TDMS,Panskura–Kharagpur,PKU–KGP,164.1,Preventive OHE maintenance,Low,35,61,Traction Maintenance Team,2026-11-11,cross_department_cluster,Pending
OHE-26027-01942,2026-10-31,TDMS,Santragachi–Panskura,SRC–PKU,103.1,Traction substation inspection,Low,25,175,Traction Maintenance Team,2026-11-08,normal,Pending
OHE-26027-01943,2026-10-31,TDMS,Howrah–Santragachi,HWH–SRC,3.6,Traction substation inspection,High,82,174,Traction Maintenance Team,2026-11-01,cross_department_cluster,Pending
OHE-26027-01944,2026-10-31,TDMS,Panskura–Kharagpur,PKU–KGP,142.3,Sectioning equipment inspection,Medium,59,68,Electrical Inspection Team,2026-11-02,cross_department_cluster,Pending
OHE-26027-01945,2026-10-31,TDMS,Kharagpur–Gidni,KGP–GID,175.2,OHE defect,Medium,62,117,OHE Tower Wagon,2026-11-07,normal,Pending
OHE-26027-01946,2026-10-31,TDMS,Panskura–Kharagpur,PKU–KGP,131.5,Contact wire inspection,Low,21,88,OHE Crew,2026-11-11,cross_department_cluster,Pending
OHE-26027-01947,2026-10-31,TDMS,Panskura–Kharagpur,PKU–KGP,137.6,Preventive OHE maintenance,Medium,51,72,OHE Tower Wagon,2026-11-03,normal,Pending
OHE-26027-01948,2026-10-31,TDMS,Mecheda–Panskura,MCA–PKU,115.1,OHE defect,Medium,56,91,OHE Crew,2026-11-04,normal,Pending
OHE-26027-01949,2026-10-31,TDMS,Howrah–Santragachi,HWH–SRC,5.9,OHE defect,High,82,143,OHE Tower Wagon,2026-10-31,high_defect_load,Pending
OHE-26027-01950,2026-10-31,TDMS,Mecheda–Panskura,MCA–PKU,119.1,Pantograph interaction issue,High,72,119,OHE Crew,2026-10-31,normal,Pending
