request_id,department,defect_type,priority,priority_score,severity_score,duration_minutes,days_to_due,km,is_cluster_candidate
TRK-26027-00001,TMS,Track wear,Medium,0.6395057,3.2281573,0.015146934,1.4073769,0.0038462544,3.7888887
TRK-26027-00002,TMS,Sleeper defect,Medium,-0.8620968,-3.3745039,-0.025603233,-0.7631182,7.1744944e-06,3.7775762
TRK-26027-00003,TMS,Sleeper defect,Medium,0.10412776,0.6811634,0.017581007,1.5305508,0.00016563087,-1.1957881
TRK-26027-00004,TMS,Ballast issue,High,12.706095,3.60214,0.031842694,3.793057,-0.003753887,-1.2092971
TRK-26027-00005,TMS,Track wear,High,12.540014,4.41803,0.01839045,1.0754226,0.0046330844,3.7397134
TRK-26027-00006,TMS,Sleeper defect,Low,-16.225746,-6.950482,-0.05431478,-4.0626283,-0.0016813221,-1.1168678
TRK-26027-00007,TMS,Sleeper defect,Critical,24.238771,10.000676,0.015920963,2.373604,0.005228103,-0.9421447
TRK-26027-00008,TMS,Track wear,Low,-15.554087,-7.5744853,0.011427631,-0.7271641,-0.006617474,3.6993318
TRK-26027-00009,TMS,Track wear,Medium,0.4999534,1.3591621,0.013322332,3.5790403,0.0072988705,-1.1863135
TRK-26027-00010,TMS,USFD-related inspection,Medium,-0.810991,-1.2336186,-0.008739646,-0.1912645,-0.0005167277,-1.2018899
TRK-26027-00011,TMS,Track wear,Low,-14.207689,-5.17235,0.07377766,1.3341364,-0.0014512123,-1.2523175
TRK-26027-00012,TMS,USFD-related inspection,High,13.386104,6.42983,0.01514171,2.826721,0.0013266561,-1.2173477
TRK-26027-00013,TMS,Track geometry defect,High,13.03428,5.263283,0.010261212,3.5783389,-0.0015427577,3.7456555
TRK-26027-00014,TMS,Ballast issue,Medium,0.63606954,2.7824748,0.03579199,2.5595706,-0.00010927159,-1.2050934
TRK-26027-00015,TMS,USFD-related inspection,Low,-14.948943,-3.850441,-0.062068887,-1.9148479,-0.005767953,-1.1540095
TRK-26027-00016,TMS,Sleeper defect,Medium,-0.47161308,-0.41518098,0.009980958,0.5783013,-0.0014199861,3.7141557
TRK-26027-00017,TMS,Track geometry defect,Medium,-0.61899316,-0.39307228,0.013458585,-0.20107627,0.00084041985,-1.1813866
TRK-26027-00018,TMS,USFD-related inspection,Low,-15.132035,-8.872533,-0.06515021,3.0431705,-0.00031506942,3.7648127
TRK-26027-00019,TMS,Rail defect,Low,-16.151857,-8.02757,0.00023988866,-2.0829072,-0.005053601,3.7371264
TRK-26027-00020,TMS,Preventive track maintenance,Medium,-0.35072106,-3.7412229,0.0153860515,3.9506078,0.000859967,-1.2234635
TRK-26027-00021,TMS,Track geometry defect,High,12.967112,5.448595,0.020045703,2.8091495,-0.00096879684,-1.2136878
TRK-26027-00022,TMS,Sleeper defect,Low,-14.950688,-5.653707,0.04092619,-0.4580198,0.020598331,-1.2377863
TRK-26027-00023,TMS,Rail defect,Medium,0.19296908,0.39226437,0.020555463,2.5969353,0.00036248067,3.7593715
TRK-26027-00024,TMS,Ballast issue,High,13.06701,5.7582946,0.009911748,1.0454552,0.006304936,3.7650347
TRK-26027-00025,TMS,USFD-related inspection,Medium,0.41846398,1.6784194,0.011596468,2.4674013,0.00029676603,3.7522955
TRK-26027-00026,TMS,Sleeper defect,Medium,-0.82764393,-3.597867,0.005655885,1.1333812,-0.0010331746,-1.2195814
TRK-26027-00027,TMS,Ballast issue,High,12.779546,5.1851788,0.012228478,1.0627584,-0.00069765997,-1.2082126
TRK-26027-00028,TMS,Rail defect,High,13.028427,5.8724546,0.011366356,1.0739137,-0.00067162566,-1.2333572
TRK-26027-00029,TMS,Track wear,Low,-15.100366,-5.394615,0.0577222,-1.2788416,-0.00096788234,-1.1862026
TRK-26027-00030,TMS,Ballast issue,Critical,24.546955,10.628283,0.017418506,2.420502,-0.0008419524,-0.9241404
TRK-26027-00031,TMS,Ballast issue,Medium,-0.17623375,0.6833631,0.026799541,0.7679047,0.0034723007,-1.1894972
TRK-26027-00032,TMS,USFD-related inspection,Low,-16.851881,-9.649141,-0.07855001,-3.4379919,-0.0035481818,-1.1869252
TRK-26027-00033,TMS,Rail defect,Low,-14.628029,-4.2555647,0.08840379,-1.2587805,-0.00022127676,-1.1769407
TRK-26027-00034,TMS,USFD-related inspection,High,13.025591,5.845027,-0.01753626,1.94858,-0.0011784248,-1.2442476
TRK-26027-00035,TMS,USFD-related inspection,Low,-16.170086,-8.011819,0.0047932686,-2.0723405,-0.0035481604,3.7339134
TRK-26027-00036,TMS,Rail defect,High,13.030739,5.875026,0.006519036,1.0741236,-0.0011432949,-1.2312813
TRK-26027-00037,TMS,Preventive track maintenance,Low,-14.258771,-5.3518586,0.053154998,1.3604923,-0.0010706772,-1.2578769
TRK-26027-00038,TMS,Track wear,Medium,-0.22796227,0.45958936,0.016807575,0.75754124,-0.0017020567,-1.1905199
TRK-26027-00039,TMS,Track wear,Low,-15.274747,-6.55474,0.042310685,-0.5831127,0.0018721023,-1.2134086
TRK-26027-00040,TMS,Track geometry defect,Medium,-0.25170785,-1.6112548,0.011564737,3.5335255,-0.0024734577,3.7435272
TRK-26027-00041,TMS,USFD-related inspection,Low,-16.566448,-8.031249,-0.0866138,-2.6649332,-0.003797952,-1.1304854
TRK-26027-00042,TMS,Track geometry defect,Critical,24.147661,9.818994,0.013980654,2.358859,-0.001675876,-0.9423693
TRK-26027-00043,TMS,Track geometry defect,Medium,-0.342136,0.6428332,0.019023398,-0.17607476,0.0047410303,-1.1931931
TRK-26027-00044,TMS,USFD-related inspection,High,13.203194,6.0166154,0.01527252,2.8154025,-0.0011598355,-1.2327008
TRK-26027-00045,TMS,Sleeper defect,Medium,-0.8704844,-1.2241014,0.012222708,-0.17988594,-0.0014827423,-1.2003558
TRK-26027-00046,TMS,Track geometry defect,Medium,-0.2202704,-1.0494473,0.017863171,3.5592897,-0.0012129366,-1.2142313
TRK-26027-00047,TMS,Ballast issue,Low,-16.159061,-6.679973,0.009687841,-3.454379,0.0001545312,3.7298217
TRK-26027-00048,TMS,Rail defect,Medium,-0.780796,-1.8747561,0.006675506,0.579464,-0.0013136992,3.7336018
TRK-26027-00049,TMS,Preventive track maintenance,Low,-14.590617,-6.923772,0.074079335,3.0998762,-1.4228909e-05,-1.2484391
TRK-26027-00050,TMS,Track wear,High,12.704771,4.641595,0.012228371,2.822789,-0.0067035044,3.76193
TRK-26027-00051,TMS,Preventive track maintenance,High,12.489196,4.4468226,0.01537303,1.0957209,-0.0006099665,-1.2190467
TRK-26027-00052,TMS,Ballast issue,Critical,24.36677,10.233989,0.0233361,2.3931432,-0.0006331653,-0.939826
TRK-26027-00053,TMS,Ballast issue,Medium,-0.10612316,-0.74473304,0.017863171,3.5519774,-0.0012656047,-1.202967
TRK-26027-00054,TMS,Track geometry defect,Low,-16.249653,-6.912074,0.0427496,-3.2829351,0.00022800597,-1.1264366
TRK-26027-00055,TMS,Track wear,Low,-15.128624,-4.3263855,0.09299817,-2.6369524,-0.0021079853,-1.1163124
TRK-26027-00056,TMS,Ballast issue,High,13.260179,6.0982294,0.013519167,1.0413353,0.001584603,3.718099
TRK-26027-00057,TMS,Rail defect,Low,-14.714751,-6.6083717,0.019977232,1.2817272,-0.009002616,3.654438
TRK-26027-00058,TMS,Track wear,Medium,0.10012185,0.071399495,0.011324389,2.5744905,-0.00915215,3.726589
TRK-26027-00059,TMS,USFD-related inspection,Medium,-0.43554288,-1.9569544,0.017215893,2.665644,-0.0007416073,-1.2215374
TRK-26027-00060,TMS,USFD-related inspection,Low,-15.763225,-8.227267,0.025721526,-0.71411186,0.00046819204,-1.2100956
TRK-26027-00061,TMS,Sleeper defect,High,13.657593,7.7083716,0.021439448,1.1865627,-0.0001319779,-1.2302592
TRK-26027-00062,TMS,Rail defect,Low,-15.333436,-8.506002,0.024155483,1.2319652,-0.001320821,-1.249547
TRK-26027-00063,TMS,Sleeper defect,Critical,24.543774,10.628451,0.017195739,2.4194841,-0.006125079,-0.9127565
TRK-26027-00064,TMS,Track geometry defect,Low,-14.924285,-8.123073,0.05371391,3.1540194,0.009819925,-1.2744873
TRK-26027-00065,TMS,Ballast issue,Medium,0.10213035,0.68327916,0.026691526,1.5406411,-0.0014752396,-1.1966625
TRK-26027-00066,TMS,USFD-related inspection,High,13.638433,6.8755975,0.014557991,2.8232048,0.00024648302,-1.2368056
TRK-26027-00067,TMS,Rail defect,Medium,0.07054903,1.5806612,0.045667406,0.7867637,-0.00029623054,-1.1775566
TRK-26027-00068,TMS,Ballast issue,Medium,-0.17489046,0.6867624,0.027586138,0.7700741,2.756304e-05,-1.1884809
TRK-26027-00069,TMS,Sleeper defect,Medium,-0.27439123,0.96916735,0.0190061,-0.27002764,0.002121462,3.7728941
TRK-26027-00070,TMS,Track geometry defect,Low,-14.924174,-3.5805109,0.09094393,-2.6262581,-0.0016031681,-1.1195915
TRK-26027-00071,TMS,USFD-related inspection,Medium,-0.04979286,1.4687948,-0.04118943,-0.19835675,0.00021182268,-1.1840851
TRK-26027-00072,TMS,Track wear,Low,-15.494801,-9.021233,0.033766158,-0.042187855,-0.0013310079,-1.2260098
TRK-26027-00073,TMS,Sleeper defect,High,12.834562,5.6046257,0.020278983,1.9693382,-0.00075356924,-1.2230756
TRK-26027-00074,TMS,Sleeper defect,Low,-14.769854,-5.238353,0.022953091,-0.64091235,0.0053540305,3.6463592
TRK-26027-00075,TMS,Rail defect,Medium,-0.2332658,1.0689794,-0.001912574,-1.1154552,2.2605454e-06,-1.2006549
TRK-26027-00076,TMS,Preventive track maintenance,Medium,0.21975787,2.9684696,-0.036934547,-0.17294145,0.0011191625,-1.1885029
TRK-26027-00077,TMS,Track geometry defect,Low,-15.334131,-8.504806,0.023154395,1.2307224,-0.0009800087,-1.2497095
TRK-26027-00078,TMS,Sleeper defect,Medium,-0.38831592,-3.4764304,0.018801404,2.9885883,-0.0004818426,-1.2147992
TRK-26027-00079,TMS,Preventive track maintenance,Low,-15.315994,-4.5035796,0.08942251,-3.313852,-0.0008801727,-1.1310914
TRK-26027-00080,TMS,Preventive track maintenance,Low,-14.761385,-5.623602,0.004197892,0.16478631,-0.0025854348,-1.2068021
TRK-26027-00081,TMS,Track wear,Critical,24.682854,10.784109,-0.019410178,3.1903381,0.012961787,-0.8999617
TRK-26027-00082,TMS,Preventive track maintenance,Low,-16.666536,-8.614101,0.017282957,-3.4805033,0.0051828255,-1.1399589
TRK-26027-00083,TMS,USFD-related inspection,Medium,-0.5567972,-0.25149816,-0.023263052,-0.21013097,-0.0005970701,-1.1824342
TRK-26027-00084,TMS,Ballast issue,Medium,-1.0012245,-3.8954554,0.0026842812,0.2192273,-0.00029911922,-1.218861
TRK-26027-00085,TMS,Rail defect,Medium,0.39961877,1.1058985,0.028983418,3.59975,-0.001896866,-1.2149704
TRK-26027-00086,TMS,Ballast issue,High,13.433918,6.579357,0.010180577,1.9719068,0.0018190582,3.7599266
TRK-26027-00087,TMS,Preventive track maintenance,Low,-15.091317,-9.009997,0.049856376,3.1476343,-0.001481854,-1.2543715
TRK-26027-00088,TMS,Sleeper defect,Medium,-0.35410872,-1.5882384,0.013794295,2.5754914,-0.00793104,3.752649
TRK-26027-00089,TMS,Preventive track maintenance,Low,-14.832059,-5.5205646,0.01635676,-0.6585223,-0.005935268,3.6648967
TRK-26027-00090,TMS,Track geometry defect,Medium,0.3378955,3.204472,0.010565542,0.714027,-0.0007929842,-1.1861691
TRK-26027-00091,TMS,Track wear,Medium,-0.7109815,-0.9987849,0.016772125,0.6227574,-6.730283e-05,-1.1978629
TRK-26027-00092,TMS,Track wear,Medium,-0.43729886,-1.9648821,0.011122236,2.6708965,-0.00094573386,-1.2237741
TRK-26027-00093,TMS,Rail defect,High,12.952614,5.8569255,0.022089764,1.9711555,-0.00032422045,-1.2386534
TRK-26027-00094,TMS,Preventive track maintenance,Medium,-0.20674449,-0.7463698,0.012967605,2.5992148,-1.0162987e-05,-1.204399
TRK-26027-00095,TMS,Preventive track maintenance,Low,-15.13606,-5.5276012,0.009290597,-1.238528,-0.005561956,3.774857
TRK-26027-00096,TMS,Preventive track maintenance,Medium,-0.3131088,-3.9771266,0.0049399654,3.8573127,0.00019783928,3.7550833
TRK-26027-00097,TMS,Ballast issue,Critical,23.85027,8.724612,0.020747228,2.3472388,-0.0013213956,-0.9875853
TRK-26027-00098,TMS,Track wear,Low,-14.288893,-5.968102,0.06471939,2.2969456,-0.0020826082,-1.2400619
TRK-26027-00099,TMS,Preventive track maintenance,Low,-15.135227,-8.659534,-0.04428228,3.067136,-0.00091683114,-1.2485309
TRK-26027-00100,TMS,USFD-related inspection,Low,-15.099276,-3.6963193,0.08917958,-3.2625084,0.0008861185,-1.1340817
TRK-26027-00101,TMS,Preventive track maintenance,Low,-16.056461,-6.4885573,0.012596783,-2.646855,0.0021329725,-1.1238936
TRK-26027-00102,TMS,Track wear,Medium,0.32231107,2.9994452,0.035277333,0.74711627,-0.00043194558,-1.1894556
TRK-26027-00103,TMS,Sleeper defect,Medium,-0.7799821,-1.8730954,0.0090894895,0.5652483,0.0010094722,3.7403207
TRK-26027-00104,TMS,Ballast issue,Medium,-0.31374243,-3.9765832,0.007439695,3.85428,-0.00018702207,3.7559593
TRK-26027-00105,TMS,Track geometry defect,Medium,0.15866393,0.7194111,0.02929481,1.4840474,0.008299159,3.7782443
TRK-26027-00106,TMS,Rail defect,Low,-13.622921,-4.617932,0.1183673,3.1874132,-0.0008429238,-1.2398803
TRK-26027-00107,TMS,Preventive track maintenance,High,13.131052,6.259709,0.015822476,1.9658343,-0.00069857587,-1.2262939
TRK-26027-00108,TMS,USFD-related inspection,Medium,-0.111136064,-0.35105646,0.009938738,2.5249002,0.0031430093,3.727693
TRK-26027-00109,TMS,Preventive track maintenance,High,12.494118,4.582371,0.008465565,2.0179548,0.0015577818,3.782496
TRK-26027-00110,TMS,Ballast issue,Medium,-0.1843515,-2.499081,0.0190378,3.7234917,-0.0013721918,-1.2159411
TRK-26027-00111,TMS,Rail defect,Low,-15.184033,-4.8658757,0.059383534,-1.9818586,-0.0011186978,-1.1555706
TRK-26027-00112,TMS,Sleeper defect,Medium,-0.42388076,-1.6545889,0.014651333,2.638409,3.5316596e-05,-1.2171378
TRK-26027-00113,TMS,USFD-related inspection,Medium,-0.49581525,-3.8438241,0.010899706,1.8671072,-0.00022182176,-1.2070853
TRK-26027-00114,TMS,Sleeper defect,High,13.579543,7.541674,0.018735737,2.0104616,0.010925346,-1.2265676
TRK-26027-00115,TMS,Sleeper defect,High,12.9681425,5.4470325,0.02024045,2.8079653,0.0005100349,-1.2136489
TRK-26027-00116,TMS,Sleeper defect,Critical,23.6637,9.942149,0.014530012,3.2246475,0.0009089138,3.8702524
TRK-26027-00117,TMS,Rail defect,Low,-15.570599,-6.6762023,0.047008812,-1.258927,-0.001042458,-1.1853515
TRK-26027-00118,TMS,Rail defect,Medium,-0.5187012,0.13272914,0.025134515,-0.1832565,0.00047859305,-1.1838335
TRK-26027-00119,TMS,Ballast issue,Critical,24.00372,9.368512,0.01568937,2.356626,0.0018030923,-0.9847878
TRK-26027-00120,TMS,Rail defect,Low,-14.367739,-4.125078,0.09422036,-0.56721324,-0.001793978,-1.2122723
TRK-26027-00121,TMS,Ballast issue,Medium,0.10398398,0.6810227,0.017891277,1.5331215,-0.00027634457,-1.196906
TRK-26027-00122,TMS,Preventive track maintenance,High,12.60141,4.391748,0.018071486,2.8115888,0.014942972,-1.2362696
TRK-26027-00123,TMS,Rail defect,Low,-15.107306,-5.551641,0.01937799,-1.2645466,-0.0034804423,3.7651548
TRK-26027-00124,TMS,Preventive track maintenance,High,13.809869,6.971511,-0.032167427,3.5879834,0.004011348,-1.2464542
TRK-26027-00125,TMS,Sleeper defect,Medium,-1.1161901,-4.145636,-0.027365884,-0.59379244,0.0012071007,-1.1996008
TRK-26027-00126,TMS,Track wear,Medium,-0.5570932,-3.5841317,0.013338382,1.8939306,-0.00063661474,-1.2223108
TRK-26027-00127,TMS,Ballast issue,Medium,0.52247953,1.6907196,0.007964302,3.5656137,-0.0015357152,-1.2005044
TRK-26027-00128,TMS,Rail defect,High,12.69091,3.2307606,0.02805583,3.7702603,0.0025899282,-1.2137537
TRK-26027-00129,TMS,USFD-related inspection,Medium,-0.40019023,0.28075185,0.007965849,-1.0878649,0.0005045858,-1.191588
TRK-26027-00130,TMS,Track geometry defect,High,13.643296,7.716746,0.012060598,1.9750255,-0.003580125,-1.2361989
TRK-26027-00131,TMS,Rail defect,High,13.148921,5.915651,0.008018851,1.033387,-0.009151735,3.7670975
TRK-26027-00132,TMS,USFD-related inspection,Low,-15.422832,-5.7284546,-0.15210986,-1.2229365,0.001481635,-1.2301633
TRK-26027-00133,TMS,USFD-related inspection,Low,-15.09703,-3.7840111,-0.06760028,-2.6076868,-0.005555094,-1.1373608
TRK-26027-00134,TMS,Track geometry defect,Medium,-0.023482801,-0.37166917,0.017472677,3.544361,-0.0021007385,-1.1950085
TRK-26027-00135,TMS,Track geometry defect,Medium,0.41498607,1.6687223,0.042196266,2.5763857,-0.0021889883,-1.19446
TRK-26027-00136,TMS,Ballast issue,Medium,-0.5147101,0.12461213,0.010663311,-0.19117402,-0.000728147,-1.1890414
TRK-26027-00137,TMS,USFD-related inspection,Low,-16.45869,-8.581131,-0.079016425,-1.9594637,0.002595851,-1.1722003
TRK-26027-00138,TMS,Preventive track maintenance,Low,-15.118857,-8.627911,0.04327946,2.1642811,-0.0018396945,-1.2448374
TRK-26027-00139,TMS,Preventive track maintenance,Low,-16.437452,-8.1181755,0.014882754,-2.7099063,0.0009211807,-1.1191096
TRK-26027-00140,TMS,Preventive track maintenance,Medium,0.6363011,2.7851706,0.033465147,2.5565178,-0.0036224532,-1.2044001
TRK-26027-00141,TMS,Sleeper defect,Medium,-1.0533713,-4.0998287,0.009044125,0.23135963,0.0021184376,-1.2059289
TRK-26027-00142,TMS,USFD-related inspection,Medium,-0.367285,-2.3301675,0.019629447,1.6738375,0.00049304415,-1.1979558
TRK-26027-00143,TMS,USFD-related inspection,Medium,-0.023498477,-0.37179518,0.017438734,3.5443234,-0.0017233028,-1.1951725
TRK-26027-00144,TMS,Ballast issue,Low,-15.347189,-5.3120465,0.047272027,-1.9694467,0.0022861282,-1.1668376
TRK-26027-00145,TMS,Track wear,Low,-14.382467,-6.255626,0.0725235,3.22075,0.0002265639,-1.256119
TRK-26027-00146,TMS,Ballast issue,High,12.483091,2.920854,0.025404844,3.0090516,0.015072466,-1.2106051
TRK-26027-00147,TMS,Sleeper defect,Medium,-0.4396939,-3.3374352,0.018062122,1.884343,1.3894202e-06,-1.2193369
TRK-26027-00148,TMS,Track geometry defect,Critical,24.113487,9.320252,-0.018833373,3.0786066,0.016123302,-0.9702772
TRK-26027-00149,TMS,Rail defect,Medium,-0.27913073,0.86235106,-0.010340951,-1.1731055,-0.007390103,3.7787516
TRK-26027-00150,TMS,Ballast issue,Low,-14.319049,-4.8391247,0.062194902,0.06471067,-6.7783716e-05,-1.2212154
TRK-26027-00151,TMS,Sleeper defect,Low,-16.01609,-6.7434607,0.039141968,-2.592559,0.0019062974,-1.1188053
TRK-26027-00152,TMS,Sleeper defect,Medium,-0.35354736,0.17364644,0.0268123,0.756471,-0.0014841984,-1.1909297
TRK-26027-00153,TMS,Track wear,Low,-14.440949,-6.6087112,-0.015716955,3.0716844,-0.0046983366,3.7438805
TRK-26027-00154,TMS,Preventive track maintenance,Medium,0.61154866,2.6174848,-0.02172904,1.4583095,-0.002317847,-1.1959811
TRK-26027-00155,TMS,Track wear,Low,-15.478572,-8.356432,0.03725833,0.029235423,0.00021772685,-1.1925409
TRK-26027-00156,TMS,Rail defect,Medium,-0.36567405,-2.8821023,0.020567238,1.8640138,-0.0017816344,3.7733989
TRK-26027-00157,TMS,USFD-related inspection,Low,-14.949661,-3.8469303,-0.05566531,-1.9057689,0.0066860165,-1.152898
TRK-26027-00158,TMS,Track wear,Low,-16.47339,-7.522998,0.020428928,-3.3294191,-0.0016821662,-1.145056
TRK-26027-00159,TMS,Sleeper defect,Medium,0.050233323,2.4161973,0.015741618,-0.28762737,0.00047987833,3.8013284
TRK-26027-00160,TMS,Rail defect,Medium,-0.6784574,-2.458857,0.025167054,0.681525,0.0021751118,3.7499423
TRK-26027-00161,TMS,Track geometry defect,Low,-14.538694,-6.815979,0.0670475,2.2018266,-0.00086471456,-1.2772467
TRK-26027-00162,TMS,USFD-related inspection,High,12.847009,5.6060143,0.012872849,1.9525278,-0.00043373805,-1.2249237
TRK-26027-00163,TMS,Preventive track maintenance,High,13.078026,5.5538177,0.0137210665,3.5845277,-0.00044348545,-1.2184911
TRK-26027-00164,TMS,Track geometry defect,High,13.018454,5.3364577,0.013326675,3.5697517,-0.0017662541,-1.2247698
TRK-26027-00165,TMS,Sleeper defect,Medium,-0.82897526,-2.51512,-0.022390459,-1.058103,-0.0011397148,3.772693
TRK-26027-00166,TMS,Track wear,Low,-16.595232,-8.517734,-0.0017107666,-3.5309026,-0.0033131933,3.772154
TRK-26027-00167,TMS,Preventive track maintenance,Low,-15.348403,-8.492251,0.03548233,1.2374585,0.00018891516,-1.2468727
TRK-26027-00168,TMS,Ballast issue,Medium,-0.8338151,-3.252551,0.0058510303,0.15202655,-0.008537396,3.7869143
TRK-26027-00169,TMS,USFD-related inspection,Critical,24.224892,9.815753,-0.017771391,2.3323815,-0.0022017944,-0.945508
TRK-26027-00170,TMS,Rail defect,Medium,0.5874744,2.230879,0.03781109,2.6137345,0.00058588485,-1.216666
TRK-26027-00171,TMS,Track wear,Medium,-0.2225923,1.2000215,0.0145143485,-0.19316676,0.0011990815,-1.2114166
TRK-26027-00172,TMS,Track wear,Medium,0.6086881,1.9618298,0.047472853,3.58825,-0.0006046934,-1.2003137
TRK-26027-00173,TMS,Rail defect,Low,-16.478544,-7.5238404,0.026728531,-3.3269825,-0.0010984554,-1.1456854
TRK-26027-00174,TMS,Track wear,Low,-15.180638,-6.329134,0.04745853,-0.58491486,0.0045525255,-1.2277088
TRK-26027-00175,TMS,Sleeper defect,Medium,-0.43719527,-1.9645536,0.01139551,2.6709778,-0.0014993945,-1.2240074
TRK-26027-00176,TMS,Track wear,Medium,-0.11925746,1.4834538,0.010331607,-0.18506205,0.00082131487,-1.1854769
TRK-26027-00177,TMS,Track geometry defect,Low,-16.174685,-7.601328,0.02930167,-2.0010128,-0.0026114127,-1.1691166
TRK-26027-00178,TMS,Preventive track maintenance,Low,-14.245442,-3.7786722,0.040509764,-0.5786449,-0.0057758386,3.6935203
TRK-26027-00179,TMS,Ballast issue,Medium,-0.39475736,0.42282403,0.021886209,-0.1718302,0.0009917439,-1.1958548
TRK-26027-00180,TMS,Track geometry defect,Medium,-1.1060462,-4.1371617,0.0043534213,-0.57637984,-0.001062288,-1.1968429
TRK-26027-00181,TMS,Track geometry defect,Medium,0.047100022,0.4607233,0.029369418,1.5374012,-0.00050079694,-1.2004623
TRK-26027-00182,TMS,Sleeper defect,Medium,-0.42927524,-4.286038,0.011126797,3.954034,-0.005448475,-1.2051582
TRK-26027-00183,TMS,Preventive track maintenance,Critical,23.869974,8.730045,0.012725555,2.337978,-0.0005216055,-0.97646004
TRK-26027-00184,TMS,USFD-related inspection,Critical,24.084707,9.3681135,-0.025542043,2.3281038,0.0039754827,-0.9827955
TRK-26027-00185,TMS,Track wear,Medium,0.15112643,2.9758785,0.010594248,-0.16462009,0.0013315573,-1.1929963
TRK-26027-00186,TMS,Rail defect,Low,-14.550554,-5.9147844,0.057308752,1.325337,-0.002446476,-1.2217861
TRK-26027-00187,TMS,USFD-related inspection,Medium,0.2796059,0.79734117,-0.022120005,2.6084538,-0.00079850724,-1.2048992
TRK-26027-00188,TMS,Track wear,Low,-16.067429,-6.4297647,-0.052922238,-3.9848943,-0.002429345,-1.1401976
TRK-26027-00189,TMS,Ballast issue,Low,-16.47011,-7.6387,-0.0012215975,-3.3770962,0.0011132093,3.8107378
TRK-26027-00190,TMS,Sleeper defect,Medium,-0.28774056,-0.62038475,0.0285751,1.4697021,-8.8894376e-07,-1.1907587
TRK-26027-00191,TMS,USFD-related inspection,Medium,0.7691976,3.0364485,0.0066044056,3.527018,-0.002093087,-1.1943119
TRK-26027-00192,TMS,Rail defect,High,12.896223,5.2327976,0.0255877,2.8201191,-0.0005380898,-1.2220656
TRK-26027-00193,TMS,Track geometry defect,High,13.937039,7.920829,0.01534706,3.5472696,-0.006663035,-1.2570364
TRK-26027-00194,TMS,Preventive track maintenance,Medium,-0.9471898,-3.7005882,-0.0028608188,-0.66754645,-0.000117856216,-1.2090148
TRK-26027-00195,TMS,Track geometry defect,Medium,-0.3251139,0.4812532,0.008949917,-0.25329223,-0.005220754,3.7788367
TRK-26027-00196,TMS,Sleeper defect,High,12.533055,2.8179111,0.02214681,2.9761446,-0.0037458087,3.7066097
TRK-26027-00197,TMS,Track geometry defect,Medium,-0.43736485,-1.9636837,0.01824696,2.6758819,-0.0018765809,-1.2225777
TRK-26027-00198,TMS,USFD-related inspection,High,12.524423,2.617221,-0.028213248,3.007252,0.001329764,3.727448
TRK-26027-00199,TMS,Sleeper defect,Medium,0.089217395,0.069867976,0.01336894,2.576986,0.002906774,3.7360997
TRK-26027-00200,TMS,Track wear,High,12.670514,4.671329,0.020845896,2.811264,0.00034453292,-1.2331432
TRK-26027-00201,TMS,Ballast issue,Low,-16.464973,-9.715689,0.014662751,-2.9788303,5.8251677e-05,3.7552943
TRK-26027-00202,TMS,Ballast issue,Medium,0.5047069,1.386337,0.04889819,3.5824862,-0.002005467,-1.1820531
TRK-26027-00203,TMS,Preventive track maintenance,Low,-16.602928,-8.722733,-0.0081763,-3.445238,0.00074582925,3.776563
TRK-26027-00204,TMS,Track geometry defect,Medium,-0.32333958,-1.0450689,0.023457732,2.6159947,-0.00016091214,-1.2176584
TRK-26027-00205,TMS,Ballast issue,High,12.951278,5.85973,0.021557452,1.9739795,-0.00064954214,-1.2402462
TRK-26027-00206,TMS,Ballast issue,Medium,-0.43896496,-1.7323136,0.009318847,1.5014167,-0.0027765955,3.7385354
TRK-26027-00207,TMS,Track wear,Medium,-0.2665955,0.86122835,0.016261423,-1.1498226,0.00045702956,3.7923617
TRK-26027-00208,TMS,Track wear,Low,-16.081087,-7.5177035,0.0065818154,-2.0609353,-0.004506788,3.7409654
TRK-26027-00209,TMS,Sleeper defect,High,13.144738,5.912398,0.0004660581,1.0333003,0.0075074458,3.7749617
TRK-26027-00210,TMS,Preventive track maintenance,Low,-16.455507,-8.788176,-0.0071970136,-2.776762,0.0019896186,3.6915877
TRK-26027-00211,TMS,Ballast issue,Medium,0.25161168,2.3263886,-0.020920264,0.6895954,-0.00010304218,-1.1982
TRK-26027-00212,TMS,USFD-related inspection,Medium,0.35492224,2.6687691,-0.021921271,0.7348909,-0.0008076034,-1.1879044
TRK-26027-00213,TMS,Preventive track maintenance,Medium,-0.9653802,-3.6059444,-0.0031269216,0.2254634,0.0005201605,-1.2207745
TRK-26027-00214,TMS,Preventive track maintenance,Medium,0.3474806,3.229775,0.044605207,0.7217763,-0.00057973736,-1.1830035
TRK-26027-00215,TMS,Track geometry defect,Low,-15.114461,-7.6542983,0.031869773,1.321041,-0.0014646521,-1.2589438
TRK-26027-00216,TMS,Ballast issue,Low,-13.48824,-3.870171,0.12798786,3.1306815,-0.00049964536,-1.2306132
TRK-26027-00217,TMS,Track geometry defect,High,12.964006,5.8616242,0.012696985,1.958108,-0.0011256323,-1.2415698
TRK-26027-00218,TMS,Sleeper defect,High,12.68895,5.0917025,0.00989958,1.9816899,0.00095134357,3.7538862
TRK-26027-00219,TMS,Sleeper defect,Medium,-0.8409499,-3.039422,0.016352206,0.14422286,-0.000567747,-1.2125119
TRK-26027-00220,TMS,Sleeper defect,Low,-14.950387,-3.6967301,0.1012913,-2.656304,0.0015806463,-1.1184689
TRK-26027-00221,TMS,Ballast issue,Medium,-0.33912534,-0.94111073,-0.015012826,1.4533634,-0.0009782347,-1.2014556
TRK-26027-00222,TMS,Track geometry defect,Medium,-0.45694685,-4.011325,-0.014010175,3.0069168,-0.001551334,-1.2208219
TRK-26027-00223,TMS,Track wear,Medium,-0.8144572,-3.4248266,-0.004452414,-0.6567808,-0.0005313082,-1.2026975
TRK-26027-00224,TMS,Ballast issue,Medium,0.3482885,1.1946372,0.009616921,2.533566,-0.010034523,3.7877023
TRK-26027-00225,TMS,Track geometry defect,High,12.665973,2.6559129,0.027272424,3.698274,-0.0025713379,3.7281055
TRK-26027-00226,TMS,Preventive track maintenance,High,13.155173,5.916746,0.010097573,1.0334415,0.0011164375,3.7734823
TRK-26027-00227,TMS,Ballast issue,High,12.273357,2.8974047,0.011147835,2.2702444,-0.0022023052,-1.2142608
TRK-26027-00228,TMS,Track wear,Medium,0.19948667,2.3649576,0.042712025,0.71576774,-0.0013330341,-1.1950984
TRK-26027-00229,TMS,Track wear,High,13.18303,5.8665905,0.02173661,3.6014264,-0.0038049342,-1.2197137
TRK-26027-00230,TMS,Track wear,Low,-14.8087845,-3.7639534,0.092760846,-1.9740496,2.8976767e-05,-1.1381791
TRK-26027-00231,TMS,Track geometry defect,Medium,-0.44690862,-3.6610363,0.0097858505,2.9185982,0.0001825342,3.7703521
TRK-26027-00232,TMS,Rail defect,Medium,-0.026165677,-0.5227369,0.031224012,3.5599327,-0.0017985929,-1.1919266
TRK-26027-00233,TMS,Preventive track maintenance,Medium,-0.40116423,0.28071657,0.011907113,-1.0901542,0.0008010727,-1.1914232
TRK-26027-00234,TMS,Sleeper defect,Low,-14.981337,-8.259057,0.04285777,2.2552595,-0.0014244949,-1.2601475
TRK-26027-00235,TMS,Rail defect,Low,-14.674198,-5.561923,0.056622017,0.07143213,-0.0019622543,-1.1953359
TRK-26027-00236,TMS,Track geometry defect,Medium,0.3775111,1.348342,0.024257945,2.5181966,0.0012667718,3.695866
TRK-26027-00237,TMS,Ballast issue,Medium,-0.62549084,-4.0726466,0.0039006653,1.8488016,-0.0029302798,3.7447145
TRK-26027-00238,TMS,Sleeper defect,Medium,-0.42548826,-1.6634073,0.012327927,2.6448367,0.00057627563,-1.2192903
TRK-26027-00239,TMS,Track wear,Low,-15.460796,-5.530454,0.048723366,-1.996168,-0.0014256565,-1.1656437
TRK-26027-00240,TMS,Ballast issue,Low,-15.495732,-5.4848423,0.013649647,-2.7649283,4.978232e-05,3.702939
TRK-26027-00241,TMS,Track geometry defect,Critical,24.631695,11.918024,0.015236712,3.3198314,0.0237024,-0.8544873
TRK-26027-00242,TMS,Track geometry defect,Low,-14.169148,-3.3258307,0.0907381,-0.6692338,-0.00052055327,-1.2218838
TRK-26027-00243,TMS,Sleeper defect,Medium,-0.9613062,-1.8878717,0.016810846,-0.19590184,-0.0016956368,-1.1970649
TRK-26027-00244,TMS,Track geometry defect,Low,-15.490382,-6.264908,0.04913284,-1.3927444,0.0041982895,-1.1993731
TRK-26027-00245,TMS,Track wear,Medium,-0.85031,-1.0899887,-0.0075347265,-1.1579089,-0.00067470263,-1.1905094
TRK-26027-00246,TMS,Track wear,Low,-15.622801,-5.796675,0.044368554,-1.9596814,-0.001237775,-1.1805857
TRK-26027-00247,TMS,Rail defect,Medium,-0.63776493,-0.3816502,-0.004965125,-1.1386122,-0.0006661348,-1.1746095
TRK-26027-00248,TMS,Track wear,Medium,0.49454638,1.3556181,0.0033832777,3.5653195,-0.0046664057,-1.1918092
TRK-26027-00249,TMS,Sleeper defect,Low,-14.147939,-3.195558,0.09270397,-0.6331171,0.013093819,-1.2365593
TRK-26027-00250,TMS,USFD-related inspection,Low,-16.564486,-7.483773,-0.06446525,-3.3127894,-0.0031463334,-1.1613116
TRK-26027-00251,TMS,Track wear,Low,-15.332405,-5.322587,0.04785466,-1.9716504,-0.0012814091,-1.1659485
TRK-26027-00252,TMS,Track geometry defect,High,12.454876,4.257127,-0.013368466,1.9504619,-0.0008028621,-1.2495942
TRK-26027-00253,TMS,Track geometry defect,Critical,23.915188,10.715206,0.008805684,2.6444833,0.00013554531,3.9222581
TRK-26027-00254,TMS,Track geometry defect,Low,-14.334204,-4.8287926,0.07294127,0.07337527,-0.0005082561,-1.2189735
TRK-26027-00255,TMS,Track geometry defect,Medium,0.14056355,2.695321,0.03389365,-0.14238651,-0.0006816036,-1.1852299
TRK-26027-00256,TMS,Rail defect,High,13.729219,6.9762387,0.02524949,3.623398,-0.0007465698,-1.244764
TRK-26027-00257,TMS,Ballast issue,High,12.596777,3.9504344,0.012761335,2.8823907,-0.0046179905,3.7404199
TRK-26027-00258,TMS,Track geometry defect,Medium,-0.86901796,-3.4183779,0.006286214,-0.65748125,-0.0003512978,-1.2023215
TRK-26027-00259,TMS,USFD-related inspection,Low,-13.46521,-3.6180122,0.11712434,3.0823317,-0.0010007037,-1.2176355
TRK-26027-00260,TMS,Sleeper defect,Critical,23.982115,7.8603578,0.013835677,3.284396,0.014986626,-0.9958219
TRK-26027-00261,TMS,USFD-related inspection,High,13.670678,7.207353,-0.020659821,1.123926,-0.0030876733,-1.2217739
TRK-26027-00262,TMS,Track wear,Low,-14.9410715,-7.267529,0.010643878,1.3666503,-0.0047160992,3.677021
TRK-26027-00263,TMS,Preventive track maintenance,Low,-16.18655,-6.726425,0.03158468,-3.3987198,0.00025304165,-1.1253874
TRK-26027-00264,TMS,Rail defect,Medium,-0.62252355,-0.2279826,0.021385593,-0.19263229,0.00087640196,-1.1843036
TRK-26027-00265,TMS,Track wear,Medium,-0.22763306,0.45869604,0.016404444,0.75815177,-0.0016082854,-1.1912738
TRK-26027-00266,TMS,USFD-related inspection,Low,-16.57858,-8.010997,-0.040369272,-4.034291,-0.002569894,-1.1341689
TRK-26027-00267,TMS,Preventive track maintenance,Medium,-0.64274037,-4.103252,0.008919574,1.9204494,-0.00081832585,-1.2061992
TRK-26027-00268,TMS,Rail defect,Low,-15.682176,-7.0246634,0.029748915,-1.274443,-0.0009958716,-1.2040417
TRK-26027-00269,TMS,Track geometry defect,Low,-16.447557,-8.34366,0.013500301,-2.6988168,0.00041319986,-1.1146632
TRK-26027-00270,TMS,USFD-related inspection,Medium,0.19242184,2.6609576,-0.017742667,-0.15843573,-0.001574255,-1.187829
TRK-26027-00271,TMS,Sleeper defect,Medium,-0.43380436,-1.1879466,0.021360215,1.5360085,-0.0017054798,-1.2017463
TRK-26027-00272,TMS,USFD-related inspection,Low,-15.289503,-6.5443516,0.049659308,-0.5855198,-0.000890668,-1.2099212
TRK-26027-00273,TMS,Preventive track maintenance,Low,-16.370794,-9.639759,0.021628963,-2.1970942,-0.0009592029,-1.1753778
TRK-26027-00274,TMS,Rail defect,Low,-13.795853,-3.1553292,0.060323756,-0.06331915,0.014494496,3.7388837
TRK-26027-00275,TMS,Track wear,High,12.66088,3.996428,-0.015284973,2.8453631,-0.0010748043,-1.2281487
TRK-26027-00276,TMS,Ballast issue,Medium,0.76301795,3.0571868,0.045974247,3.5585508,0.022036565,-1.1852006
TRK-26027-00277,TMS,Track wear,Low,-16.030931,-6.7279677,0.049335904,-2.5924675,0.0013027,-1.1166189
TRK-26027-00278,TMS,Ballast issue,High,13.732614,7.7621665,0.019454984,1.1213872,0.0047002477,3.7963107
TRK-26027-00279,TMS,Ballast issue,High,13.481885,6.5355363,0.02630153,3.626099,-0.0017241223,-1.2248803
TRK-26027-00280,TMS,Track wear,Medium,0.36296946,1.8781725,0.0520075,1.5301732,0.00038937406,-1.192001
TRK-26027-00281,TMS,Preventive track maintenance,Low,-14.781538,-7.5361404,0.050717346,2.2641923,-0.00094570057,-1.2510434
TRK-26027-00282,TMS,Rail defect,Medium,0.36733532,3.2596445,0.021532997,0.6471762,-0.0015961058,3.745155
TRK-26027-00283,TMS,USFD-related inspection,Medium,0.573859,2.4240384,-0.025137475,1.5637035,-0.0007643386,-1.2044872
TRK-26027-00284,TMS,Preventive track maintenance,Medium,0.640726,3.2293022,0.016007677,1.40764,-0.0017366353,3.7869966
TRK-26027-00285,TMS,Preventive track maintenance,Low,-15.076188,-8.725605,0.05239379,3.0890598,-0.002870138,-1.2372882
TRK-26027-00286,TMS,Track geometry defect,Medium,0.5325732,1.7185723,0.046487104,3.5817246,-0.0014369686,-1.1933209
TRK-26027-00287,TMS,Preventive track maintenance,Medium,-0.94257444,-1.5584073,0.014933834,-0.18043062,-0.0005961787,-1.1956865
TRK-26027-00288,TMS,Sleeper defect,Medium,0.18238324,3.145181,0.012607067,-1.0591601,-0.0007029383,-1.1750797
TRK-26027-00289,TMS,Sleeper defect,Medium,-0.20890118,-0.73886997,0.026175974,2.6105406,0.0002315089,-1.205179
TRK-26027-00290,TMS,Track geometry defect,Medium,-0.98712415,-2.0137217,-0.019721035,-1.1096905,0.00051640696,-1.1942927
TRK-26027-00291,TMS,Ballast issue,Low,-15.359778,-8.747512,0.03644615,1.2378008,-0.0019413596,-1.2367315
TRK-26027-00292,TMS,Track geometry defect,High,12.788567,4.495583,0.010552457,3.642402,0.0017418204,3.7605145
TRK-26027-00293,TMS,Sleeper defect,Medium,-0.43390334,-1.18675,0.022090819,1.5378604,8.671477e-05,-1.2038578
TRK-26027-00294,TMS,Preventive track maintenance,Medium,-0.2982913,0.47054616,-0.0113554215,-0.2553376,-0.001460614,3.7867658
TRK-26027-00295,TMS,Preventive track maintenance,Low,-14.783151,-7.3517957,-0.05598207,3.150284,0.012201924,-1.2796336
TRK-26027-00296,TMS,Sleeper defect,Medium,0.7793426,3.0563157,0.040664304,3.5438979,-0.0013850101,-1.188726
TRK-26027-00297,TMS,Sleeper defect,Low,-16.355524,-9.391146,0.01686652,-2.168632,-0.0006592986,-1.1876329
TRK-26027-00298,TMS,Rail defect,Medium,-0.870825,-3.4312935,-0.016523484,-0.675659,-0.00021811717,-1.1996789
TRK-26027-00299,TMS,Track geometry defect,High,12.950531,5.8599577,0.02157069,1.9732181,-0.000537954,-1.2409334
TRK-26027-00300,TMS,Ballast issue,Low,-15.964229,-8.289556,-3.6961235e-05,-1.4597033,-0.004590394,3.6625876
TRK-26027-00301,TMS,Track wear,High,13.772931,7.3869176,0.012056458,2.7760565,-0.0004736486,-1.2342409
TRK-26027-00302,TMS,Rail defect,Low,-16.50519,-7.9219475,0.008897594,-3.4299922,-0.0018834679,3.78169
TRK-26027-00303,TMS,Preventive track maintenance,Medium,0.07123973,1.5825377,0.047570623,0.78901744,-0.0014532675,-1.1725614
TRK-26027-00304,TMS,Rail defect,High,12.277626,2.6356108,0.004322804,1.4670982,-0.018105794,3.7226446
TRK-26027-00305,TMS,Track wear,High,13.36755,6.429821,0.01609172,2.8331907,0.015415604,-1.2168504
TRK-26027-00306,TMS,Ballast issue,Medium,-0.35807607,-1.3357674,0.019807694,2.647259,0.00082702265,-1.2182342
TRK-26027-00307,TMS,USFD-related inspection,High,13.5368,6.8491116,-0.012849092,1.0967355,-0.0016363561,-1.2266263
TRK-26027-00308,TMS,USFD-related inspection,High,13.253526,6.139912,-0.013881254,1.0665165,-0.0013350284,-1.214826
TRK-26027-00309,TMS,USFD-related inspection,Medium,0.14632514,0.9529989,0.016166115,1.4922471,-0.0006172837,-1.1942996
TRK-26027-00310,TMS,USFD-related inspection,High,12.526482,4.671162,0.0171524,1.0621397,-0.00045168668,-1.233514
TRK-26027-00311,TMS,Track geometry defect,Low,-14.277418,-3.8550043,0.092847854,-0.55446786,-0.0014015177,-1.2134644
TRK-26027-00312,TMS,USFD-related inspection,Medium,0.23512343,3.1818898,-0.023483064,-0.19689481,-0.0005697079,-1.1806701
TRK-26027-00313,TMS,Preventive track maintenance,Low,-14.912116,-7.8616114,0.05129306,3.1950526,-0.00245312,-1.2651321
TRK-26027-00314,TMS,Rail defect,Medium,0.67816174,3.048703,0.03409289,2.4852753,0.005308698,3.7299762
TRK-26027-00315,TMS,USFD-related inspection,High,13.473508,6.3356776,-0.031267326,2.7935517,-0.00043390252,3.722964
TRK-26027-00316,TMS,USFD-related inspection,Medium,-0.44829333,-3.3281698,0.01882935,1.8757479,0.0069060405,-1.2170745
TRK-26027-00317,TMS,Sleeper defect,Medium,-0.5843064,-0.6602718,0.029023178,0.6557853,-0.0011977773,-1.1898144
TRK-26027-00318,TMS,Sleeper defect,Medium,-0.49239308,-1.7603093,0.017805506,1.6184729,0.00038972523,-1.1979083
TRK-26027-00319,TMS,Rail defect,Low,-15.865816,-6.7240067,0.012126011,-2.0026624,-0.0028796603,3.7151423
TRK-26027-00320,TMS,Sleeper defect,Medium,-0.06358911,-0.3703094,-0.01052679,2.5943515,-0.0007632684,-1.2001401
TRK-26027-00321,TMS,Track wear,Medium,-0.13734686,-2.485037,0.008052083,3.662346,-0.002916755,3.7308674
TRK-26027-00322,TMS,Track wear,Medium,-1.0100286,-3.7098594,-0.02669667,-0.67963904,-0.001524037,-1.2074808
TRK-26027-00323,TMS,Preventive track maintenance,Medium,0.70498645,2.2731156,0.046635736,3.6140146,-0.001960722,-1.2117279
TRK-26027-00324,TMS,Rail defect,Medium,0.39939266,1.1035334,0.031183936,3.6005187,-0.00122557,-1.2160193
TRK-26027-00325,TMS,Track geometry defect,High,13.1905,6.0155554,0.020045703,2.8286948,-0.0010689645,-1.2317574
TRK-26027-00326,TMS,Rail defect,Low,-14.89908,-7.7772136,0.051195893,2.2519093,-0.0010370808,-1.2565
TRK-26027-00327,TMS,Ballast issue,Medium,-0.9002071,-3.5980728,-0.008834581,0.19983417,-0.00018717401,-1.2190602
TRK-26027-00328,TMS,Rail defect,Medium,-0.36641598,-2.3471408,0.007921832,1.6841866,-0.0001787194,-1.2050109
TRK-26027-00329,TMS,Track geometry defect,Medium,-0.33924025,-0.94109255,-0.012357044,1.4540976,0.00041622424,-1.1995816
TRK-26027-00330,TMS,Track geometry defect,Medium,-0.64359236,-4.1054926,0.0077911722,1.9182965,-0.0006181509,-1.2105876
TRK-26027-00331,TMS,Sleeper defect,Medium,0.3048683,0.40655342,0.016906809,3.568131,-0.0002114453,3.74283
TRK-26027-00332,TMS,Rail defect,Medium,-0.55629665,-3.5978758,0.008382195,1.9025638,-0.00018125662,-1.2268372
TRK-26027-00333,TMS,USFD-related inspection,Medium,-0.46117002,-0.034276,-0.029299462,-1.1031706,-0.0005571523,-1.1811242
TRK-26027-00334,TMS,Rail defect,Low,-14.871194,-3.5078497,0.040504973,-2.7484295,0.0006208779,3.7205272
TRK-26027-00335,TMS,Rail defect,Medium,-0.48686612,-0.40838543,0.027719324,0.6859172,-0.0016229927,-1.1767831
TRK-26027-00336,TMS,Track geometry defect,High,13.649014,6.698536,-0.021270394,2.797527,-0.001019465,-1.2292786
TRK-26027-00337,TMS,Track wear,Low,-16.031374,-6.7319937,0.044238783,-2.5919147,0.00015809548,-1.1179106
TRK-26027-00338,TMS,Rail defect,Medium,-0.3702446,-1.8918843,0.008577141,2.6177433,0.0064026127,3.7611935
TRK-26027-00339,TMS,Track wear,Medium,0.29390377,2.6790376,0.00929576,0.7489118,-0.002384627,-1.1903847
TRK-26027-00340,TMS,Track wear,Low,-13.906372,-3.5283124,0.09607449,0.029911593,0.0017026381,-1.2326694
TRK-26027-00341,TMS,Ballast issue,Medium,-0.076954715,0.17052329,0.029185614,1.5265229,-0.00036351083,-1.192955
TRK-26027-00342,TMS,Ballast issue,High,12.775616,5.1808963,0.01308974,1.0613691,0.00019517718,-1.2056364
TRK-26027-00343,TMS,Track geometry defect,Medium,-1.0144582,-3.8870661,-0.028229287,-0.7396627,-0.008150178,3.7805192
TRK-26027-00344,TMS,Preventive track maintenance,Low,-14.97663,-4.279137,-0.012981895,-1.9657156,0.0023215804,3.8071468
TRK-26027-00345,TMS,Rail defect,Low,-15.010356,-4.014995,0.093873024,-2.6654007,-0.00043747493,-1.1103846
TRK-26027-00346,TMS,Track wear,Medium,-0.35678077,-4.2775598,-0.001237194,3.8347244,-0.0036139782,3.7281532
TRK-26027-00347,TMS,Track geometry defect,Medium,-0.4414053,0.03160632,0.01671717,-1.1558812,-0.0002640398,3.7923284
TRK-26027-00348,TMS,Track wear,Medium,-0.18372896,-2.50091,0.01021632,3.7183785,-0.0021446145,-1.2162061
TRK-26027-00349,TMS,USFD-related inspection,High,12.8555355,5.175853,-0.014308569,1.0540192,-0.0016153195,-1.2109592
TRK-26027-00350,TMS,USFD-related inspection,High,12.861197,4.7720823,-0.021819083,3.5649045,-0.00470414,-1.2328295
TRK-26027-00351,TMS,Track geometry defect,Medium,-0.1121896,1.5129118,0.04088365,-0.17879857,-0.0013488805,-1.1803328
TRK-26027-00352,TMS,Rail defect,High,12.254492,2.830406,0.014019739,1.4242402,0.0007259129,-1.2132074
TRK-26027-00353,TMS,USFD-related inspection,High,12.777015,4.9262304,-0.019101337,2.7945788,-0.0004080453,-1.2535328
TRK-26027-00354,TMS,Track wear,Medium,-0.62964433,-0.3800385,0.011278027,-1.1230402,0.0015592715,-1.1781037
TRK-26027-00355,TMS,Rail defect,Medium,-0.36901283,-1.8882561,0.0034285132,2.6158504,-0.010790802,3.75863
TRK-26027-00356,TMS,Ballast issue,Low,-15.792895,-5.9411798,-0.04445139,-3.994708,-0.0017746747,-1.1248147
TRK-26027-00357,TMS,Ballast issue,Critical,24.5528,11.222078,0.015921991,2.4838865,-0.0015884611,-0.9016249
TRK-26027-00358,TMS,Rail defect,Low,-14.2664175,-4.612859,0.06300835,0.030643469,-0.002033657,-1.2349732
TRK-26027-00359,TMS,Sleeper defect,Medium,-0.38958487,0.41882682,0.014007013,-0.17651643,-0.0014177375,-1.1956685
TRK-26027-00360,TMS,USFD-related inspection,High,12.709686,4.391449,-0.029695572,2.7712185,-0.00091378146,-1.2372947
TRK-26027-00361,TMS,Preventive track maintenance,High,13.10081,6.060016,0.009759039,1.9602728,0.00014788688,3.801708
TRK-26027-00362,TMS,USFD-related inspection,Low,-15.479648,-8.356543,0.031653665,0.028484102,-0.0013740112,-1.1898367
TRK-26027-00363,TMS,Preventive track maintenance,Medium,0.81748533,2.7997305,-0.038729545,3.5270085,-0.0020909705,-1.1989346
TRK-26027-00364,TMS,Preventive track maintenance,Low,-13.468948,-3.568284,0.11910902,2.3466635,-0.0022737903,-1.2459636
TRK-26027-00365,TMS,Rail defect,Medium,-0.038243838,1.95232,0.012711659,-1.101713,0.0009043709,-1.181525
TRK-26027-00366,TMS,Track geometry defect,High,12.686256,2.743529,-0.016542746,3.719439,7.0164526e-05,-1.2181672
TRK-26027-00367,TMS,Track geometry defect,High,13.261436,6.09865,0.010376692,1.0259031,-0.009184825,3.7006283
TRK-26027-00368,TMS,Track geometry defect,Medium,-0.13339786,0.96172535,0.026897691,0.73207814,-0.00040215158,-1.1870509
TRK-26027-00369,TMS,USFD-related inspection,Medium,-0.9883394,-3.9674165,-0.031582844,-0.6322182,-0.00013202647,-1.2128004
TRK-26027-00370,TMS,Track geometry defect,Medium,0.61797345,2.4653182,0.015414792,2.569167,1.0702149e-06,-1.2132455
TRK-26027-00371,TMS,Preventive track maintenance,Medium,-0.3116481,-1.917467,0.011504224,3.6517012,-0.005012344,-1.2185438
TRK-26027-00372,TMS,Ballast issue,High,12.645125,2.9865563,0.03518045,3.7444417,-0.0032176839,-1.2048057
TRK-26027-00373,TMS,Preventive track maintenance,Low,-13.560358,-4.1984973,0.116172366,2.3590932,-0.002043981,-1.2227836
TRK-26027-00374,TMS,Track wear,Medium,-0.33909303,0.64414793,0.022485504,-0.1721253,-0.0014659475,-1.190124
TRK-26027-00375,TMS,Ballast issue,Critical,23.921165,9.10875,0.023381995,2.3338828,0.002247834,-0.98799944
TRK-26027-00376,TMS,USFD-related inspection,Medium,-0.9938835,-4.1068573,-0.014617712,0.21593554,-0.002049822,-1.2015879
TRK-26027-00377,TMS,Track geometry defect,Medium,-0.7454263,-0.9153615,-0.02058426,-0.3228494,0.0019843138,3.79429
TRK-26027-00378,TMS,Rail defect,Critical,24.451506,10.382471,0.023425596,2.4035656,-0.0018597222,-0.9324764
TRK-26027-00379,TMS,USFD-related inspection,Low,-15.409824,-4.7690372,-0.016977815,-3.267543,0.00872325,3.918613
TRK-26027-00380,TMS,USFD-related inspection,Low,-15.865139,-6.58994,0.0455328,-2.000208,0.00020814741,-1.1552325
TRK-26027-00381,TMS,Track geometry defect,Medium,-0.13339062,0.96166617,0.028555762,0.73335487,-0.00022913181,-1.1867458
TRK-26027-00382,TMS,USFD-related inspection,Low,-15.422207,-7.479403,-0.075420685,0.080440275,-0.001469928,-1.2323388
TRK-26027-00383,TMS,Preventive track maintenance,Low,-15.754563,-5.695832,0.009669009,-2.6144388,-0.005707163,-1.1296571
TRK-26027-00384,TMS,Track geometry defect,Low,-15.802031,-6.3083916,0.03722198,-2.0208883,-0.0009885307,-1.1529808
TRK-26027-00385,TMS,USFD-related inspection,Medium,0.2056769,2.576172,-0.03717035,-1.1301005,0.0009923241,3.8036275
TRK-26027-00386,TMS,Preventive track maintenance,Low,-15.672019,-5.502954,0.059967864,-3.326829,-0.0009265909,-1.110423
TRK-26027-00387,TMS,Ballast issue,High,13.897547,7.7830915,0.030478477,3.624943,0.012101354,-1.2451152
TRK-26027-00388,TMS,Preventive track maintenance,Medium,-0.62404,-0.5385298,0.016286416,-1.1758059,0.0014649221,3.7627869
TRK-26027-00389,TMS,Ballast issue,Medium,0.4925156,1.9027458,0.041329965,2.5764074,-0.00019179357,-1.2031593
TRK-26027-00390,TMS,Rail defect,Low,-15.265517,-4.3444057,0.020898672,-3.9469807,-0.00019865202,-1.1263462
TRK-26027-00391,TMS,Track wear,High,13.72835,7.474591,-0.014715588,1.0819113,0.006932629,3.7667015
TRK-26027-00392,TMS,Rail defect,Medium,-0.20906472,-0.74196064,0.022926193,2.6066334,4.1064915e-05,-1.204894
TRK-26027-00393,TMS,Track geometry defect,Medium,-0.35765642,-1.3352344,0.026979914,2.6516013,-0.00063659257,-1.2173238
TRK-26027-00394,TMS,Rail defect,Low,-16.281334,-8.60935,-0.0012724878,-2.1010935,-0.00412837,3.710359
TRK-26027-00395,TMS,Sleeper defect,Medium,-0.74312437,-1.2380493,0.020884167,0.7111374,-0.00036371005,-1.2041366
TRK-26027-00396,TMS,Sleeper defect,Critical,24.54741,10.63155,0.015743265,2.418711,0.00374847,-0.9274002
TRK-26027-00397,TMS,Sleeper defect,High,13.801824,6.9677343,-0.021347426,3.5871778,-0.0048044506,-1.248535
TRK-26027-00398,TMS,Preventive track maintenance,Medium,0.24740967,0.36795023,0.011943627,3.658688,0.008889523,-1.2080637
TRK-26027-00399,TMS,Track wear,Medium,-0.5026997,-3.7194195,0.012561322,3.018282,0.010717972,-1.2191238
TRK-26027-00400,TMS,Track wear,High,12.273408,2.825751,0.01595904,1.4255395,-0.00094218313,-1.2170483
TRK-26027-00401,TMS,Sleeper defect,High,12.745406,3.4926057,0.0138186505,3.7408094,-0.00096649263,3.7142017
TRK-26027-00402,TMS,Rail defect,Medium,0.58059794,2.9393897,0.04388549,1.4629649,0.0005521458,-1.2030565
TRK-26027-00403,TMS,Rail defect,Medium,-0.2207502,-1.0441355,0.029887643,3.5738828,0.0009304359,-1.2110858
TRK-26027-00404,TMS,Ballast issue,High,12.38019,4.2619405,0.022725469,1.9737896,-0.0006987485,-1.2446669
TRK-26027-00405,TMS,Sleeper defect,Medium,-0.8342711,-1.923168,0.01625308,0.68216646,0.00027481353,-1.1969298
TRK-26027-00406,TMS,Rail defect,High,13.19038,6.0155926,0.020045703,2.8286664,-0.0009606188,-1.2317541
TRK-26027-00407,TMS,Sleeper defect,High,12.339674,3.1326058,0.019664899,2.28658,0.00076751027,-1.2183201
TRK-26027-00408,TMS,Preventive track maintenance,Medium,0.036544573,-0.5422978,-0.027211597,3.5284328,-0.0019009832,-1.189643
TRK-26027-00409,TMS,Track wear,Low,-13.490715,-3.8690755,0.12807006,3.130021,0.00020850093,-1.2239765
TRK-26027-00410,TMS,Sleeper defect,Low,-15.223461,-6.5155497,0.016543284,-0.62492377,-0.008258125,3.659103
TRK-26027-00411,TMS,USFD-related inspection,Medium,0.04811082,0.45423752,0.01720921,1.5252861,-6.836891e-05,-1.2022628
TRK-26027-00412,TMS,Ballast issue,High,12.5270405,2.8134413,0.020484816,2.9717278,-0.00051946903,3.7156994
TRK-26027-00413,TMS,Track wear,Medium,-0.18404032,-2.501902,0.010208359,3.715999,-0.00522096,-1.2160928
TRK-26027-00414,TMS,Rail defect,High,13.075272,5.7560515,0.02177539,2.823545,-0.0007594285,-1.2145883
TRK-26027-00415,TMS,Preventive track maintenance,Medium,-0.7139685,-3.3361127,0.006304596,1.1203727,0.0004286335,-1.2126608
TRK-26027-00416,TMS,Ballast issue,High,13.708365,7.8269787,0.028447554,1.9716854,-2.4560146e-05,3.8300796
TRK-26027-00417,TMS,Track geometry defect,High,12.7431135,4.930514,0.0066360203,1.0412412,0.0012665321,3.7211764
TRK-26027-00418,TMS,Track geometry defect,Low,-16.226038,-6.9503207,-0.052724242,-4.0619817,-0.0010989489,-1.1160994
TRK-26027-00419,TMS,USFD-related inspection,High,13.583506,6.7127595,0.014634258,2.8085866,0.0013227626,-1.225051
TRK-26027-00420,TMS,USFD-related inspection,Medium,-0.7076662,-2.4924397,0.014825061,0.74339765,-0.0008941042,-1.1964178
TRK-26027-00421,TMS,USFD-related inspection,Low,-16.137611,-6.634658,-0.027153073,-3.9936795,-0.0021355744,-1.1357881
TRK-26027-00422,TMS,Ballast issue,Critical,24.017712,9.371542,0.016141085,2.3471777,-0.00033520392,-0.985114
TRK-26027-00423,TMS,Ballast issue,Medium,-0.24455246,-0.97232693,0.018279526,2.549149,0.004082162,3.7770076
TRK-26027-00424,TMS,Rail defect,Medium,0.3647156,0.86073524,0.020367863,3.5166452,-0.0024415418,3.7259135
TRK-26027-00425,TMS,Preventive track maintenance,High,13.02134,5.902767,0.010911853,1.9653195,0.0007135137,3.785942
TRK-26027-00426,TMS,Rail defect,High,13.515255,7.0103436,0.00949441,1.9961655,0.0021732275,3.7771313
TRK-26027-00427,TMS,Rail defect,Medium,0.12409415,0.3337859,0.022065835,2.6688626,-0.0020131029,-1.2091666
TRK-26027-00428,TMS,Track geometry defect,Medium,-0.7236631,-0.7623377,-0.0074094706,-1.141978,-0.0012124865,-1.1794113
TRK-26027-00429,TMS,USFD-related inspection,High,12.79359,4.4977074,0.010030946,3.6310217,0.0035974754,3.7634137
TRK-26027-00430,TMS,Preventive track maintenance,Low,-16.114853,-6.9681487,0.008021289,-2.7410762,-0.0028506557,3.6889458
TRK-26027-00431,TMS,Track geometry defect,Medium,0.1265951,0.33027998,0.019469941,2.6636977,-0.002060384,-1.2083896
TRK-26027-00432,TMS,USFD-related inspection,Medium,0.33781922,1.554846,0.00834917,1.4640158,-0.004388108,3.7595656
TRK-26027-00433,TMS,USFD-related inspection,Medium,0.30795297,1.3935033,0.009898438,1.4721746,-0.0030038492,3.8321495
TRK-26027-00434,TMS,Rail defect,Critical,23.861868,8.936895,0.015134895,2.3716333,0.0022706059,-0.9831377
TRK-26027-00435,TMS,Track geometry defect,Low,-15.376371,-9.295217,0.03320374,1.2908566,-0.0015017608,-1.260218
TRK-26027-00436,TMS,Sleeper defect,High,13.676939,6.855218,0.012541599,2.807025,-0.00035484164,3.7786353
TRK-26027-00437,TMS,Preventive track maintenance,High,13.41615,6.339174,0.011552144,2.8058648,0.002653802,3.7237706
TRK-26027-00438,TMS,Track geometry defect,Low,-15.213587,-4.172939,0.09103854,-3.3310199,-0.0014974081,-1.1247404
TRK-26027-00439,TMS,Rail defect,Low,-13.6776495,-3.4096954,0.062376216,1.2482936,-0.01202899,3.6994007
TRK-26027-00440,TMS,Rail defect,High,13.7287655,6.9776564,0.019089788,3.6163464,-0.004711166,-1.2448283
TRK-26027-00441,TMS,Sleeper defect,High,13.469378,6.243472,-0.012185533,3.5840786,0.0032627196,3.8178518
TRK-26027-00442,TMS,Track geometry defect,Medium,0.28814477,0.58055794,0.03040921,3.6528194,-0.004987096,-1.2023515
TRK-26027-00443,TMS,Track geometry defect,Medium,0.6364668,2.7863257,0.032719906,2.556803,-0.0038883935,-1.2049948
TRK-26027-00444,TMS,USFD-related inspection,Low,-14.716799,-4.90186,0.0015222538,-0.5553651,-0.0009194839,-1.2254435
TRK-26027-00445,TMS,Track wear,High,12.262448,2.8324034,0.016795374,1.4318593,-0.0007522392,-1.2164918
TRK-26027-00446,TMS,USFD-related inspection,Medium,-0.8789324,-1.5705322,-0.018750811,-0.20214047,-0.00051094324,-1.1991789
TRK-26027-00447,TMS,Sleeper defect,High,12.370675,3.4238234,0.019786702,2.2148588,-0.00031397256,-1.2210171
TRK-26027-00448,TMS,Track geometry defect,Medium,0.028049914,2.2154632,0.0030668713,-1.0848315,0.0006575598,-1.1968249
TRK-26027-00449,TMS,Sleeper defect,Medium,-0.85567784,-3.8528297,0.017601877,1.134945,0.0012033753,-1.2163849
TRK-26027-00450,TMS,Track geometry defect,Low,-13.487905,-3.86989,0.1282352,3.1299622,-5.4314325e-05,-1.2312038
TRK-26027-00451,TMS,Sleeper defect,Low,-14.624476,-4.9151225,0.057689838,-0.61992013,0.00026370134,-1.2179898
TRK-26027-00452,TMS,Rail defect,Critical,24.607456,11.416231,0.024009885,3.3153179,-0.008806516,-0.8684335
TRK-26027-00453,TMS,USFD-related inspection,High,13.4037895,6.239351,-0.03188813,3.563952,0.00196733,-1.248655
TRK-26027-00454,TMS,Track wear,Critical,23.610838,7.987663,0.010997838,3.392206,0.018880697,3.6708267
TRK-26027-00455,TMS,Rail defect,High,12.966921,5.4424086,0.025474282,2.8094583,-0.0007577867,-1.2132635
TRK-26027-00456,TMS,Track wear,Medium,-0.6181933,-0.23060808,0.014686729,-0.19972657,0.00022046406,-1.1842642
TRK-26027-00457,TMS,Rail defect,High,12.706907,4.1601167,0.017295737,3.6966124,0.001668686,-1.2178849
TRK-26027-00458,TMS,Preventive track maintenance,Medium,-0.7858704,-3.3402631,-0.010442357,0.18956096,-0.0013490947,-1.2158092
TRK-26027-00459,TMS,Preventive track maintenance,Low,-14.783554,-7.5341306,0.049547277,2.266338,0.001227458,-1.2447085
TRK-26027-00460,TMS,Sleeper defect,Medium,0.028235119,2.2430973,0.010023488,-1.1030828,-0.0013392139,-1.188494
TRK-26027-00461,TMS,Preventive track maintenance,Low,-16.609705,-8.467075,-0.038284354,-4.1903753,-0.0034186137,3.7694
TRK-26027-00462,TMS,Track wear,High,13.728564,6.977902,0.020754354,3.6187263,-0.0042786677,-1.2444284
TRK-26027-00463,TMS,Sleeper defect,Low,-16.594233,-8.019177,0.02980333,-3.3818028,0.00020620906,-1.1407697
TRK-26027-00464,TMS,Preventive track maintenance,Medium,0.20829992,0.08342454,0.010803543,3.5432186,0.0006106913,3.7352517
TRK-26027-00465,TMS,Ballast issue,Low,-14.548818,-3.9847813,0.09510682,-1.242557,0.00086859404,-1.1799808
TRK-26027-00466,TMS,Track geometry defect,High,13.473985,6.5346665,0.014361489,3.6194036,0.00421778,-1.2228686
TRK-26027-00467,TMS,Preventive track maintenance,Low,-15.365825,-7.496989,0.00044154096,0.08984841,-0.0018507458,-1.2255757
TRK-26027-00468,TMS,Ballast issue,Medium,0.028842028,2.240952,0.010708906,-1.103392,0.0002876487,-1.1889588
TRK-26027-00469,TMS,USFD-related inspection,High,13.650506,7.722965,0.011547114,1.9803753,0.0015802893,-1.2428457
TRK-26027-00470,TMS,USFD-related inspection,Medium,0.15546921,2.7349029,0.013998142,-0.24799275,-0.00069644314,3.7852514
TRK-26027-00471,TMS,USFD-related inspection,Low,-16.005247,-6.040652,-0.1553706,-2.585832,0.002475436,-1.1624151
TRK-26027-00472,TMS,USFD-related inspection,High,12.903345,5.437887,-0.013034281,1.0362054,-0.0056470856,3.712785
TRK-26027-00473,TMS,Ballast issue,Medium,-0.09158526,1.8899493,0.012802056,-0.25363415,-0.004460437,3.790246
TRK-26027-00474,TMS,Sleeper defect,Low,-14.402579,-6.181124,0.038204905,3.216451,-0.0018287314,-1.257894
TRK-26027-00475,TMS,Rail defect,Medium,-0.666328,-1.1628283,0.022951787,0.63762003,0.0022836316,3.7788336
TRK-26027-00476,TMS,Track wear,Medium,-0.22958831,0.46430975,0.026494563,0.76666844,-9.384381e-05,-1.1934808
TRK-26027-00477,TMS,Ballast issue,Low,-13.797896,-3.867273,0.10355053,1.3021575,0.0001856291,-1.239033
TRK-26027-00478,TMS,Track geometry defect,Low,-14.698455,-4.485957,0.09323593,-1.2950538,-0.0014992339,-1.1903832
TRK-26027-00479,TMS,Sleeper defect,Medium,-0.77869135,-1.8763393,0.009814852,0.5703313,0.004145378,3.7425113
TRK-26027-00480,TMS,USFD-related inspection,Medium,-1.0016673,-3.6958218,0.0048188437,-0.6613771,-0.0009843011,-1.2079728
TRK-26027-00481,TMS,Track wear,Low,-14.4325695,-4.3773885,0.09407118,-0.6290104,-0.00088299025,-1.2300469
TRK-26027-00482,TMS,Track wear,Medium,0.117033325,0.082170404,0.03010188,3.6527393,-0.003330778,-1.1988052
TRK-26027-00483,TMS,Track wear,High,13.750458,6.8025203,-0.021459559,3.5687807,-0.0039909068,-1.2384791
TRK-26027-00484,TMS,Rail defect,Low,-15.452086,-8.133632,0.02171236,0.0012721441,0.0003710973,-1.2044933
TRK-26027-00485,TMS,Ballast issue,Medium,-0.31009665,-2.492998,0.0059161107,2.7980502,-0.0007062071,-1.216668
TRK-26027-00486,TMS,Rail defect,Medium,-0.85134935,-2.559156,-0.02665307,-0.9967735,0.00035583304,-1.1925201
TRK-26027-00487,TMS,Preventive track maintenance,Low,-14.638298,-6.2002673,0.041213427,1.4499277,-0.0023554724,-1.2312045
TRK-26027-00488,TMS,Preventive track maintenance,Medium,0.46762812,1.620946,-0.028754886,2.559508,0.0013368332,-1.2015309
TRK-26027-00489,TMS,Preventive track maintenance,Medium,-0.007970307,-0.5579588,0.010495866,3.4489286,-0.0050211526,3.6997697
TRK-26027-00490,TMS,Rail defect,High,12.56981,3.1117246,0.021753725,2.9703531,-0.0008545392,-1.2190787
TRK-26027-00491,TMS,USFD-related inspection,Low,-15.262564,-5.704312,0.044634636,-1.2727933,0.00068185595,-1.2107651
TRK-26027-00492,TMS,Track wear,Medium,-0.43729803,-1.9652065,0.010953203,2.6714642,0.0010161791,-1.2258108
TRK-26027-00493,TMS,Preventive track maintenance,Medium,-0.3902945,0.4197078,0.016070606,-0.17742866,-0.0017215804,-1.1949519
TRK-26027-00494,TMS,Rail defect,Medium,0.1986792,2.3603034,0.047080554,0.71588445,-0.00017285635,-1.1952817
TRK-26027-00495,TMS,Ballast issue,Low,-14.909319,-7.8613343,0.05113557,3.1941037,-0.0006008823,-1.2687517
TRK-26027-00496,TMS,Rail defect,High,13.721285,6.9765496,0.014626077,3.617834,0.0041926885,-1.2432516
TRK-26027-00497,TMS,Track wear,Low,-15.079096,-9.465104,0.040993817,3.063716,-0.0018029384,3.6956491
TRK-26027-00498,TMS,Preventive track maintenance,High,13.750977,6.8024373,-0.0191266,3.565954,-0.004723303,-1.237689
TRK-26027-00499,TMS,USFD-related inspection,High,13.697306,7.204817,-0.014325041,1.0772704,-0.013212107,3.7418265
TRK-26027-00500,TMS,Rail defect,Critical,23.968872,9.223543,0.017538754,2.3656247,0.0006565413,-0.9842512
TRK-26027-00501,TMS,Ballast issue,Medium,-0.21991363,-1.0499413,0.032077264,3.5726311,-0.0020692225,-1.2101614
TRK-26027-00502,TMS,USFD-related inspection,Medium,0.0486588,0.45248878,0.013023871,1.527097,-5.126026e-05,-1.2037172
TRK-26027-00503,TMS,Sleeper defect,Medium,-0.81170726,-1.1527816,0.012640075,-0.24078964,0.0018786594,3.7885203
TRK-26027-00504,TMS,Rail defect,Medium,-0.1328356,0.95837957,0.028396381,0.7316372,-0.00055213674,-1.1851743
TRK-26027-00505,TMS,Ballast issue,Medium,-0.5829864,-0.668855,0.013752286,0.64502305,0.0025944568,-1.1912903
TRK-26027-00506,TMS,Ballast issue,Medium,-0.29749206,0.93047255,0.025667718,-0.19581434,-0.0016715185,-1.1850361
TRK-26027-00507,TMS,Track geometry defect,Medium,-0.57896256,-4.2365575,0.004438475,3.045968,-0.00013813657,-1.2093251
TRK-26027-00508,TMS,Ballast issue,Medium,-0.4452575,-3.3421428,0.010240328,1.8852247,-0.0014567244,-1.2211496
TRK-26027-00509,TMS,Sleeper defect,Low,-14.906444,-4.2564535,0.03634136,-2.0067196,-0.004056128,3.7418718
TRK-26027-00510,TMS,Rail defect,Medium,-0.8960621,-1.393331,-0.012508669,-1.1380016,-0.0007084699,-1.187559
TRK-26027-00511,TMS,Track geometry defect,Critical,24.467009,10.386799,0.011669637,2.385383,0.0028723704,-0.93554646
TRK-26027-00512,TMS,Ballast issue,Medium,0.7607358,2.8224008,0.041239016,3.5660017,0.0087367,-1.2004999
TRK-26027-00513,TMS,Track wear,Medium,-1.052718,-4.0914216,0.015550145,0.23399542,0.0017315829,-1.2060938
TRK-26027-00514,TMS,Preventive track maintenance,Low,-15.648945,-7.662331,0.026446661,-0.66434395,-0.0014860742,-1.2245338
TRK-26027-00515,TMS,Sleeper defect,Low,-15.86356,-6.246621,0.039785314,-2.653918,-0.0015537848,-1.1389058
TRK-26027-00516,TMS,Preventive track maintenance,Medium,-0.21082625,-1.8799131,-0.054586235,3.5551193,0.005144989,3.7429016
TRK-26027-00517,TMS,USFD-related inspection,Medium,0.46345094,1.8776727,0.014415487,2.578749,0.014671527,-1.2045699
TRK-26027-00518,TMS,Sleeper defect,Medium,-0.8533494,-2.5604668,-0.02699181,-0.9972524,0.005598909,-1.1936346
TRK-26027-00519,TMS,Track geometry defect,Medium,0.17219108,0.549112,0.025381811,2.66451,-0.0016100531,-1.2055835
TRK-26027-00520,TMS,Track wear,High,12.262817,2.9049976,0.021952359,2.281748,-0.002166149,-1.2135518
TRK-26027-00521,TMS,Sleeper defect,High,13.44829,6.6050067,0.0068082823,1.090848,-0.0017376998,-1.2305464
TRK-26027-00522,TMS,Ballast issue,Medium,-0.11455802,1.3962374,0.014415814,-1.0932934,-0.0011879742,-1.1697932
TRK-26027-00523,TMS,Ballast issue,Medium,0.15494207,2.7381053,0.022931056,-0.24046786,-0.00025441003,3.7740433
TRK-26027-00524,TMS,Track geometry defect,High,12.647582,2.9893978,0.01964979,3.7341363,-0.0039012686,-1.2053456
TRK-26027-00525,TMS,Preventive track maintenance,Low,-15.924588,-6.7793455,0.036228787,-1.958155,0.0019155897,-1.159881
TRK-26027-00526,TMS,Rail defect,Low,-13.734515,-3.4937565,0.09587215,1.2722926,-0.0006125598,-1.2457539
TRK-26027-00527,TMS,Track geometry defect,High,12.7009,3.2348762,0.0121702785,3.7495944,0.0030683193,-1.2142159
TRK-26027-00528,TMS,Preventive track maintenance,Medium,-0.7700835,-2.9699922,-0.027203089,0.081416674,-0.0059155184,3.781055
TRK-26027-00529,TMS,Track wear,Critical,24.54775,10.628496,0.014070749,2.4179666,-0.0060113715,-0.91225666
TRK-26027-00530,TMS,Track geometry defect,Medium,0.30360714,2.6995246,0.03762792,0.76023215,-0.0015502797,-1.1860005
TRK-26027-00531,TMS,Preventive track maintenance,Low,-16.028006,-6.206443,0.036874533,-3.3199558,-0.00032602093,-1.149887
TRK-26027-00532,TMS,Rail defect,High,12.708087,4.969514,0.011804516,1.0679532,-0.00026677464,-1.216542
TRK-26027-00533,TMS,USFD-related inspection,High,13.892094,7.7657633,-0.021050205,2.72444,-0.0007388171,-1.2483808
TRK-26027-00534,TMS,Rail defect,Medium,-0.22145233,-1.0473225,0.031269874,3.572628,-0.001204398,-1.211296
TRK-26027-00535,TMS,Preventive track maintenance,Low,-13.938701,-5.236303,0.082517296,2.3274994,-0.0019879523,-1.244498
TRK-26027-00536,TMS,Sleeper defect,Low,-13.940013,-4.645532,0.044264764,1.2765803,0.056639228,3.7417564
TRK-26027-00537,TMS,USFD-related inspection,Medium,-0.18942387,-0.21071179,0.013914322,1.4945863,0.006548231,-1.1831495
TRK-26027-00538,TMS,USFD-related inspection,Medium,-0.10958728,-0.52994204,0.011523295,2.5189285,-0.002928176,3.7132428
TRK-26027-00539,TMS,Track wear,Low,-15.1495695,-7.7522607,0.017007584,1.3596573,0.011507331,3.706308
TRK-26027-00540,TMS,USFD-related inspection,Low,-15.405522,-9.192063,0.014152474,1.2039007,-0.0041050487,3.708692
TRK-26027-00541,TMS,Track geometry defect,Critical,24.046236,9.2147455,-0.017627893,2.3362417,-0.0021928356,-0.98401904
TRK-26027-00542,TMS,Ballast issue,Critical,24.433313,10.39722,0.014990666,3.1886685,-0.0030434655,-0.91473365
TRK-26027-00543,TMS,USFD-related inspection,High,12.717115,2.9694426,-0.023135912,3.718574,-0.0044082426,-1.2110301
TRK-26027-00544,TMS,Ballast issue,High,12.779633,4.7793884,0.02572884,3.6051204,0.005597053,-1.2281252
TRK-26027-00545,TMS,Sleeper defect,High,12.5119,2.9209363,0.022262996,2.9990177,0.00036890435,-1.211617
TRK-26027-00546,TMS,Track geometry defect,Low,-14.728678,-4.647287,0.02230521,-1.3124356,0.0002891979,3.7413588
TRK-26027-00547,TMS,Rail defect,Medium,-0.45761362,0.032483205,-0.015982328,-1.1793119,0.003093517,3.781493
TRK-26027-00548,TMS,USFD-related inspection,High,12.641796,3.021733,-0.04672327,2.9509232,0.0024477479,3.7187464
TRK-26027-00549,TMS,Track geometry defect,Medium,0.19807751,0.3899653,0.010826436,2.5795245,-0.006399325,3.760594
TRK-26027-00550,TMS,Ballast issue,High,13.083953,5.556284,0.012284676,3.5754445,0.0028895293,-1.2181153
TRK-26027-00551,TMS,Preventive track maintenance,Medium,-0.287661,-0.6202917,0.028397746,1.4699656,-0.0004862608,-1.1920972
TRK-26027-00552,TMS,USFD-related inspection,Critical,24.689152,10.780949,-0.03447953,3.17545,-0.006681053,-0.89445996
TRK-26027-00553,TMS,Sleeper defect,High,12.691065,3.232441,0.028667558,3.7701366,0.00011920896,-1.2136065
TRK-26027-00554,TMS,Track wear,Medium,-0.30437598,0.8235896,-0.0044923276,-1.1052201,-0.0011758945,-1.1791974
TRK-26027-00555,TMS,Preventive track maintenance,High,12.23785,2.6505275,0.02082498,1.4840922,-0.0011713108,-1.2244271
TRK-26027-00556,TMS,Preventive track maintenance,Low,-16.723965,-10.028905,0.013641107,-3.5355973,-0.00087925943,-1.1600027
TRK-26027-00557,TMS,Preventive track maintenance,High,12.360111,3.1338973,0.01738248,2.27758,-0.0004696861,-1.2202847
TRK-26027-00558,TMS,Track wear,Medium,-0.84254444,-2.5438983,0.0093052415,-0.9791239,0.0013739903,-1.192636
TRK-26027-00559,TMS,Track wear,High,13.310414,6.1192327,0.011741574,3.5846267,-9.138576e-06,-1.237181
TRK-26027-00560,TMS,Track wear,Medium,-0.7788586,-1.877279,0.007885603,0.5859426,0.0031214252,3.742661
TRK-26027-00561,TMS,USFD-related inspection,Medium,-0.6455548,-1.0187445,-0.037315637,0.60769325,3.6029048e-06,-1.1976713
TRK-26027-00562,TMS,Ballast issue,Medium,-0.43639466,-1.9683372,0.013093877,2.6701412,-0.00023735389,-1.2231477
TRK-26027-00563,TMS,Track wear,Medium,-0.8260284,-3.5817084,0.013043901,1.1221352,-0.0006342963,-1.2179478
TRK-26027-00564,TMS,Preventive track maintenance,Low,-15.897188,-6.06322,0.008677844,-3.3330083,0.0018401596,3.8034418
TRK-26027-00565,TMS,Preventive track maintenance,Medium,-0.5275776,-0.0125999665,0.011928796,-1.1041915,0.006049331,-1.18427
TRK-26027-00566,TMS,Sleeper defect,Medium,0.5874831,2.2312927,0.038235586,2.6139524,0.00025040406,-1.2173951
TRK-26027-00567,TMS,Track geometry defect,Low,-15.807563,-5.928489,-0.02222635,-3.9827044,0.00048188385,-1.1228665
TRK-26027-00568,TMS,Track wear,Medium,0.71121776,3.0082781,-0.02385297,2.555616,-0.0008141305,-1.1970992
TRK-26027-00569,TMS,Rail defect,High,12.708608,4.967555,0.012075678,1.0669538,-0.00027219986,-1.2143713
TRK-26027-00570,TMS,Sleeper defect,Medium,-0.20884773,-0.7386352,0.025368541,2.6101272,-0.00043344646,-1.2035825
TRK-26027-00571,TMS,Ballast issue,Medium,-0.25058115,-2.4878442,-0.00853129,2.7789922,-0.00077069877,-1.213115
TRK-26027-00572,TMS,Rail defect,Low,-14.288631,-5.9683843,0.06467514,2.2970371,-0.00090376777,-1.241266
TRK-26027-00573,TMS,Track geometry defect,Low,-14.465466,-4.5584893,0.029921897,-0.65551525,-0.0059717325,3.720514
TRK-26027-00574,TMS,Ballast issue,Low,-15.546603,-5.475873,0.023725072,-1.9266615,0.0022601981,-1.1679589
TRK-26027-00575,TMS,Sleeper defect,Low,-15.128581,-4.3256297,0.09316966,-2.636886,0.0016309447,-1.116307
TRK-26027-00576,TMS,Preventive track maintenance,Low,-15.87859,-6.235557,0.045107458,-2.6543963,-0.0021815544,-1.1382604
TRK-26027-00577,TMS,Track geometry defect,Medium,-1.0611581,-4.0799003,-0.0052399696,0.15477163,-0.0045324266,3.736975
TRK-26027-00578,TMS,Rail defect,High,13.2238655,6.14195,0.018593669,2.8274286,-0.0010922912,-1.2377627
TRK-26027-00579,TMS,Sleeper defect,Medium,0.6182376,3.0217922,0.018778713,1.413654,-0.0015961058,3.7957315
TRK-26027-00580,TMS,Preventive track maintenance,Medium,0.3745258,1.1844254,-0.00842169,2.5290573,0.0029036112,3.804462
TRK-26027-00581,TMS,Preventive track maintenance,Medium,-0.3366779,-3.10271,0.021742122,3.015465,-0.00033174263,-1.2129779
TRK-26027-00582,TMS,Track wear,High,13.732156,6.9805584,0.01518262,3.604074,0.0044067437,-1.2439531
TRK-26027-00583,TMS,Sleeper defect,Low,-15.896108,-5.921206,0.049235057,-3.3556433,-0.0010633358,-1.1327239
TRK-26027-00584,TMS,Preventive track maintenance,Medium,-0.20915411,-3.1246116,0.019712662,3.9424694,-0.0033895513,-1.2165828
TRK-26027-00585,TMS,Rail defect,High,12.647564,2.9887886,0.020536382,3.7335544,-0.0050330986,-1.2038915
TRK-26027-00586,TMS,Rail defect,Medium,-0.11503833,1.3960646,0.01429006,-1.0932927,1.7605324e-05,-1.1717844
TRK-26027-00587,TMS,Ballast issue,Low,-16.555508,-8.162415,-0.04412435,-4.1078997,-0.0005381992,3.7522807
TRK-26027-00588,TMS,USFD-related inspection,High,12.882549,5.0207853,-0.024874773,3.5680232,-0.0039434466,-1.2574172
TRK-26027-00589,TMS,Track wear,Critical,24.141148,9.518318,-0.016170476,3.1224766,0.015141228,-0.9665863
TRK-26027-00590,TMS,Rail defect,Medium,-0.09930962,1.7236248,0.009210207,-1.1027097,-0.0020066774,-1.1813611
TRK-26027-00591,TMS,Sleeper defect,High,12.710093,4.967725,0.010353264,1.0703506,-0.000513492,-1.2172112
TRK-26027-00592,TMS,Track geometry defect,Critical,24.24946,9.998524,0.01583699,2.362139,-0.005706201,-0.9305598
TRK-26027-00593,TMS,Track geometry defect,Medium,0.1995339,2.3648798,0.042240195,0.7156273,0.0002896168,-1.1960782
TRK-26027-00594,TMS,Rail defect,Low,-14.938525,-3.7124808,0.08897441,-2.6542575,-3.1244013e-05,-1.1205329
TRK-26027-00595,TMS,Ballast issue,Medium,-0.71153617,-3.3187397,0.016936438,1.1089618,-0.00079609506,-1.2110666
TRK-26027-00596,TMS,Preventive track maintenance,Medium,-0.04455639,-0.7624259,-0.027501052,3.5338428,-0.0015453943,-1.199059
TRK-26027-00597,TMS,USFD-related inspection,Low,-14.432127,-4.376517,0.09508642,-0.62941074,-0.0010882682,-1.2229011
TRK-26027-00598,TMS,USFD-related inspection,High,13.143279,6.263639,0.014715561,1.9566486,0.00053697545,-1.2262673
TRK-26027-00599,TMS,Rail defect,Medium,-0.74318326,-1.2369994,0.0248525,0.713197,-0.00061247434,-1.2029966
TRK-26027-00600,TMS,Sleeper defect,High,12.565666,3.1124246,0.02157051,2.9709144,0.0014592631,-1.2183274
TRK-26027-00601,TMS,USFD-related inspection,Medium,0.4143607,1.830593,-0.029728804,1.5015327,-0.0010615344,-1.1988304
TRK-26027-00602,TMS,Track geometry defect,Low,-14.743428,-3.3944404,0.08736181,-1.9890594,0.0021510567,-1.155766
TRK-26027-00603,TMS,Sleeper defect,Medium,-0.71212083,-0.76777744,0.004885824,-1.1237893,-0.0014116163,-1.182484
TRK-26027-00604,TMS,Sleeper defect,High,12.4435215,4.5415883,0.013251716,1.9620918,-0.00015456828,-1.2424557
TRK-26027-00605,TMS,Track wear,Medium,0.50462025,1.3864334,0.04887046,3.5833254,-0.0015504844,-1.1829506
TRK-26027-00606,TMS,Sleeper defect,Medium,-0.38961014,-3.4939368,0.0064279167,2.9981055,-0.00035104842,-1.2191176
TRK-26027-00607,TMS,Track wear,Medium,-0.2495032,-1.9327006,-0.022812583,3.6390681,-0.0017417694,-1.2213947
TRK-26027-00608,TMS,Rail defect,High,13.762356,7.383107,0.014775566,2.7904353,-0.00037507515,-1.2335117
TRK-26027-00609,TMS,Sleeper defect,Medium,-0.03934417,1.9284735,0.007705401,-1.0850545,-0.00012529684,-1.1894144
TRK-26027-00610,TMS,Track geometry defect,Medium,0.2899758,0.57590747,0.011615759,3.639156,-0.0014826236,-1.206459
TRK-26027-00611,TMS,USFD-related inspection,Low,-16.81581,-9.668728,-0.044139337,-4.096044,0.00064667274,-1.1538051
TRK-26027-00612,TMS,USFD-related inspection,Medium,-0.28468603,-3.9715853,-0.032696296,3.8173013,0.0008015525,3.7501075
TRK-26027-00613,TMS,Track geometry defect,Medium,-0.17264993,0.6813567,0.012674616,0.7618711,0.00056422496,-1.1867412
TRK-26027-00614,TMS,Ballast issue,Low,-15.775918,-8.918254,0.017449692,-0.7920976,-0.00078699214,-1.2332681
TRK-26027-00615,TMS,Preventive track maintenance,High,13.01232,5.744334,0.016090773,1.0699195,-0.0014696333,-1.2277225
TRK-26027-00616,TMS,Preventive track maintenance,Medium,-0.7075523,-2.4920635,0.017709764,0.7438081,-0.0014729755,-1.1956276
TRK-26027-00617,TMS,Track wear,Medium,-0.64118916,-0.5366593,-0.0077120503,-1.1421872,-0.00068282586,-1.1722299
TRK-26027-00618,TMS,Preventive track maintenance,High,13.667254,7.6980734,0.018886285,1.1865363,-0.0020281284,-1.225975
TRK-26027-00619,TMS,Sleeper defect,High,12.672773,4.670048,0.020157313,2.8123124,-0.0012920296,-1.2310011
TRK-26027-00620,TMS,Ballast issue,High,13.379673,6.4285917,0.015866823,2.837505,-0.00042417823,-1.2171779
TRK-26027-00621,TMS,Sleeper defect,Low,-14.940678,-5.5615444,0.041156854,-0.56145674,0.001310214,-1.2106781
TRK-26027-00622,TMS,Track wear,Medium,-0.36893514,-4.288414,-0.0240802,3.9384274,-0.0020741618,-1.2117021
TRK-26027-00623,TMS,Track wear,Low,-15.173611,-4.0901923,-0.070877194,-2.6191406,-0.00040753456,-1.125659
TRK-26027-00624,TMS,USFD-related inspection,Medium,0.76481754,2.2424757,-0.040224742,3.5806277,-0.0005051007,-1.2093966
TRK-26027-00625,TMS,Preventive track maintenance,Medium,-0.8506817,-1.087768,-0.008063587,-1.15946,-0.00047964408,-1.190474
TRK-26027-00626,TMS,USFD-related inspection,Low,-16.721087,-9.117492,0.021130238,-3.4593139,-0.001306136,-1.1389822
TRK-26027-00627,TMS,Ballast issue,Low,-15.259368,-4.345009,0.017100703,-3.9472659,-0.0016975842,-1.1263103
TRK-26027-00628,TMS,Rail defect,Medium,-0.8391235,-3.598469,0.0049513336,1.1354167,0.010476172,-1.2187756
TRK-26027-00629,TMS,Track geometry defect,Medium,0.18818009,1.0020016,0.03144035,1.4481653,-0.0031988614,3.778467
TRK-26027-00630,TMS,Rail defect,High,13.482675,6.5335565,0.027182292,3.6255898,-0.0034432597,-1.2241353
TRK-26027-00631,TMS,USFD-related inspection,Low,-14.139596,-5.5104146,-0.039294455,3.142194,-0.0038001954,-1.2496376
TRK-26027-00632,TMS,Rail defect,Low,-16.529879,-9.567961,0.020090833,-2.7933335,-0.0014747051,-1.1492249
TRK-26027-00633,TMS,USFD-related inspection,Low,-15.423708,-8.889685,-0.042385373,1.2353768,0.0076022753,3.7468688
TRK-26027-00634,TMS,Track geometry defect,Low,-16.486149,-7.5105944,0.03295061,-3.329241,-0.000654685,-1.1447762
TRK-26027-00635,TMS,Preventive track maintenance,Medium,0.03004898,2.3367326,0.0070991283,-0.19268559,-0.0015473944,-1.1964011
TRK-26027-00636,TMS,Ballast issue,Low,-14.70786,-5.8073792,0.01466462,0.10451502,-0.005450299,3.6120026
TRK-26027-00637,TMS,Ballast issue,Medium,0.7448812,2.51097,0.040099222,3.5636432,-0.0017799689,-1.2059093
TRK-26027-00638,TMS,Preventive track maintenance,Medium,0.047148377,0.46066818,0.029966623,1.5375988,-0.00046642273,-1.2012849
TRK-26027-00639,TMS,Track geometry defect,Medium,-0.33747607,-2.3135078,0.0074266493,1.5916824,0.0010067013,3.7396631
TRK-26027-00640,TMS,Rail defect,High,13.577227,6.706608,0.016827239,2.8229456,-0.001435706,-1.2245626
TRK-26027-00641,TMS,Track wear,Medium,0.089937225,0.07545525,0.010800652,2.5820813,0.00036587776,3.7339656
TRK-26027-00642,TMS,Preventive track maintenance,High,12.506593,2.9225543,0.025355853,2.9997785,0.0003832617,-1.2117925
TRK-26027-00643,TMS,Preventive track maintenance,Low,-15.118896,-8.627933,0.04326325,2.1642787,-0.0014217342,-1.2451757
TRK-26027-00644,TMS,Sleeper defect,Medium,0.6081508,3.1883345,0.04454522,1.4657012,-0.00025859417,-1.1876154
TRK-26027-00645,TMS,USFD-related inspection,Low,-16.158834,-6.66845,0.0060622357,-3.4524972,0.0014856895,3.7295895
TRK-26027-00646,TMS,Track wear,Low,-13.798671,-3.8572598,0.10886474,1.3023268,0.0003290241,-1.237138
TRK-26027-00647,TMS,Track wear,Medium,-0.3629607,-1.660512,-0.011086269,2.6262476,-0.001659686,-1.2192477
TRK-26027-00648,TMS,Preventive track maintenance,Medium,0.18267499,2.7056506,-0.030126479,-0.25016955,-0.004137234,3.7691433
TRK-26027-00649,TMS,Track geometry defect,Low,-16.097418,-7.5131536,0.0072871125,-2.0535438,-0.00657704,3.738249
TRK-26027-00650,TMS,Track geometry defect,Low,-15.985397,-8.570812,0.0037414257,-1.4715706,-0.0056635514,3.6576738
TRK-26027-00651,TMS,Sleeper defect,High,12.703466,4.940642,0.021347737,2.8214538,-0.00074864423,-1.249976
TRK-26027-00652,TMS,Ballast issue,Medium,-0.10229667,1.77384,-0.004478932,-1.1522728,0.002950748,3.7959738
TRK-26027-00653,TMS,Preventive track maintenance,Low,-15.505739,-8.917418,0.008021414,-0.20668225,-0.010966891,3.6633196
TRK-26027-00654,TMS,Ballast issue,Medium,-0.088522665,1.8451699,0.03861258,-0.17824988,-0.0022388455,-1.1860226
TRK-26027-00655,TMS,Sleeper defect,Critical,23.607168,7.9690046,0.011779279,2.6469285,0.0074228332,3.7744102
TRK-26027-00656,TMS,Rail defect,High,13.81809,7.7945433,0.037472133,2.7516236,0.0018377784,-1.247382
TRK-26027-00657,TMS,Preventive track maintenance,Medium,-0.7115786,-3.3340874,0.010247969,1.119304,0.00023181591,-1.2187121
TRK-26027-00658,TMS,Sleeper defect,Critical,24.62068,11.0493,0.014021727,3.2399557,-0.010146404,-0.879628
TRK-26027-00659,TMS,Ballast issue,High,12.4668665,2.7248423,0.025929073,3.0418174,-0.0025916265,-1.2153901
TRK-26027-00660,TMS,Preventive track maintenance,Medium,-0.18872686,-0.20120463,0.029674774,1.5056111,-0.00068011123,-1.1819304
TRK-26027-00661,TMS,Ballast issue,Medium,-0.28119525,-1.2564206,0.017865898,2.583707,-7.7377954e-05,3.7774642
TRK-26027-00662,TMS,Track geometry defect,Low,-16.694572,-8.560436,-0.039815154,-4.108539,-0.0027982777,-1.1349906
TRK-26027-00663,TMS,USFD-related inspection,Critical,24.515827,10.404823,-0.034174256,3.1730425,0.007500324,-0.9179313
TRK-26027-00664,TMS,USFD-related inspection,Medium,-0.6364994,-0.546218,0.016696533,-1.171006,0.012265281,3.766327
TRK-26027-00665,TMS,USFD-related inspection,Medium,-0.44639125,-3.3278062,0.014874331,1.8761723,0.00051227276,-1.216997
TRK-26027-00666,TMS,Sleeper defect,Low,-14.844993,-5.649857,0.014450181,-0.5518368,0.01693135,3.674906
TRK-26027-00667,TMS,Track geometry defect,Medium,0.6416545,2.3147233,-0.004992744,2.5453608,0.0029238781,3.8197994
TRK-26027-00668,TMS,Sleeper defect,Low,-16.24769,-6.908575,0.045658756,-3.2831252,0.0008680421,-1.125692
TRK-26027-00669,TMS,Rail defect,High,12.690231,3.2365296,0.022062596,3.7617455,-0.0051597697,-1.2126632
TRK-26027-00670,TMS,Track wear,Medium,0.039122675,-0.38857555,-0.02581986,3.5290194,-0.0016054306,-1.1976562
TRK-26027-00671,TMS,Track geometry defect,High,12.70876,4.1629,0.016287977,3.692622,-0.004550152,-1.2182596
TRK-26027-00672,TMS,Track geometry defect,Medium,0.09529847,1.9036815,0.04542792,0.77651185,0.00032920076,-1.1819161
TRK-26027-00673,TMS,Track wear,Medium,-0.44784462,-3.343788,0.0062589,1.88672,0.00014361093,-1.218638
TRK-26027-00674,TMS,Rail defect,Low,-16.366653,-7.837119,0.031005034,-2.6748326,-0.0016419285,-1.1165146
TRK-26027-00675,TMS,Track geometry defect,Low,-15.106678,-3.8068838,0.09037814,-3.2652838,-0.00013049398,-1.1353339
TRK-26027-00676,TMS,Track wear,Medium,-0.8326269,-3.056395,-0.019106189,-0.78648084,-0.0013434766,3.7814927
TRK-26027-00677,TMS,Track geometry defect,Medium,0.45094422,2.1591666,0.008238373,1.4563483,0.0038557984,3.8018801
TRK-26027-00678,TMS,Ballast issue,High,13.069403,5.75305,0.024162395,2.8273976,-0.00010168741,-1.2126194
TRK-26027-00679,TMS,USFD-related inspection,Medium,-0.6292899,-0.5432378,0.005492085,-1.1234618,4.382688e-05,-1.1756996
TRK-26027-00680,TMS,Rail defect,High,12.258118,2.901765,0.025666125,2.2836382,-0.0021361853,-1.2097954
TRK-26027-00681,TMS,Preventive track maintenance,Low,-16.117264,-7.3826613,0.031244053,-2.0117712,-0.0013008353,-1.1748149
TRK-26027-00682,TMS,Rail defect,Medium,-0.025871804,-0.5211926,0.030202528,3.5611799,-0.0019739566,-1.1914157
TRK-26027-00683,TMS,Rail defect,Medium,0.5879013,2.230874,0.037399724,2.6130285,-0.00018100932,-1.2152029
TRK-26027-00684,TMS,Ballast issue,Medium,-0.6417564,-0.5463142,-0.0020539034,-1.1402828,0.0010025803,-1.1728194
TRK-26027-00685,TMS,Rail defect,Low,-15.146462,-9.679724,0.0394266,2.192918,-0.0012623371,-1.2571625
TRK-26027-00686,TMS,USFD-related inspection,Low,-15.393547,-4.1795073,-0.10023488,-3.287354,-0.0025152727,-1.1401806
TRK-26027-00687,TMS,Track wear,Low,-13.559064,-4.4572577,0.1209946,3.186274,0.047453735,-1.237371
TRK-26027-00688,TMS,Track wear,Medium,-0.2929302,0.81630945,0.010863761,-1.085521,-0.00013916453,-1.1829251
TRK-26027-00689,TMS,Track wear,Medium,0.39934886,1.1038194,0.03108574,3.6003275,-0.001146784,-1.2160505
TRK-26027-00690,TMS,Preventive track maintenance,Low,-15.085016,-3.7055373,0.08458678,-3.262668,0.00037037567,-1.1338536
TRK-26027-00691,TMS,Track wear,Medium,0.46626994,1.6300182,-0.015463726,2.5613842,-0.0014460427,-1.2019675
TRK-26027-00692,TMS,Preventive track maintenance,Low,-16.062368,-9.268799,0.022959316,-1.4633211,-0.00027678377,-1.2136475
TRK-26027-00693,TMS,Rail defect,Medium,0.13848533,2.6877723,0.033362992,-0.14617333,0.00086515624,-1.1865876
TRK-26027-00694,TMS,USFD-related inspection,Low,-16.691513,-8.180535,-0.06043205,-3.9391592,0.027938478,-1.1769117
TRK-26027-00695,TMS,Track geometry defect,Low,-16.275951,-8.945863,-0.004761221,-2.1806612,0.0055756005,3.799082
TRK-26027-00696,TMS,Sleeper defect,Low,-16.395721,-7.3971553,-0.0348976,-3.9766998,0.00054794026,-1.1163236
TRK-26027-00697,TMS,Preventive track maintenance,Low,-15.656812,-5.2250667,-0.038794737,-3.279632,-0.001294465,-1.1319244
TRK-26027-00698,TMS,Rail defect,High,12.746038,3.1370006,0.036481857,3.7538407,-0.004712223,3.7164834
TRK-26027-00699,TMS,USFD-related inspection,High,13.42819,6.742924,0.01489018,1.989602,0.0004554991,-1.2459518
TRK-26027-00700,TMS,Track wear,Medium,-0.19042002,-0.36345202,0.029517516,1.5026146,0.00063402485,-1.1781797
TRK-26027-00701,TMS,Track wear,Medium,-0.82831407,-3.598201,0.007076932,1.13273,-0.0005206581,-1.2225101
TRK-26027-00702,TMS,Track geometry defect,Low,-16.351786,-9.102817,0.014268601,-2.13166,-0.00058004487,-1.1812937
TRK-26027-00703,TMS,Rail defect,Medium,-0.34527645,0.5275009,-0.004420561,-1.0894128,-0.0011416791,-1.1826874
TRK-26027-00704,TMS,Rail defect,Medium,-0.8133816,-1.5868152,0.021830458,0.69422275,-0.0005768997,-1.1938419
TRK-26027-00705,TMS,Ballast issue,Medium,0.5724909,2.9217186,0.0077458485,1.4529862,0.00021833439,-1.2045574
TRK-26027-00706,TMS,Ballast issue,Low,-16.271362,-7.1321435,-0.047343533,-4.0553503,0.000102841754,3.7059565
TRK-26027-00707,TMS,Track geometry defect,Low,-14.923733,-3.5818987,0.09161035,-2.6260839,-0.00042205205,-1.1206671
TRK-26027-00708,TMS,Sleeper defect,Medium,0.60874265,1.9589454,0.048599686,3.591238,-0.0027590534,-1.1990656
TRK-26027-00709,TMS,Track geometry defect,High,13.505673,6.7948194,0.014355693,1.9946556,-0.008482771,3.78583
TRK-26027-00710,TMS,Preventive track maintenance,High,13.958805,7.5406737,0.01230402,3.6309981,-0.013507842,3.803648
TRK-26027-00711,TMS,Track geometry defect,Low,-16.320751,-8.39786,0.015057599,-2.027716,-0.0015028586,-1.1586522
TRK-26027-00712,TMS,USFD-related inspection,Medium,0.2180873,2.8359206,-0.026267689,-1.0695224,0.00012852678,-1.182874
TRK-26027-00713,TMS,Ballast issue,Medium,-0.20886701,-0.74140024,0.022990169,2.6071792,-0.0013928075,-1.2048283
TRK-26027-00714,TMS,Preventive track maintenance,Low,-14.318144,-4.837355,0.060819432,0.06574017,0.0024261628,-1.2260365
TRK-26027-00715,TMS,USFD-related inspection,Critical,24.374489,10.114657,-0.019143905,3.1012378,-0.015756842,-0.921293
TRK-26027-00716,TMS,Track wear,Medium,-0.10537031,-0.7470293,0.011582442,3.5492146,-0.001563963,-1.2039841
TRK-26027-00717,TMS,Preventive track maintenance,Medium,-0.33835047,0.64575374,0.024962885,-0.16878133,-0.00080624793,-1.1885597
TRK-26027-00718,TMS,USFD-related inspection,Medium,-0.19283903,-1.3449827,-0.027871793,3.5781693,-0.0014288558,-1.2129599
TRK-26027-00719,TMS,Track geometry defect,Medium,0.49157742,1.9081373,0.042913105,2.580544,-0.0006822542,-1.2025273
TRK-26027-00720,TMS,Track geometry defect,Low,-16.283287,-9.208774,-0.0004896912,-2.228587,-0.0049835364,3.8085935
TRK-26027-00721,TMS,Track wear,High,12.95328,5.8569508,0.013953048,1.9723097,-0.00065521954,-1.2402543
TRK-26027-00722,TMS,Track geometry defect,High,13.142031,6.2632513,0.015646381,1.9557165,-0.0008878931,-1.2268815
TRK-26027-00723,TMS,Rail defect,High,13.637915,7.7294636,0.04015796,1.9916055,-0.00037317845,-1.2400014
TRK-26027-00724,TMS,USFD-related inspection,Medium,-0.529937,-4.0046096,0.013902524,3.0313506,0.010378565,-1.2164166
TRK-26027-00725,TMS,Rail defect,Medium,-1.1170018,-4.1476107,-0.027116865,-0.59412867,-0.00056100846,-1.1933938
TRK-26027-00726,TMS,Preventive track maintenance,High,13.651875,6.809473,0.014493255,3.6060941,0.017352281,-1.2322724
TRK-26027-00727,TMS,Preventive track maintenance,Low,-14.013363,-3.4131334,-0.06625767,-0.028485568,-0.0026472677,-1.2534575
TRK-26027-00728,TMS,Preventive track maintenance,High,12.550927,4.4332876,-0.014657888,1.0888847,-0.00074872404,-1.2195542
TRK-26027-00729,TMS,Sleeper defect,Low,-15.237412,-5.7143784,0.040669795,-1.2757655,0.021893222,-1.2411902
TRK-26027-00730,TMS,Rail defect,Low,-14.407467,-6.360147,0.07325396,2.3738244,-0.001996025,-1.265686
TRK-26027-00731,TMS,Sleeper defect,High,12.511832,2.9212809,0.021744281,3.0001714,-0.001076179,-1.211081
TRK-26027-00732,TMS,Track wear,Low,-15.505316,-8.917692,0.016155265,-0.20255746,-0.010548725,3.6642392
TRK-26027-00733,TMS,Rail defect,Medium,-0.98476654,-2.022599,-0.015200768,-1.1077396,7.049828e-05,-1.192233
TRK-26027-00734,TMS,USFD-related inspection,High,13.372088,6.1023374,-0.019559305,3.5713146,0.00036408554,-1.2403789
TRK-26027-00735,TMS,Track wear,High,13.603094,7.5449924,0.0132716615,2.0045536,0.00078682654,-1.2316403
TRK-26027-00736,TMS,Track geometry defect,Low,-14.949287,-7.333748,0.030126717,1.4139594,0.0022479338,-1.2597132
TRK-26027-00737,TMS,Sleeper defect,Medium,0.12682006,2.5464218,0.00029244932,-1.0946952,-0.0017781218,-1.1849434
TRK-26027-00738,TMS,Preventive track maintenance,Medium,-1.0406272,-4.1368537,-0.015862696,-0.58482873,0.00024317455,-1.1969362
TRK-26027-00739,TMS,Rail defect,Medium,0.7422438,2.8193357,0.04120873,3.5730963,0.022012478,-1.199284
TRK-26027-00740,TMS,Ballast issue,Medium,-0.27695587,-1.2554681,0.015756065,2.5707543,-0.003197191,3.7698357
TRK-26027-00741,TMS,Rail defect,Medium,-0.7114733,-3.3344953,0.009608559,1.1188046,-0.00025612515,-1.2167832
TRK-26027-00742,TMS,Track geometry defect,High,12.613074,3.026555,-0.0055009336,2.9594448,0.0029476734,3.7421107
TRK-26027-00743,TMS,Ballast issue,Critical,24.558662,11.763727,0.01462753,2.568365,-0.011939712,-0.8758703
TRK-26027-00744,TMS,Sleeper defect,Medium,0.15503237,2.1267526,0.04439211,0.767399,0.0008987122,-1.1875342
TRK-26027-00745,TMS,USFD-related inspection,Low,-15.08841,-3.8429327,-0.12840359,-2.644685,0.016387885,-1.1528076
TRK-26027-00746,TMS,Rail defect,Medium,-0.4371295,-1.9628524,0.014622276,2.673738,0.00015565082,-1.2215362
TRK-26027-00747,TMS,Sleeper defect,Low,-14.277514,-3.855263,0.09303767,-0.554808,-0.0005283428,-1.2138321
TRK-26027-00748,TMS,Track wear,Medium,0.5985025,1.934964,0.013709278,3.575813,-0.0018035253,-1.2073008
TRK-26027-00749,TMS,Ballast issue,Medium,0.15710942,2.9938688,0.033168152,-0.16007982,0.00348109,-1.1909108
TRK-26027-00750,TMS,Rail defect,Medium,-0.96235156,-3.6017435,0.0029610666,0.2255398,-0.00030557328,-1.2201754
TRK-26027-00751,TMS,Sleeper defect,Medium,0.10219985,0.6838045,0.02791548,1.5416247,-0.00055678596,-1.2003828
TRK-26027-00752,TMS,Ballast issue,Low,-13.993017,-3.8280442,0.09115944,0.07830486,-0.000538774,-1.2226996
TRK-26027-00753,TMS,Track geometry defect,High,13.814112,7.2067046,-0.019745642,3.5883002,-0.00830054,-1.2454057
TRK-26027-00754,TMS,Preventive track maintenance,Medium,-0.07695763,0.1705871,0.028252443,1.5265726,-0.0004195012,-1.1920763
TRK-26027-00755,TMS,Sleeper defect,Low,-14.686967,-3.4369712,0.046514593,-2.0788205,-0.001873406,3.7416346
TRK-26027-00756,TMS,Track geometry defect,Medium,0.6485275,1.9708598,-0.009789767,3.4918375,0.0023334564,3.7707462
TRK-26027-00757,TMS,USFD-related inspection,Low,-14.36028,-4.0480084,0.049173057,-0.6300295,-0.0032429085,3.6875093
TRK-26027-00758,TMS,Rail defect,Medium,-0.24347511,-1.8834814,0.006804422,3.5920734,-0.0034920138,3.7396662
TRK-26027-00759,TMS,Track geometry defect,High,13.509083,6.7950373,0.009957623,1.9979515,0.0018029121,3.7929068
TRK-26027-00760,TMS,Track wear,Low,-16.351702,-9.103354,0.015562577,-2.1322422,-0.00062134926,-1.1815109
TRK-26027-00761,TMS,Rail defect,Low,-15.458537,-5.352508,0.05643725,-2.6567826,0.00058120006,-1.1063837
TRK-26027-00762,TMS,Track geometry defect,High,13.751679,7.220544,0.015787527,3.6056993,-0.0014027011,-1.2429764
TRK-26027-00763,TMS,Ballast issue,Critical,23.858326,8.934432,0.014260047,2.373177,0.00028422746,-0.9820451
TRK-26027-00764,TMS,Rail defect,High,13.742203,7.214044,0.03824529,3.625076,-0.009460058,-1.2413521
TRK-26027-00765,TMS,Rail defect,Low,-15.618471,-5.4400473,-0.022793451,-3.9579937,-0.0026161333,-1.1229961
TRK-26027-00766,TMS,Ballast issue,High,12.706011,5.2738495,0.0132269,1.9571788,0.0011440954,3.7316685
TRK-26027-00767,TMS,USFD-related inspection,Medium,-0.8318303,-1.9139167,0.016341815,0.6750896,-0.00015204826,-1.1939175
TRK-26027-00768,TMS,Track wear,Low,-16.20059,-6.716141,0.04177454,-3.39991,0.00076695206,-1.1253068
TRK-26027-00769,TMS,Rail defect,High,13.007477,5.3314037,0.029260533,3.594013,-0.0002752327,-1.2229081
TRK-26027-00770,TMS,Track wear,Medium,0.3911585,1.3854705,0.04490999,2.6224751,-0.0019634033,-1.1839061
TRK-26027-00771,TMS,USFD-related inspection,Medium,-0.46202207,-0.024696134,-0.026692066,-1.1038045,-0.0003718639,-1.1820763
TRK-26027-00772,TMS,USFD-related inspection,Low,-14.207254,-5.1695485,0.08251978,1.3349212,-2.6129908e-06,-1.252876
TRK-26027-00773,TMS,Rail defect,Low,-13.553569,-4.2047696,0.11397302,2.3597555,-0.000661627,-1.2331994
TRK-26027-00774,TMS,Ballast issue,Medium,-0.2877221,-0.6207174,0.028548412,1.4696151,0.00051871536,-1.1908506
TRK-26027-00775,TMS,Rail defect,Medium,-1.1170146,-4.1471553,-0.026845226,-0.5937955,-0.0005622538,-1.1944401
TRK-26027-00776,TMS,Rail defect,Low,-14.679038,-7.2372665,0.06024226,3.119983,-0.0013268341,-1.2543094
TRK-26027-00777,TMS,Rail defect,Medium,-0.7172064,-0.63537747,0.024379408,-0.21650426,-0.00080624793,-1.1854622
TRK-26027-00778,TMS,Track wear,Medium,0.1327919,2.675899,0.012052477,-0.15282369,-0.0023147152,-1.1887418
TRK-26027-00779,TMS,USFD-related inspection,Low,-14.67616,-5.0290165,0.028688867,-0.6541593,-0.0060827695,3.7040524
TRK-26027-00780,TMS,Track wear,Medium,0.36172122,1.8757803,0.044062506,1.5248832,-6.597004e-05,-1.1983494
TRK-26027-00781,TMS,Rail defect,Low,-15.349809,-8.759378,0.02478388,1.2337214,0.00023712755,-1.2423288
TRK-26027-00782,TMS,Sleeper defect,Medium,-0.24401239,-0.9732507,0.010853047,2.5340567,0.0020457553,3.7720325
TRK-26027-00783,TMS,Sleeper defect,Low,-14.416691,-4.3865986,0.08684553,-0.62970215,0.002359969,-1.2356889
TRK-26027-00784,TMS,Preventive track maintenance,Medium,0.18961884,0.31670395,-0.02935196,2.6547217,-0.0009215806,-1.2104117
TRK-26027-00785,TMS,Ballast issue,Medium,0.5933651,2.712523,0.03182089,1.4215249,-0.00043039332,3.7949526
TRK-26027-00786,TMS,Preventive track maintenance,High,12.831443,4.4925046,-0.010697496,3.6296463,-0.0050773965,3.7715406
TRK-26027-00787,TMS,Ballast issue,High,12.626371,4.386984,0.022517314,2.8036115,-0.0015348612,-1.2346112
TRK-26027-00788,TMS,Track geometry defect,Medium,-0.2278739,0.45954403,0.016729282,0.75754404,-0.0017053471,-1.1904842
TRK-26027-00789,TMS,Ballast issue,Medium,0.027467126,0.20262648,0.027651792,1.4686637,-0.004146106,3.7693193
TRK-26027-00790,TMS,Preventive track maintenance,Low,-14.939454,-3.7113523,0.08880303,-2.6551101,-0.0018567847,-1.1190225
TRK-26027-00791,TMS,Sleeper defect,Low,-15.345854,-5.3091226,0.05289744,-1.9696718,0.002142778,-1.1638936
TRK-26027-00792,TMS,Preventive track maintenance,High,12.344556,2.8193798,-0.028070189,1.4115944,-0.0007261105,-1.2090461
TRK-26027-00793,TMS,Ballast issue,Medium,-1.0021055,-3.6970668,0.005836448,-0.6629442,-0.00023795354,-1.2091486
TRK-26027-00794,TMS,USFD-related inspection,High,12.898546,4.722404,-0.020650618,3.580088,-0.007749794,3.7592008
TRK-26027-00795,TMS,Preventive track maintenance,High,13.370435,6.10787,-0.029633638,3.574089,0.0080978675,-1.2369341
TRK-26027-00796,TMS,Track wear,Medium,0.19011404,2.3393807,0.009956435,0.70421827,-0.00066171517,-1.1978787
TRK-26027-00797,TMS,Preventive track maintenance,Low,-15.740713,-7.253423,0.033710446,-1.2886753,0.0011107803,-1.200928
TRK-26027-00798,TMS,Ballast issue,Medium,-0.84883505,-1.095469,-0.0053591677,-1.1577896,0.00068829523,-1.1901622
TRK-26027-00799,TMS,Sleeper defect,Medium,0.65099937,2.848225,0.03325661,2.489079,0.00091797253,3.7757642
TRK-26027-00800,TMS,USFD-related inspection,Medium,-0.42371288,-1.653244,0.021566125,2.6422207,0.0012952199,-1.2163486
TRK-26027-00801,TMS,Sleeper defect,Medium,-0.40257168,-3.6591618,-0.005622238,2.8996415,-0.0034107952,3.766573
TRK-26027-00802,TMS,Rail defect,Medium,0.046558265,0.4578567,0.026387466,1.5332985,-0.0030377053,-1.2032654
TRK-26027-00803,TMS,Sleeper defect,High,12.476148,4.166556,0.010464678,1.077407,-0.009184585,3.720685
TRK-26027-00804,TMS,Track geometry defect,Medium,-0.31296512,-2.4947786,0.0052688466,2.8026738,-0.0018207061,-1.213742
TRK-26027-00805,TMS,Track geometry defect,Low,-15.464916,-8.366035,0.021678165,0.020622782,-0.0009655853,-1.191967
TRK-26027-00806,TMS,Preventive track maintenance,Low,-15.492092,-6.2634907,0.047022503,-1.3911057,0.0011413728,-1.1977961
TRK-26027-00807,TMS,Rail defect,Medium,0.16107577,0.544872,0.021265814,2.6621547,0.0073221764,-1.2082757
TRK-26027-00808,TMS,Ballast issue,Medium,-0.39047325,-2.94477,0.009994592,1.9334288,0.0006145152,-1.219034
TRK-26027-00809,TMS,Track wear,Medium,-0.31150597,-2.4784164,0.015511558,2.7911313,-0.0007151003,-1.2134902
TRK-26027-00810,TMS,Sleeper defect,Low,-14.929479,-4.251192,0.035926055,-2.0030844,-0.0012032454,3.7400746
TRK-26027-00811,TMS,Preventive track maintenance,Medium,0.025268195,2.0314677,-0.029404512,-0.193962,-0.0004896093,-1.1927898
TRK-26027-00812,TMS,Rail defect,High,13.818818,7.792572,0.038509212,2.751504,0.0018269941,-1.2470461
TRK-26027-00813,TMS,USFD-related inspection,Low,-15.533043,-8.315101,-0.019260531,-0.14101923,-0.0061349273,3.613346
TRK-26027-00814,TMS,USFD-related inspection,Low,-15.649017,-7.65877,0.024159124,-0.66543263,-0.0015067256,-1.2242975
TRK-26027-00815,TMS,USFD-related inspection,Low,-15.042775,-4.5639744,0.08737803,-1.9668173,-0.0008844569,-1.1656902
TRK-26027-00816,TMS,Preventive track maintenance,High,13.2939005,6.112969,0.0149300415,3.6009285,0.0027142877,-1.2350321
TRK-26027-00817,TMS,Track geometry defect,High,13.097532,6.0601335,0.007550421,1.9664268,0.0016534168,3.7994149
TRK-26027-00818,TMS,Ballast issue,Medium,-0.33921725,0.64238864,0.0220013,-0.17328943,-0.00029884858,-1.19112
TRK-26027-00819,TMS,USFD-related inspection,Low,-15.840003,-7.643353,0.00059888227,-1.3712287,-0.0054655187,3.698934
TRK-26027-00820,TMS,Sleeper defect,Medium,-0.8676912,-3.369876,-0.021898005,-0.75869733,0.006860629,3.787744
TRK-26027-00821,TMS,Track geometry defect,High,12.3535795,3.0642762,0.0148266675,1.4322873,-0.0003759623,-1.2164291
TRK-26027-00822,TMS,Track geometry defect,Medium,0.24064812,0.37402126,0.02987842,3.6633608,-0.0049744984,-1.2065662
TRK-26027-00823,TMS,Sleeper defect,Medium,-0.84085363,-0.9721271,0.016120445,-0.24544075,0.001295322,-1.1972042
TRK-26027-00824,TMS,Ballast issue,Low,-14.957152,-5.7946124,0.022407608,-0.44102052,-0.0069880662,3.6597788
TRK-26027-00825,TMS,Rail defect,Medium,0.18368773,3.139244,0.014524254,-1.0585274,0.0006119267,-1.1743121
TRK-26027-00826,TMS,USFD-related inspection,Low,-15.160506,-9.460723,-0.04759538,3.0923219,-0.0042866915,-1.266962
TRK-26027-00827,TMS,Track geometry defect,Medium,-1.0427963,-3.944103,0.009041586,-0.6268537,-0.0017425666,-1.2055705
TRK-26027-00828,TMS,Track geometry defect,High,12.6907625,5.091426,0.012991725,1.9833409,-0.0020163497,3.7505739
TRK-26027-00829,TMS,Rail defect,Low,-13.993692,-5.4361186,0.08265578,3.1148608,0.00027431338,-1.2638468
TRK-26027-00830,TMS,Track wear,Medium,0.16589771,0.6616607,-0.024983991,1.520561,-0.0001350292,-1.2002517
TRK-26027-00831,TMS,Track wear,Medium,-0.13061494,0.4998745,-0.013266056,0.6519964,-0.0017635626,3.761877
TRK-26027-00832,TMS,Rail defect,Medium,-0.097672604,1.7755162,-0.0053457525,-1.1555582,6.3327825e-06,3.7945483
TRK-26027-00833,TMS,Rail defect,Medium,-0.13375217,0.9601206,0.026918512,0.7314975,0.0006069633,-1.1855404
TRK-26027-00834,TMS,USFD-related inspection,High,12.359282,3.1346028,0.019587671,2.2750902,-0.0023057905,-1.2213409
TRK-26027-00835,TMS,Rail defect,Low,-15.480319,-9.032655,0.020315213,-0.049206946,0.00072279404,-1.2326876
TRK-26027-00836,TMS,Track wear,Medium,-0.40273032,-0.9254524,0.025497371,1.4759076,-0.0004156172,-1.2012224
TRK-26027-00837,TMS,Rail defect,High,13.928393,7.938699,0.047446355,3.5770206,0.0020614704,-1.2550931
TRK-26027-00838,TMS,Rail defect,Low,-14.986982,-6.5504947,0.044340845,0.028850293,0.019968823,-1.2459253
TRK-26027-00839,TMS,Track geometry defect,Low,-16.519867,-9.268571,0.017101727,-2.7451284,-0.00010518413,-1.1429303
TRK-26027-00840,TMS,Sleeper defect,High,12.897755,5.236487,0.015398552,2.8185105,-0.00070340553,-1.221717
TRK-26027-00841,TMS,Rail defect,Low,-14.921672,-3.584443,0.08965426,-2.626268,0.0043558786,-1.124383
TRK-26027-00842,TMS,Sleeper defect,Low,-15.809041,-6.027435,0.036558643,-2.6299644,0.0012533058,-1.1409848
TRK-26027-00843,TMS,Ballast issue,Low,-15.780178,-9.182892,0.029132389,-0.8283926,0.001555883,-1.2437222
TRK-26027-00844,TMS,Track wear,Medium,0.4148078,1.6693295,0.041737456,2.576638,-0.0004652356,-1.1964068
TRK-26027-00845,TMS,Track wear,High,12.420187,4.1926637,0.008451332,1.1230516,-0.001224197,-1.2189841
TRK-26027-00846,TMS,Sleeper defect,Low,-14.929923,-8.129306,0.048270382,3.152237,-0.0009049824,-1.2555691
TRK-26027-00847,TMS,USFD-related inspection,Medium,0.2966,1.2477341,-0.026125865,1.5300488,-0.0013793199,-1.2148812
TRK-26027-00848,TMS,Ballast issue,Medium,0.621149,1.9869468,0.018573672,3.4995644,0.0008059055,3.74125
TRK-26027-00849,TMS,Rail defect,High,12.695131,3.2339544,0.011899382,3.7572763,-0.0028897573,-1.214899
TRK-26027-00850,TMS,Rail defect,Low,-14.495162,-6.7603726,0.08330482,3.0656192,-0.0025876462,-1.275838
TRK-26027-00851,TMS,USFD-related inspection,Low,-14.216413,-3.2644942,-0.10901445,-0.6368297,0.014007486,3.7651777
TRK-26027-00852,TMS,Track geometry defect,Medium,-0.22788388,0.45816478,0.013157204,0.75520873,0.00035953984,-1.1910045
TRK-26027-00853,TMS,Track geometry defect,Medium,-0.78563786,-1.1037797,-0.0036548676,-1.1373498,-0.0017692407,-1.1906799
TRK-26027-00854,TMS,Preventive track maintenance,Critical,24.208221,9.962202,0.013442309,3.1266577,-0.015191595,-0.92677355
TRK-26027-00855,TMS,Track wear,High,12.366819,3.3433967,0.008927264,1.3726572,0.0014330392,-1.2186723
TRK-26027-00856,TMS,Track geometry defect,Low,-14.981834,-7.2486134,0.013970093,1.4228944,-0.0017190031,-1.2548382
TRK-26027-00857,TMS,Rail defect,Medium,-0.58513623,-0.66358584,0.027231859,0.6537014,0.00047063708,-1.1940261
TRK-26027-00858,TMS,Ballast issue,Medium,-0.9145897,-1.6439568,-0.01315772,-1.1722331,0.003037787,3.7884018
TRK-26027-00859,TMS,Preventive track maintenance,Medium,-0.25218678,-1.3324075,0.025670972,3.6188836,0.013027757,-1.2134322
TRK-26027-00860,TMS,Rail defect,Medium,0.73185545,2.3489792,0.022927333,3.5361686,-0.00032988965,3.7774854
TRK-26027-00861,TMS,Sleeper defect,Medium,-0.6228125,-0.22719547,0.021945102,-0.19259746,-0.0014620399,-1.1830581
TRK-26027-00862,TMS,Track wear,High,13.696808,7.4808993,0.0058760988,1.0912261,0.001990988,3.7639906
TRK-26027-00863,TMS,USFD-related inspection,Medium,0.29308575,2.6789908,0.011849679,0.74792814,0.0006176981,-1.1906503
TRK-26027-00864,TMS,USFD-related inspection,High,12.992441,5.9954443,0.01565899,1.9560114,-0.0007035361,-1.2485061
TRK-26027-00865,TMS,USFD-related inspection,Medium,-0.43214113,-1.1834219,0.019293442,1.5258397,0.00021359346,-1.2001562
TRK-26027-00866,TMS,Rail defect,High,13.448677,6.60263,0.007086657,1.0900986,-0.0015964017,-1.2282276
TRK-26027-00867,TMS,Sleeper defect,Medium,0.5824657,2.9416912,0.037823502,1.4632362,0.00039829337,-1.1972588
TRK-26027-00868,TMS,Track wear,Medium,0.36602303,1.5378364,-0.03205281,1.4620551,0.0008506749,3.763301
TRK-26027-00869,TMS,Track geometry defect,Medium,-0.71254236,-0.7658182,0.010043823,-1.1250361,-0.0020381133,-1.1814696
TRK-26027-00870,TMS,Rail defect,Medium,-0.5787846,-4.236843,0.0031478032,3.0444076,-0.0020865786,-1.2044182
TRK-26027-00871,TMS,Track wear,Medium,0.53855866,1.7111187,0.021109303,3.4626484,0.00044517315,3.7159634
TRK-26027-00872,TMS,Track wear,Low,-14.773749,-3.5069091,0.0938021,-2.010662,-0.0010759194,-1.1516857
TRK-26027-00873,TMS,Track geometry defect,Low,-14.735283,-6.6461678,0.047529794,1.317089,-0.0013518045,-1.2474946
TRK-26027-00874,TMS,USFD-related inspection,Medium,-0.32573733,-3.4846375,-0.010748512,2.9733322,-0.0008469656,-1.216974
TRK-26027-00875,TMS,Rail defect,Critical,23.910698,7.706239,0.016898498,2.4877021,-0.003011621,-1.0071669
TRK-26027-00876,TMS,Ballast issue,High,12.641929,3.1037397,-0.017194547,2.9459057,0.0014677003,-1.2218713
TRK-26027-00877,TMS,Sleeper defect,Critical,24.205853,9.972491,0.018537497,3.150955,0.008311044,-0.92551434
TRK-26027-00878,TMS,Track geometry defect,Low,-16.42385,-7.3945656,0.0037919176,-3.366984,-0.000552633,3.7920978
TRK-26027-00879,TMS,Rail defect,Low,-14.97448,-4.3361845,0.08554924,-1.9326005,-0.001263137,-1.1533183
TRK-26027-00880,TMS,Ballast issue,Low,-16.43739,-8.116561,0.01892715,-2.7099254,-4.5728997e-05,-1.1195773
TRK-26027-00881,TMS,Rail defect,Low,-15.78078,-9.433094,0.017699096,-0.83075416,-0.0015083308,-1.226394
TRK-26027-00882,TMS,Ballast issue,Low,-16.225664,-6.9319086,-0.05773808,-4.1524587,-0.003359924,3.7069438
TRK-26027-00883,TMS,Sleeper defect,Low,-15.668412,-7.909564,0.02844767,-0.67099315,-0.0022085363,-1.216707
TRK-26027-00884,TMS,Ballast issue,Medium,-0.330561,-3.1165683,0.016834099,3.0185606,-0.00066770794,-1.2145151
TRK-26027-00885,TMS,Track wear,Medium,-0.29339996,0.8155165,0.01194047,-1.0865027,0.001286028,-1.1831831
TRK-26027-00886,TMS,Track wear,High,13.81989,6.977768,0.012063739,3.61705,0.003144352,3.7989552
TRK-26027-00887,TMS,Track geometry defect,High,13.64853,7.0986533,0.018983973,2.8298497,0.000674371,-1.2316334
TRK-26027-00888,TMS,USFD-related inspection,Medium,0.7337507,2.498586,0.014313766,3.5499055,-0.0019055438,-1.2123629
TRK-26027-00889,TMS,Rail defect,Critical,24.609835,11.41589,0.021318235,3.318293,-0.0027054304,-0.8677487
TRK-26027-00890,TMS,USFD-related inspection,Medium,0.3733396,2.9679646,-0.023983944,0.7223491,-0.00012109209,-1.1884296
TRK-26027-00891,TMS,Track wear,Medium,-0.49373615,-1.7627462,0.014793685,1.614447,-0.00014859835,-1.2023852
TRK-26027-00892,TMS,Preventive track maintenance,Low,-15.708165,-5.8634224,0.011578293,-2.6600416,0.005858747,3.7829409
TRK-26027-00893,TMS,USFD-related inspection,Low,-15.572869,-5.3378315,-0.015882593,-2.6058369,0.00039553407,-1.1179266
TRK-26027-00894,TMS,Track wear,Low,-13.987976,-5.3566523,0.043316655,3.103796,8.709856e-05,3.6864047
TRK-26027-00895,TMS,Preventive track maintenance,Low,-14.27489,-6.0239725,0.07277463,3.20446,-0.0032123267,-1.2360419
TRK-26027-00896,TMS,Sleeper defect,Medium,0.7944011,3.0496209,0.034908056,3.4413648,0.0001984771,3.7172186
TRK-26027-00897,TMS,Track wear,Medium,-0.94381326,-3.4953446,0.00665629,0.13964394,-9.839706e-06,3.7937956
TRK-26027-00898,TMS,USFD-related inspection,Low,-15.671873,-5.5026283,0.062085424,-3.3271403,-0.0009265909,-1.1101227
TRK-26027-00899,TMS,Track geometry defect,Medium,-0.2979789,0.57765156,-0.009481181,-1.1505371,-0.0073429015,3.7863615
TRK-26027-00900,TMS,Ballast issue,Medium,0.6859636,2.811127,-0.03293283,2.473564,-0.0020916401,3.7673588
TRK-26027-00901,TMS,USFD-related inspection,Medium,0.25253114,0.85522187,0.015061323,2.5348678,-0.0028134326,3.7480435
TRK-26027-00902,TMS,Preventive track maintenance,Medium,-0.18030468,-1.2795339,0.01342383,3.519167,0.00015644898,3.753812
TRK-26027-00903,TMS,Rail defect,Medium,-0.81168586,-1.5846605,0.018763013,0.6935528,0.00042798024,-1.1949599
TRK-26027-00904,TMS,USFD-related inspection,Low,-16.514198,-7.746733,-0.04037597,-3.997809,-0.0021078514,-1.1303763
TRK-26027-00905,TMS,USFD-related inspection,Low,-14.642849,-4.2438364,0.09655456,-1.2583731,-0.0013426916,-1.176585
TRK-26027-00906,TMS,Track geometry defect,Medium,0.1995344,2.3649225,0.042838834,0.71545476,-0.00022103307,-1.1960368
TRK-26027-00907,TMS,Track wear,Low,-16.249159,-6.91209,0.04222517,-3.2832508,0.0017073127,-1.1268584
TRK-26027-00908,TMS,Rail defect,Medium,0.60754365,3.193434,0.045110937,1.4607778,0.0007890351,-1.1948563
TRK-26027-00909,TMS,USFD-related inspection,Critical,23.604692,9.295293,0.0059479405,3.1569476,-0.0018417985,3.73402
TRK-26027-00910,TMS,USFD-related inspection,Medium,0.18738303,0.93264806,-0.023966908,1.4869483,0.015711453,-1.1942399
TRK-26027-00911,TMS,Preventive track maintenance,Low,-14.519306,-4.117877,-0.0854139,-0.5103178,-0.0013947347,-1.225953
TRK-26027-00912,TMS,Sleeper defect,Low,-16.389404,-8.312969,-0.0020291584,-2.8627217,-0.001649987,3.687907
TRK-26027-00913,TMS,Sleeper defect,Medium,-0.34027338,-2.3202233,0.02008365,1.6200954,0.0047517307,3.755032
TRK-26027-00914,TMS,USFD-related inspection,Medium,0.30393067,0.35985973,-0.018357571,3.6415138,-0.0014268198,-1.2131287
TRK-26027-00915,TMS,Track geometry defect,Medium,-0.20701662,-0.7463519,0.013324179,2.600885,-0.0009386968,-1.2061123
TRK-26027-00916,TMS,Preventive track maintenance,High,12.516475,4.669388,0.01272811,1.0711049,-0.0005687596,-1.2411449
TRK-26027-00917,TMS,Rail defect,Medium,0.6386416,3.2364519,0.04234596,1.4302557,0.0057670013,3.7829459
TRK-26027-00918,TMS,Preventive track maintenance,Low,-15.360305,-4.6568093,0.014825841,-3.9090993,-0.00026023813,-1.1324925
TRK-26027-00919,TMS,USFD-related inspection,Medium,-1.0015724,-3.6960993,0.00617539,-0.66138154,0.0005855532,-1.2085055
TRK-26027-00920,TMS,Sleeper defect,Low,-13.907207,-3.5290556,0.09644967,0.028821766,-0.00015817485,-1.2269522
TRK-26027-00921,TMS,Preventive track maintenance,High,13.018734,5.338106,0.01247435,3.5693073,-0.003976985,-1.2249798
TRK-26027-00922,TMS,Sleeper defect,Low,-13.5205555,-3.9084587,0.051525883,3.028482,-0.00023220896,3.5997243
TRK-26027-00923,TMS,USFD-related inspection,High,12.583666,3.1167905,0.016789727,2.9578187,-0.0009803066,-1.2201071
TRK-26027-00924,TMS,Ballast issue,Medium,0.12579562,0.33019182,0.018943617,2.6643758,-3.2925585e-05,-1.209681
TRK-26027-00925,TMS,Ballast issue,Low,-15.142286,-9.159321,0.03990908,2.231303,-0.0008913587,-1.2567244
TRK-26027-00926,TMS,Ballast issue,Medium,0.001975752,0.038622834,0.0142079415,2.6528363,-0.00022844573,-1.2047482
TRK-26027-00927,TMS,Rail defect,Low,-15.575679,-7.421643,0.025893902,-0.66096336,-0.0020507898,-1.2205862
TRK-26027-00928,TMS,USFD-related inspection,Medium,-0.114353806,1.3659656,0.0025220134,-1.075831,-0.00055077317,-1.1774275
TRK-26027-00929,TMS,Sleeper defect,Critical,23.923,8.990222,0.024470681,3.0622034,-0.020194296,-0.97734165
TRK-26027-00930,TMS,Track wear,High,12.528511,4.6724257,0.017361326,1.0645547,-0.001478592,-1.2390267
TRK-26027-00931,TMS,Sleeper defect,High,13.762431,6.772892,0.009344903,3.5993037,-0.0015261823,3.765114
TRK-26027-00932,TMS,Preventive track maintenance,High,13.036466,5.8539104,-0.031545952,1.9419758,-0.0025490948,-1.2418431
TRK-26027-00933,TMS,Sleeper defect,Low,-13.553287,-4.2048492,0.11656148,2.3608987,-0.0021353795,-1.2356565
TRK-26027-00934,TMS,Track wear,Medium,-0.61984146,-0.39308032,0.014088011,-0.20085075,-0.001636753,-1.1804736
TRK-26027-00935,TMS,Ballast issue,Medium,0.19071198,2.337563,0.0080622025,0.7069922,-0.0014710986,-1.1977468
TRK-26027-00936,TMS,Track wear,Medium,-0.90023464,-3.5958388,-0.014057395,0.20309,-0.0016950527,-1.2187415
TRK-26027-00937,TMS,Rail defect,Medium,-0.4927911,-1.7648358,0.017390547,1.6165237,0.00032228048,-1.2011145
TRK-26027-00938,TMS,Sleeper defect,High,13.6502905,7.7221956,0.017425444,1.9841468,0.0015790447,-1.2419631
TRK-26027-00939,TMS,Rail defect,High,12.643751,2.9884315,0.02923355,3.7430863,-0.00048747906,-1.2050276
TRK-26027-00940,TMS,Preventive track maintenance,Medium,-0.106457315,-0.7395233,0.029666927,3.5654986,-0.0020889041,-1.199431
TRK-26027-00941,TMS,Sleeper defect,Low,-15.145639,-9.447273,0.040385347,2.1940947,-0.001928823,-1.2690928
TRK-26027-00942,TMS,Track wear,Medium,0.6144135,3.0172393,0.013386103,1.3977768,0.0008010632,3.8122835
TRK-26027-00943,TMS,USFD-related inspection,Medium,0.1044622,0.67822015,0.012665081,1.5335059,-0.0015292374,-1.1982881
TRK-26027-00944,TMS,USFD-related inspection,Low,-15.066061,-8.468388,0.04859367,3.0888863,-0.001088021,-1.2479823
TRK-26027-00945,TMS,USFD-related inspection,Medium,0.47760597,2.062294,-0.031895358,1.5010979,-0.0007643386,-1.2009639
TRK-26027-00946,TMS,Sleeper defect,Low,-16.63918,-8.697574,-0.01495692,-3.4204226,-0.0034406707,3.7835367
TRK-26027-00947,TMS,Ballast issue,Medium,0.20023169,2.362664,0.043152213,0.7151365,-0.00013817531,-1.1945536
TRK-26027-00948,TMS,Sleeper defect,Medium,-0.49094677,-1.7545402,0.015878098,1.6079395,0.00028438593,-1.1984321
TRK-26027-00949,TMS,Track geometry defect,Medium,0.4033388,1.6399475,0.013354432,2.567628,0.005675913,-1.2005882
TRK-26027-00950,TMS,Track wear,Low,-15.288171,-5.0923324,0.0036637282,-2.0111244,-0.006815642,3.728569
TRK-26027-00951,TMS,Track geometry defect,Low,-13.907658,-3.5287485,0.09718233,0.03046704,-0.0018974129,-1.227447
TRK-26027-00952,TMS,USFD-related inspection,Medium,-0.87152505,-1.6415122,-0.0031985918,-1.1501213,-0.005647193,3.7909405
TRK-26027-00953,TMS,Rail defect,Medium,-0.4820313,-1.4615269,0.016485991,1.588183,0.0007892223,-1.1957955
TRK-26027-00954,TMS,Ballast issue,Medium,0.24875687,0.8534892,0.01295069,2.534568,0.0031103883,3.7463577
TRK-26027-00955,TMS,Rail defect,High,12.582042,3.3554223,0.018312281,2.9345863,0.0002458325,3.7230346
TRK-26027-00956,TMS,Rail defect,High,12.3362055,3.0641959,0.011685111,1.4349349,0.0011675294,-1.219734
TRK-26027-00957,TMS,Rail defect,Low,-14.685333,-3.4339454,0.0559848,-2.0811265,-0.0013260607,3.7462404
TRK-26027-00958,TMS,Track wear,Medium,-0.44557673,-3.3421206,0.009676443,1.8856758,-0.0011148844,-1.2210817
TRK-26027-00959,TMS,USFD-related inspection,High,13.427565,6.739526,0.017946767,1.9938385,-0.0010809544,-1.2459943
TRK-26027-00960,TMS,Track geometry defect,Medium,0.77087164,2.5717142,0.019735636,3.4878664,0.00048223042,3.7635791
TRK-26027-00961,TMS,Preventive track maintenance,Medium,0.35218886,2.7225647,-0.03678964,0.64174,0.0006620664,3.7651482
TRK-26027-00962,TMS,Ballast issue,High,13.879078,7.5396423,0.032880057,3.626504,0.009197075,-1.2441245
TRK-26027-00963,TMS,USFD-related inspection,Medium,-0.8225462,-1.4042013,-0.022810346,-1.1211673,-0.0005182551,-1.188115
TRK-26027-00964,TMS,Ballast issue,Critical,23.966908,7.6952634,-0.021986013,2.4764829,-0.0052336664,-0.9972024
TRK-26027-00965,TMS,Rail defect,Medium,-0.3486682,-3.7553217,0.012818895,3.9620395,-0.0012222906,-1.2223144
TRK-26027-00966,TMS,Preventive track maintenance,High,13.447534,6.6052475,0.007754239,1.0901697,-0.00095596234,-1.232928
TRK-26027-00967,TMS,Rail defect,Medium,-0.82222843,-2.9679823,0.017874874,0.09536678,-0.00093109615,3.7869952
TRK-26027-00968,TMS,Ballast issue,Medium,-0.84450924,-3.0577013,0.0032005103,0.15419006,-0.00018046149,-1.2134956
TRK-26027-00969,TMS,Rail defect,Low,-14.046662,-4.7611485,0.03332882,1.382599,-0.004330583,3.74717
TRK-26027-00970,TMS,Preventive track maintenance,Low,-14.481542,-3.718308,0.09042007,-1.3253672,-0.0018156847,-1.1721743
TRK-26027-00971,TMS,Track geometry defect,High,12.515033,4.671477,0.010960461,1.0678135,-0.0014426865,-1.2410616
TRK-26027-00972,TMS,Rail defect,High,13.004844,5.3348556,0.019641042,3.5844154,-0.0028707488,-1.2242148
TRK-26027-00973,TMS,Preventive track maintenance,Medium,-0.124548405,0.7165881,0.028562915,0.67738354,0.004008472,3.7519104
TRK-26027-00974,TMS,USFD-related inspection,Medium,0.178027,2.5111682,-0.014197758,-1.0749521,0.007627244,-1.1873599
TRK-26027-00975,TMS,Track geometry defect,Medium,-0.6424702,-4.103089,0.00976385,1.9208555,-0.0018848687,-1.2047518
TRK-26027-00976,TMS,Ballast issue,Low,-16.361439,-7.836815,0.026191156,-2.6768162,-0.0005632054,-1.1163089
TRK-26027-00977,TMS,Rail defect,Medium,0.4146704,1.667557,0.03879325,2.573612,-0.00027204523,-1.1990354
TRK-26027-00978,TMS,Sleeper defect,Critical,24.544289,10.628808,0.016643772,2.4186757,-0.0056495075,-0.9127481
TRK-26027-00979,TMS,Track wear,Medium,-0.707581,-2.4924734,0.01457042,0.7440283,-0.0011986144,-1.1965407
TRK-26027-00980,TMS,USFD-related inspection,High,12.359147,3.133306,0.013287918,2.2725317,-0.00080763304,-1.2215285
TRK-26027-00981,TMS,Rail defect,Medium,-0.9139074,-4.0950193,0.011070159,1.147776,-0.002020185,-1.202718
TRK-26027-00982,TMS,Preventive track maintenance,Medium,-0.32370448,-1.6524718,0.020859757,3.6152277,-0.0020285044,-1.2126204
TRK-26027-00983,TMS,Track wear,Medium,-0.014067642,0.14523384,-0.024738442,1.5033003,-0.00020468129,-1.1955694
TRK-26027-00984,TMS,Track geometry defect,High,12.611531,2.7543151,0.019670364,3.7416167,0.0024163306,-1.2116061
TRK-26027-00985,TMS,Track wear,Medium,0.59433925,1.9608938,0.047266044,3.6039557,0.022393644,-1.1968172
TRK-26027-00986,TMS,Track wear,Low,-15.360035,-4.6541467,0.013729354,-3.9098368,-0.002011796,-1.1318364
TRK-26027-00987,TMS,Preventive track maintenance,Low,-16.370611,-9.383397,0.016088108,-2.168593,-0.0009594442,-1.1875186
TRK-26027-00988,TMS,USFD-related inspection,Medium,-0.10218989,0.66998047,-0.036528077,0.74531233,0.00040503906,-1.1877577
TRK-26027-00989,TMS,Track wear,Critical,24.685886,11.045553,-0.015200826,3.2371867,0.008374611,-0.88286614
TRK-26027-00990,TMS,Track wear,Low,-15.335922,-4.3249893,-0.0846131,-3.9319048,-0.0026369703,3.7813876
TRK-26027-00991,TMS,Preventive track maintenance,High,12.435774,2.98763,-0.034020446,1.3873037,-0.027655544,3.6770263
TRK-26027-00992,TMS,Ballast issue,Medium,-0.23515476,1.077431,-0.007573604,-1.1182483,-0.0019042076,-1.1995608
TRK-26027-00993,TMS,Preventive track maintenance,Medium,-0.1610085,1.0543742,-0.031882837,-1.0977961,-0.0003879428,-1.2034655
TRK-26027-00994,TMS,Ballast issue,Low,-14.43649,-3.339198,0.09730332,-1.3415788,0.0009456582,-1.1865106
TRK-26027-00995,TMS,Rail defect,Medium,0.1733767,0.54351634,0.024146574,2.6589103,2.4132298e-05,-1.2062895
TRK-26027-00996,TMS,Sleeper defect,Low,-14.087772,-5.584409,0.071319304,2.366883,-0.00031609845,-1.2517241
TRK-26027-00997,TMS,Preventive track maintenance,Medium,0.17503947,3.196814,0.0075077773,-0.18817791,-0.0003979411,-1.1846516
TRK-26027-00998,TMS,Track wear,Low,-14.277935,-3.8545213,0.09210005,-0.5552605,-0.0013309023,-1.2135252
TRK-26027-00999,TMS,Ballast issue,Medium,-0.5792908,-4.1016517,-0.020799942,1.8869014,-0.0010964428,-1.210292
TRK-26027-01000,TMS,USFD-related inspection,Medium,-0.4244802,-1.6537569,0.014703259,2.635908,0.0002570712,-1.2190115
TRK-26027-01001,TMS,Sleeper defect,High,12.662224,5.0882783,0.02084014,1.970787,-0.0006152522,-1.2298058
TRK-26027-01002,TMS,Rail defect,Medium,-0.25089842,-3.508292,0.021480037,3.9319181,0.0006857848,-1.2145225
TRK-26027-01003,TMS,Ballast issue,Low,-16.107838,-7.7473955,0.002913306,-2.0700197,-0.005521751,3.7545013
TRK-26027-01004,TMS,Ballast issue,Medium,0.18306266,3.2193367,0.034088764,-0.17809263,-0.0012526516,-1.1769452
TRK-26027-01005,TMS,Track wear,Medium,0.65212667,2.546538,0.016338428,2.4978182,0.005561629,3.7866912
TRK-26027-01006,TMS,Track wear,Low,-15.691239,-7.013534,0.032447886,-1.2795929,-0.0005827565,-1.2042825
TRK-26027-01007,TMS,Preventive track maintenance,High,12.42156,3.804631,0.018036813,1.2108626,0.004453568,3.7106335
TRK-26027-01008,TMS,USFD-related inspection,Medium,-0.35078654,-3.7388797,0.0185767,3.9492679,-0.00023160719,-1.2236234
TRK-26027-01009,TMS,Preventive track maintenance,Low,-14.702113,-5.809205,0.015105915,0.10613409,-0.0062312684,3.6142094
TRK-26027-01010,TMS,Track geometry defect,Medium,-0.29351532,0.9223379,0.011462441,-0.2047693,0.0005024719,-1.1896905
TRK-26027-01011,TMS,Rail defect,Medium,0.77603376,2.8680763,0.023885537,3.467409,0.0003952718,3.7567582
TRK-26027-01012,TMS,Sleeper defect,Medium,0.13535583,0.52193916,0.02483347,1.482251,-0.004068231,3.7890525
TRK-26027-01013,TMS,Preventive track maintenance,Medium,-0.7118054,-0.9924985,0.02870073,0.63528514,-0.0014278039,-1.1953034
TRK-26027-01014,TMS,Ballast issue,Low,-15.802522,-6.554145,0.012733093,-2.0753386,-0.002882276,3.7072573
TRK-26027-01015,TMS,Rail defect,Medium,-0.27808046,0.8584163,-0.012796998,-1.1736953,-0.00013000738,3.780211
TRK-26027-01016,TMS,Sleeper defect,Low,-16.667154,-8.619129,0.011612722,-3.4842389,-0.0020011354,-1.1381584
TRK-26027-01017,TMS,Preventive track maintenance,Low,-16.036924,-7.127856,0.023971856,-1.9749141,-0.0019521378,-1.1760508
TRK-26027-01018,TMS,Ballast issue,Medium,-0.77918684,-0.9013415,0.013494217,-0.31295085,0.0005687181,3.785013
TRK-26027-01019,TMS,USFD-related inspection,Medium,-0.32791546,0.48188874,0.010935694,-0.2511894,0.0002653887,3.7835474
TRK-26027-01020,TMS,Track geometry defect,Medium,0.6280814,2.481087,0.030736426,2.5732358,2.3662795e-05,-1.2099497
TRK-26027-01021,TMS,Track wear,Low,-15.410873,-7.0690255,0.018516833,-0.68966764,-0.0074997684,3.6727357
TRK-26027-01022,TMS,USFD-related inspection,High,12.335844,2.812753,-0.0139735835,1.4179586,-0.0011555527,-1.2189895
TRK-26027-01023,TMS,USFD-related inspection,Medium,-0.5787729,-4.100093,-0.016772013,1.886838,-0.0013458849,-1.2089136
TRK-26027-01024,TMS,Preventive track maintenance,Medium,0.39997086,1.1068511,0.031126134,3.5997188,0.0009705319,-1.215147
TRK-26027-01025,TMS,USFD-related inspection,Medium,0.3471046,1.0706781,-0.0219188,2.6159847,-1.6079743e-05,-1.2198818
TRK-26027-01026,TMS,Preventive track maintenance,High,12.430911,4.196229,0.0179925,1.116195,0.0009738924,-1.2174333
TRK-26027-01027,TMS,Preventive track maintenance,High,12.702443,4.159615,0.017103883,3.6987705,0.0039652833,-1.217613
TRK-26027-01028,TMS,Ballast issue,High,12.588455,4.0023932,0.021246135,2.8733482,-0.0024281899,-1.2231174
TRK-26027-01029,TMS,Track wear,Low,-15.730401,-5.731421,-0.02947316,-4.0821433,0.0037892319,3.6826825
TRK-26027-01030,TMS,Preventive track maintenance,Medium,0.18217331,3.118859,0.006486444,-1.0404397,-0.0009919342,-1.1803284
TRK-26027-01031,TMS,Sleeper defect,High,13.656987,7.6934705,0.0077267853,1.1904495,-0.0009974767,-1.2281408
TRK-26027-01032,TMS,Track wear,Low,-16.378323,-7.3909364,-0.044325773,-4.0781856,0.0016632697,3.7071893
TRK-26027-01033,TMS,Preventive track maintenance,Low,-14.007394,-3.8208551,0.104644366,0.084796876,-0.002589858,-1.2221488
TRK-26027-01034,TMS,Sleeper defect,Medium,0.6605343,3.0460472,0.040012173,2.5707803,-0.0016170465,-1.1881552
TRK-26027-01035,TMS,Sleeper defect,High,12.607759,2.7537982,0.029606638,3.749215,-0.0007063229,-1.2108828
TRK-26027-01036,TMS,Ballast issue,High,12.258491,2.9018006,0.026707442,2.2828069,-0.0004988735,-1.212053
TRK-26027-01037,TMS,Track wear,Medium,0.145313,0.9536441,0.017474664,1.494106,-0.00046963943,-1.1946464
TRK-26027-01038,TMS,Preventive track maintenance,Medium,0.44510153,1.3334404,-0.04119937,2.6063623,0.0013963124,-1.1918758
TRK-26027-01039,TMS,Ballast issue,High,13.535164,6.628179,0.000573341,1.0511875,0.0032390303,3.7629557
TRK-26027-01040,TMS,Ballast issue,Medium,0.1733767,0.5435392,0.024146574,2.6589103,3.2037042e-06,-1.2062914
TRK-26027-01041,TMS,Track wear,Critical,23.873287,8.722843,0.013952562,2.3269856,-0.0025896835,-0.9868877
TRK-26027-01042,TMS,Ballast issue,Low,-15.307713,-6.796974,0.006366374,-0.6373717,-0.0066625387,3.7059436
TRK-26027-01043,TMS,Rail defect,Medium,-0.6437654,-4.1060963,0.007569669,1.9180913,-0.0021030435,-1.2078995
TRK-26027-01044,TMS,Ballast issue,Low,-14.55807,-6.9004464,0.028936908,3.0687697,-0.004926298,3.6368055
TRK-26027-01045,TMS,Track wear,Medium,-0.34840924,-3.7550268,0.012580532,3.961538,-0.0017845947,-1.2219448
TRK-26027-01046,TMS,Ballast issue,Medium,0.30355656,2.6937335,0.036565002,0.75705785,0.0008638405,-1.1909616
TRK-26027-01047,TMS,Preventive track maintenance,Low,-15.141819,-3.7675211,-0.09270154,-3.2650664,0.016014528,3.8327794
TRK-26027-01048,TMS,Preventive track maintenance,High,13.39507,6.4639587,0.0069810236,1.0936085,-0.00077701645,-1.2215607
TRK-26027-01049,TMS,USFD-related inspection,Low,-13.584745,-3.8322773,-0.10549813,2.3530152,-0.0019197298,3.722234
TRK-26027-01050,TMS,Track geometry defect,Medium,-0.49236155,-1.7598851,0.017765574,1.6186391,-0.0010735823,-1.1970271
TRK-26027-01051,TMS,Track geometry defect,Low,-15.760806,-8.910447,0.016398668,-0.79883355,0.030753767,-1.2837763
TRK-26027-01052,TMS,Ballast issue,High,12.908256,5.237493,0.015729198,2.8057616,-0.00075741054,-1.2230054
TRK-26027-01053,TMS,Ballast issue,Low,-14.995194,-8.061733,-0.046053514,3.1308947,-0.002327976,-1.2692577
TRK-26027-01054,TMS,Preventive track maintenance,Medium,-0.7120361,-0.99259907,0.02810537,0.63518274,-0.00046127214,-1.195241
TRK-26027-01055,TMS,Rail defect,Low,-15.487405,-9.032369,0.020904467,-0.049415696,-0.001007188,-1.2265698
TRK-26027-01056,TMS,Ballast issue,Medium,-0.39299828,-2.9468896,0.0070578065,1.9362386,-0.0004830952,-1.2157706
TRK-26027-01057,TMS,Track geometry defect,Medium,-0.49298453,-3.7351549,0.0029471957,3.0279806,-0.00017754284,-1.2214465
TRK-26027-01058,TMS,Preventive track maintenance,Medium,-0.7242089,-0.7618776,-0.008645884,-1.1421945,0.00042472512,-1.1810738
TRK-26027-01059,TMS,Rail defect,Medium,-0.4876556,-0.40626994,0.027042994,0.6864399,-9.593725e-05,-1.1794826
TRK-26027-01060,TMS,Ballast issue,Medium,-0.55937403,-3.6016724,0.0045859977,1.9041301,0.00026677322,-1.2279886
TRK-26027-01061,TMS,Ballast issue,Medium,-0.85820866,-3.8706279,0.008186778,1.1428134,-4.0660423e-05,-1.2213393
TRK-26027-01062,TMS,Rail defect,Medium,-0.13483791,0.9558815,0.03260632,0.7330887,0.00044033426,-1.1873281
TRK-26027-01063,TMS,Sleeper defect,Medium,-0.334673,-3.1192744,0.0045460383,3.0186224,0.0009742587,-1.217595
TRK-26027-01064,TMS,Track geometry defect,Medium,0.048053004,0.45424172,0.017337888,1.5257082,-0.0015410251,-1.2012872
TRK-26027-01065,TMS,USFD-related inspection,Medium,0.4500734,2.1609633,0.009652239,1.4529716,0.0008065131,3.7995489
TRK-26027-01066,TMS,USFD-related inspection,Critical,23.544043,8.950308,0.011579597,2.482001,-0.05491038,3.7131824
TRK-26027-01067,TMS,USFD-related inspection,Medium,0.23473454,3.1815417,-0.020559913,-0.19499226,-9.293734e-05,-1.1869019
TRK-26027-01068,TMS,Track wear,Low,-16.712267,-9.094298,-0.049998287,-4.120015,0.0014289719,-1.1341624
TRK-26027-01069,TMS,Track geometry defect,High,12.361098,3.4181426,0.013013644,2.2264292,-8.4338484e-05,-1.2204233
TRK-26027-01070,TMS,Preventive track maintenance,High,13.34697,6.564857,0.017045438,1.9779783,-0.0006403917,-1.2348754
TRK-26027-01071,TMS,Ballast issue,Low,-15.519858,-4.7605166,-0.17360388,-3.8664567,0.0043830555,-1.1607605
TRK-26027-01072,TMS,Rail defect,Medium,-0.71158874,-3.3339934,0.010359175,1.1190859,-0.0003163925,-1.2181416
TRK-26027-01073,TMS,USFD-related inspection,Low,-15.361271,-7.266955,-0.093288206,0.07440951,0.0013469162,-1.2495188
TRK-26027-01074,TMS,Ballast issue,Medium,-0.16690493,-0.7104885,0.011618721,2.53068,-0.00046388878,3.7324958
TRK-26027-01075,TMS,Preventive track maintenance,Medium,0.3054189,1.253015,-0.03689068,1.5247155,0.0006114324,-1.213308
TRK-26027-01076,TMS,Preventive track maintenance,Medium,-0.964754,-3.604,0.0017669088,0.22892125,-0.0003877734,-1.217035
TRK-26027-01077,TMS,Rail defect,High,12.3115225,2.792085,0.0042767525,1.4086639,-0.01164319,3.7053783
TRK-26027-01078,TMS,Ballast issue,Medium,0.17367129,0.5405164,0.010469325,2.6553895,-0.001150512,-1.2090982
TRK-26027-01079,TMS,Track wear,High,12.352167,3.4173498,0.01833342,2.2265217,0.0032750708,-1.2152342
TRK-26027-01080,TMS,Preventive track maintenance,High,13.080453,5.326008,-0.029995045,3.5607715,0.0039786524,-1.2226988
TRK-26027-01081,TMS,USFD-related inspection,Medium,-0.20713845,-0.74645025,0.0129462145,2.6011605,-0.0017465304,-1.2056763
TRK-26027-01082,TMS,Preventive track maintenance,Low,-15.794663,-9.177112,0.020608341,-0.81184405,-0.0018429966,-1.2395337
TRK-26027-01083,TMS,Rail defect,Medium,0.6620341,3.0440023,0.041138675,2.5692296,0.00016721473,-1.1889704
TRK-26027-01084,TMS,Track geometry defect,Medium,0.17194112,0.5487621,0.02654561,2.6645772,0.000100987716,-1.2079257
TRK-26027-01085,TMS,Track wear,High,12.689088,3.2361088,0.024014194,3.7669902,0.00031091034,-1.2139039
TRK-26027-01086,TMS,Track geometry defect,Low,-14.03022,-5.445973,0.07422964,2.3227189,-0.0006673732,-1.281685
TRK-26027-01087,TMS,Preventive track maintenance,Low,-16.095892,-9.19995,0.018418754,-1.3978916,-2.5220275e-05,-1.2140278
TRK-26027-01088,TMS,Track geometry defect,Low,-16.385805,-8.307806,-0.005256245,-2.8557713,0.00038813648,3.692072
TRK-26027-01089,TMS,USFD-related inspection,Medium,-0.13421406,-3.1045094,-0.008574057,3.8413844,0.012659506,3.7382545
TRK-26027-01090,TMS,Track geometry defect,Medium,0.028535064,2.2156107,0.0008998346,-1.084469,0.00050972315,-1.1968278
TRK-26027-01091,TMS,Track geometry defect,Low,-15.790808,-8.9107685,0.022166373,-0.7935179,-0.00057682744,-1.2340409
TRK-26027-01092,TMS,USFD-related inspection,Medium,0.6595828,2.2963622,-0.04723612,2.5425365,0.003115658,3.7955027
TRK-26027-01093,TMS,Track geometry defect,Medium,-0.92175925,-2.013737,-0.0036753744,-1.0888793,-0.0007479305,-1.1939116
TRK-26027-01094,TMS,USFD-related inspection,Medium,-0.30884925,-2.3217533,-0.01770681,1.590794,0.003455709,3.7443476
TRK-26027-01095,TMS,USFD-related inspection,Medium,-0.7836899,-3.0545824,-0.016028894,0.14212139,-0.0008656891,-1.2149241
TRK-26027-01096,TMS,Track wear,High,12.981304,5.989269,0.017178658,1.9705576,-0.0007839414,-1.2482246
TRK-26027-01097,TMS,USFD-related inspection,Medium,0.12268388,1.5385692,-0.019663036,0.76658064,-0.0007272916,-1.1804745
TRK-26027-01098,TMS,Rail defect,Low,-15.510917,-7.3464603,0.01197222,-0.72169846,-0.0073584467,3.6840644
TRK-26027-01099,TMS,Rail defect,Low,-16.47292,-7.525422,0.019724963,-3.3300543,0.0004911987,-1.1458738
TRK-26027-01100,TMS,Sleeper defect,Medium,-0.25957555,-3.5140967,0.008053429,3.9304404,-0.0014822264,-1.2181602
TRK-26027-01101,TMS,Ballast issue,High,13.878769,7.527535,0.038162384,3.6147587,-0.007358199,-1.2446705
TRK-26027-01102,TMS,Track geometry defect,High,13.593539,7.209693,0.007256712,1.132432,-0.005706832,-1.2229184
TRK-26027-01103,TMS,Ballast issue,High,13.08949,5.5555,0.011937899,3.567936,-0.0046902187,-1.2191691
TRK-26027-01104,TMS,Track geometry defect,Medium,-0.7119974,-3.0434332,0.019961258,1.0367433,0.0010674018,-1.2111577
TRK-26027-01105,TMS,Track wear,High,13.595211,7.212906,0.007956031,1.1356514,0.001973182,-1.2279007
TRK-26027-01106,TMS,Sleeper defect,Critical,24.601358,10.782338,0.018472962,3.2046263,-0.008449819,-0.8943849
TRK-26027-01107,TMS,Rail defect,Critical,24.222,9.9754,0.013973534,3.1347103,0.008289428,-0.92576385
TRK-26027-01108,TMS,Ballast issue,Medium,-0.09958359,1.8900998,0.027339853,-0.23868829,-0.005194804,3.7747662
TRK-26027-01109,TMS,Ballast issue,Medium,-0.63778687,-0.38151687,-0.0042830342,-1.1382803,-0.00023115965,-1.1746062
TRK-26027-01110,TMS,Track geometry defect,Low,-15.763137,-8.228827,0.02471725,-0.71335596,-0.0002538515,-1.2107145
TRK-26027-01111,TMS,Ballast issue,High,13.50201,6.793044,0.0025738403,2.0045044,-0.0024053564,3.7837596
TRK-26027-01112,TMS,Track wear,High,12.465807,2.7273586,0.025271496,3.0412698,-0.0009866878,-1.2172456
TRK-26027-01113,TMS,Preventive track maintenance,Medium,-0.7135847,-3.3353326,0.008112045,1.1197308,-0.0006162458,-1.2139457
TRK-26027-01114,TMS,Track geometry defect,Medium,-0.93900025,-1.551472,0.017659782,-0.19021627,0.0005354041,-1.1958133
TRK-26027-01115,TMS,Track geometry defect,Medium,0.07130289,1.58249,0.048224315,0.788639,-0.0010928784,-1.1732125
TRK-26027-01116,TMS,Rail defect,High,12.396867,3.9475062,0.007639701,2.1208532,-0.009091324,3.728057
TRK-26027-01117,TMS,Preventive track maintenance,Critical,24.08324,9.366838,-0.026664902,2.3329134,-0.0007531013,-0.98377156
TRK-26027-01118,TMS,Track wear,Medium,-0.6191328,-0.39362675,0.010110266,-0.19987802,-0.0008138978,-1.1824493
TRK-26027-01119,TMS,USFD-related inspection,Medium,-0.8317584,-1.9132562,0.018342908,0.67425466,-0.0014729755,-1.1937953
TRK-26027-01120,TMS,USFD-related inspection,Medium,0.037916977,-0.38827822,-0.027660703,3.527037,0.00074521394,-1.1914502
TRK-26027-01121,TMS,Track wear,Medium,0.4813527,1.8793977,0.014367617,2.5736983,-0.0016325292,-1.2079449
TRK-26027-01122,TMS,Sleeper defect,Medium,-0.80997354,-3.7617018,0.006429114,1.0420983,-0.0054516364,3.7719438
TRK-26027-01123,TMS,Preventive track maintenance,High,12.541389,4.779135,-0.019868813,1.9448644,-0.0014218924,-1.2592361
TRK-26027-01124,TMS,Sleeper defect,Medium,-1.0595764,-4.1099906,0.0049052793,0.24094033,-0.0018777224,-1.1999171
TRK-26027-01125,TMS,Rail defect,High,13.075309,5.7571,0.014949283,2.822757,-1.8421797e-05,-1.2151903
TRK-26027-01126,TMS,USFD-related inspection,High,13.358778,6.5673947,0.01652152,1.9683607,-0.00072553864,-1.2340957
TRK-26027-01127,TMS,Ballast issue,High,12.963035,5.8586597,0.016281392,1.9608713,-0.0006640415,-1.2419459
TRK-26027-01128,TMS,USFD-related inspection,Low,-16.110374,-6.14842,0.009136603,-3.2607355,0.025026347,-1.1837993
TRK-26027-01129,TMS,Sleeper defect,Medium,0.33786336,3.2043922,0.010871572,0.71380126,-0.0012619311,-1.1856688
TRK-26027-01130,TMS,Sleeper defect,Low,-16.51983,-9.26994,0.017111968,-2.7458122,-0.0009794413,-1.1424729
TRK-26027-01131,TMS,USFD-related inspection,High,13.028631,5.8472514,-0.021097327,1.9457726,-0.0026998424,-1.2414438
TRK-26027-01132,TMS,Track wear,Low,-15.533892,-5.5417604,0.049837686,-2.6413035,-0.0012947988,-1.1253929
TRK-26027-01133,TMS,Ballast issue,Low,-16.031378,-8.590571,0.03229898,-1.3926812,-0.0021218043,-1.1792943
TRK-26027-01134,TMS,USFD-related inspection,Critical,24.253422,9.998675,0.015068881,2.3634648,-0.0021080356,-0.9406726
TRK-26027-01135,TMS,Preventive track maintenance,Medium,0.14664277,1.8555888,-0.030523628,0.7544885,-0.0016152437,-1.190109
TRK-26027-01136,TMS,Track geometry defect,High,12.950746,5.861483,0.020234011,1.9721147,-0.00035093894,-1.2404193
TRK-26027-01137,TMS,Ballast issue,Low,-15.082075,-4.280349,0.033373818,-2.7469742,0.0028852036,3.7085433
TRK-26027-01138,TMS,Sleeper defect,Critical,24.466005,10.385851,0.015906004,2.3856826,0.002831279,-0.93513554
TRK-26027-01139,TMS,USFD-related inspection,Critical,24.011238,8.995185,-0.04023139,3.044195,0.015931133,-0.9796048
TRK-26027-01140,TMS,Preventive track maintenance,Medium,-0.65037715,-3.0521297,-0.0138457,1.0228593,-0.0005785843,-1.2109319
TRK-26027-01141,TMS,Preventive track maintenance,Medium,-0.44636986,0.11249508,-0.037640873,-0.20207506,-0.00056773284,-1.1897163
TRK-26027-01142,TMS,Track wear,Critical,24.699379,11.895244,-0.029252226,3.2927463,-0.014841561,-0.8537995
TRK-26027-01143,TMS,USFD-related inspection,Medium,0.62302023,2.6832256,-0.036676142,1.4016649,0.004389021,3.7925239
TRK-26027-01144,TMS,Ballast issue,High,12.951513,5.8590913,0.017552633,1.9704792,-0.0025032212,-1.2402459
TRK-26027-01145,TMS,Sleeper defect,Medium,-0.2583288,-3.497267,0.013384928,3.913563,-0.0016616876,-1.2183223
TRK-26027-01146,TMS,Track geometry defect,Low,-15.842283,-7.5066924,0.02621218,-1.3038124,0.0010007906,-1.1970173
TRK-26027-01147,TMS,Track wear,Low,-15.333298,-5.320834,0.045263603,-1.9716104,-0.0024645103,-1.164211
TRK-26027-01148,TMS,Sleeper defect,Critical,23.558086,7.8327026,0.013870478,2.6583061,-0.057720557,3.7063856
TRK-26027-01149,TMS,USFD-related inspection,High,12.700528,4.382246,-0.01675006,2.7766392,-0.0011375134,-1.239923
TRK-26027-01150,TMS,Track wear,Low,-15.629639,-7.369283,0.0029009723,-0.59422565,0.028514905,-1.2760156
TRK-26027-01151,TMS,Preventive track maintenance,Low,-15.793633,-9.42347,0.02500095,-0.82727844,0.00582728,-1.2313929
TRK-26027-01152,TMS,Rail defect,Low,-14.568011,-4.676189,0.059177343,-0.6421254,0.0015169489,-1.2316642
TRK-26027-01153,TMS,Track wear,High,12.879708,5.492515,0.009967943,1.0715704,-0.0035436598,-1.20954
TRK-26027-01154,TMS,Rail defect,Medium,-0.42706236,-4.2802815,0.01133272,3.9529653,-0.0005571099,-1.2085983
TRK-26027-01155,TMS,Ballast issue,Medium,0.15582258,2.8670504,0.0077788117,-1.0839311,-0.0011501414,-1.1824981
TRK-26027-01156,TMS,Rail defect,Medium,-0.23326598,1.068821,-0.0019116572,-1.115333,-0.0014209996,-1.1991968
TRK-26027-01157,TMS,Sleeper defect,Low,-15.47995,-8.398812,0.0078713475,-0.16613112,-0.009300147,3.5607855
TRK-26027-01158,TMS,Track wear,Medium,0.60746557,3.1938312,0.045642216,1.4605999,-0.0001062882,-1.1946334
TRK-26027-01159,TMS,Ballast issue,Medium,-0.8344754,-3.252229,0.012502603,0.15257974,-0.0011606315,3.7949777
TRK-26027-01160,TMS,Preventive track maintenance,High,12.614721,4.3935523,0.012724823,2.7957163,0.015416776,-1.2371006
TRK-26027-01161,TMS,Sleeper defect,Medium,-0.63053834,-0.5423113,0.006289052,-1.1262171,1.184266e-06,-1.1744971
TRK-26027-01162,TMS,Sleeper defect,High,12.635964,4.3835907,0.01267035,2.834771,8.554283e-05,3.779608
TRK-26027-01163,TMS,USFD-related inspection,Medium,-0.3564138,-1.335372,0.015379558,2.6377115,-0.0008675827,-1.2199422
TRK-26027-01164,TMS,Track wear,Low,-14.051655,-5.559958,0.079734266,3.173399,-0.0027532098,-1.2329268
TRK-26027-01165,TMS,USFD-related inspection,Medium,-0.4376504,-1.7350016,0.011174828,1.5082074,-0.0027252364,3.7405677
TRK-26027-01166,TMS,Track wear,Low,-14.941208,-7.077171,-0.0033599054,1.3176671,-0.005634145,3.7044008
TRK-26027-01167,TMS,Sleeper defect,Medium,-0.48496965,-0.41115758,0.012563607,0.6783135,-0.0016680282,-1.1786716
TRK-26027-01168,TMS,Preventive track maintenance,High,13.203723,6.0170245,0.013732245,2.8150961,-0.0012382356,-1.2327614
TRK-26027-01169,TMS,Ballast issue,Low,-14.9477415,-5.5603385,0.044223644,-0.560352,-0.0017445203,-1.204372
TRK-26027-01170,TMS,Rail defect,Medium,-1.054448,-3.9630108,-0.026923353,-0.6458456,-0.00035917116,-1.2083938
TRK-26027-01171,TMS,Sleeper defect,Medium,0.4165564,2.0813317,0.00837942,1.5142221,-0.0009512392,-1.2005055
TRK-26027-01172,TMS,Sleeper defect,Medium,-0.62404525,-0.38842833,0.021345807,-0.19498499,0.00020223005,-1.1822709
TRK-26027-01173,TMS,Ballast issue,Medium,0.037368312,2.3632224,0.037390612,-0.18534842,0.00018013032,-1.1926926
TRK-26027-01174,TMS,Ballast issue,Low,-16.36167,-9.651653,0.018695982,-2.1958997,-0.00197756,-1.1753829
TRK-26027-01175,TMS,Track geometry defect,Medium,0.35279998,1.8488103,0.008090153,1.5162902,-5.92263e-05,-1.2021565
TRK-26027-01176,TMS,Ballast issue,Medium,-0.8133573,-2.4207275,0.010003088,-0.18611751,0.00071302004,3.7766492
TRK-26027-01177,TMS,Ballast issue,Critical,23.85027,8.7287245,0.02585489,2.3473532,-0.0015296924,-0.98667353
TRK-26027-01178,TMS,Track geometry defect,Low,-16.820524,-9.90268,-0.047143985,-4.075888,-6.970459e-05,-1.1590282
TRK-26027-01179,TMS,Sleeper defect,Low,-14.668932,-7.0528235,0.066156015,2.1872082,-0.0023012678,-1.2447339
TRK-26027-01180,TMS,Preventive track maintenance,High,13.520366,6.5978665,-0.0117335385,1.0780624,-0.00052413944,-1.2261207
TRK-26027-01181,TMS,Preventive track maintenance,Medium,-0.37659207,-4.038345,0.011126241,3.9651752,-0.0012494486,-1.2211914
TRK-26027-01182,TMS,Preventive track maintenance,Medium,-0.71391535,-0.6427725,0.013464727,-0.22496976,-0.001765655,-1.1883867
TRK-26027-01183,TMS,Track geometry defect,Critical,23.959751,7.5863433,-0.020943515,2.5363717,-0.0094182575,-0.993338
TRK-26027-01184,TMS,Track geometry defect,High,12.366788,3.3437665,0.0084996065,1.3722451,0.00014952842,-1.2184525
TRK-26027-01185,TMS,USFD-related inspection,Medium,0.1799635,0.065741144,-0.01490602,3.6264312,-0.0018360121,-1.205162
TRK-26027-01186,TMS,Rail defect,Low,-15.515764,-7.345816,0.014095775,-0.7238004,-0.00653647,3.6840713
TRK-26027-01187,TMS,Ballast issue,High,13.074878,5.549914,0.014789456,3.5860662,0.003856906,-1.2188321
TRK-26027-01188,TMS,Rail defect,Medium,-0.37657055,-1.8873225,0.011912436,2.6217515,0.0011622303,3.7680943
TRK-26027-01189,TMS,Preventive track maintenance,Medium,-0.009419452,0.039019305,0.020213112,2.6569834,0.0105419075,-1.2018322
TRK-26027-01190,TMS,Sleeper defect,Medium,0.41373307,1.6833223,0.027044062,2.4783952,0.0006477955,3.7373984
TRK-26027-01191,TMS,Track geometry defect,Medium,-0.77088374,-3.766146,-0.011846111,1.0356004,0.0007534554,3.7907863
TRK-26027-01192,TMS,Sleeper defect,Low,-13.443859,-3.6119666,0.09468518,3.0110352,0.000619947,3.6529286
TRK-26027-01193,TMS,Track geometry defect,Medium,0.04636058,0.45893064,0.02585728,1.536074,-0.0011263604,-1.2030272
TRK-26027-01194,TMS,Track geometry defect,Medium,-0.3576806,-1.58938,0.011427826,2.5813138,0.0028285352,3.7652144
TRK-26027-01195,TMS,Sleeper defect,Medium,-0.38889498,-3.4931846,0.0048816004,2.9946709,0.00015224444,-1.2166115
TRK-26027-01196,TMS,USFD-related inspection,High,13.641886,7.283273,-0.018972874,1.9743835,0.0028349222,-1.2418616
TRK-26027-01197,TMS,Ballast issue,Medium,-0.8728888,-3.4334605,-0.012956258,-0.67447096,-0.00032485265,-1.200097
TRK-26027-01198,TMS,Track geometry defect,Low,-13.906952,-3.5269408,0.09450185,0.02959938,0.0010920842,-1.2309664
TRK-26027-01199,TMS,USFD-related inspection,Medium,-0.783799,-1.1117568,-0.015091973,-1.1372039,-0.0017754529,-1.1899751
TRK-26027-01200,TMS,USFD-related inspection,Medium,-0.32405505,0.34996617,0.011491434,-1.1383146,0.0003443316,3.8110406
TRK-26027-01201,TMS,USFD-related inspection,Medium,0.1869473,0.3195428,-0.009882829,2.6563997,-0.00086209946,-1.2131602
TRK-26027-01202,TMS,Ballast issue,Medium,0.00033630256,0.04267791,0.021998122,2.6578717,0.0007173538,-1.203645
TRK-26027-01203,TMS,Ballast issue,Medium,-0.3582526,-1.3385068,0.016248623,2.6438003,-0.001709799,-1.217645
TRK-26027-01204,TMS,Preventive track maintenance,High,12.722013,4.659229,-0.020875964,2.7928452,0.01542256,-1.2336506
TRK-26027-01205,TMS,Sleeper defect,Low,-15.686845,-5.8940287,0.008841076,-2.696596,0.002510776,3.7591784
TRK-26027-01206,TMS,Rail defect,Critical,23.924383,8.989505,0.018707752,3.0565276,-0.0205055,-0.9775577
TRK-26027-01207,TMS,Rail defect,Low,-16.464159,-9.726743,-0.012020427,-2.9610393,-0.0007424843,3.7530859
TRK-26027-01208,TMS,USFD-related inspection,High,13.39067,6.4317083,0.016176803,2.8254163,-0.0009428166,-1.2179476
TRK-26027-01209,TMS,Rail defect,Medium,-0.64376646,-4.1056194,0.0070852833,1.9183617,-0.002223873,-1.2080407
TRK-26027-01210,TMS,Track wear,High,12.477602,4.4427037,0.016930357,1.1068925,6.530311e-05,-1.2191163
TRK-26027-01211,TMS,Rail defect,Low,-14.377229,-6.264428,0.07192291,3.2240896,-0.0026222395,-1.2558477
TRK-26027-01212,TMS,USFD-related inspection,Low,-14.715736,-4.902105,0.0023408458,-0.5545658,0.0032667539,-1.2320669
TRK-26027-01213,TMS,Track wear,Low,-16.742624,-9.964745,-0.056184918,-4.144475,-0.0017700437,-1.1615728
TRK-26027-01214,TMS,Track geometry defect,Low,-15.027809,-4.574135,0.08223956,-1.9662386,-0.00040495442,-1.1664699
TRK-26027-01215,TMS,USFD-related inspection,Medium,-0.007519796,0.15066978,-0.038643833,1.5006691,0.0063820956,-1.1950539
TRK-26027-01216,TMS,USFD-related inspection,Medium,-0.22733948,0.4578958,0.012670509,0.75832313,-0.00078801246,-1.1920208
TRK-26027-01217,TMS,Ballast issue,Low,-14.133299,-3.9025486,-0.06803927,0.12294722,-0.0020837637,-1.2431071
TRK-26027-01218,TMS,USFD-related inspection,Low,-16.83043,-8.710523,-0.07032884,-4.004102,0.00029706434,-1.1482432
TRK-26027-01219,TMS,Ballast issue,Medium,-0.93864906,-1.9476341,-0.02100632,-1.1607827,-0.0011748724,3.7954805
TRK-26027-01220,TMS,Preventive track maintenance,Low,-14.131488,-3.89906,-0.072322756,0.119129255,0.0017200657,-1.2490519
TRK-26027-01221,TMS,Sleeper defect,High,12.507509,2.9204319,0.025927026,3.00128,-0.00085319445,-1.2114257
TRK-26027-01222,TMS,Preventive track maintenance,Low,-15.386823,-6.903763,0.02514727,-0.59886765,-0.0014712835,-1.2275593
TRK-26027-01223,TMS,USFD-related inspection,Medium,-0.33607766,-3.104397,0.015009705,3.0117786,-0.00076775876,-1.2146225
TRK-26027-01224,TMS,Ballast issue,Medium,0.47315162,2.067068,-0.024098163,1.5103567,-0.0006118282,-1.2033695
TRK-26027-01225,TMS,Track geometry defect,High,12.480375,4.792726,0.015712606,1.9576362,-0.0006760125,-1.2590941
TRK-26027-01226,TMS,USFD-related inspection,Medium,-0.8426783,-2.5444632,0.006310724,-0.97879285,0.0013067612,-1.1927981
TRK-26027-01227,TMS,Rail defect,Low,-16.08824,-6.425892,0.040495258,-3.341895,-0.0011317827,-1.1478056
TRK-26027-01228,TMS,Sleeper defect,Low,-14.889373,-6.338615,0.046384342,0.020794224,-0.0020016239,-1.2245171
TRK-26027-01229,TMS,USFD-related inspection,High,12.335885,2.8872232,-0.020622682,2.258988,-0.0007249489,-1.2116579
TRK-26027-01230,TMS,Rail defect,High,12.342726,3.1327467,0.020410448,2.284567,-0.0002502672,-1.2212509
TRK-26027-01231,TMS,Preventive track maintenance,Medium,0.14433022,0.95994973,0.030119948,1.505065,-0.0006259853,-1.1949
TRK-26027-01232,TMS,Preventive track maintenance,Low,-15.095772,-3.8107514,0.08926753,-3.263047,-0.0012801212,-1.1345004
TRK-26027-01233,TMS,Track wear,Medium,-0.57872736,-4.235812,0.0021393108,3.0456243,-0.001660466,-1.2061404
TRK-26027-01234,TMS,Ballast issue,Medium,0.089587666,0.07508616,0.016724275,2.5847428,0.0032466028,3.738898
TRK-26027-01235,TMS,Sleeper defect,Medium,-0.83647925,-2.4862008,0.01257955,-0.1469727,0.00080536195,-1.2037503
TRK-26027-01236,TMS,Rail defect,High,12.662311,5.0861864,0.02201186,1.9699951,0.0017944953,-1.2286098
TRK-26027-01237,TMS,Rail defect,Low,-14.255531,-5.35594,0.054319423,1.3622211,0.003896732,-1.2648935
TRK-26027-01238,TMS,Rail defect,High,13.903651,7.7749023,0.02308132,3.613823,0.0051369458,-1.2464422
TRK-26027-01239,TMS,Rail defect,Medium,0.28931904,0.5784936,0.033059638,3.6543825,-0.0014045167,-1.2026029
TRK-26027-01240,TMS,Ballast issue,Low,-15.514388,-7.345739,0.012352777,-0.71874744,-0.009265491,3.682035
TRK-26027-01241,TMS,Preventive track maintenance,High,13.765346,6.7731276,0.011202362,3.596162,-0.0017465636,3.7676556
TRK-26027-01242,TMS,Rail defect,Medium,0.14398198,0.9540538,0.027817357,1.5000018,-0.0012291252,-1.1965197
TRK-26027-01243,TMS,USFD-related inspection,Medium,-0.7736231,-2.5402455,-0.004916815,-0.97543675,0.00052395905,-1.1891539
TRK-26027-01244,TMS,Preventive track maintenance,Medium,-0.087707855,1.848463,0.042707697,-0.17445706,-0.00053517293,-1.1859674
TRK-26027-01245,TMS,USFD-related inspection,Medium,-0.5151119,0.12531732,0.01444475,-0.19165325,-0.0005103342,-1.1888689
TRK-26027-01246,TMS,USFD-related inspection,High,12.76027,4.552933,0.010492393,3.6130476,-0.0003604005,-1.2309198
TRK-26027-01247,TMS,Rail defect,Medium,-0.12608436,-0.35268885,0.0267087,2.6152904,-0.0017993229,-1.1962351
TRK-26027-01248,TMS,Ballast issue,Medium,0.70975107,2.2734442,0.046045028,3.6231568,0.008861162,-1.209486
TRK-26027-01249,TMS,Sleeper defect,High,13.594605,7.2122893,0.010968998,1.1404604,-0.000173748,-1.2255626
TRK-26027-01250,TMS,Rail defect,Medium,-0.47625372,-0.41669062,0.023428425,0.59979737,0.002928313,3.7155395
TRK-26027-01251,TMS,Track wear,Medium,-0.71446633,-3.3369062,0.005856858,1.1187415,0.00060563075,-1.2182341
TRK-26027-01252,TMS,Sleeper defect,Low,-15.09036,-9.303919,0.047341757,3.116838,-0.0018498575,-1.2675191
TRK-26027-01253,TMS,Track geometry defect,Medium,-1.0435497,-3.9542675,-0.00069182995,-0.6295699,-0.00047733175,-1.2075167
TRK-26027-01254,TMS,Sleeper defect,Medium,0.3454937,1.1983874,0.012058378,2.5430558,0.00019432169,3.7899332
TRK-26027-01255,TMS,Sleeper defect,High,13.480317,6.538448,0.014705495,3.6131191,-0.0030518533,-1.2245028
TRK-26027-01256,TMS,Sleeper defect,Medium,0.31255934,2.9789953,0.00967238,0.73624724,0.00020317912,-1.1945351
TRK-26027-01257,TMS,Rail defect,High,12.25695,2.8324714,0.017677715,1.42905,-0.00082685857,-1.2193731
TRK-26027-01258,TMS,Track geometry defect,Low,-15.202336,-8.154015,0.021210225,1.3036405,-0.001496194,-1.2565432
TRK-26027-01259,TMS,Sleeper defect,Low,-13.647415,-4.595299,0.057698593,3.0488973,0.0029498565,3.6445615
TRK-26027-01260,TMS,Track wear,Low,-15.690284,-5.7522473,0.018509582,-1.8941567,-0.006191898,-1.1841775
TRK-26027-01261,TMS,Rail defect,Medium,-0.7813254,-1.8771766,0.0074220165,0.58151895,-0.00066019676,3.738403
TRK-26027-01262,TMS,Rail defect,Critical,23.884247,7.7076306,0.027439132,2.5073142,0.0042671775,-1.0070288
TRK-26027-01263,TMS,Ballast issue,Medium,0.1547388,2.8661337,0.00025058287,-1.0865773,0.0003751076,-1.1847082
TRK-26027-01264,TMS,Ballast issue,High,12.363869,3.3398006,0.01177091,1.3684242,-0.0007933468,-1.2139281
TRK-26027-01265,TMS,Track geometry defect,Medium,0.59743583,3.1679373,0.009469896,1.4493716,-0.0012529724,-1.1958251
TRK-26027-01266,TMS,Track geometry defect,Low,-14.835704,-4.776786,0.058424704,-1.3004793,-0.0007804729,-1.2030065
TRK-26027-01267,TMS,Preventive track maintenance,High,13.334337,6.249473,0.0121932905,3.5745614,-0.004384943,-1.2477038
TRK-26027-01268,TMS,Track wear,Medium,-0.84025925,-3.041184,0.015374861,0.14553504,-0.00091998954,-1.2123317
TRK-26027-01269,TMS,Track wear,Medium,-0.06554235,-0.73883396,0.012464082,3.4618418,-7.685467e-05,3.7174246
TRK-26027-01270,TMS,Track wear,Low,-15.165839,-9.095723,0.013685316,2.1356804,-0.004462547,3.6821034
TRK-26027-01271,TMS,Track wear,Medium,-0.8463205,-3.0988863,0.009369724,-0.6876553,-0.00019938326,-1.2000312
TRK-26027-01272,TMS,Preventive track maintenance,Medium,-0.45513722,0.114870794,-0.015919868,-0.20022053,-0.00053869514,-1.1904328
TRK-26027-01273,TMS,Sleeper defect,Low,-16.061821,-9.524038,0.021864038,-1.4918512,0.0034637398,-1.2038041
TRK-26027-01274,TMS,Rail defect,Low,-15.053223,-8.462826,0.050315455,3.0915527,0.025745826,-1.292113
TRK-26027-01275,TMS,Track wear,Medium,-0.10725311,-0.74103814,0.029392673,3.563225,-0.0031468756,-1.1991493
TRK-26027-01276,TMS,Rail defect,Low,-15.513244,-7.3468556,0.012229192,-0.7243325,-0.0053289826,3.6855707
TRK-26027-01277,TMS,Rail defect,Low,-15.574325,-5.88726,0.0066181426,-2.002106,-0.004514877,3.81491
TRK-26027-01278,TMS,Preventive track maintenance,High,13.195866,5.869341,0.013091449,3.58572,-0.0030617872,-1.220708
TRK-26027-01279,TMS,Track geometry defect,Low,-15.084814,-6.9579167,0.006610581,-0.0047904775,-0.0047571906,3.654895
TRK-26027-01280,TMS,Ballast issue,High,12.646176,2.9863808,0.019782932,3.7377515,0.003073045,-1.2051196
TRK-26027-01281,TMS,Track wear,Low,-13.99258,-3.8293197,0.09398808,0.07911318,-0.001152685,-1.2233737
TRK-26027-01282,TMS,USFD-related inspection,Medium,-0.8372713,-2.4843788,0.0162878,-0.14684172,-0.0017487044,-1.2027249
TRK-26027-01283,TMS,Preventive track maintenance,Medium,-0.8876136,-1.4991037,0.009681443,-0.25733835,-0.0038141601,3.7702346
TRK-26027-01284,TMS,Rail defect,Medium,-0.8340441,-1.9222078,0.016440008,0.68108344,0.0003257492,-1.197272
TRK-26027-01285,TMS,Ballast issue,High,13.417809,6.735856,0.016709706,2.0028992,-0.0006877675,-1.2456849
TRK-26027-01286,TMS,Ballast issue,Medium,-0.37607157,-4.0364113,0.011099424,3.9647052,-0.0012614635,-1.2208548
TRK-26027-01287,TMS,USFD-related inspection,Medium,0.0900394,2.322855,-0.023666058,-0.20066814,-4.8653455e-05,-1.1919373
TRK-26027-01288,TMS,Preventive track maintenance,High,12.371788,3.422557,0.011742063,2.2120564,-0.0005759143,-1.2212367
TRK-26027-01289,TMS,Ballast issue,High,13.461946,6.8585486,0.010757938,1.09963,-0.008153993,-1.2198043
TRK-26027-01290,TMS,Track geometry defect,Medium,-1.0004036,-3.8929622,0.004868682,0.22289668,-0.00085573155,-1.2137175
TRK-26027-01291,TMS,Preventive track maintenance,Medium,0.5877412,2.2342243,0.040439345,2.6166456,9.3954804e-05,-1.2150092
TRK-26027-01292,TMS,Rail defect,Low,-15.51162,-6.6378107,0.0130371135,-1.3175153,2.2887984e-05,3.6686053
TRK-26027-01293,TMS,Rail defect,Medium,-0.20971195,-3.1430528,0.007853357,3.9540048,-0.0020679464,-1.216677
TRK-26027-01294,TMS,Rail defect,Medium,-0.41171873,0.2788742,0.0016718074,-1.1050731,0.0003553278,-1.1877744
TRK-26027-01295,TMS,Track geometry defect,Low,-14.920989,-8.13796,0.05093735,3.158625,-0.0049361023,-1.2629853
TRK-26027-01296,TMS,Ballast issue,High,12.950813,5.8544235,0.023545446,1.9725941,-0.00096392597,-1.2366052
TRK-26027-01297,TMS,Rail defect,Medium,0.12527479,0.33388153,0.02104114,2.6657763,-0.0037704722,-1.2098448
TRK-26027-01298,TMS,USFD-related inspection,Low,-14.310896,-6.096367,0.06672029,2.351709,-0.0010715632,-1.2393447
TRK-26027-01299,TMS,Rail defect,Medium,-0.48106384,-1.463712,0.01887755,1.5881926,4.1242132e-05,-1.1962311
TRK-26027-01300,TMS,Sleeper defect,Low,-13.738723,-3.4934447,0.10056482,1.2746063,0.001384797,-1.2524238
TRK-26027-01301,TMS,Track wear,High,13.596723,7.5410347,0.01407798,2.001203,0.002067481,-1.2270498
TRK-26027-01302,TMS,Sleeper defect,Medium,-0.8509241,-2.5595517,-0.025916051,-0.99713784,-0.0008087825,-1.1901938
TRK-26027-01303,TMS,USFD-related inspection,Medium,-0.12424509,-0.35971722,0.018000301,2.6054463,-0.0007488474,-1.1974524
TRK-26027-01304,TMS,Ballast issue,Medium,0.15580606,2.1247466,0.0461484,0.7667226,-5.6893565e-05,-1.1864253
TRK-26027-01305,TMS,Rail defect,Medium,-0.43977204,-3.3374364,0.017490301,1.8843145,0.00045142937,-1.2191077
TRK-26027-01306,TMS,Track wear,Low,-14.968893,-7.9766364,0.042391323,2.2985003,-0.0010615038,-1.2693431
TRK-26027-01307,TMS,Track geometry defect,High,12.366465,3.4236739,0.019760884,2.2154415,0.00050737365,-1.2184122
TRK-26027-01308,TMS,Track wear,High,13.626624,6.8686066,0.017914636,2.8388088,0.00040458032,-1.2371187
TRK-26027-01309,TMS,Sleeper defect,Medium,0.2025223,0.9378537,-0.01887915,1.4911686,-0.0013078336,-1.1979668
TRK-26027-01310,TMS,Sleeper defect,Medium,0.12347187,0.07698903,0.016105115,3.649763,0.008842015,-1.1984944
TRK-26027-01311,TMS,Rail defect,Medium,0.7548421,2.8179784,0.045472093,3.5569818,-0.0019985868,-1.2033918
TRK-26027-01312,TMS,USFD-related inspection,Low,-16.535166,-9.261277,0.016629437,-2.7456744,-0.0006099182,-1.1416703
TRK-26027-01313,TMS,USFD-related inspection,Low,-16.159933,-6.996992,0.049156222,-2.6394613,-0.0020217227,-1.1202737
TRK-26027-01314,TMS,USFD-related inspection,Low,-13.798159,-3.8573172,0.11152356,1.302029,-0.0004939894,-1.2365533
TRK-26027-01315,TMS,Track wear,High,13.6270895,6.871159,0.015883196,2.8374257,-0.00059679523,-1.2357188
TRK-26027-01316,TMS,USFD-related inspection,High,13.400044,6.240131,-0.029634347,3.5637414,0.00014608394,-1.2474958
TRK-26027-01317,TMS,Rail defect,Critical,23.968765,9.220078,0.014238904,2.3663082,-0.0010269951,-0.9826155
TRK-26027-01318,TMS,Ballast issue,Medium,-0.39378023,0.42146105,0.022909123,-0.17186898,0.00020758905,-1.1956686
TRK-26027-01319,TMS,Preventive track maintenance,Medium,0.63524634,2.7825248,0.033999234,2.5646935,-0.0013819913,-1.2033664
TRK-26027-01320,TMS,USFD-related inspection,Low,-15.634655,-7.6545043,0.024869354,-0.6656773,0.029242488,-1.2751602
TRK-26027-01321,TMS,Ballast issue,Low,-15.705206,-5.6590633,0.0153766805,-3.4123304,0.00016545087,3.743923
TRK-26027-01322,TMS,USFD-related inspection,High,13.463989,6.572988,-0.012759554,1.9748739,-0.001966941,3.7659762
TRK-26027-01323,TMS,Sleeper defect,Low,-15.359932,-4.6574135,0.016046071,-3.9101834,-0.00023045379,-1.1324278
TRK-26027-01324,TMS,USFD-related inspection,Medium,-0.87083447,-1.2216628,0.016128743,-0.18117826,-0.0007650277,-1.2008712
TRK-26027-01325,TMS,USFD-related inspection,Medium,-0.8824298,-4.021556,0.009637966,1.0511726,0.011683126,3.7497582
TRK-26027-01326,TMS,Track wear,Medium,0.58186907,2.9454138,0.04021328,1.4628943,0.0004246268,-1.2031206
TRK-26027-01327,TMS,Sleeper defect,Low,-13.986956,-4.6589212,0.10431144,1.3080153,-0.0013407255,-1.26216
TRK-26027-01328,TMS,USFD-related inspection,Medium,-0.4380747,-1.7367404,0.007297437,1.5084685,-0.00036901,3.7430665
TRK-26027-01329,TMS,Sleeper defect,Low,-16.691086,-8.819128,0.01763104,-3.4083369,0.006220109,-1.1398277
TRK-26027-01330,TMS,Sleeper defect,Medium,0.12439003,0.3333796,0.022682305,2.6684768,5.9421276e-05,-1.2113584
TRK-26027-01331,TMS,Sleeper defect,Medium,0.3516013,0.56882477,-0.017511887,3.6288443,-0.001746483,-1.2075876
TRK-26027-01332,TMS,Track wear,Low,-15.169026,-9.342073,0.011709157,2.106382,-0.011184861,3.707235
TRK-26027-01333,TMS,Rail defect,Medium,0.16730578,3.054542,0.023351306,-0.2370295,-0.0065079266,3.7776475
TRK-26027-01334,TMS,Sleeper defect,Medium,-0.22887665,0.4660178,0.028485822,0.7684889,-0.00043747012,-1.1888064
TRK-26027-01335,TMS,Rail defect,Medium,-0.8505894,-3.34782,0.0032753898,0.21064042,0.0020203558,-1.2159001
TRK-26027-01336,TMS,Sleeper defect,High,13.688788,6.8145485,0.0115151275,3.5829177,-0.0005400057,-1.2344592
TRK-26027-01337,TMS,Ballast issue,Low,-14.841655,-6.860147,0.047988985,1.3254551,-0.0021431048,-1.2349643
TRK-26027-01338,TMS,Sleeper defect,High,12.475678,4.4414225,0.010942384,1.098104,0.0005020923,-1.218906
TRK-26027-01339,TMS,USFD-related inspection,Low,-16.702703,-8.812064,-0.04136964,-4.1184626,-0.0013954227,-1.1332842
TRK-26027-01340,TMS,Preventive track maintenance,Low,-15.830138,-9.110992,0.021676784,-0.746868,-0.0018810561,-1.2360754
TRK-26027-01341,TMS,Track geometry defect,High,13.6992655,7.479361,0.011169536,1.0824792,0.0022310342,3.7587233
TRK-26027-01342,TMS,Ballast issue,Medium,-0.94389886,-1.9442388,-0.015845584,-1.1563551,0.0068441234,3.8039076
TRK-26027-01343,TMS,Sleeper defect,High,12.871654,5.4419117,0.014316172,1.0488521,0.0061216997,3.721565
TRK-26027-01344,TMS,Track wear,Medium,-0.4202064,-3.2669423,0.0018327639,1.8138907,8.1049446e-05,3.7724438
TRK-26027-01345,TMS,Track wear,High,12.970119,5.445732,0.015653895,2.8086479,-0.0013951753,-1.213062
TRK-26027-01346,TMS,Sleeper defect,Medium,0.34375802,0.59020543,0.010901712,3.5414674,-7.856507e-05,3.7401056
TRK-26027-01347,TMS,Ballast issue,Low,-14.201298,-3.5683737,0.09407371,-0.61734796,0.0010828658,-1.2176325
TRK-26027-01348,TMS,Sleeper defect,Low,-16.57877,-8.009024,-0.03345177,-4.031924,-0.0011067501,-1.1338173
TRK-26027-01349,TMS,Track wear,High,12.256375,2.9066257,0.024940003,2.2818978,-0.001266639,-1.2116969
TRK-26027-01350,TMS,Ballast issue,Low,-16.335007,-8.390295,0.02283389,-2.0271556,-0.0011536775,-1.1594594
TRK-26027-01351,TMS,USFD-related inspection,High,13.011855,5.742476,0.017849868,1.0736524,-0.0015652636,-1.2274867
TRK-26027-01352,TMS,Track wear,Low,-15.401433,-4.7515426,0.084152065,-3.3091426,-0.0007499204,-1.1373944
TRK-26027-01353,TMS,Track wear,High,13.0741415,5.7582517,0.008601624,1.0309248,-0.010576118,3.7515752
TRK-26027-01354,TMS,Ballast issue,Low,-16.4787,-7.523899,0.027099052,-3.3271098,-0.0009954248,-1.1458164
TRK-26027-01355,TMS,Track geometry defect,Low,-13.73914,-4.8042483,0.03650836,3.1640546,0.0020330271,3.669692
TRK-26027-01356,TMS,USFD-related inspection,Medium,0.39295393,1.5114421,-0.039345946,1.5129201,-0.00077592593,-1.1900269
TRK-26027-01357,TMS,Rail defect,High,13.640487,7.733469,0.032449547,1.9953831,0.0014774757,-1.2428988
TRK-26027-01358,TMS,Track geometry defect,Low,-15.952185,-6.1908965,0.01030817,-2.5948,0.002713104,-1.1457459
TRK-26027-01359,TMS,Preventive track maintenance,High,13.571265,6.623849,-0.010637806,1.049201,-0.0048165694,3.7645783
TRK-26027-01360,TMS,USFD-related inspection,Medium,0.019284206,1.2584063,-0.012955164,0.75672024,-0.0013834157,-1.205372
TRK-26027-01361,TMS,Rail defect,High,13.34934,6.5611906,0.017359698,1.9798797,-0.0005863338,-1.2316055
TRK-26027-01362,TMS,Ballast issue,Medium,0.60729384,3.1932614,0.04433003,1.4604613,-0.0014946646,-1.1910529
TRK-26027-01363,TMS,Track wear,Medium,-0.038718767,1.956172,0.01212327,-1.1013116,-0.0002517671,-1.1819953
TRK-26027-01364,TMS,Rail defect,High,12.365651,3.3415701,0.009476611,1.3681923,0.001203484,-1.2169503
TRK-26027-01365,TMS,Preventive track maintenance,Low,-14.570023,-3.411593,-0.058445834,-1.2832589,-0.0006570029,-1.196065
TRK-26027-01366,TMS,Ballast issue,Low,-13.546749,-4.2121677,0.114472054,2.353823,0.013884624,-1.2470033
TRK-26027-01367,TMS,Track wear,Medium,-0.6799236,-1.2455119,-0.009402298,0.68310946,-0.00011824669,-1.2031665
TRK-26027-01368,TMS,USFD-related inspection,Low,-13.955188,-4.585134,0.043960456,1.2745456,0.020509921,3.722434
TRK-26027-01369,TMS,Ballast issue,High,12.956531,5.477782,-0.012125041,1.059881,-0.00067620864,-1.2116835
TRK-26027-01370,TMS,USFD-related inspection,High,13.018105,5.3349385,0.014442762,3.5706413,-0.0040865275,-1.2252209
TRK-26027-01371,TMS,Preventive track maintenance,Medium,-0.1916602,-1.3450017,-0.024941498,3.5805628,-0.0016973059,-1.2191749
TRK-26027-01372,TMS,Sleeper defect,Medium,-0.8136055,-2.4274242,0.009111905,-0.17880912,-0.007980149,3.7834296
TRK-26027-01373,TMS,USFD-related inspection,Low,-15.427012,-7.0594497,0.0017595399,-0.6689994,-0.009518469,3.6896083
TRK-26027-01374,TMS,Preventive track maintenance,Medium,0.047164388,0.46074188,0.028681405,1.5379117,-0.00062834163,-1.2002401
TRK-26027-01375,TMS,Ballast issue,Medium,-0.8547801,-3.1151466,-0.026656812,-0.70601165,0.00016967152,-1.1998696
TRK-26027-01376,TMS,Sleeper defect,Medium,-0.6411699,-0.53502023,-0.01313015,-1.1981329,0.0029406706,3.7550166
TRK-26027-01377,TMS,Sleeper defect,Medium,-0.17990527,-0.39811724,0.023302596,1.4166915,0.0030383156,3.7157788
TRK-26027-01378,TMS,Rail defect,Critical,23.957056,7.8546634,0.036617737,3.2853703,-0.010739234,-0.99535966
TRK-26027-01379,TMS,Sleeper defect,Low,-15.86364,-6.246758,0.040081944,-2.6538682,-0.0013623063,-1.1392256
TRK-26027-01380,TMS,Preventive track maintenance,High,13.017958,5.335222,0.013953678,3.5716898,-0.0030549543,-1.225156
TRK-26027-01381,TMS,Track geometry defect,Critical,24.561771,11.227438,0.016294844,2.4662645,-0.006092711,-0.88940173
TRK-26027-01382,TMS,Preventive track maintenance,Low,-16.668486,-9.836091,-0.01068014,-3.509623,-0.0017182813,3.835488
TRK-26027-01383,TMS,Track wear,Medium,-0.43801576,-1.736353,0.008728208,1.5214162,-0.0030883807,3.7401505
TRK-26027-01384,TMS,Preventive track maintenance,Medium,-0.12105806,1.180288,-0.027499998,-1.1494746,0.00057920703,3.8526266
TRK-26027-01385,TMS,Track wear,Low,-14.049567,-5.558866,0.08292245,3.1740475,-0.0019266823,-1.2352395
TRK-26027-01386,TMS,Preventive track maintenance,Medium,0.28965577,0.57419664,0.008143281,3.6379206,-0.00328675,-1.2064536
TRK-26027-01387,TMS,Ballast issue,Medium,0.5320133,1.7154502,0.048146445,3.582364,-0.0013804183,-1.1942763
TRK-26027-01388,TMS,Sleeper defect,High,12.877663,5.1730237,0.014257434,2.8125482,-0.0011627959,3.7371628
TRK-26027-01389,TMS,Preventive track maintenance,High,13.043133,5.4367433,-0.019792423,2.783478,-0.0013207962,-1.2159581
TRK-26027-01390,TMS,USFD-related inspection,High,13.689044,6.814289,0.012296613,3.582024,-0.0004239519,-1.2344592
TRK-26027-01391,TMS,Track geometry defect,High,13.311572,6.116724,0.014418467,3.5832686,-0.004510829,-1.237242
TRK-26027-01392,TMS,Track geometry defect,Medium,0.20397696,0.9956537,0.002290857,1.4212319,-0.0029803994,3.766818
TRK-26027-01393,TMS,Preventive track maintenance,Low,-14.176475,-3.2518704,-0.029642425,-0.6444686,-0.007937351,3.7825367
TRK-26027-01394,TMS,Track geometry defect,Medium,-0.8124865,-1.5821718,0.016928636,0.6937414,-0.00021260712,-1.1943613
TRK-26027-01395,TMS,Track geometry defect,Low,-14.311152,-6.096254,0.06615828,2.3522365,-0.0018938819,-1.2383403
TRK-26027-01396,TMS,Ballast issue,Medium,-0.85621196,-3.851555,0.01772488,1.131374,-0.0006763543,-1.2156667
TRK-26027-01397,TMS,Track geometry defect,High,12.399054,3.0940652,0.013253895,2.276277,0.0006896045,3.7233372
TRK-26027-01398,TMS,Preventive track maintenance,Medium,0.23184468,3.099531,-0.013828793,-1.042424,0.007635902,-1.1833775
TRK-26027-01399,TMS,USFD-related inspection,Low,-15.88296,-6.087995,-0.14886753,-1.9726454,0.0022521303,-1.2053984
TRK-26027-01400,TMS,Sleeper defect,Medium,-0.6195599,-0.39211902,0.01338318,-0.26330936,0.0022725884,3.7319891
TRK-26027-01401,TMS,Track wear,Low,-14.267094,-4.611534,0.060520638,0.02958702,-0.0012364535,-1.2344388
TRK-26027-01402,TMS,Preventive track maintenance,Low,-16.35598,-9.649618,0.018444492,-2.1959336,-0.003312261,-1.1757978
TRK-26027-01403,TMS,USFD-related inspection,Medium,-0.45667583,-4.00774,-0.014790111,3.0083992,-0.0018850991,-1.2200489
TRK-26027-01404,TMS,Rail defect,Low,-15.3912,-5.0842705,0.058832947,-2.6495495,0.0010686022,-1.1148723
TRK-26027-01405,TMS,USFD-related inspection,Medium,-0.32992837,0.39966947,-0.022736484,-0.18657623,-0.00079436065,-1.1974807
TRK-26027-01406,TMS,USFD-related inspection,Medium,-0.62269145,-0.35753137,0.013866247,-1.1703409,0.00052783295,3.7758825
TRK-26027-01407,TMS,Sleeper defect,Medium,-0.48679832,-0.40288934,0.028950175,0.6884251,-0.00050079694,-1.1766464
TRK-26027-01408,TMS,Preventive track maintenance,Low,-14.909956,-3.584799,-0.05026129,-1.9414502,0.0056860666,-1.1686023
TRK-26027-01409,TMS,Sleeper defect,Low,-15.234634,-4.7876844,0.08699513,-2.6303763,-9.603298e-05,-1.1363701
TRK-26027-01410,TMS,Sleeper defect,Low,-15.662884,-7.01626,0.02464463,-1.2802988,0.029316897,-1.2526493
TRK-26027-01411,TMS,Track wear,Medium,-0.85072625,-1.0898019,-0.007930537,-1.1573541,0.00015272184,-1.1912667
TRK-26027-01412,TMS,Track wear,Medium,0.14632182,2.1008828,0.010365446,0.75734425,-0.0006154796,-1.1887213
TRK-26027-01413,TMS,Sleeper defect,Medium,-0.1905455,-0.36809003,0.026799278,1.5004365,-0.0013600324,-1.1786525
TRK-26027-01414,TMS,Ballast issue,Medium,-0.9889003,-3.9594746,-0.00660227,-0.6327841,-0.0016249014,-1.2075813
TRK-26027-01415,TMS,Preventive track maintenance,Low,-14.239911,-5.9815054,0.021632541,2.1878576,0.0024633356,3.6176844
TRK-26027-01416,TMS,Track geometry defect,Low,-16.483318,-9.404117,-0.0009639207,-2.9208035,-0.0010192264,3.78312
TRK-26027-01417,TMS,Sleeper defect,Low,-15.780036,-9.18706,0.0184207,-0.8108497,-0.0011191466,-1.240259
TRK-26027-01418,TMS,Ballast issue,High,13.500502,6.793501,0.0058500036,1.9988768,0.0011421314,3.7868474
TRK-26027-01419,TMS,Track wear,Medium,-0.4913838,-3.7189364,0.014178002,3.0185235,-0.00016437392,-1.2207463
TRK-26027-01420,TMS,Ballast issue,Low,-15.785685,-9.184837,0.021268897,-0.8098851,-0.0003735379,-1.2391151
TRK-26027-01421,TMS,Track wear,Low,-15.386771,-6.9036446,0.026062666,-0.5979421,-0.0016700287,-1.227805
TRK-26027-01422,TMS,Sleeper defect,Medium,0.17004173,2.928595,-0.007835729,-1.1509929,-0.00023422479,3.7995446
TRK-26027-01423,TMS,Track geometry defect,Medium,-0.33596525,-3.104448,0.015649544,3.0124326,-0.0019820195,-1.2140691
TRK-26027-01424,TMS,Track wear,Low,-15.204744,-7.219819,0.024204362,-0.011939754,0.01392823,3.6741238
TRK-26027-01425,TMS,Track geometry defect,Low,-14.254288,-5.9378033,0.071633466,3.1092896,-0.0017622609,-1.235244
TRK-26027-01426,TMS,Ballast issue,High,12.779382,3.5932913,-0.019209065,3.7623122,0.0038365892,-1.2149014
TRK-26027-01427,TMS,Track wear,Medium,0.3679263,1.9307903,0.01777779,1.4798039,0.009491403,3.7780895
TRK-26027-01428,TMS,Track geometry defect,Medium,-0.10616317,-0.7447429,0.017711502,3.5522602,-0.0013557489,-1.202958
TRK-26027-01429,TMS,Ballast issue,Medium,-0.58889383,-3.8869689,0.008085551,1.9007953,-0.00011190115,-1.2253743
TRK-26027-01430,TMS,Track geometry defect,Medium,-0.2980654,0.92722994,0.022063235,-0.19957244,0.0008524983,-1.1901362
TRK-26027-01431,TMS,USFD-related inspection,Low,-14.9539585,-3.7023635,0.09541514,-2.6544404,-0.0018628322,-1.1197661
TRK-26027-01432,TMS,Ballast issue,High,12.797222,4.98212,0.013518228,2.8142426,0.0005932964,3.8211725
TRK-26027-01433,TMS,Rail defect,Low,-13.74895,-4.874372,0.09520396,3.2113447,-0.0013917484,-1.2602674
TRK-26027-01434,TMS,Ballast issue,Medium,0.7316458,2.3478699,0.024627764,3.535355,0.00048626997,3.7771
TRK-26027-01435,TMS,Rail defect,Low,-16.66313,-8.408483,0.01848001,-3.510457,0.0023586857,-1.1413562
TRK-26027-01436,TMS,Rail defect,High,12.710283,4.9677677,0.011230578,1.0716814,-0.00044677622,-1.2157269
TRK-26027-01437,TMS,Preventive track maintenance,Low,-15.1057625,-6.929502,-0.004999458,0.027757056,0.012873546,3.6925874
TRK-26027-01438,TMS,Rail defect,Medium,0.3420485,0.59069335,0.019885084,3.5551348,-0.0025535144,3.7244987
TRK-26027-01439,TMS,USFD-related inspection,Low,-16.057268,-8.994788,0.025538338,-1.437895,0.00017544896,-1.2073109
TRK-26027-01440,TMS,USFD-related inspection,High,13.159946,5.5488696,-0.03263995,3.5578232,0.0019277915,-1.2196712
TRK-26027-01441,TMS,Ballast issue,Medium,-0.4811798,-1.4639667,0.01805058,1.587874,0.0007543505,-1.1954279
TRK-26027-01442,TMS,USFD-related inspection,Low,-13.492789,-3.8065028,0.052374545,2.3636086,0.0002586752,3.6537323
TRK-26027-01443,TMS,USFD-related inspection,High,13.536171,6.8464413,-0.012533004,1.0950433,-0.0003366345,-1.2287803
TRK-26027-01444,TMS,Sleeper defect,Low,-15.77891,-9.435173,0.016963093,-0.82969165,0.0030563672,-1.2320457
TRK-26027-01445,TMS,Rail defect,High,13.862624,7.882017,0.028471295,2.7742662,-0.0016541248,3.8696961
TRK-26027-01446,TMS,Sleeper defect,Medium,-0.29804176,0.92880195,0.022925315,-0.19883299,-0.00029943936,-1.1888205
TRK-26027-01447,TMS,Track wear,Medium,0.15957312,2.608032,0.019272845,-1.1332384,-0.005771768,3.8162682
TRK-26027-01448,TMS,Rail defect,Low,-14.743135,-3.3943148,0.08829846,-1.9890959,0.0020267367,-1.1569616
TRK-26027-01449,TMS,Track geometry defect,Low,-15.140443,-9.160276,0.03916158,2.232764,0.0004093173,-1.2613726
TRK-26027-01450,TMS,Preventive track maintenance,Medium,-0.64367163,-2.494702,-0.020210328,0.72159326,0.0008331407,-1.1936842
TRK-26027-01451,TMS,Rail defect,Critical,24.424173,10.397687,0.018814545,3.1856034,-0.014942438,-0.9114325
TRK-26027-01452,TMS,Track geometry defect,Low,-15.589919,-7.4123993,0.03520955,-0.6603284,-0.0007450015,-1.2220612
TRK-26027-01453,TMS,Sleeper defect,Medium,0.1830558,2.7261314,-0.004359366,-0.25299877,-0.0051628305,3.787099
TRK-26027-01454,TMS,Sleeper defect,Low,-15.777557,-8.4967,0.028557455,-0.7299873,0.00087318564,-1.2058917
TRK-26027-01455,TMS,USFD-related inspection,High,12.326364,2.6121798,-0.02940502,1.4655204,-0.011144801,3.7201273
TRK-26027-01456,TMS,Ballast issue,Medium,-0.80843145,-3.7630894,0.0047515994,1.0611409,-0.0021879496,3.7794056
TRK-26027-01457,TMS,Track geometry defect,Low,-16.082922,-6.4273176,0.031997174,-3.3437023,0.0007297692,-1.1478895
TRK-26027-01458,TMS,Ballast issue,Low,-16.389772,-7.3984294,-0.03868194,-3.978929,-0.001637036,-1.1162533
TRK-26027-01459,TMS,Ballast issue,Medium,0.65419537,2.8489056,0.032269157,2.4875965,-0.004642994,3.7724888
TRK-26027-01460,TMS,USFD-related inspection,Medium,0.64270896,2.9163558,-0.03566688,1.4362727,-5.908342e-05,-1.1981182
TRK-26027-01461,TMS,Track geometry defect,Medium,-0.35346183,0.17414151,0.027383989,0.75717276,-0.0001613195,-1.1941068
TRK-26027-01462,TMS,Ballast issue,Low,-13.896437,-5.2233977,0.09524749,3.1218567,-0.0007088278,-1.2384983
TRK-26027-01463,TMS,Track geometry defect,Low,-16.727541,-9.374741,-0.038674537,-4.152055,0.031063927,-1.1753967
TRK-26027-01464,TMS,Rail defect,High,12.779202,5.1879854,0.012529793,1.0659134,-0.0007481204,-1.2140797
TRK-26027-01465,TMS,Sleeper defect,Medium,0.39955497,1.103745,0.030956784,3.5998058,-0.0019940082,-1.2150627
TRK-26027-01466,TMS,Track wear,Medium,0.3902916,1.3853729,0.045251936,2.6233895,6.286943e-05,-1.1862242
TRK-26027-01467,TMS,Track wear,High,12.466809,4.7921157,0.020014053,1.97015,-3.474098e-05,-1.2588029
TRK-26027-01468,TMS,Ballast issue,Medium,-0.1837203,-2.5001647,0.013880398,3.7183008,-0.0013721918,-1.2161336
TRK-26027-01469,TMS,Track wear,Medium,0.58186966,2.9455695,0.04032525,1.4627184,-0.00023875514,-1.2025499
TRK-26027-01470,TMS,Sleeper defect,High,12.466854,2.7253993,0.02599839,3.0415413,-0.001085379,-1.2172341
TRK-26027-01471,TMS,Preventive track maintenance,Low,-15.150866,-9.436929,0.043718964,2.1935215,0.00034004517,-1.2645675
TRK-26027-01472,TMS,USFD-related inspection,Medium,0.17301324,0.54315037,0.020154195,2.6579957,-0.00011120286,-1.2079306
TRK-26027-01473,TMS,Rail defect,Low,-16.437363,-8.117595,0.018583857,-2.7099023,-0.0011323902,-1.1198633
TRK-26027-01474,TMS,Preventive track maintenance,High,12.210324,2.7033508,0.025569573,2.3131974,-0.0062747416,-1.2200781
TRK-26027-01475,TMS,Preventive track maintenance,Low,-15.400361,-5.074171,0.06719119,-2.6520326,-0.0021438343,-1.1137695
TRK-26027-01476,TMS,Track wear,Low,-15.334031,-8.504214,0.020878132,1.2315742,-0.0015386083,-1.2483655
TRK-26027-01477,TMS,Rail defect,Medium,-0.37671396,-4.0399137,0.012499263,3.9654837,-0.0012841986,-1.221148
TRK-26027-01478,TMS,Track wear,Low,-16.411976,-7.574457,-0.010777405,-2.6369276,-0.0055934885,-1.1282107
TRK-26027-01479,TMS,Track wear,Low,-16.173971,-6.3835597,-0.048459817,-3.3286364,-0.0023456987,-1.1635704
TRK-26027-01480,TMS,Track geometry defect,High,13.795051,7.6315403,0.020482685,2.7913494,0.00095771434,-1.2355373
TRK-26027-01481,TMS,Sleeper defect,Medium,0.5214841,2.461455,0.041758243,1.5855914,-0.0013701973,-1.2030191
TRK-26027-01482,TMS,Ballast issue,Medium,-0.31198445,-1.9281924,0.021171164,3.6686673,-0.0018928258,-1.215518
TRK-26027-01483,TMS,Sleeper defect,Medium,-0.33765242,-3.1207786,0.003199869,3.0219817,-0.0017643482,-1.2152394
TRK-26027-01484,TMS,Rail defect,Medium,-0.43718377,-1.9643142,0.01132176,2.6703682,-0.00019981756,-1.2248749
TRK-26027-01485,TMS,Sleeper defect,Medium,-0.24867925,0.22842966,0.01654087,0.69026846,-0.008451917,3.7599308
TRK-26027-01486,TMS,Track geometry defect,Low,-14.132762,-3.9050748,-0.0818351,0.120045,-0.0010720777,-1.2463876
TRK-26027-01487,TMS,Track geometry defect,Low,-14.842058,-6.8603034,0.04672316,1.3256909,-0.0010593937,-1.236023
TRK-26027-01488,TMS,Preventive track maintenance,Medium,-0.11196598,1.5129586,0.041055128,-0.17912947,-0.00086688803,-1.1809256
TRK-26027-01489,TMS,Preventive track maintenance,High,12.768623,5.1329384,0.010446173,1.0294416,0.0017730066,3.70939
TRK-26027-01490,TMS,Rail defect,High,13.300255,6.1132855,0.030101737,3.6069791,-0.0005645938,-1.2358087
TRK-26027-01491,TMS,Rail defect,Low,-16.021593,-8.323244,0.0219291,-1.3543069,0.0010986528,-1.1836634
TRK-26027-01492,TMS,USFD-related inspection,Medium,-0.42941985,-3.7255342,-0.010312476,2.9990819,0.00034576142,-1.2226477
TRK-26027-01493,TMS,Ballast issue,Low,-15.590238,-5.4002514,-0.023705218,-4.070653,-0.002180927,3.729409
TRK-26027-01494,TMS,Rail defect,Low,-14.15305,-3.1884115,0.09334298,-0.6327141,-0.0016518506,-1.2233262
TRK-26027-01495,TMS,Track geometry defect,Medium,0.024874624,2.2148407,0.004184479,-1.0873308,0.007380357,-1.1983693
TRK-26027-01496,TMS,Preventive track maintenance,Low,-14.308545,-3.805976,-0.015801284,-0.5433125,-0.0049569663,3.7657535
TRK-26027-01497,TMS,Preventive track maintenance,High,13.008543,5.8992877,0.0146083385,1.9482523,-0.025356064,3.7666912
TRK-26027-01498,TMS,Rail defect,Low,-16.685616,-8.572229,-0.051567066,-4.1134796,-0.0014704595,-1.1369201
TRK-26027-01499,TMS,Sleeper defect,Critical,23.970758,7.6963005,-0.020662524,2.472683,0.00086202944,-1.0084753
TRK-26027-01500,TMS,Sleeper defect,High,12.266033,2.67115,0.012239985,2.2915106,0.00025746785,3.7192447
TRK-26027-01501,TMS,Sleeper defect,Low,-15.715827,-5.6948113,-0.022071233,-3.9609728,-0.00066701404,-1.1058195
TRK-26027-01502,TMS,Preventive track maintenance,Low,-13.883435,-4.2547393,0.10868503,1.2539836,-0.0025704817,-1.2371216
TRK-26027-01503,TMS,Track wear,Low,-15.700784,-5.7032323,-0.027848883,-3.9622703,-0.002348686,-1.1071432
TRK-26027-01504,TMS,USFD-related inspection,Medium,0.39937887,1.5123343,-0.043447666,1.5107741,-0.0014902984,-1.190382
TRK-26027-01505,TMS,Track wear,Low,-14.373751,-6.255453,0.073448256,3.2201226,0.019444328,-1.2809377
TRK-26027-01506,TMS,Track wear,Medium,-0.107031494,-0.74009925,0.029687779,3.5636027,-0.0013703005,-1.1994063
TRK-26027-01507,TMS,Ballast issue,High,12.420443,3.1200702,-0.01635946,2.2620165,-0.0011606065,-1.2173767
TRK-26027-01508,TMS,USFD-related inspection,Medium,0.16824418,0.6663627,-0.032700703,1.5188334,-0.0007899118,-1.197201
TRK-26027-01509,TMS,Preventive track maintenance,High,13.323026,6.5646353,0.016578976,1.9840382,0.012842196,-1.2277634
TRK-26027-01510,TMS,Sleeper defect,Low,-15.332271,-5.3227663,0.04916252,-1.9713026,-0.0018631326,-1.165413
TRK-26027-01511,TMS,Sleeper defect,Critical,24.606346,10.781537,0.013960148,3.2168565,0.006488522,-0.89529777
TRK-26027-01512,TMS,Track geometry defect,Medium,0.10429212,0.68113965,0.018543996,1.5301486,-0.0010563427,-1.1952671
TRK-26027-01513,TMS,Track geometry defect,Low,-14.637074,-5.9807844,-0.0063040107,1.4035461,-0.001268349,-1.2355574
TRK-26027-01514,TMS,USFD-related inspection,Medium,0.048600983,0.4524735,0.012984521,1.5275918,-0.001688344,-1.2024624
TRK-26027-01515,TMS,Rail defect,High,13.717513,7.224953,0.029854726,3.647476,0.020742537,-1.2398168
TRK-26027-01516,TMS,Track geometry defect,Medium,-0.1911551,-0.36582857,0.027532019,1.5008837,-0.00022631075,-1.182618
TRK-26027-01517,TMS,USFD-related inspection,Medium,-1.0026481,-3.697157,0.0042385794,-0.6634727,0.0011044446,-1.210568
TRK-26027-01518,TMS,Rail defect,Critical,23.924265,8.8064575,0.024082197,3.0621169,-0.017787319,-0.98695475
TRK-26027-01519,TMS,Track wear,Low,-14.938752,-3.7124448,0.090295084,-2.6549978,-0.00016458654,-1.1207881
TRK-26027-01520,TMS,Preventive track maintenance,Medium,0.7118631,3.0077407,-0.022659937,2.5544941,0.0016699707,-1.1946125
TRK-26027-01521,TMS,Track wear,High,13.015788,5.6675797,0.0077546597,2.8013623,0.00044538538,3.721322
TRK-26027-01522,TMS,Preventive track maintenance,Medium,-0.91250235,-4.0749736,0.01765543,1.1450243,4.8047077e-05,-1.2019962
TRK-26027-01523,TMS,Ballast issue,Low,-15.464759,-5.1502256,0.0045477916,-3.9437852,-0.0020244007,-1.1545997
TRK-26027-01524,TMS,Preventive track maintenance,Medium,0.79583764,2.4887333,-0.02266842,3.5394025,-0.0013071428,-1.2153094
TRK-26027-01525,TMS,Preventive track maintenance,Low,-15.095168,-9.459644,0.011249206,3.03616,-0.002629695,3.6727993
TRK-26027-01526,TMS,Ballast issue,Critical,24.601465,10.784349,0.028564623,3.210946,-0.0062349513,-0.89330626
TRK-26027-01527,TMS,Ballast issue,Medium,-0.4924879,-1.7655653,0.018367963,1.616353,0.00075515494,-1.2019278
TRK-26027-01528,TMS,USFD-related inspection,Medium,0.39885128,3.1885054,-0.02635743,0.70170426,-0.00034323495,-1.1813114
TRK-26027-01529,TMS,USFD-related inspection,Medium,0.2991446,1.2526215,-0.032580875,1.5287809,-5.132546e-05,-1.2133161
TRK-26027-01530,TMS,Rail defect,Low,-15.775525,-8.919832,0.018173954,-0.7937927,-0.0017824371,-1.2339545
TRK-26027-01531,TMS,USFD-related inspection,High,12.225999,2.695616,0.01101774,2.3032334,-0.00235937,-1.2203451
TRK-26027-01532,TMS,Sleeper defect,Medium,0.029857045,2.2373266,0.012493235,-1.1023707,-0.00023837984,-1.1886276
TRK-26027-01533,TMS,Ballast issue,Medium,-0.023013327,-0.37318543,0.0080087315,3.5398932,-0.0017203635,-1.1965885
TRK-26027-01534,TMS,USFD-related inspection,High,12.393999,4.2696676,0.014551809,1.9631488,0.0009222682,-1.2472996
TRK-26027-01535,TMS,USFD-related inspection,Low,-16.607141,-8.466659,-0.05617957,-4.1927786,-0.002794655,3.773606
TRK-26027-01536,TMS,Sleeper defect,Medium,-0.83628076,-1.3343947,0.012464209,-1.182964,0.014887426,3.8074458
TRK-26027-01537,TMS,Sleeper defect,Low,-15.590194,-7.4127665,0.031771902,-0.6601782,-0.0022879324,-1.2213706
TRK-26027-01538,TMS,Rail defect,Critical,23.998693,9.192123,0.014278464,3.0607228,0.01159259,-0.97770196
TRK-26027-01539,TMS,Preventive track maintenance,Medium,-0.25109512,0.22643615,0.029309586,0.69310987,-0.0020865942,3.7672856
TRK-26027-01540,TMS,Rail defect,High,12.572999,4.003568,0.013932719,2.876492,0.01104459,-1.224601
TRK-26027-01541,TMS,USFD-related inspection,Low,-15.204983,-6.7988114,-0.09723953,0.08381707,-0.002253619,-1.2400584
TRK-26027-01542,TMS,Ballast issue,High,12.508394,2.917466,0.027279854,3.0015082,-0.0024110018,-1.2093654
TRK-26027-01543,TMS,Track geometry defect,Low,-14.8499775,-7.763534,0.010929143,3.155235,-0.0023715545,3.6900005
TRK-26027-01544,TMS,USFD-related inspection,Low,-15.662169,-7.9062157,0.025218604,-0.6711255,0.010762278,-1.2411543
TRK-26027-01545,TMS,Track geometry defect,Low,-15.459362,-5.3510184,0.053930268,-2.6564343,0.00036153078,-1.1046151
TRK-26027-01546,TMS,Rail defect,Critical,24.617277,10.786509,0.0123057375,3.1869895,-0.012378117,-0.8905498
TRK-26027-01547,TMS,Rail defect,High,13.763471,7.386297,0.024993667,2.7909439,0.00026255206,-1.2324319
TRK-26027-01548,TMS,Sleeper defect,High,13.764035,7.3873277,0.024119942,2.7933743,-0.0013605693,-1.2321138
TRK-26027-01549,TMS,Rail defect,High,12.689088,3.2360206,0.021967232,3.7648904,-0.00035451047,-1.2139232
TRK-26027-01550,TMS,Track wear,Low,-15.238909,-6.5119762,0.020401515,-0.624436,-0.005099443,3.6612444
TRK-26027-01551,TMS,USFD-related inspection,Low,-15.677086,-5.739524,0.054022517,-2.6663363,0.0019160337,-1.1237805
TRK-26027-01552,TMS,Track wear,Medium,-0.35069326,0.17000787,0.015039473,0.7477144,-0.0010565334,-1.1905994
TRK-26027-01553,TMS,Rail defect,Low,-14.50205,-3.9565852,0.039681684,-1.3263602,0.009499596,3.6742566
TRK-26027-01554,TMS,Ballast issue,Low,-14.627972,-4.9174356,0.06711806,-0.62039757,-0.00030378602,-1.2190542
TRK-26027-01555,TMS,Rail defect,Medium,0.12474827,0.33670002,0.032980684,2.6767428,-0.0006927951,-1.2090544
TRK-26027-01556,TMS,Ballast issue,Medium,0.5801994,2.939051,0.043676287,1.4624437,0.0005699377,-1.2016073
TRK-26027-01557,TMS,Track geometry defect,Low,-13.453573,-3.4827313,0.11818556,2.3394861,-6.415374e-05,-1.2488493
TRK-26027-01558,TMS,Ballast issue,Medium,-0.82599574,-3.581285,0.015738737,1.1223656,-0.0014215127,-1.2172407
TRK-26027-01559,TMS,Preventive track maintenance,Medium,-0.6494822,-1.0103515,-0.014243645,0.6088712,-0.0008411752,-1.1993774
TRK-26027-01560,TMS,Track wear,Low,-14.856607,-6.8491077,0.061251946,1.332799,-0.0009078281,-1.2344742
TRK-26027-01561,TMS,Sleeper defect,High,13.392636,6.086086,0.0051198313,3.5807753,-0.00768113,3.7753413
TRK-26027-01562,TMS,Ballast issue,Medium,0.1547283,2.8466647,0.0049149897,-1.0655951,4.0134946e-05,-1.1900128
TRK-26027-01563,TMS,USFD-related inspection,Medium,0.7207301,3.0109932,-0.035427522,2.5498462,-3.841688e-05,-1.1875883
TRK-26027-01564,TMS,Track geometry defect,Low,-15.563443,-7.5483327,-0.0011135072,-0.7213342,-0.007420013,3.7025406
TRK-26027-01565,TMS,USFD-related inspection,Medium,-0.35307536,0.16835335,0.01687874,0.7478383,0.00641822,-1.191867
TRK-26027-01566,TMS,Ballast issue,High,13.130749,6.2518544,0.021234052,1.9691162,-0.00032422045,-1.2248
TRK-26027-01567,TMS,Ballast issue,Medium,-0.34289807,-3.7501318,0.026313432,3.9560213,-0.0018595711,-1.2200099
TRK-26027-01568,TMS,Sleeper defect,Medium,-0.32990202,0.48671553,0.0030743107,-0.24632934,0.000504935,3.7703276
TRK-26027-01569,TMS,Track wear,High,13.762882,7.383218,0.019181218,2.7931733,-0.00080846745,-1.2341436
TRK-26027-01570,TMS,Preventive track maintenance,Low,-16.371271,-7.0877175,-0.04112293,-3.8547845,-0.0015739212,-1.1114553
TRK-26027-01571,TMS,Track geometry defect,Low,-14.719275,-7.3124785,0.024132822,3.1702368,0.026731169,-1.2903984
TRK-26027-01572,TMS,USFD-related inspection,Low,-14.617068,-5.8355446,-0.0056737144,1.3507274,-0.0010108905,-1.2304691
TRK-26027-01573,TMS,USFD-related inspection,Medium,-0.2872257,-3.7448916,-0.013897044,3.9261553,-0.0013040137,-1.2259827
TRK-26027-01574,TMS,Track geometry defect,Low,-16.758366,-10.237165,-0.04757855,-4.1780615,-0.003089693,-1.1471946
TRK-26027-01575,TMS,Track geometry defect,Low,-14.596862,-6.9123383,0.07830707,3.095215,-0.0013992311,-1.24462
TRK-26027-01576,TMS,Preventive track maintenance,Medium,0.62483406,2.763443,0.014050354,2.5552177,-4.175661e-05,-1.2071167
TRK-26027-01577,TMS,Track wear,Medium,-0.8438784,-3.040067,0.017430304,0.14160104,0.0073271277,-1.213726
TRK-26027-01578,TMS,Rail defect,Low,-16.325397,-8.404577,0.014264354,-2.0244215,-0.0014956037,-1.1611018
TRK-26027-01579,TMS,Sleeper defect,Low,-16.421572,-7.395644,0.0046490734,-3.3620908,-0.0013690196,3.7914248
TRK-26027-01580,TMS,Sleeper defect,Medium,-0.07779277,0.16714455,0.026050031,1.5246639,-0.0015024822,-1.1931671
TRK-26027-01581,TMS,Sleeper defect,High,13.21218,5.9879274,0.011976465,2.8091197,0.002777111,3.768641
TRK-26027-01582,TMS,Ballast issue,High,12.707437,4.1522107,0.030691832,3.7065618,0.0024449346,-1.2179004
TRK-26027-01583,TMS,Rail defect,Low,-15.847577,-7.5072713,0.03125737,-1.3018423,0.0005079141,-1.1977222
TRK-26027-01584,TMS,Preventive track maintenance,Low,-15.432111,-4.7991257,-0.026322337,-3.9294958,0.004153618,3.7797875
TRK-26027-01585,TMS,Track wear,Medium,-0.42401904,-1.6536885,0.016835641,2.6384888,-0.0006587421,-1.2177324
TRK-26027-01586,TMS,USFD-related inspection,Medium,-0.16312091,1.1803972,-0.023675868,-0.20200887,-0.0007361637,-1.2113546
TRK-26027-01587,TMS,Preventive track maintenance,Critical,24.074291,9.179364,-0.03926844,3.015488,0.00900009,-0.97910523
TRK-26027-01588,TMS,USFD-related inspection,Low,-16.412056,-7.58276,-0.0625369,-2.6758156,-0.0033060783,-1.137102
TRK-26027-01589,TMS,Track wear,Low,-14.646188,-7.0253463,0.02952325,2.1624277,0.0028104554,3.6435523
TRK-26027-01590,TMS,Preventive track maintenance,Medium,-0.035428535,1.8064436,-0.017576061,-0.19254717,-0.00089693966,-1.1935955
TRK-26027-01591,TMS,Preventive track maintenance,Medium,0.3413395,0.59486556,0.013119871,3.5513015,0.00045787616,3.7253928
TRK-26027-01592,TMS,Sleeper defect,Medium,0.12425793,2.5450275,0.00071104843,-1.0949314,0.006049341,-1.187805
TRK-26027-01593,TMS,USFD-related inspection,Medium,0.46621364,1.6297626,-0.016295863,2.5600634,-0.00032531077,-1.2030185
TRK-26027-01594,TMS,Sleeper defect,Medium,0.1882001,3.2418957,0.03183608,-0.2537075,-8.701994e-05,3.754819
TRK-26027-01595,TMS,Sleeper defect,Medium,-0.8582136,-3.1162896,-0.033020478,-0.7073721,0.0005591262,-1.2010733
TRK-26027-01596,TMS,Ballast issue,Low,-15.084592,-3.7054863,0.086937785,-3.2614763,0.00026455667,-1.1347492
TRK-26027-01597,TMS,Rail defect,Low,-13.783227,-3.8679588,0.098384514,1.2945284,-0.0004883921,-1.2386242
TRK-26027-01598,TMS,Preventive track maintenance,Medium,-0.43577686,-1.9574202,0.013597494,2.6644912,-0.0007285931,-1.2226765
TRK-26027-01599,TMS,Track wear,Medium,0.80068815,3.0410495,0.019724103,3.4358902,0.0004398307,3.738401
TRK-26027-01600,TMS,Track wear,Low,-15.090844,-9.532399,0.048800137,3.1192086,-0.0038549446,-1.2540609
TRK-26027-01601,TMS,Preventive track maintenance,Low,-16.705894,-8.8143,0.021587113,-3.4115055,0.00082269043,-1.1397406
TRK-26027-01602,TMS,Track wear,High,12.882811,5.1717615,0.008791577,2.8143163,0.0026810535,3.740851
TRK-26027-01603,TMS,Sleeper defect,Medium,0.42533544,2.107813,0.044262078,1.5222099,-0.00025669782,-1.1960744
TRK-26027-01604,TMS,Sleeper defect,Low,-15.698696,-6.073898,0.038294517,-2.0310893,0.00035801588,-1.1846503
TRK-26027-01605,TMS,Track wear,Medium,-0.30460262,0.82293636,-0.005131322,-1.105598,0.00047010562,-1.1805103
TRK-26027-01606,TMS,Sleeper defect,High,13.075386,5.7567425,0.014908795,2.8235147,-0.00059679523,-1.215048
TRK-26027-01607,TMS,Preventive track maintenance,Medium,-0.23525603,1.0759724,-0.004737096,-1.1160914,-0.00031728586,-1.2018777
TRK-26027-01608,TMS,Preventive track maintenance,Low,-15.753575,-9.298663,-0.01364309,-0.87810373,-0.010202187,3.7304118
TRK-26027-01609,TMS,Rail defect,Low,-15.343343,-4.632088,0.02157413,-3.3396494,0.0020952849,3.7952778
TRK-26027-01610,TMS,Ballast issue,High,12.409297,3.948587,0.010570426,2.1243768,0.00092867133,3.744355
TRK-26027-01611,TMS,Preventive track maintenance,Low,-15.5825815,-5.400494,-0.039616518,-4.0676026,0.00048973464,3.7314386
TRK-26027-01612,TMS,Sleeper defect,Medium,-0.22879189,0.4656474,0.028610809,0.76909715,0.0013331643,-1.1894593
TRK-26027-01613,TMS,Track geometry defect,High,13.395728,6.4654074,0.017823996,1.10136,-0.0011736549,-1.2165061
TRK-26027-01614,TMS,Sleeper defect,High,13.459203,6.6087475,0.020305611,1.0900545,-0.0006245866,-1.2315282
TRK-26027-01615,TMS,Rail defect,Low,-15.809574,-6.0260425,0.035915833,-2.6298444,-0.0002206139,-1.1398479
TRK-26027-01616,TMS,Track wear,Medium,-0.3060085,-2.3418307,-0.011862627,1.6609806,-0.0016848467,-1.199865
TRK-26027-01617,TMS,Sleeper defect,Medium,-0.35263434,0.17695622,0.0296814,0.7594692,3.923327e-05,-1.1919818
TRK-26027-01618,TMS,Track geometry defect,Medium,-0.09465831,1.88673,0.011504013,-0.25234154,0.00047987833,3.7930403
TRK-26027-01619,TMS,USFD-related inspection,Medium,0.23494081,0.52385104,-0.023223354,2.6473703,-0.0011672023,-1.2089889
TRK-26027-01620,TMS,Sleeper defect,Low,-16.28442,-8.306474,-0.014330206,-2.0778265,-0.0053774817,3.7513022
TRK-26027-01621,TMS,Preventive track maintenance,Medium,-0.37655166,-4.0392556,0.012796747,3.9648883,-0.0020385454,-1.2212934
TRK-26027-01622,TMS,Track wear,Low,-16.124022,-7.740629,0.008744154,-2.0611405,-0.00391393,3.7538655
TRK-26027-01623,TMS,Track geometry defect,Low,-14.830662,-6.859759,0.04703532,1.3207355,0.023724543,-1.2680998
TRK-26027-01624,TMS,Ballast issue,High,12.276784,2.6655195,0.017895645,2.2836902,0.0010397388,3.731739
TRK-26027-01625,TMS,Preventive track maintenance,Medium,0.0011045492,0.039553136,0.01949603,2.6544602,0.00094005495,-1.2036333
TRK-26027-01626,TMS,Track wear,Low,-16.437975,-8.114773,0.017067576,-2.709754,-0.0011865527,-1.1189117
TRK-26027-01627,TMS,Track geometry defect,Medium,-0.8413345,-2.5030837,0.002686399,-0.13883993,-0.0005757502,-1.2069943
TRK-26027-01628,TMS,USFD-related inspection,Medium,-0.5390978,-4.2124634,0.0150005445,2.9332192,-0.004080538,3.7146106
TRK-26027-01629,TMS,USFD-related inspection,Medium,-1.0028198,-3.8848689,0.0148992,-0.7168884,-0.00787803,3.7874916
TRK-26027-01630,TMS,Rail defect,High,13.19021,6.0152507,0.021031827,2.828238,-0.00078378763,-1.2319772
TRK-26027-01631,TMS,USFD-related inspection,Medium,-0.32136592,0.40430462,-0.03319943,-0.19150153,-0.00061225233,-1.1939062
TRK-26027-01632,TMS,Track wear,Medium,0.798562,3.0420268,0.033419292,3.440333,0.0056653484,3.7096074
TRK-26027-01633,TMS,Ballast issue,Medium,0.20029154,2.362348,0.04302147,0.7145768,-0.00019806769,-1.1935475
TRK-26027-01634,TMS,Preventive track maintenance,Medium,-0.067248784,0.9422611,-0.033168618,0.7091162,-0.0009467644,-1.1842065
TRK-26027-01635,TMS,Preventive track maintenance,Critical,24.01827,9.371935,0.014260248,2.3444054,0.00060021406,-0.9854451
TRK-26027-01636,TMS,Sleeper defect,High,13.741906,7.747354,0.008386389,1.1223421,0.002292199,3.7985444
TRK-26027-01637,TMS,Preventive track maintenance,High,12.659027,2.9850376,0.014304593,3.7233582,-0.004456887,-1.2077059
TRK-26027-01638,TMS,USFD-related inspection,Medium,-0.09770241,-0.53503025,0.0069670207,2.517379,-0.002733514,3.7031832
TRK-26027-01639,TMS,Track wear,Medium,-0.69249314,-3.243187,0.018947266,1.0449687,0.0013822572,3.7770987
TRK-26027-01640,TMS,Sleeper defect,High,13.016553,5.3340583,0.013551343,3.5735328,0.0029317618,-1.2247612
TRK-26027-01641,TMS,Track wear,High,12.48035,4.7887187,0.015362946,1.9595228,-0.0015513448,-1.2587969
TRK-26027-01642,TMS,Track geometry defect,Low,-15.25069,-5.7718096,0.010538737,-1.3014704,-0.0043049618,3.7915633
TRK-26027-01643,TMS,Preventive track maintenance,Medium,-0.9471829,-3.711335,-0.028259996,-0.66735107,-4.4908516e-05,-1.2131641
TRK-26027-01644,TMS,Ballast issue,High,13.794296,7.6285233,0.0145973805,2.7867289,-0.00016393121,-1.2350403
TRK-26027-01645,TMS,Rail defect,Medium,0.58759767,2.2309575,0.037731495,2.61291,-0.0005985258,-1.2147783
TRK-26027-01646,TMS,Ballast issue,Medium,-0.039164778,1.9572657,0.011080512,-1.1031189,0.00039592196,-1.1820045
TRK-26027-01647,TMS,Track wear,Critical,23.980137,9.225138,0.015551725,2.3515782,-0.005787047,-0.971679
TRK-26027-01648,TMS,Track geometry defect,Medium,-0.85820866,-3.8706279,0.008186778,1.1428134,-4.0660423e-05,-1.2213393
TRK-26027-01649,TMS,Preventive track maintenance,Low,-14.431459,-3.33933,0.092960015,-1.3425221,7.019512e-05,-1.1836847
TRK-26027-01650,TMS,USFD-related inspection,Low,-15.330839,-7.564781,0.035334166,0.046055093,-0.001836685,-1.2254071
TRK-26027-01651,TMS,Ballast issue,Medium,0.3207127,2.996602,0.04338274,0.7458184,-0.0024202508,-1.1890987
TRK-26027-01652,TMS,Rail defect,Low,-13.456928,-3.6196678,0.12783524,3.0892773,-0.0010197291,-1.2372015
TRK-26027-01653,TMS,Rail defect,High,12.47475,4.4432,0.009001057,1.0982605,-0.0024195253,-1.2150486
TRK-26027-01654,TMS,Ballast issue,Medium,-0.17476597,0.6872751,0.026810346,0.76893663,-9.721001e-06,-1.1871676
TRK-26027-01655,TMS,USFD-related inspection,Low,-14.381898,-6.255612,0.075758375,3.2196112,-0.00091300224,-1.2552294
TRK-26027-01656,TMS,Preventive track maintenance,Medium,0.117691375,0.07696358,0.01706462,3.6424487,-0.0014312915,-1.203298
TRK-26027-01657,TMS,Track wear,Medium,0.05407329,1.565095,0.008569363,0.6789515,0.0038518417,3.7349422
TRK-26027-01658,TMS,Rail defect,Medium,-0.10071948,1.7699602,-0.0070763,-1.1526451,0.00309281,3.792289
TRK-26027-01659,TMS,Rail defect,High,13.647221,7.0964694,0.013064429,2.8293498,-0.00038249837,-1.2309169
TRK-26027-01660,TMS,Rail defect,High,13.537209,6.628716,0.015181714,1.0582637,-0.008012017,3.7677324
TRK-26027-01661,TMS,Ballast issue,High,12.52936,2.8180645,0.022379119,2.9805598,-0.004408609,3.7061675
TRK-26027-01662,TMS,Sleeper defect,High,13.738107,6.9829154,0.014007667,3.6010573,0.0003993194,-1.245647
TRK-26027-01663,TMS,Ballast issue,Critical,24.370544,10.232698,0.014315497,2.3893094,-0.0065138084,-0.9273134
TRK-26027-01664,TMS,Preventive track maintenance,Low,-16.061924,-9.525003,0.028362283,-1.4878688,-0.001635687,-1.2010952
TRK-26027-01665,TMS,Track wear,Low,-15.479527,-8.357003,0.03596244,0.027411241,-0.0018101505,-1.1902046
TRK-26027-01666,TMS,Sleeper defect,High,13.670554,6.8554683,0.011632729,2.8140047,0.00077516737,3.7767057
TRK-26027-01667,TMS,USFD-related inspection,Medium,0.40503868,1.6406676,0.007132103,2.567904,-0.00064238,-1.2033296
TRK-26027-01668,TMS,Ballast issue,Low,-14.281651,-4.602087,0.075584576,0.038261306,-0.0026080224,-1.232904
TRK-26027-01669,TMS,USFD-related inspection,Medium,-0.7860537,-3.364172,-0.0076434277,-0.72629434,-0.00033100697,3.7747676
TRK-26027-01670,TMS,Sleeper defect,Medium,0.33420295,0.8493208,0.031708695,3.6141245,-0.0029962936,-1.1979733
TRK-26027-01671,TMS,Sleeper defect,Low,-15.842357,-7.508419,0.029129943,-1.302573,-0.00026069075,-1.1966072
TRK-26027-01672,TMS,Sleeper defect,Medium,-0.38045967,-3.486602,0.012343632,2.9924269,-0.0017852577,-1.2131389
TRK-26027-01673,TMS,Sleeper defect,Low,-14.563504,-4.6855736,0.06061841,-0.64090186,0.012829593,-1.2407618
TRK-26027-01674,TMS,Track geometry defect,Medium,0.76852715,3.0364625,0.013913278,3.5336332,-0.0014303257,-1.194987
TRK-26027-01675,TMS,Preventive track maintenance,High,12.908981,5.240335,0.015307572,2.8054428,-0.00070909125,-1.2224405
TRK-26027-01676,TMS,Ballast issue,Medium,-0.3802768,-3.4870982,0.012735072,2.9929724,0.0009558924,-1.2165036
TRK-26027-01677,TMS,USFD-related inspection,Medium,0.005324463,2.1046777,-0.010229169,-0.2688812,-0.0014778903,3.7915828
TRK-26027-01678,TMS,Ballast issue,Medium,-0.7116023,-0.99235773,0.029107932,0.63407385,-0.00095340697,-1.1937529
TRK-26027-01679,TMS,Sleeper defect,Medium,-0.84943193,-1.336139,-0.016285675,-1.2065468,0.014539754,3.8018963
TRK-26027-01680,TMS,Ballast issue,Medium,-0.12660535,-0.5243004,0.018306606,2.5999572,-0.0016478291,-1.1960821
TRK-26027-01681,TMS,Track wear,Medium,-0.62171495,-0.22468495,0.02525105,-0.18890241,0.00032234855,-1.1816967
TRK-26027-01682,TMS,USFD-related inspection,Medium,-0.28461677,-3.9952755,0.0067919195,3.9224052,-0.0016325852,-1.2048603
TRK-26027-01683,TMS,USFD-related inspection,Medium,-0.35391486,-1.1324102,0.0080452515,1.4422507,0.00054963503,3.7730207
TRK-26027-01684,TMS,Sleeper defect,Low,-15.141386,-9.160641,0.03959446,2.2319036,-0.001494864,-1.2585173
TRK-26027-01685,TMS,Sleeper defect,Low,-15.47484,-5.5174937,0.053653955,-1.9946728,-1.1027507e-05,-1.1614488
TRK-26027-01686,TMS,Track geometry defect,Medium,-0.38449845,-3.3363974,-0.009123561,1.8575702,-0.0016720387,-1.2193245
TRK-26027-01687,TMS,Preventive track maintenance,Low,-13.987118,-4.6597066,0.101790205,1.3084905,-0.0006150215,-1.2622924
TRK-26027-01688,TMS,Sleeper defect,Low,-16.71209,-9.094752,-0.051085506,-4.122303,-8.2979386e-05,-1.1347796
TRK-26027-01689,TMS,Ballast issue,Low,-15.232379,-5.8021455,0.019508174,-1.3215382,-0.00492869,3.777823
TRK-26027-01690,TMS,Rail defect,High,13.222203,6.1470823,0.015617418,2.8269243,-0.0011611774,-1.2376838
TRK-26027-01691,TMS,Ballast issue,High,13.658579,7.710457,0.026140265,1.1851104,-0.001299255,-1.2235298
TRK-26027-01692,TMS,Rail defect,High,12.814231,5.0349464,0.03191788,3.5948877,-0.0026665726,-1.2522094
TRK-26027-01693,TMS,Preventive track maintenance,Low,-14.267312,-4.6114798,0.059329513,0.03013481,-0.0024471239,-1.2335577
TRK-26027-01694,TMS,Sleeper defect,Medium,0.23252861,3.1804476,-0.017801352,-0.19990686,0.0067945076,-1.1876041
TRK-26027-01695,TMS,Rail defect,Low,-14.870764,-4.052375,0.08971028,-1.9035407,-0.0008671052,-1.1469214
TRK-26027-01696,TMS,Preventive track maintenance,High,12.425885,4.5388427,0.020061918,1.9777706,0.0003984589,-1.2390356
TRK-26027-01697,TMS,Track geometry defect,Critical,24.619892,11.04837,0.018085256,3.2561808,0.0056102737,-0.88107324
TRK-26027-01698,TMS,Sleeper defect,High,13.566207,7.288692,0.018538794,1.9972113,-0.0015368495,-1.2363162
TRK-26027-01699,TMS,Track geometry defect,Medium,-0.5276759,-0.6130611,0.025689835,0.58817834,0.0013482434,3.764623
TRK-26027-01700,TMS,Rail defect,Medium,-0.2285846,0.46100295,0.027256144,0.76340646,-0.0029565147,-1.1910845
TRK-26027-01701,TMS,Track wear,High,12.272204,2.9004962,0.01762974,2.2733667,-0.00060247205,-1.215643
TRK-26027-01702,TMS,USFD-related inspection,Low,-15.855585,-6.5270348,0.008394257,-2.0208788,-7.3118854e-06,3.7191072
TRK-26027-01703,TMS,Rail defect,Low,-14.392186,-5.0199556,0.055787154,0.08980491,-0.0006725063,-1.2146491
TRK-26027-01704,TMS,Preventive track maintenance,Medium,-0.12517685,-0.36038768,0.016355528,2.6054158,-0.00092065183,-1.1982524
TRK-26027-01705,TMS,Track wear,Critical,23.892023,7.7030344,0.015704826,2.5049002,-0.008368074,-0.9959022
TRK-26027-01706,TMS,Track wear,Low,-16.563639,-8.023327,-0.054641776,-4.043746,-0.002577176,-1.1366253
TRK-26027-01707,TMS,Rail defect,Medium,-0.855714,-3.870879,0.012482583,1.1361548,-0.0005040557,-1.2207565
TRK-26027-01708,TMS,Track geometry defect,Low,-15.18407,-4.8656855,0.055336572,-1.981312,6.734452e-05,-1.1549757
TRK-26027-01709,TMS,Sleeper defect,Medium,-1.0430138,-3.944655,0.009420135,-0.6265562,0.00092046714,-1.2069476
TRK-26027-01710,TMS,Ballast issue,Medium,0.16553028,0.6706186,-0.018130166,1.519712,0.0003921331,-1.201317
TRK-26027-01711,TMS,USFD-related inspection,Medium,-0.9611858,-3.5895631,0.012977204,0.21797888,0.0005820365,-1.2162541
TRK-26027-01712,TMS,Ballast issue,Medium,-0.88118315,-3.4364388,-0.031692654,-0.67651093,0.00032544613,-1.2039126
TRK-26027-01713,TMS,Rail defect,Critical,23.58338,7.834277,0.020598078,2.702361,0.0059493626,3.7545645
TRK-26027-01714,TMS,Preventive track maintenance,Low,-15.88347,-6.250453,0.022111332,-1.9524893,-0.0030185203,-1.1601382
TRK-26027-01715,TMS,Rail defect,Low,-13.528276,-4.2148924,0.12699305,3.1341815,-0.0030069952,-1.2213572
TRK-26027-01716,TMS,Preventive track maintenance,High,13.639225,7.71865,0.013420787,1.9937654,0.0008695772,-1.241801
TRK-26027-01717,TMS,USFD-related inspection,High,13.522543,6.5979953,-0.01286275,1.0805427,-0.0017442217,-1.231865
TRK-26027-01718,TMS,Preventive track maintenance,Medium,-0.0417431,1.2693626,0.015771989,0.7709949,0.000570601,-1.2031449
TRK-26027-01719,TMS,Track geometry defect,Low,-15.533761,-5.542773,0.047170408,-2.6411386,-5.9234862e-05,-1.1248076
TRK-26027-01720,TMS,Track geometry defect,Low,-16.200542,-6.7173653,0.039906863,-3.3975728,-0.0015350707,-1.1262542
TRK-26027-01721,TMS,Preventive track maintenance,Medium,-1.1172386,-4.144664,-0.03078654,-0.59581846,-0.0012868292,-1.1927223
TRK-26027-01722,TMS,Track geometry defect,Medium,-1.0150716,-3.886888,-0.027973473,-0.7380059,-0.0014041549,3.7853065
TRK-26027-01723,TMS,Rail defect,Medium,0.046348166,0.45789716,0.026868735,1.5351431,-0.000567293,-1.2026212
TRK-26027-01724,TMS,Sleeper defect,Low,-14.162945,-3.1739445,0.10717384,-0.6338978,0.0019806086,-1.2279074
TRK-26027-01725,TMS,Track wear,Low,-15.025967,-4.0044317,0.093030326,-2.6648626,0.001167005,-1.1081455
TRK-26027-01726,TMS,Preventive track maintenance,Low,-14.557851,-4.4552355,-0.08785029,-0.59339607,-0.0017409222,-1.2533193
TRK-26027-01727,TMS,Ballast issue,Critical,24.602194,10.782415,0.03053982,3.210235,-0.006535097,-0.8931942
TRK-26027-01728,TMS,Preventive track maintenance,High,13.540203,6.852646,-0.020897387,1.093755,0.00057292386,-1.2265868
TRK-26027-01729,TMS,Rail defect,Low,-16.592548,-8.515602,-0.0020230522,-3.5265498,-0.0008684317,3.7736557
TRK-26027-01730,TMS,Ballast issue,High,12.481184,2.6480541,0.022117622,3.0181231,9.54687e-07,3.7304587
TRK-26027-01731,TMS,Track wear,Low,-14.377008,-6.264496,0.07150746,3.2232616,-0.0019979237,-1.2553829
TRK-26027-01732,TMS,USFD-related inspection,Low,-15.847317,-7.2037673,-0.08687795,-1.2411671,-0.0011203298,-1.2069713
TRK-26027-01733,TMS,Track geometry defect,High,12.595892,3.4485214,0.016167032,2.9416466,0.0003015214,-1.2170279
TRK-26027-01734,TMS,Rail defect,High,12.218458,2.6551147,0.013667839,1.4820895,-0.003953044,-1.2192773
TRK-26027-01735,TMS,Preventive track maintenance,Medium,-0.48171905,-1.4606149,0.015885565,1.5891113,0.0010532987,-1.1976116
TRK-26027-01736,TMS,Ballast issue,High,13.877404,7.533961,0.03672733,3.623014,0.004526672,-1.2446407
TRK-26027-01737,TMS,Ballast issue,Medium,-0.58429444,-0.66550934,0.028332906,0.6531161,0.0001683737,-1.1931576
TRK-26027-01738,TMS,Rail defect,High,12.375841,3.8650115,0.010551765,1.2491511,-0.0002743526,-1.2096461
TRK-26027-01739,TMS,Sleeper defect,Medium,-0.30212554,-3.6850374,0.009459683,3.8404922,-0.00023234735,3.7627573
TRK-26027-01740,TMS,Rail defect,Medium,0.4043723,1.1034969,0.031533558,3.6088262,0.008874449,-1.2133902
TRK-26027-01741,TMS,Preventive track maintenance,Critical,24.54107,11.2210655,0.016828636,2.483774,0.010810443,-0.9029247
TRK-26027-01742,TMS,Sleeper defect,High,13.691666,7.480638,0.0040124296,1.0814494,-0.012385375,3.7581637
TRK-26027-01743,TMS,Ballast issue,Low,-15.541082,-7.5752764,0.009172536,-0.728434,-0.0056849807,3.6969051
TRK-26027-01744,TMS,USFD-related inspection,Medium,-0.3508456,0.16991593,0.015184649,0.74780816,-0.0013157392,-1.1903349
TRK-26027-01745,TMS,Preventive track maintenance,High,13.818186,7.7908497,0.031620193,2.7523851,0.0012794273,-1.2481714
TRK-26027-01746,TMS,Track wear,Low,-15.140938,-7.7501593,0.01099217,1.3350395,-0.011236509,3.697334
TRK-26027-01747,TMS,Ballast issue,Medium,-0.22684233,1.2024313,0.024068892,-0.1887372,0.00020827151,-1.2107122
TRK-26027-01748,TMS,USFD-related inspection,Low,-15.204771,-7.219507,0.023247825,-0.010586527,0.012394081,3.6749766
TRK-26027-01749,TMS,Track geometry defect,Low,-16.39086,-7.3965626,-0.038862467,-3.9781241,4.4903416e-05,-1.1158841
TRK-26027-01750,TMS,Sleeper defect,Medium,0.38435715,0.5816269,-0.0077941897,3.542263,-0.00801616,3.7303243
TRK-26027-01751,TMS,USFD-related inspection,Medium,0.014810849,1.3831328,0.009807652,0.66642773,0.0012264475,3.8074615
TRK-26027-01752,TMS,Preventive track maintenance,Medium,-0.49197906,-3.7179465,0.020673968,3.0208676,-0.0007393006,-1.2191154
TRK-26027-01753,TMS,USFD-related inspection,High,12.429125,3.807529,0.014759295,1.1979417,-0.0047602234,3.694212
TRK-26027-01754,TMS,Track wear,Medium,-0.9009745,-1.954084,-0.00045496202,-1.1320702,-0.0031313077,3.7971563
TRK-26027-01755,TMS,Rail defect,Low,-14.629265,-4.9153056,0.063251115,-0.6187274,-0.00096640375,-1.2185943
TRK-26027-01756,TMS,Track wear,Low,-15.3323145,-5.322298,0.048947815,-1.9712764,-0.0018802499,-1.1656327
TRK-26027-01757,TMS,USFD-related inspection,Low,-13.538007,-4.204982,0.12615867,3.1294837,-0.0028185039,-1.2152666
TRK-26027-01758,TMS,Ballast issue,Medium,0.34804052,3.2270603,0.04558011,0.7219497,-0.001418043,-1.1811588
TRK-26027-01759,TMS,Track wear,Low,-16.537485,-7.786576,0.023081457,-3.3644588,-0.0012565085,-1.1499853
TRK-26027-01760,TMS,Rail defect,High,13.051125,5.4581385,0.017451394,3.5859547,0.002824775,3.7239478
TRK-26027-01761,TMS,Preventive track maintenance,Medium,-0.99723244,-4.0695415,-0.024480106,0.14429252,-0.0036057434,3.746402
TRK-26027-01762,TMS,USFD-related inspection,Low,-14.418038,-6.629656,0.026389822,3.0814552,-0.00043645024,3.689155
TRK-26027-01763,TMS,USFD-related inspection,High,12.719662,2.9751136,-0.031253777,3.7135594,0.0029196239,-1.2007378
TRK-26027-01764,TMS,Ballast issue,Low,-14.968686,-7.9770164,0.04183801,2.2980487,-0.0011049646,-1.268122
TRK-26027-01765,TMS,USFD-related inspection,Critical,23.997978,9.102262,-0.02689352,2.3085377,-0.0051170154,-0.97589725
TRK-26027-01766,TMS,Ballast issue,Low,-14.357997,-4.1301565,0.086073786,-0.5680894,0.013521502,-1.2247417
TRK-26027-01767,TMS,Sleeper defect,Low,-15.015519,-3.5958476,0.053575687,-3.3104157,-0.0010783583,3.7888875
TRK-26027-01768,TMS,Ballast issue,Medium,-0.12212527,-2.5081172,-0.010877305,3.7049015,-0.0016426063,-1.2171618
TRK-26027-01769,TMS,Track wear,Low,-14.17907,-3.321802,0.09391984,-0.6690698,0.0020903328,-1.2299899
TRK-26027-01770,TMS,Sleeper defect,High,12.909123,5.240741,0.013830215,2.8052022,-0.00079981925,-1.2223684
TRK-26027-01771,TMS,Track wear,Low,-16.751774,-9.732958,-0.046147563,-4.1623707,-0.0026419195,-1.1565062
TRK-26027-01772,TMS,Track geometry defect,Medium,0.0902215,2.3220103,-0.018877022,-0.20305777,-0.000124365,-1.1989446
TRK-26027-01773,TMS,Track geometry defect,Low,-15.361411,-9.303787,0.022016149,1.2832626,-0.001213682,-1.262055
TRK-26027-01774,TMS,Track wear,High,12.60663,2.7527835,0.028738756,3.7500446,0.0036919697,-1.2114187
TRK-26027-01775,TMS,Sleeper defect,Medium,-0.070306264,0.94666356,-0.01871628,0.7109381,-0.0014967798,-1.1872175
TRK-26027-01776,TMS,Preventive track maintenance,Low,-15.393473,-8.684488,-0.010064212,1.2658006,-0.00039390504,-1.2439331
TRK-26027-01777,TMS,Track wear,Medium,0.3333724,0.8525932,0.03161967,3.615703,-0.0013700236,-1.1995125
TRK-26027-01778,TMS,USFD-related inspection,High,13.4066725,6.4658694,0.020196911,1.0950142,-0.0011381906,-1.2199953
TRK-26027-01779,TMS,Track wear,Critical,24.224882,9.820071,-0.01513206,2.3277504,0.0077980156,-0.947989
TRK-26027-01780,TMS,Track wear,Medium,-0.49340165,-1.7626615,0.016314639,1.6161602,-9.88848e-05,-1.2008175
TRK-26027-01781,TMS,Track wear,Medium,-0.8483441,-3.098704,0.0076204017,-0.690408,0.0019693775,-1.2005687
TRK-26027-01782,TMS,Ballast issue,High,13.595779,7.2144403,0.013893456,1.136263,-0.00039696897,-1.2241447
TRK-26027-01783,TMS,Track wear,High,12.469643,4.7891536,0.015952727,1.9685125,-0.0024513977,-1.2584758
TRK-26027-01784,TMS,Rail defect,Medium,0.1595007,2.9951863,0.03491638,-0.15794893,-0.00023359948,-1.189514
TRK-26027-01785,TMS,Ballast issue,Medium,0.5047669,1.3850944,0.04977157,3.583082,-0.0014285775,-1.182538
TRK-26027-01786,TMS,Sleeper defect,High,12.871238,5.4431634,0.0156244645,1.0485544,0.0017184375,3.717707
TRK-26027-01787,TMS,Preventive track maintenance,Low,-15.405498,-9.192085,0.016989358,1.2054218,-0.0039670006,3.7086847
TRK-26027-01788,TMS,USFD-related inspection,Medium,0.08197949,2.2022455,-0.01683707,-1.0844549,-0.0003480029,-1.1914194
TRK-26027-01789,TMS,Rail defect,High,12.747682,3.1389773,0.033032045,3.7536836,-0.0045212805,3.7162807
TRK-26027-01790,TMS,Rail defect,Low,-15.748609,-8.239923,0.020552106,-0.71410143,-0.0010235733,-1.2112224
TRK-26027-01791,TMS,Sleeper defect,Low,-15.333718,-8.504061,0.02293002,1.2329142,-0.000832439,-1.2487146
TRK-26027-01792,TMS,Rail defect,Low,-15.01136,-4.0133896,0.0906406,-2.66402,-0.0016886677,-1.1078814
TRK-26027-01793,TMS,Preventive track maintenance,Low,-16.724,-10.027175,0.0161575,-3.5349672,-0.0016988136,-1.16017
TRK-26027-01794,TMS,Track wear,Low,-16.704357,-8.195701,-0.08695433,-3.953632,-0.0016626585,-1.1379088
TRK-26027-01795,TMS,USFD-related inspection,High,13.654171,7.0978217,0.013704421,2.815751,-0.000940697,-1.2308912
TRK-26027-01796,TMS,Preventive track maintenance,Medium,-0.5276769,-0.6140384,0.007080884,0.5693746,0.0038429503,3.7626874
TRK-26027-01797,TMS,Sleeper defect,Low,-14.56882,-6.036802,0.04411583,1.3687911,-0.001261278,-1.2283676
TRK-26027-01798,TMS,Track geometry defect,Low,-15.022853,-7.8992434,-0.029298881,2.297346,-0.00398393,-1.2707117
TRK-26027-01799,TMS,Track geometry defect,Critical,24.462894,10.383288,0.014205523,2.3865511,-0.0055433684,-0.9230942
TRK-26027-01800,TMS,Preventive track maintenance,High,12.360132,3.4183857,0.013396388,2.2237537,-0.0014133699,-1.2183009
TRK-26027-01801,TMS,Preventive track maintenance,Medium,-0.927296,-1.9421092,0.017334199,-1.1354427,-0.0024752158,3.8010902
TRK-26027-01802,TMS,Preventive track maintenance,Medium,-0.21346202,-1.884377,-0.0067111044,3.5846694,-0.0029273867,3.7528768
TRK-26027-01803,TMS,Track wear,Low,-13.454804,-3.483175,0.117546305,2.339827,-0.002343784,-1.2461597
TRK-26027-01804,TMS,Sleeper defect,High,12.908381,5.2375317,0.014717295,2.807241,-0.0012600031,-1.2231338
TRK-26027-01805,TMS,Rail defect,Low,-14.081949,-3.0586514,0.054283734,-0.64136785,-0.004809337,3.73641
TRK-26027-01806,TMS,Track wear,High,13.379535,6.425583,0.017770441,2.8401475,-0.0012143734,-1.2177837
TRK-26027-01807,TMS,Ballast issue,High,13.395748,6.4605417,0.0076487055,1.0936652,-2.7938539e-05,-1.220291
TRK-26027-01808,TMS,Track wear,Low,-16.694912,-8.556918,-0.027110796,-4.094792,0.0073597026,-1.133325
TRK-26027-01809,TMS,Preventive track maintenance,Critical,24.442587,10.40104,0.014258501,3.1706007,-0.013073211,-0.9149731
TRK-26027-01810,TMS,Preventive track maintenance,Medium,-0.4183565,-1.4590379,-0.013279214,1.5633928,-0.001616852,-1.1947267
TRK-26027-01811,TMS,Track wear,Medium,-0.5218296,-3.4966013,0.006212983,1.8149877,-0.0030474323,3.7868867
TRK-26027-01812,TMS,Preventive track maintenance,High,13.903761,7.7742457,0.021500338,3.6070535,-0.0024980854,-1.2463962
TRK-26027-01813,TMS,Ballast issue,Medium,-0.27825686,0.858628,-0.012273997,-1.1725079,-0.0001139302,3.7798555
TRK-26027-01814,TMS,Track geometry defect,Medium,-0.1233215,0.7165643,0.02280334,0.67230225,-0.0059927795,3.744013
TRK-26027-01815,TMS,USFD-related inspection,Low,-13.651946,-3.840039,-0.13367462,2.3706198,0.0019677838,-1.2622069
TRK-26027-01816,TMS,Rail defect,Low,-16.469202,-9.129066,-0.0044284957,-2.8630207,-0.0013467282,3.7686298
TRK-26027-01817,TMS,Rail defect,Medium,0.19633351,3.1604223,-0.008366448,-1.1229856,0.0011792429,3.7677493
TRK-26027-01818,TMS,Rail defect,High,13.435176,6.255577,0.023378257,3.607465,-0.0034127845,3.8040771
TRK-26027-01819,TMS,Track wear,Low,-15.7265835,-7.264544,0.027246065,-1.2868761,-0.00085308484,-1.1993947
TRK-26027-01820,TMS,Track wear,Medium,0.19300348,1.0025687,0.008915481,1.4275588,-0.001386041,3.7731605
TRK-26027-01821,TMS,Track geometry defect,Medium,-0.14581001,-0.76343125,-0.022679135,2.5901787,-0.0015603713,-1.2061051
TRK-26027-01822,TMS,Sleeper defect,Low,-15.548718,-5.5302725,0.05106922,-2.6430397,0.0016483628,-1.1247045
TRK-26027-01823,TMS,Sleeper defect,Low,-14.960566,-5.6517367,0.037804805,-0.46041548,-0.0014575311,-1.203447
TRK-26027-01824,TMS,Track wear,Medium,0.14538412,0.95376486,0.016985107,1.4928802,-0.00089727686,-1.1952966
TRK-26027-01825,TMS,USFD-related inspection,Medium,-0.7801032,-0.9904666,-0.02242611,-0.2534218,-0.0006049647,-1.199697
TRK-26027-01826,TMS,Ballast issue,Medium,-0.24999203,-1.607097,0.011912782,3.5283995,-0.0024577228,3.7501588
TRK-26027-01827,TMS,USFD-related inspection,Critical,24.006325,9.1053705,-0.030339567,2.3072202,-0.0015580121,-0.98799086
TRK-26027-01828,TMS,USFD-related inspection,Low,-15.393955,-5.0750914,-0.004799231,-2.786666,0.010234451,3.7030451
TRK-26027-01829,TMS,Ballast issue,Medium,-0.81203353,-1.1522231,0.0103674345,-0.24297725,-0.007623416,3.7830787
TRK-26027-01830,TMS,Track wear,High,12.449348,3.2961411,-0.010286207,1.340973,0.0013653695,3.7216763
TRK-26027-01831,TMS,Preventive track maintenance,High,12.792228,5.189053,0.016485378,1.0614215,-0.001298517,-1.2111224
TRK-26027-01832,TMS,Rail defect,High,13.879554,7.527907,0.022848917,3.6085355,-0.008039007,-1.245299
TRK-26027-01833,TMS,Ballast issue,Medium,0.57257795,2.92151,0.0076698563,1.4534781,0.0011716342,-1.2042397
TRK-26027-01834,TMS,Preventive track maintenance,Medium,0.56056696,2.5471644,0.013645652,1.5145773,5.8883765e-05,3.8238983
TRK-26027-01835,TMS,Preventive track maintenance,High,13.448792,6.607365,0.009848216,1.095173,-0.001160598,-1.2310376
TRK-26027-01836,TMS,Rail defect,Low,-15.067185,-8.73525,0.052679896,3.0947332,-0.0018018044,-1.2453601
TRK-26027-01837,TMS,Preventive track maintenance,High,12.265744,2.6696138,0.02280988,2.2908301,0.0009484086,3.7255344
TRK-26027-01838,TMS,Rail defect,Medium,0.7099526,2.2759593,0.04475877,3.6212225,0.008801416,-1.208923
TRK-26027-01839,TMS,Ballast issue,Medium,-0.22711025,1.2078599,0.025935888,-0.18444003,-0.001556502,-1.2065175
TRK-26027-01840,TMS,Track wear,Medium,0.08053303,2.2013352,-0.015123011,-1.0852159,0.00080833526,-1.1975621
TRK-26027-01841,TMS,Ballast issue,High,13.481883,6.5343566,0.02499974,3.6267717,-0.00026444846,-1.2243993
TRK-26027-01842,TMS,Preventive track maintenance,Medium,-0.5775447,-4.2328744,0.0059091426,3.0485246,0.0021159258,-1.2088277
TRK-26027-01843,TMS,USFD-related inspection,Low,-15.073116,-5.7502675,0.029205082,-0.3795608,-0.0008613659,-1.2080761
TRK-26027-01844,TMS,Sleeper defect,Low,-14.116174,-4.918419,0.07890635,1.3300767,0.0152557725,-1.2861158
TRK-26027-01845,TMS,Sleeper defect,Medium,-0.52348566,-3.4958396,0.0069469283,1.8126361,0.0033799522,3.7884657
TRK-26027-01846,TMS,Track geometry defect,Medium,-0.3220982,-1.6426961,0.015702428,3.5983312,-0.0012898392,-1.2149644
TRK-26027-01847,TMS,Sleeper defect,Medium,-0.16404949,-3.0991364,0.00868647,3.8552911,0.0021354596,3.7426076
TRK-26027-01848,TMS,Rail defect,Low,-16.136072,-7.0092196,0.03861545,-2.639729,0.021770164,-1.1478935
TRK-26027-01849,TMS,USFD-related inspection,Critical,24.585371,10.532844,-0.039260875,3.1506498,-0.014490341,-0.9007026
TRK-26027-01850,TMS,Sleeper defect,Medium,-0.8501473,-3.3477015,0.002564442,0.21158509,-0.00078684755,-1.2154524
TRK-26027-01851,TMS,Track geometry defect,Medium,-1.0139474,-3.7118804,-0.033901118,-0.6817446,0.0015772348,-1.210011
TRK-26027-01852,TMS,Track geometry defect,High,13.81802,7.7898207,0.032456134,2.7528365,0.0013237133,-1.2483085
TRK-26027-01853,TMS,Ballast issue,Medium,-1.1053603,-4.1271834,0.0142974565,-0.5761251,-0.00037041327,-1.194894
TRK-26027-01854,TMS,Rail defect,Medium,-1.1114595,-4.134102,-0.026319735,-0.6914901,-0.004516743,3.7380135
TRK-26027-01855,TMS,Preventive track maintenance,High,12.64081,2.9886065,0.024232728,3.7378783,0.0018262137,-1.2053105
TRK-26027-01856,TMS,Rail defect,Low,-14.974579,-4.3360496,0.08712809,-1.931957,-0.0021680181,-1.1531068
TRK-26027-01857,TMS,Track geometry defect,Medium,-0.44542655,-0.43257192,-0.02719786,0.56884426,-0.0032274087,3.7129338
TRK-26027-01858,TMS,Ballast issue,Low,-15.259265,-4.346014,0.017960403,-3.9485881,-0.0010485883,-1.125594
TRK-26027-01859,TMS,Rail defect,Medium,0.7342933,2.3497567,0.026179535,3.5401342,6.92532e-05,3.7784696
TRK-26027-01860,TMS,Track geometry defect,Medium,0.03738687,2.363345,0.037471063,-0.18569829,-0.0008328985,-1.1915511
TRK-26027-01861,TMS,Track geometry defect,Medium,0.38974792,1.3849119,0.044668406,2.6246488,0.0009832912,-1.1868161
TRK-26027-01862,TMS,Preventive track maintenance,High,13.448174,6.607867,0.010932101,1.0937434,-0.0005586412,-1.2330222
TRK-26027-01863,TMS,Track wear,Low,-14.921405,-4.2525325,0.034393977,-1.9957218,0.009060656,3.7449377
TRK-26027-01864,TMS,Track wear,Low,-13.997385,-5.3149824,0.03100343,2.3625228,0.0014936345,3.7168577
TRK-26027-01865,TMS,Preventive track maintenance,Low,-16.724188,-7.9756236,-0.10822415,-3.3229373,-0.005070043,-1.1669981
TRK-26027-01866,TMS,Track geometry defect,Medium,-0.4572753,-3.9434116,0.009415461,2.9156537,0.00047773652,3.7541897
TRK-26027-01867,TMS,Track wear,Low,-14.917508,-7.8542023,0.051911175,3.189222,-0.0017238547,-1.2622731
TRK-26027-01868,TMS,USFD-related inspection,Critical,24.631819,11.785031,-0.015661914,2.5508525,0.022434263,-0.89119434
TRK-26027-01869,TMS,Rail defect,Medium,-0.58535933,-0.6640721,0.024520144,0.6515449,-0.00043671654,-1.1928116
TRK-26027-01870,TMS,Track geometry defect,Medium,-0.68175566,-0.60618645,0.00602399,-0.29970896,-0.0051652193,3.7454882
TRK-26027-01871,TMS,Rail defect,Medium,-1.0596429,-4.1117435,0.0019468988,0.23956789,-0.0019066393,-1.201647
TRK-26027-01872,TMS,Ballast issue,High,13.577631,6.7037497,0.01827569,2.8218317,-0.00044155456,-1.2252811
TRK-26027-01873,TMS,Sleeper defect,Critical,23.965652,11.878307,0.01087924,3.3952096,0.039702877,3.7322814
TRK-26027-01874,TMS,Track geometry defect,Low,-14.295318,-5.9573865,0.06905882,2.2971537,-0.0024014693,-1.2322739
TRK-26027-01875,TMS,Preventive track maintenance,Low,-15.544738,-6.2147827,0.019942107,-1.3306881,0.0009616875,-1.1990097
TRK-26027-01876,TMS,Track geometry defect,Medium,-0.8096582,-3.7579455,0.008978187,1.0464966,0.004022838,3.7769253
TRK-26027-01877,TMS,Preventive track maintenance,Medium,0.6280721,2.4805398,0.03137373,2.5740368,0.00058588485,-1.211394
TRK-26027-01878,TMS,Sleeper defect,High,13.206077,6.141404,0.016068563,2.8307352,0.0069598826,-1.2391508
TRK-26027-01879,TMS,Track geometry defect,Medium,-0.7122214,-3.042276,0.01860227,1.0375504,-0.0017076748,-1.210328
TRK-26027-01880,TMS,Track wear,High,13.60369,7.5457716,0.014734062,2.006079,0.00076989393,-1.2317853
TRK-26027-01881,TMS,Sleeper defect,Medium,0.33907095,1.5571222,0.04913064,1.5380709,-0.002136007,-1.1834828
TRK-26027-01882,TMS,Track geometry defect,Low,-14.628984,-4.254002,0.08543638,-1.258301,0.00023718899,-1.1754631
TRK-26027-01883,TMS,USFD-related inspection,Medium,-0.6399717,-4.083706,0.023132145,1.9083624,0.0025076028,-1.2114404
TRK-26027-01884,TMS,Sleeper defect,Critical,24.044758,9.213505,-0.016736807,2.3417075,-0.0008007498,-0.9858658
TRK-26027-01885,TMS,Track geometry defect,Low,-14.5692625,-6.0351443,0.04406715,1.3684713,-0.0013910305,-1.2290852
TRK-26027-01886,TMS,Sleeper defect,Medium,-0.289341,-3.0685182,0.011727903,2.9161098,-0.0008139361,3.7458963
TRK-26027-01887,TMS,Preventive track maintenance,Low,-14.982929,-8.257936,0.042646594,2.2574048,0.0011535572,-1.254713
TRK-26027-01888,TMS,Preventive track maintenance,High,13.080394,5.320534,-0.0196726,3.5559835,-0.0016780774,-1.2279532
TRK-26027-01889,TMS,Track wear,Low,-14.401482,-5.0097833,0.06876248,0.09611747,-0.0026080224,-1.2134066
TRK-26027-01890,TMS,USFD-related inspection,Medium,-0.024544163,-0.52640414,0.011083887,3.5443163,-0.0011970073,-1.195553
TRK-26027-01891,TMS,USFD-related inspection,High,13.866933,7.6207013,-0.021589154,2.7633023,-0.001070169,-1.2373607
TRK-26027-01892,TMS,Rail defect,High,13.862479,7.879999,0.027299847,2.775841,0.00081162696,3.8738332
TRK-26027-01893,TMS,Ballast issue,Low,-15.316334,-7.576266,0.020374138,0.040884424,-0.0019686373,-1.2266175
TRK-26027-01894,TMS,Sleeper defect,Medium,0.33448866,0.85035044,0.032364998,3.6150389,-0.0013567964,-1.1984799
TRK-26027-01895,TMS,Track wear,Medium,0.77979565,3.0612195,0.050768353,3.5460434,-0.002788491,-1.187308
TRK-26027-01896,TMS,Sleeper defect,Critical,24.614649,11.910632,0.019315418,3.3446333,0.023737447,-0.85403395
TRK-26027-01897,TMS,Track geometry defect,Low,-15.489334,-9.183471,0.013219814,-0.19747868,-0.0076115034,3.634275
TRK-26027-01898,TMS,Preventive track maintenance,Medium,0.57213485,2.921805,0.006931225,1.450285,-0.0009602877,-1.2040167
TRK-26027-01899,TMS,Track wear,Critical,23.858349,8.934301,0.014472187,2.3732939,0.00016312693,-0.98214465
TRK-26027-01900,TMS,Track geometry defect,Medium,-0.25222346,-1.6071438,0.011968669,3.5270157,-0.0002107746,3.7515185
TRK-26027-01901,TMS,Sleeper defect,High,13.012316,5.745489,0.01511194,1.0689698,-0.00054054277,-1.2295755
TRK-26027-01902,TMS,Preventive track maintenance,High,12.590374,4.658307,-0.014480946,1.0556495,-8.113022e-05,-1.242032
TRK-26027-01903,TMS,Rail defect,Medium,-0.11609044,1.3891941,0.016217109,-1.0937161,0.0064077955,-1.1717557
TRK-26027-01904,TMS,Ballast issue,Medium,-0.8992436,-1.3928326,-0.01351259,-1.1380167,0.0053318907,-1.1898973
TRK-26027-01905,TMS,Ballast issue,Low,-13.46105,-3.6176105,0.12372497,3.0878737,-0.0013639389,-1.2286508
TRK-26027-01906,TMS,Ballast issue,Medium,-0.4365131,-1.9684672,0.012255661,2.6708045,0.00095017115,-1.2239125
TRK-26027-01907,TMS,Track geometry defect,High,12.778801,5.1882105,0.0108218165,1.0639302,-0.0007704858,-1.210191
TRK-26027-01908,TMS,Preventive track maintenance,High,12.683534,4.673526,0.015304318,2.797817,-0.0011598355,-1.2332797
TRK-26027-01909,TMS,Rail defect,Medium,-0.85835665,-3.1159334,-0.03147855,-0.7064998,-0.0015606342,-1.200071
TRK-26027-01910,TMS,USFD-related inspection,High,12.293368,2.6923757,-0.02731124,2.289854,-0.0023282077,-1.217959
TRK-26027-01911,TMS,Sleeper defect,Low,-14.091188,-4.1180816,0.09037502,0.04521027,-0.0018340014,-1.2364576
TRK-26027-01912,TMS,Rail defect,Low,-13.935086,-5.237619,0.082871,2.325214,0.001319637,-1.2560846
TRK-26027-01913,TMS,USFD-related inspection,Medium,-0.33229104,-2.8870313,-0.0129470555,1.8417834,-0.0026867972,3.7650914
TRK-26027-01914,TMS,Track geometry defect,Medium,-0.5563288,-3.597926,0.009234059,1.9030617,0.00026677322,-1.2285528
TRK-26027-01915,TMS,Preventive track maintenance,Medium,-0.6487111,-3.3277214,-0.013973399,1.0911624,-0.0009667292,-1.2116901
TRK-26027-01916,TMS,USFD-related inspection,Medium,-0.9273518,-3.8865237,-0.024046045,0.19119863,0.00050156703,-1.2173419
TRK-26027-01917,TMS,Track geometry defect,Medium,-0.20877013,-3.1259155,0.015796397,3.9404948,-0.0016705501,-1.2169452
TRK-26027-01918,TMS,Rail defect,Low,-15.146237,-9.680082,0.03826681,2.1937625,-0.00041873677,-1.2575585
TRK-26027-01919,TMS,Track wear,High,12.96716,5.448926,0.019978633,2.808431,-0.0006185464,-1.2136315
TRK-26027-01920,TMS,USFD-related inspection,High,12.777086,3.2275198,-0.03246442,3.7331855,0.004076403,-1.2116954
TRK-26027-01921,TMS,Preventive track maintenance,Low,-14.845506,-6.252176,0.02045599,-0.028104076,0.015777014,3.6622336
TRK-26027-01922,TMS,USFD-related inspection,Medium,0.12297133,1.5312104,-0.03140251,0.764623,-0.0009718865,-1.1806895
TRK-26027-01923,TMS,Ballast issue,High,12.9690075,5.4445753,0.021859795,2.8091834,-0.0012150764,-1.2131675
TRK-26027-01924,TMS,Track wear,Low,-15.127026,-8.871907,0.039749335,2.172241,0.00014698102,-1.238532
TRK-26027-01925,TMS,Track wear,Medium,0.3096589,0.40676197,0.012203948,3.571767,0.00014393864,3.740943
TRK-26027-01926,TMS,Rail defect,Critical,24.235065,9.995271,0.017865865,2.3749506,-0.005558149,-0.9308535
TRK-26027-01927,TMS,Track wear,Medium,0.23490852,3.1042728,-0.016902572,-1.0395977,-8.604635e-05,-1.1818773
TRK-26027-01928,TMS,Preventive track maintenance,Medium,-0.42400208,-0.42794943,-0.023913134,0.6624672,0.0012418911,-1.1803437
TRK-26027-01929,TMS,Ballast issue,High,12.583623,3.117017,0.01701096,2.9576006,-0.0012416602,-1.2200321
TRK-26027-01930,TMS,USFD-related inspection,Low,-15.095879,-9.524971,0.05081033,3.1155987,-0.002841173,-1.2536024
TRK-26027-01931,TMS,Preventive track maintenance,Medium,-0.34602383,0.2601421,-0.016984675,-1.088008,-0.0016169994,-1.1894902
TRK-26027-01932,TMS,Sleeper defect,Low,-16.031374,-6.7322083,0.043438025,-2.5917547,0.00015304286,-1.1180644
TRK-26027-01933,TMS,Track wear,Critical,24.048376,7.8478703,-0.01797157,3.2583976,0.0058931257,-0.99721116
TRK-26027-01934,TMS,USFD-related inspection,Medium,-1.0439467,-3.9533212,0.003984725,-0.62823844,-0.0015714726,-1.207651
TRK-26027-01935,TMS,Preventive track maintenance,High,12.966784,5.4480443,0.020614142,2.8088558,-0.00072527415,-1.2133316
TRK-26027-01936,TMS,Rail defect,Low,-14.3486,-5.51224,0.05370184,1.3844072,-0.00092327496,-1.2400066
TRK-26027-01937,TMS,Sleeper defect,Low,-15.041254,-5.8363523,0.041103065,-0.39516017,-0.0014042493,-1.2073857
TRK-26027-01938,TMS,Track wear,Low,-15.453995,-8.131023,0.020411028,0.00016939698,-0.0009710992,-1.201448
TRK-26027-01939,TMS,Track wear,High,13.575887,6.7079334,0.01696643,2.8208156,-0.0007917957,-1.2250477
TRK-26027-01940,TMS,USFD-related inspection,High,12.719826,3.6122804,0.013304591,3.7684035,-0.004244009,-1.2113833
TRK-26027-01941,TMS,Track wear,Low,-14.13166,-4.3466754,0.08765102,0.017389754,0.001074395,-1.2513633
TRK-26027-01942,TMS,Rail defect,Critical,24.462263,10.383081,0.015856406,2.3885555,-0.005458619,-0.9229004
TRK-26027-01943,TMS,USFD-related inspection,Low,-15.491907,-6.2618637,0.048031732,-1.3928025,0.0012016916,-1.19844
TRK-26027-01944,TMS,Preventive track maintenance,Critical,24.284466,9.955965,-0.01678876,3.1099904,-0.0037019108,-0.9291196
TRK-26027-01945,TMS,Rail defect,High,12.968776,5.444889,0.021626601,2.808277,0.00041399448,-1.2137399
TRK-26027-01946,TMS,Track geometry defect,Medium,0.07129649,1.5825133,0.04785335,0.7894545,-0.0015542365,-1.1732125
TRK-26027-01947,TMS,Ballast issue,Medium,0.015184915,1.3837378,0.027056722,0.68832004,0.0009617774,3.8118274
TRK-26027-01948,TMS,Track wear,Medium,0.18632416,2.5978427,-0.0010182331,-1.1354891,0.00028179932,3.8320386
TRK-26027-01949,TMS,Ballast issue,Medium,-0.48290193,-1.4660487,0.021457411,1.589104,-0.0015136657,-1.193993
TRK-26027-01950,TMS,Preventive track maintenance,Low,-15.180281,-8.795706,-0.026603121,2.1720643,-0.001975669,-1.2439579
OHE-26027-00001,TDMS,OHE defect,Medium,-0.2544678,-1.3250391,0.020664945,3.5967414,-0.0016070141,-1.2172443
OHE-26027-00002,TDMS,Traction substation inspection,High,13.180524,6.1442904,0.0068933014,1.0752827,-0.0015339254,-1.209643
OHE-26027-00003,TDMS,Pantograph interaction issue,Medium,0.6086929,1.9593413,0.04893731,3.590843,-0.0011953886,-1.2009176
OHE-26027-00004,TDMS,Pantograph interaction issue,Medium,-0.17400756,-1.2747431,0.018518997,3.515138,-0.00061492366,3.76223
OHE-26027-00005,TDMS,Preventive OHE maintenance,Medium,-0.40099275,0.28053427,0.007558669,-1.0913094,-0.00048236537,-1.1899536
OHE-26027-00006,TDMS,OHE defect,Critical,24.624035,11.678099,0.0137980655,3.3051558,-0.0070970156,-0.8588886
OHE-26027-00007,TDMS,Insulator replacement,High,12.4349165,3.4132025,-0.017771062,2.2011826,-0.0021060929,-1.221432
OHE-26027-00008,TDMS,Sectioning equipment inspection,Medium,-0.94516045,-3.4943006,0.0070205065,0.13994695,-0.004810797,3.7899146
OHE-26027-00009,TDMS,Traction substation inspection,Medium,-0.6665527,-1.1629771,0.022600997,0.6394256,0.0057809786,3.780673
OHE-26027-00010,TDMS,Traction substation inspection,Low,-14.783022,-7.536021,0.047767557,2.2633307,-0.0005236468,-1.2462893
OHE-26027-00011,TDMS,Contact wire inspection,Low,-14.980446,-8.259573,0.041975025,2.2554896,0.000989573,-1.2622824
OHE-26027-00012,TDMS,Sectioning equipment inspection,Low,-14.619632,-5.545373,0.018022627,-0.10298194,0.014162022,3.598071
OHE-26027-00013,TDMS,Insulator replacement,Low,-13.987216,-5.196575,-0.016526382,2.3223891,-0.00804433,3.706786
OHE-26027-00014,TDMS,Contact wire inspection,Medium,-0.2337385,0.91251576,-0.015912209,-0.21302037,-0.0008440855,-1.1912385
OHE-26027-00015,TDMS,Pantograph interaction issue,High,12.659453,2.9826999,0.012566748,3.7226562,-0.0021844641,-1.2068436
OHE-26027-00016,TDMS,Traction substation inspection,Medium,-0.111016236,1.510457,0.04215425,-0.17981163,-0.0013687824,-1.1792891
OHE-26027-00017,TDMS,Pantograph interaction issue,Medium,-0.367428,-2.332155,0.015002683,1.6748382,-0.0014640167,-1.1991233
OHE-26027-00018,TDMS,Preventive OHE maintenance,Low,-15.358694,-8.751011,0.03548267,1.2398448,-0.0013161921,-1.2395492
OHE-26027-00019,TDMS,Sectioning equipment inspection,Medium,0.77969915,3.0619483,0.050188385,3.5463712,-0.0017243898,-1.1887524
OHE-26027-00020,TDMS,Preventive OHE maintenance,High,13.721649,7.0894594,-0.019900514,2.8053217,-0.0017315466,-1.2326957
OHE-26027-00021,TDMS,Preventive OHE maintenance,Medium,-0.0749776,0.701279,-0.042823635,0.6510861,0.0042331433,3.7490335
OHE-26027-00022,TDMS,Sectioning equipment inspection,Medium,0.5965365,2.7158942,0.019066976,1.4137204,-0.0028007133,3.7847157
OHE-26027-00023,TDMS,Pantograph interaction issue,Medium,-0.913996,-4.084787,0.011608898,1.1441051,-0.0010604957,-1.2032852
OHE-26027-00024,TDMS,Traction substation inspection,Low,-15.117161,-8.629739,0.04098339,2.1638143,0.0007020843,-1.2490325
OHE-26027-00025,TDMS,OHE defect,Medium,-0.40168902,-0.92326915,0.02860094,1.4787049,-0.0004278441,-1.197864
OHE-26027-00026,TDMS,OHE defect,Low,-13.883493,-4.2554283,0.10561766,1.254285,-0.0018670068,-1.2379063
OHE-26027-00027,TDMS,Pantograph interaction issue,High,12.5400505,4.4180894,0.015940392,1.0712802,0.0018468428,3.7363746
OHE-26027-00028,TDMS,Contact wire inspection,Medium,0.21819972,0.81554407,0.012039565,2.6176682,-0.0006110598,-1.2060568
OHE-26027-00029,TDMS,Pantograph interaction issue,Medium,0.18855895,3.2421029,0.032195635,-0.25293037,0.0005738266,3.7553267
OHE-26027-00030,TDMS,Pantograph interaction issue,Medium,-0.45950052,-3.3445024,0.007326431,1.889803,0.010517391,-1.2192279
OHE-26027-00031,TDMS,Pantograph interaction issue,High,13.677599,6.814832,0.013460817,3.5932026,-0.0048812227,-1.2337197
OHE-26027-00032,TDMS,Contact wire inspection,Medium,-0.6121019,-0.21686116,0.008510945,-0.27195743,-0.00057175744,3.7455502
OHE-26027-00033,TDMS,Preventive OHE maintenance,Low,-15.627874,-5.429265,-0.010928766,-3.9507296,-0.002183548,-1.1203592
OHE-26027-00034,TDMS,Sectioning equipment inspection,Low,-15.996907,-6.2877426,0.011490399,-3.367549,-0.002515826,3.7972083
OHE-26027-00035,TDMS,Sectioning equipment inspection,Low,-14.093111,-5.573956,0.07589471,2.367676,-0.0024770012,-1.2477357
OHE-26027-00036,TDMS,OHE defect,Medium,-0.3227328,-1.6412193,0.021889286,3.6021442,-0.0015307434,-1.2145718
OHE-26027-00037,TDMS,Preventive OHE maintenance,Low,-16.211863,-7.246168,0.0016290992,-2.7462835,0.0006822307,3.7419467
OHE-26027-00038,TDMS,Pantograph interaction issue,Critical,23.652042,9.560519,0.010691051,2.5325038,0.0073739765,3.8762162
OHE-26027-00039,TDMS,Traction substation inspection,Medium,-0.9867,-2.0140202,-0.01908759,-1.1095779,-0.00038285443,-1.1927009
OHE-26027-00040,TDMS,Sectioning equipment inspection,Medium,-0.22276877,1.199865,0.011705985,-0.19380724,-0.00049640366,-1.2115002
OHE-26027-00041,TDMS,Contact wire inspection,High,12.596985,3.4488177,0.012151785,2.9397025,-0.0009257614,-1.2170516
OHE-26027-00042,TDMS,Traction substation inspection,High,12.257471,2.8296297,0.01738491,1.425913,-0.0008414204,-1.2136092
OHE-26027-00043,TDMS,Contact wire inspection,Low,-15.488729,-5.51779,0.0079934355,-2.7720783,0.013794198,3.7043424
OHE-26027-00044,TDMS,Traction substation inspection,Medium,0.53119415,1.709359,0.02226912,3.461577,0.00082488067,3.7160332
OHE-26027-00045,TDMS,Traction substation inspection,Low,-14.076992,-5.5796556,0.05854762,3.1144407,0.0001235926,3.623175
OHE-26027-00046,TDMS,Pantograph interaction issue,Low,-15.315934,-7.575084,0.02068812,0.0402975,-0.0016148544,-1.2249749
OHE-26027-00047,TDMS,Contact wire inspection,Low,-15.344886,-8.757991,0.023710035,1.2320126,-0.0019416228,-1.2383485
OHE-26027-00048,TDMS,Insulator replacement,Critical,23.710732,9.950731,-0.009235043,3.2460296,0.037914705,3.8850667
OHE-26027-00049,TDMS,Sectioning equipment inspection,High,12.785874,4.781112,0.013932394,3.5936394,0.0017994638,-1.2292469
OHE-26027-00050,TDMS,Insulator replacement,Medium,-0.2669945,-3.9684744,-0.044535723,3.8141868,0.0012200689,3.745864
OHE-26027-00051,TDMS,Pantograph interaction issue,Medium,0.19258128,0.3939143,0.01304108,2.5946274,0.0008509186,3.7560496
OHE-26027-00052,TDMS,Traction substation inspection,High,12.468966,2.722839,0.027817735,3.041732,-0.0012250689,-1.216813
OHE-26027-00053,TDMS,Preventive OHE maintenance,Medium,0.62540096,2.7624724,0.0056488486,2.553261,-0.00042526526,-1.2081404
OHE-26027-00054,TDMS,OHE defect,Low,-14.938876,-3.7128127,0.08753731,-2.6539671,0.0015508559,-1.1202841
OHE-26027-00055,TDMS,Contact wire inspection,Low,-16.361725,-7.1882453,0.036295652,-3.3226292,0.0031144328,-1.132296
OHE-26027-00056,TDMS,Preventive OHE maintenance,Low,-14.484397,-6.2799416,-0.025972858,2.3640902,-0.0043087704,-1.2698159
OHE-26027-00057,TDMS,OHE defect,Medium,-0.07690636,0.1704508,0.029144218,1.5267044,-0.0005720376,-1.1928625
OHE-26027-00058,TDMS,Insulator replacement,Low,-14.241104,-6.006542,-0.016620513,3.0811229,0.0012909772,3.6740239
OHE-26027-00059,TDMS,Insulator replacement,Medium,-0.24972047,-1.9242442,-0.01025609,3.6399682,-0.0015912036,-1.219996
OHE-26027-00060,TDMS,OHE defect,High,13.179317,6.14616,0.007302248,1.0756023,0.0011376393,-1.2155544
OHE-26027-00061,TDMS,Preventive OHE maintenance,Medium,-0.88631105,-1.3867393,0.013122284,-1.1201713,-0.0015322381,-1.1898085
OHE-26027-00062,TDMS,Sectioning equipment inspection,High,14.020662,8.016252,0.0044351784,3.6119745,0.0024992542,3.8802066
OHE-26027-00063,TDMS,Sectioning equipment inspection,Medium,-1.0581537,-4.1094027,0.0022760192,0.23936495,0.0019666336,-1.2061163
OHE-26027-00064,TDMS,OHE defect,Low,-14.982382,-5.0087066,-0.039597046,-1.2398468,-0.00094933034,-1.2093768
OHE-26027-00065,TDMS,Traction substation inspection,Low,-14.827603,-8.033353,0.099777155,3.187782,-0.002199869,3.6757214
OHE-26027-00066,TDMS,OHE defect,Low,-15.824987,-5.869663,0.010215261,-3.4020317,0.003285777,3.743896
OHE-26027-00067,TDMS,Traction substation inspection,Medium,0.5887094,2.2285728,0.038266234,2.6130416,0.0010536585,-1.2158241
OHE-26027-00068,TDMS,Traction substation inspection,Medium,-0.27972242,0.85634524,-0.006919811,-1.1707292,0.00097469275,3.781763
OHE-26027-00069,TDMS,Insulator replacement,Medium,-0.120823346,0.715366,0.007209999,0.6516676,0.00083929393,3.742019
OHE-26027-00070,TDMS,OHE defect,Critical,24.4556,10.233858,-0.03334954,2.3637273,-0.0019980655,-0.93900406
OHE-26027-00071,TDMS,Insulator replacement,Medium,-0.9610262,-3.5875483,0.014176981,0.2203791,0.00033990538,-1.2170988
OHE-26027-00072,TDMS,OHE defect,Medium,-1.0587822,-4.1138268,0.0031442186,0.23875558,-0.00062222814,-1.2020938
OHE-26027-00073,TDMS,Traction substation inspection,Medium,0.013441004,1.3857833,0.014490677,0.68061286,0.0011568576,3.7991424
OHE-26027-00074,TDMS,OHE defect,Low,-13.623686,-4.609358,0.1185651,3.181609,-0.00086443045,-1.241537
OHE-26027-00075,TDMS,Pantograph interaction issue,Medium,-0.7130505,-0.99569386,0.0266272,0.6331267,0.00068908895,-1.1993103
OHE-26027-00076,TDMS,Sectioning equipment inspection,Medium,-0.61746716,-4.0593467,0.011992425,1.8363547,-0.00018148849,3.746198
OHE-26027-00077,TDMS,Pantograph interaction issue,High,13.577061,6.705574,0.017528731,2.823508,-0.0014882954,-1.2245747
OHE-26027-00078,TDMS,Traction substation inspection,Medium,0.0010372704,0.041442968,0.023276633,2.6576173,-0.0007496054,-1.2026676
OHE-26027-00079,TDMS,Traction substation inspection,Medium,-0.32333568,-1.0450962,0.02221864,2.6156037,0.00040507314,-1.2165717
OHE-26027-00080,TDMS,Preventive OHE maintenance,Low,-15.347004,-5.9730225,0.047036175,-1.3481483,-0.00036725905,-1.2139865
OHE-26027-00081,TDMS,Pantograph interaction issue,Low,-13.461937,-3.6155276,0.12900355,3.0845623,0.012471693,-1.234666
OHE-26027-00082,TDMS,Preventive OHE maintenance,Low,-16.369587,-9.636829,0.022299226,-2.1947696,0.004524269,-1.1781313
OHE-26027-00083,TDMS,Contact wire inspection,Low,-14.561962,-6.8957567,0.02542757,3.0649047,-0.0053596427,3.6338844
OHE-26027-00084,TDMS,Contact wire inspection,Critical,23.93503,8.712668,-0.0155655965,2.3147604,-0.00049699366,-0.9894826
OHE-26027-00085,TDMS,Pantograph interaction issue,Low,-16.223612,-6.93154,-0.06417746,-4.1473093,-0.0017331203,3.7097611
OHE-26027-00086,TDMS,Preventive OHE maintenance,Critical,23.971142,7.694453,-0.02340466,2.4784331,-0.0010279632,-1.0072098
OHE-26027-00087,TDMS,Traction substation inspection,Critical,23.94814,8.988121,0.012513905,3.0428457,-0.018712329,-0.98184884
OHE-26027-00088,TDMS,Insulator replacement,Low,-14.874779,-6.2462726,0.027989343,-0.03185706,-0.0042825267,3.644726
OHE-26027-00089,TDMS,Sectioning equipment inspection,Medium,-0.8077611,-1.1506989,0.015036331,-0.24081096,0.0018839228,3.7889273
OHE-26027-00090,TDMS,Contact wire inspection,Medium,-0.1309957,0.9558106,0.016173653,0.72320694,-0.0006460466,-1.1852717
OHE-26027-00091,TDMS,Contact wire inspection,Low,-16.225962,-6.9487815,-0.05551873,-4.063825,-0.0017468159,-1.1158864
OHE-26027-00092,TDMS,OHE defect,Low,-14.832018,-4.781074,0.060259677,-1.2996634,0.003987252,-1.2098788
OHE-26027-00093,TDMS,OHE defect,High,12.418647,4.193373,0.008473413,1.1191278,-0.0014427361,-1.2160405
OHE-26027-00094,TDMS,Traction substation inspection,Low,-15.248554,-5.712993,0.038154837,-1.2729146,-0.0014761174,-1.2095416
OHE-26027-00095,TDMS,Pantograph interaction issue,Low,-13.585262,-4.2472277,0.013770107,2.2766654,-0.001222163,3.5884764
OHE-26027-00096,TDMS,Traction substation inspection,High,13.005744,5.328531,0.013578709,3.5872293,0.0038363822,-1.2239144
OHE-26027-00097,TDMS,Pantograph interaction issue,High,12.716012,4.160903,0.013499269,3.6852639,0.003980895,-1.2175131
OHE-26027-00098,TDMS,OHE defect,Medium,-0.027825134,2.0790484,0.0393293,-0.17981562,-0.0004926868,-1.1871754
OHE-26027-00099,TDMS,Sectioning equipment inspection,Medium,-0.48564592,-0.41054142,0.012889697,0.67561597,0.0011739889,-1.1798218
OHE-26027-00100,TDMS,Traction substation inspection,Medium,0.053129368,2.3228812,-0.0021977073,-1.1705463,0.00090978254,3.8125868
OHE-26027-00101,TDMS,OHE defect,Critical,23.947605,8.804102,0.013737255,3.0409634,-0.018161723,-0.98736864
OHE-26027-00102,TDMS,OHE defect,High,13.030314,5.880117,0.012449066,1.0793319,0.0019052385,-1.2361118
OHE-26027-00103,TDMS,Traction substation inspection,Medium,0.62100554,1.9865923,0.020076744,3.5014198,0.0025634398,3.7408316
OHE-26027-00104,TDMS,Insulator replacement,Medium,0.18726404,0.31229064,-0.021531805,2.65433,-0.0016683054,-1.2129267
OHE-26027-00105,TDMS,OHE defect,Medium,0.40304655,1.1019535,0.03057948,3.6086285,0.0129237035,-1.2134191
OHE-26027-00106,TDMS,Contact wire inspection,High,12.636687,4.3813467,0.00795146,2.8388638,0.0018078892,3.7800312
OHE-26027-00107,TDMS,Insulator replacement,Medium,0.21745159,3.0164247,-0.046921305,-0.2480597,0.003449314,3.7801604
OHE-26027-00108,TDMS,OHE defect,Medium,-0.943372,-1.5613711,0.011086448,-0.1852989,0.0004543077,-1.1980147
OHE-26027-00109,TDMS,OHE defect,Low,-15.984834,-8.569146,0.0035282674,-1.4665326,0.001217141,3.6613185
OHE-26027-00110,TDMS,Insulator replacement,Low,-14.867704,-5.487351,0.016506528,-0.627009,-0.008476339,3.6813884
OHE-26027-00111,TDMS,Preventive OHE maintenance,High,13.696025,7.4779687,0.014851196,1.0916479,0.0030387116,3.7680817
OHE-26027-00112,TDMS,Sectioning equipment inspection,Medium,-0.19108605,-0.36518714,0.025697466,1.500354,2.5164818e-05,-1.1812162
OHE-26027-00113,TDMS,Preventive OHE maintenance,Medium,-0.39198247,-2.9302325,0.014994722,1.9236801,-0.0018119342,-1.2138501
OHE-26027-00114,TDMS,Contact wire inspection,Low,-13.615306,-4.263426,-0.04743065,2.2814236,0.008567911,3.7165205
OHE-26027-00115,TDMS,Contact wire inspection,Low,-15.53117,-8.953558,0.0007261781,-0.0016368476,-0.0020286355,-1.2279615
OHE-26027-00116,TDMS,Contact wire inspection,High,12.99298,5.9929204,0.016582824,1.9589871,0.0019204821,-1.2477711
OHE-26027-00117,TDMS,Preventive OHE maintenance,High,13.622886,7.4680862,0.009322356,1.1483092,-0.0010937554,-1.2210059
OHE-26027-00118,TDMS,Contact wire inspection,Medium,-0.4256164,-1.6605225,0.017569805,2.6496832,0.001283201,-1.2177689
OHE-26027-00119,TDMS,Sectioning equipment inspection,Medium,0.18861733,1.0030377,0.02979851,1.4527947,0.0044322507,3.7840297
OHE-26027-00120,TDMS,OHE defect,High,13.1794815,6.1483335,0.007131438,1.0755208,0.00098458,-1.2174851
OHE-26027-00121,TDMS,Contact wire inspection,Low,-14.953425,-4.442975,0.030969398,-2.0444028,0.009878586,3.7864554
OHE-26027-00122,TDMS,Contact wire inspection,Low,-15.401308,-4.789313,-0.025590662,-3.9483192,0.00392318,3.8049474
OHE-26027-00123,TDMS,Traction substation inspection,Medium,-0.2542564,-1.3336773,0.02709513,3.6100256,-0.001982725,-1.2139773
OHE-26027-00124,TDMS,Preventive OHE maintenance,Low,-15.430777,-4.9181013,0.08753998,-3.2806869,-0.0009578464,-1.1536145
OHE-26027-00125,TDMS,Traction substation inspection,Low,-14.864119,-7.819786,0.12457751,3.2415888,-0.0037976487,-1.2718484
OHE-26027-00126,TDMS,Preventive OHE maintenance,Medium,-0.34495136,0.5253189,-0.004442225,-1.0882982,-0.00039398912,-1.1842355
OHE-26027-00127,TDMS,Sectioning equipment inspection,Low,-15.042649,-4.5638905,0.08785884,-1.9676254,-0.0017955105,-1.1658537
OHE-26027-00128,TDMS,Preventive OHE maintenance,Medium,0.0850282,1.8756747,0.012036181,0.7644956,0.0001700252,-1.1878783
OHE-26027-00129,TDMS,Traction substation inspection,Low,-16.001438,-9.4243965,0.016504,-1.5829364,-0.003119112,3.717423
OHE-26027-00130,TDMS,Traction substation inspection,Medium,0.30140027,2.6919682,0.04045542,0.75794417,-5.1307456e-05,-1.1909018
OHE-26027-00131,TDMS,Sectioning equipment inspection,Medium,-0.5842041,-0.6602289,0.028435728,0.65613604,-0.0013253221,-1.1895953
OHE-26027-00132,TDMS,Sectioning equipment inspection,High,13.644881,7.718343,0.010783389,1.976076,-0.0023354357,-1.2402569
OHE-26027-00133,TDMS,Preventive OHE maintenance,Medium,-0.78489465,-2.431046,-0.011667402,-0.18953292,-0.0023957198,3.7765832
OHE-26027-00134,TDMS,Insulator replacement,Medium,0.8388834,3.0269287,-0.04065043,3.5119648,-0.0029567408,-1.1829126
OHE-26027-00135,TDMS,Pantograph interaction issue,Medium,-0.78618914,-3.341529,-0.008465963,0.19149847,-0.0015508297,-1.2159196
OHE-26027-00136,TDMS,Traction substation inspection,Low,-13.855392,-3.22828,0.096833974,-0.061724287,0.003931196,-1.2495079
OHE-26027-00137,TDMS,Traction substation inspection,High,13.727722,6.9788857,0.0138736535,3.614334,-0.00035361454,-1.2448082
OHE-26027-00138,TDMS,Insulator replacement,Medium,0.61806923,2.4654603,0.015587802,2.569208,-0.0013762183,-1.2123201
OHE-26027-00139,TDMS,Contact wire inspection,Medium,0.12743643,2.525988,0.006345542,-1.0738657,-0.00025331686,-1.1918672
OHE-26027-00140,TDMS,Traction substation inspection,Low,-15.481262,-9.031073,0.02033005,-0.049938414,-0.001146385,-1.2274373
OHE-26027-00141,TDMS,Pantograph interaction issue,High,12.611584,2.756731,0.019224321,3.7400415,-3.5410114e-05,-1.2111851
OHE-26027-00142,TDMS,Traction substation inspection,Medium,-0.4817186,-1.4602194,0.016248584,1.5890929,0.00018159258,-1.1974801
OHE-26027-00143,TDMS,Traction substation inspection,Medium,-0.44341153,-3.652985,0.01666882,2.9101262,0.0015218711,3.7635183
OHE-26027-00144,TDMS,Sectioning equipment inspection,Low,-15.183297,-6.3264427,0.047415245,-0.5851973,-0.00095025206,-1.2219149
OHE-26027-00145,TDMS,Preventive OHE maintenance,Medium,-0.28146806,-1.256497,0.010174811,2.5837858,0.003173282,3.7711887
OHE-26027-00146,TDMS,Sectioning equipment inspection,Medium,-0.71208286,-0.76780474,0.005567533,-1.1242397,-6.780497e-05,-1.1828773
OHE-26027-00147,TDMS,OHE defect,Low,-15.062541,-6.5001717,0.005509796,0.075731695,-0.00093074486,-1.2198094
OHE-26027-00148,TDMS,Traction substation inspection,Low,-14.944625,-3.7111425,0.09295535,-2.65343,8.442837e-05,-1.1206937
OHE-26027-00149,TDMS,Traction substation inspection,Low,-15.864647,-6.7237616,0.014447788,-1.9996908,-0.0052951593,3.7151268
OHE-26027-00150,TDMS,Preventive OHE maintenance,Medium,0.18094596,2.5122159,-0.013257728,-1.074449,-0.0014070582,-1.1855314
OHE-26027-00151,TDMS,Preventive OHE maintenance,Medium,-0.18513596,-2.51692,0.007710554,3.7321498,-0.0012185238,-1.2157199
OHE-26027-00152,TDMS,Pantograph interaction issue,High,13.676881,6.8535647,0.011796337,2.8088903,0.0034785124,3.7802343
OHE-26027-00153,TDMS,OHE defect,Low,-14.117549,-3.198293,0.06058465,-0.67024845,-0.0045670196,3.732544
OHE-26027-00154,TDMS,Traction substation inspection,High,12.6604595,5.0838037,0.024968987,1.9677529,-0.00065152306,-1.2288694
OHE-26027-00155,TDMS,Sectioning equipment inspection,Medium,-0.1461271,-0.23286566,-0.025222925,1.394444,-0.0014317262,3.7301793
OHE-26027-00156,TDMS,Sectioning equipment inspection,Low,-15.46779,-6.476901,0.024586948,-1.398863,0.00036859055,3.7048817
OHE-26027-00157,TDMS,Insulator replacement,High,13.633036,7.4695854,0.015940517,1.1372585,-0.006157351,-1.2139547
OHE-26027-00158,TDMS,Traction substation inspection,Low,-16.328571,-7.6226482,0.029502358,-2.689483,-0.0015899998,-1.1217873
OHE-26027-00159,TDMS,Preventive OHE maintenance,Low,-15.273948,-4.3418617,0.025596987,-3.9374602,-0.0012184564,-1.1247776
OHE-26027-00160,TDMS,Insulator replacement,Low,-14.266216,-6.1001053,0.023847863,2.2497144,-0.0044483836,3.625963
OHE-26027-00161,TDMS,OHE defect,Low,-14.59132,-6.2120495,0.013542335,1.3837392,-0.013300914,3.6161268
OHE-26027-00162,TDMS,Sectioning equipment inspection,Low,-14.86199,-6.246789,0.028190112,-0.019813105,0.017328314,3.6579206
OHE-26027-00163,TDMS,OHE defect,Low,-14.968227,-7.9772167,0.04138919,2.298389,8.908212e-05,-1.2694639
OHE-26027-00164,TDMS,Preventive OHE maintenance,Critical,24.683252,11.673669,-0.033402078,3.2785828,-0.017947856,-0.853397
OHE-26027-00165,TDMS,Contact wire inspection,Low,-16.03141,-8.578999,0.025627123,-1.3778362,0.028562425,-1.2284925
OHE-26027-00166,TDMS,Preventive OHE maintenance,Medium,-0.5567701,-3.5834076,0.016299287,1.8939142,-0.0016634099,-1.2212802
OHE-26027-00167,TDMS,OHE defect,Medium,-1.050939,-4.068021,0.012071771,0.15004559,-0.0018488029,3.7487874
OHE-26027-00168,TDMS,Sectioning equipment inspection,Critical,24.685732,11.418023,-0.016364709,3.290907,0.009722929,-0.87414753
OHE-26027-00169,TDMS,Insulator replacement,Medium,-0.22446445,0.9085589,-0.035003763,-0.21819296,-0.0012524388,-1.1883794
OHE-26027-00170,TDMS,Traction substation inspection,Medium,-0.28858897,-0.623172,0.02684742,1.4676539,-0.0001406339,-1.1953346
OHE-26027-00171,TDMS,Insulator replacement,Medium,0.22724466,0.5842755,0.011343799,2.573733,0.00314578,3.751852
OHE-26027-00172,TDMS,Contact wire inspection,Low,-15.4585285,-5.351442,0.0592516,-2.6569455,-0.0012889869,-1.106674
OHE-26027-00173,TDMS,Insulator replacement,Low,-16.4881,-7.5140514,0.0264952,-3.329886,0.0002973484,-1.1451583
OHE-26027-00174,TDMS,Pantograph interaction issue,Critical,24.042278,7.840444,-0.018490547,3.2473898,-0.010745422,-0.9986372
OHE-26027-00175,TDMS,Contact wire inspection,High,12.477599,4.4422646,0.010843591,1.1032871,-0.0013477807,-1.2192048
OHE-26027-00176,TDMS,Sectioning equipment inspection,Medium,-0.09906602,1.7207556,0.012667837,-1.100803,-0.0011034949,-1.1822996
OHE-26027-00177,TDMS,Contact wire inspection,High,13.21677,6.1436515,0.017531443,2.8284042,-0.0005732689,-1.2389779
OHE-26027-00178,TDMS,Traction substation inspection,Low,-14.951609,-7.3538117,0.04386526,1.4208544,-0.0021712882,-1.2519794
OHE-26027-00179,TDMS,OHE defect,Medium,-0.172566,1.3350502,0.017776983,-0.24615386,0.0027117946,3.839657
OHE-26027-00180,TDMS,Contact wire inspection,Medium,-0.7771916,-2.4939387,-0.011859358,-0.15711796,-0.0015046182,-1.2046864
OHE-26027-00181,TDMS,Contact wire inspection,Medium,0.23469712,3.1037517,-0.016848061,-1.0394826,0.0008281312,-1.1822283
OHE-26027-00182,TDMS,Contact wire inspection,High,12.760097,4.552257,0.012149505,3.6134489,-0.00039410839,-1.2309083
OHE-26027-00183,TDMS,Sectioning equipment inspection,Medium,-0.027040718,2.0818098,0.043288186,-0.17646882,-0.0005802996,-1.1841854
OHE-26027-00184,TDMS,OHE defect,High,13.183283,5.8644795,0.013706748,3.6002257,0.000376695,-1.2198601
OHE-26027-00185,TDMS,Insulator replacement,Low,-14.334174,-4.828751,0.07298243,0.07357904,-0.0008862542,-1.2189116
OHE-26027-00186,TDMS,OHE defect,Low,-16.69456,-8.562183,-0.04994394,-4.114327,0.0017182794,-1.1361935
OHE-26027-00187,TDMS,Insulator replacement,High,12.75342,3.1255233,0.012102311,3.7343223,-0.0012772294,3.71926
OHE-26027-00188,TDMS,Insulator replacement,Medium,-0.5878447,-0.22938067,-0.010482233,-0.272564,0.0012114824,3.7516086
OHE-26027-00189,TDMS,Pantograph interaction issue,Low,-16.058016,-8.997204,0.019956006,-1.4385734,-0.0010649104,-1.2068837
OHE-26027-00190,TDMS,Traction substation inspection,Medium,-0.12656042,-0.35598046,0.022920918,2.6093006,-8.604295e-05,-1.1987107
OHE-26027-00191,TDMS,OHE defect,Medium,-0.025962202,-0.52140415,0.030080466,3.559662,-0.0019345665,-1.1919129
OHE-26027-00192,TDMS,Pantograph interaction issue,Low,-16.028366,-6.2081304,0.03358158,-3.3197172,-0.00015833309,-1.1495894
OHE-26027-00193,TDMS,Traction substation inspection,Low,-16.748007,-9.965824,-0.053132024,-4.1437445,-0.002259547,-1.1614588
OHE-26027-00194,TDMS,Preventive OHE maintenance,High,12.523005,2.9146314,0.011676835,2.9857852,-0.00059395056,-1.2131995
OHE-26027-00195,TDMS,Insulator replacement,Medium,0.27965268,0.7972873,-0.021990702,2.608622,-0.0015650757,-1.2044235
OHE-26027-00196,TDMS,Pantograph interaction issue,Medium,-0.9605903,-1.8875543,0.018503444,-0.19899637,0.0021010074,-1.1971915
OHE-26027-00197,TDMS,Preventive OHE maintenance,Low,-14.497705,-4.0452,0.042481456,-1.3135433,0.05408742,3.6972907
OHE-26027-00198,TDMS,Pantograph interaction issue,Medium,-0.79373795,-3.8691876,-0.014508425,1.1075069,0.00022039803,-1.2178007
OHE-26027-00199,TDMS,Contact wire inspection,High,12.404641,3.0962694,0.014206457,2.2691648,-0.0049346187,3.7252965
OHE-26027-00200,TDMS,Preventive OHE maintenance,High,13.930536,7.9273047,0.010190305,3.5616274,0.007898195,-1.2557689
OHE-26027-00201,TDMS,Preventive OHE maintenance,Low,-15.114701,-7.6526456,0.029915882,1.3199782,-0.0008839925,-1.2578671
OHE-26027-00202,TDMS,Sectioning equipment inspection,Medium,0.77166003,3.0321422,0.0123377545,3.5391123,0.013262176,-1.1925943
OHE-26027-00203,TDMS,Insulator replacement,Medium,-0.82595354,-3.581248,0.015678968,1.1220697,-0.00014389426,-1.2182415
OHE-26027-00204,TDMS,OHE defect,Medium,-0.36077783,-2.8763015,0.009211736,1.8454236,-8.723107e-05,3.762495
OHE-26027-00205,TDMS,Pantograph interaction issue,High,13.4874525,6.4407363,0.011232277,1.0515726,0.0017063867,3.7264433
OHE-26027-00206,TDMS,OHE defect,Low,-14.67358,-5.5416727,0.043540504,0.06505965,-0.0018406279,-1.1968764
OHE-26027-00207,TDMS,Pantograph interaction issue,Low,-16.048903,-9.262565,0.023184614,-1.4612955,0.026906034,-1.2619877
OHE-26027-00208,TDMS,Pantograph interaction issue,High,13.461595,6.8537407,0.006823605,1.1003495,-0.0063097533,-1.2233098
OHE-26027-00209,TDMS,OHE defect,Medium,-0.12641211,-0.21930364,-0.014021588,1.4789798,-8.532468e-05,-1.183224
OHE-26027-00210,TDMS,OHE defect,Low,-14.851927,-7.764407,0.025908602,3.1675692,0.0017164104,3.6995473
OHE-26027-00211,TDMS,Preventive OHE maintenance,Medium,-0.8080641,-1.1518406,0.010214296,-0.25272164,0.0025034938,3.7876146
OHE-26027-00212,TDMS,Insulator replacement,Medium,-0.8164853,-2.959865,0.011306948,0.08484923,-0.0033678436,3.7802124
OHE-26027-00213,TDMS,OHE defect,Low,-15.608232,-5.6981745,0.011059869,-2.7647593,0.002227335,3.702102
OHE-26027-00214,TDMS,Preventive OHE maintenance,High,12.655353,4.7284007,0.013335913,1.0260223,-0.0048105414,3.7858884
OHE-26027-00215,TDMS,Traction substation inspection,High,12.3667965,3.3438404,0.008386479,1.3724146,1.0615176e-05,-1.2184536
OHE-26027-00216,TDMS,Traction substation inspection,Low,-13.485862,-3.8938227,0.14009571,3.1340141,-0.0036097434,-1.2303225
OHE-26027-00217,TDMS,Pantograph interaction issue,Medium,-0.35385287,-1.131979,0.01133585,1.4566005,-0.0026599127,3.76799
OHE-26027-00218,TDMS,Preventive OHE maintenance,Critical,24.5621,10.632354,0.016747445,2.4038033,0.00015693213,-0.9240307
OHE-26027-00219,TDMS,Preventive OHE maintenance,Low,-14.476747,-5.167921,0.052688338,0.12395468,-0.0019806058,-1.2001089
OHE-26027-00220,TDMS,OHE defect,High,13.299478,6.1164007,0.029089862,3.6072118,-0.0017241223,-1.2362076
OHE-26027-00221,TDMS,Insulator replacement,High,12.334698,2.8868484,-0.015637917,2.2578797,-0.00043333462,-1.2183055
OHE-26027-00222,TDMS,OHE defect,Medium,-0.84605813,-3.3322804,0.012577481,0.2030288,0.0011060586,-1.2160324
OHE-26027-00223,TDMS,Sectioning equipment inspection,High,13.664914,7.5924516,0.015537056,1.9819949,0.0027560012,3.791299
OHE-26027-00224,TDMS,Contact wire inspection,Critical,24.608221,11.677472,0.013688526,3.3134198,-0.01756399,-0.8543585
OHE-26027-00225,TDMS,Pantograph interaction issue,Medium,-0.24512295,-1.8805783,0.011910518,3.5884664,-0.0009039816,3.7447565
OHE-26027-00226,TDMS,Preventive OHE maintenance,Medium,-0.846623,-3.0994935,0.0062340116,-0.6872429,0.0013051603,-1.2014941
OHE-26027-00227,TDMS,Pantograph interaction issue,High,12.584799,2.903182,-0.02273216,2.9759314,-0.0011293582,-1.2100967
OHE-26027-00228,TDMS,Traction substation inspection,Medium,0.32220578,2.999468,0.034792416,0.7472078,-0.0006489641,-1.1887627
OHE-26027-00229,TDMS,Sectioning equipment inspection,High,12.520697,2.8161077,0.022242168,2.9748385,-0.00016833257,3.7098176
OHE-26027-00230,TDMS,OHE defect,Medium,0.7438905,2.5129383,0.03971541,3.5649154,-0.00061893434,-1.206915
OHE-26027-00231,TDMS,Traction substation inspection,Medium,-0.49259427,-1.7651232,0.017784573,1.6162491,0.00025555145,-1.2010765
OHE-26027-00232,TDMS,Contact wire inspection,Low,-14.871328,-4.050998,0.08652143,-1.9043183,-0.0020529674,-1.1452826
OHE-26027-00233,TDMS,Preventive OHE maintenance,Medium,0.39873248,3.186145,-0.023122586,0.7025681,-5.8755908e-05,-1.1832157
OHE-26027-00234,TDMS,Pantograph interaction issue,Low,-15.216678,-8.146006,0.03683467,1.3103052,-0.00084706844,-1.2567918
OHE-26027-00235,TDMS,Preventive OHE maintenance,Critical,23.949118,11.717435,0.016757926,3.3976552,0.04043647,3.8254473
OHE-26027-00236,TDMS,Traction substation inspection,Low,-14.633989,-4.254282,0.090935804,-1.2574657,7.579828e-05,-1.1764051
OHE-26027-00237,TDMS,OHE defect,Low,-15.386268,-6.9056096,0.02730645,-0.5987746,-0.0014189209,-1.2285731
OHE-26027-00238,TDMS,Contact wire inspection,Low,-16.343327,-9.637243,0.012563151,-2.1957529,0.02988652,-1.2244936
OHE-26027-00239,TDMS,Contact wire inspection,Medium,-0.41382697,-1.4444813,0.004619123,1.4719979,0.00059131044,3.7357621
OHE-26027-00240,TDMS,Sectioning equipment inspection,High,13.805103,7.63273,0.016165119,2.7784739,0.00010235646,-1.2341914
OHE-26027-00241,TDMS,Preventive OHE maintenance,Low,-16.487595,-7.5138917,0.02910208,-3.3293152,-0.0010788086,-1.1457461
OHE-26027-00242,TDMS,Contact wire inspection,Medium,0.6525838,2.5583947,0.02752107,2.5158823,0.0042412854,3.783179
OHE-26027-00243,TDMS,Traction substation inspection,High,12.2114105,2.7023833,0.025484465,2.3177595,-0.00054045976,-1.219789
OHE-26027-00244,TDMS,Preventive OHE maintenance,Low,-16.595732,-8.0220785,0.028124832,-3.3804452,-0.0015892759,-1.1425548
OHE-26027-00245,TDMS,Sectioning equipment inspection,Low,-15.763701,-8.507108,0.017064499,-0.731265,-0.00091337174,-1.2054704
OHE-26027-00246,TDMS,Sectioning equipment inspection,Medium,-0.47197464,-0.41560394,0.011632332,0.59473777,0.004910852,3.707717
OHE-26027-00247,TDMS,OHE defect,Medium,-0.45359978,0.037162956,-0.012098719,-1.1822284,-0.00491519,3.7807763
OHE-26027-00248,TDMS,Traction substation inspection,Medium,-0.94205034,-1.9482559,-0.018674018,-1.1546562,0.0056922734,3.7995417
OHE-26027-00249,TDMS,Preventive OHE maintenance,Medium,0.41382858,1.8374951,-0.02035939,1.504298,0.0012248943,-1.203392
OHE-26027-00250,TDMS,Insulator replacement,Medium,-0.7126305,-0.76562846,0.0076774913,-1.1260341,-0.00027789455,-1.1833136
OHE-26027-00251,TDMS,Insulator replacement,Medium,0.7974006,3.036944,0.02090288,3.435326,0.0006739587,3.73644
OHE-26027-00252,TDMS,Traction substation inspection,Low,-14.258233,-6.205667,0.05111311,3.249352,0.0018560131,3.680643
OHE-26027-00253,TDMS,Sectioning equipment inspection,Medium,-0.36736855,-1.6666183,-0.01204932,2.6372447,-0.0006889934,-1.2197388
OHE-26027-00254,TDMS,Insulator replacement,Low,-13.797409,-3.036288,0.06944522,-0.046216924,-0.0051171915,3.734149
OHE-26027-00255,TDMS,Sectioning equipment inspection,Medium,0.55902034,2.645938,0.03448198,1.4805106,-0.0017290167,-1.1980418
OHE-26027-00256,TDMS,Insulator replacement,Medium,0.09374256,1.9383851,0.007029214,0.6734298,-0.00981679,3.764193
OHE-26027-00257,TDMS,Traction substation inspection,Low,-14.90646,-7.1292167,0.024315923,1.3017751,-0.006001399,3.6711347
OHE-26027-00258,TDMS,Insulator replacement,Medium,-0.061411686,1.3437437,-0.024055077,-1.0753863,0.0013624616,-1.176485
OHE-26027-00259,TDMS,Insulator replacement,Medium,0.16674475,3.0426748,0.014083856,-0.24286751,-0.00043379742,3.7931654
OHE-26027-00260,TDMS,OHE defect,Medium,0.5590619,2.645916,0.035122484,1.480458,6.6496854e-05,-1.2004446
OHE-26027-00261,TDMS,Sectioning equipment inspection,Low,-14.706796,-7.4031115,0.057621997,3.1771786,-0.000639997,-1.2416341
OHE-26027-00262,TDMS,Sectioning equipment inspection,Medium,-0.52233803,-3.5009725,0.016420875,1.8331327,-0.004448849,3.8013475
OHE-26027-00263,TDMS,Pantograph interaction issue,Medium,0.0018861078,0.038702995,0.013205879,2.6523964,-0.0017551851,-1.2050657
OHE-26027-00264,TDMS,OHE defect,Low,-13.52769,-4.21512,0.12601435,3.134662,-0.0026989477,-1.2215282
OHE-26027-00265,TDMS,Traction substation inspection,Critical,24.55427,10.874415,0.013485913,2.4483259,0.0035832215,-0.9148737
OHE-26027-00266,TDMS,Preventive OHE maintenance,High,12.690167,3.2362561,0.02402059,3.7665412,-0.00049956545,-1.2138772
OHE-26027-00267,TDMS,Sectioning equipment inspection,Medium,-0.8509531,-3.3493505,0.00019616504,0.20862782,-0.00092007976,-1.2179323
OHE-26027-00268,TDMS,Contact wire inspection,Low,-15.11365,-7.6545134,0.032476105,1.3206693,0.0009117555,-1.2621502
OHE-26027-00269,TDMS,Insulator replacement,Low,-15.542188,-8.850054,-0.03653967,-0.19768979,-0.0052070343,3.7203531
OHE-26027-00270,TDMS,Contact wire inspection,Medium,-0.13285223,1.399037,-0.0066860104,-1.1578959,0.00019570088,3.754116
OHE-26027-00271,TDMS,Preventive OHE maintenance,Medium,-0.81075245,-3.7643616,0.007845012,1.0622143,0.0011125398,3.7834687
OHE-26027-00272,TDMS,Insulator replacement,High,13.082462,5.553832,0.012475759,3.574334,0.008421753,-1.218785
OHE-26027-00273,TDMS,Pantograph interaction issue,Medium,-0.8340384,-1.9204867,0.01767349,0.6832268,-0.00039596044,-1.1982934
OHE-26027-00274,TDMS,Pantograph interaction issue,Medium,0.34069404,1.848288,0.0130051365,1.5186635,0.011398422,-1.1990187
OHE-26027-00275,TDMS,Preventive OHE maintenance,Critical,23.687418,9.771431,0.0065760235,2.5404184,-0.004785767,3.94014
OHE-26027-00276,TDMS,Sectioning equipment inspection,Medium,-0.8423607,-2.5444462,0.009281999,-0.9781864,-0.000366201,-1.1914461
OHE-26027-00277,TDMS,Pantograph interaction issue,Low,-13.670829,-4.628867,0.11263137,2.385242,-0.0021363567,-1.2549791
OHE-26027-00278,TDMS,Traction substation inspection,Low,-15.241815,-7.334618,0.03103636,0.035856195,-0.0020487944,-1.2309934
OHE-26027-00279,TDMS,OHE defect,High,13.291879,6.0886316,-0.011790517,1.0326531,0.0009455107,3.7151191
OHE-26027-00280,TDMS,Traction substation inspection,Low,-15.050482,-6.748704,0.009131548,-0.03028385,-0.011568953,3.662079
OHE-26027-00281,TDMS,Pantograph interaction issue,Low,-15.08233,-9.020953,0.048413455,3.152847,-0.0024889004,-1.2603643
OHE-26027-00282,TDMS,OHE defect,Medium,0.42632282,2.1058717,0.045879394,1.5219208,-0.0006861124,-1.1960181
OHE-26027-00283,TDMS,Sectioning equipment inspection,Low,-15.342492,-9.023094,0.019647896,1.2995613,0.030761661,-1.3021466
OHE-26027-00284,TDMS,OHE defect,Critical,24.299032,10.124757,0.014209308,3.1337192,-0.006804923,-0.92080975
OHE-26027-00285,TDMS,Contact wire inspection,Low,-14.7359915,-3.479607,-0.0044508292,-2.0767863,-0.0012347777,3.7048783
OHE-26027-00286,TDMS,Pantograph interaction issue,Critical,24.565336,10.876895,0.012996332,2.4361017,0.0018686674,-0.91413414
OHE-26027-00287,TDMS,OHE defect,Medium,0.17177933,0.5459762,0.0227723,2.6610007,0.00039145877,-1.2082351
OHE-26027-00288,TDMS,Pantograph interaction issue,High,12.584192,3.1155083,0.013697395,2.95498,0.00071087206,-1.2207952
OHE-26027-00289,TDMS,OHE defect,Medium,-0.9657591,-1.8975989,0.010306276,-0.19088416,0.0007363317,-1.2004731
OHE-26027-00290,TDMS,Sectioning equipment inspection,Low,-15.247571,-5.7129345,0.037978142,-1.2732478,0.0011298144,-1.2114854
OHE-26027-00291,TDMS,OHE defect,Low,-14.870622,-7.7025213,0.015942454,2.215476,0.008948431,3.6739292
OHE-26027-00292,TDMS,OHE defect,Low,-14.37403,-6.266378,0.07482012,3.2238817,-0.003052836,-1.2599826
OHE-26027-00293,TDMS,Contact wire inspection,Low,-16.00927,-9.42651,0.011784998,-1.5697576,-0.0014097827,3.7213576
OHE-26027-00294,TDMS,Sectioning equipment inspection,Low,-15.325261,-7.711153,-0.009329185,-0.03525169,-0.0068795024,3.6314518
OHE-26027-00295,TDMS,Insulator replacement,High,12.735501,5.0771165,-0.019882165,1.944867,-0.0004734608,-1.2331966
OHE-26027-00296,TDMS,OHE defect,Critical,24.444565,10.2263775,-0.019911958,2.3620877,-0.006977224,-0.9285098
OHE-26027-00297,TDMS,Contact wire inspection,High,13.43932,6.963368,0.017858408,1.9962552,-0.00043240708,-1.240259
OHE-26027-00298,TDMS,Traction substation inspection,High,13.614703,6.648213,0.0108455345,2.80178,0.0007166056,3.7433934
OHE-26027-00299,TDMS,OHE defect,Medium,-0.6303836,-0.5419541,0.010668847,-1.1250883,0.0005148829,-1.175703
OHE-26027-00300,TDMS,Preventive OHE maintenance,Low,-13.799529,-4.7837567,-0.032695185,2.4327528,-0.0067044822,3.765846
OHE-26027-00301,TDMS,OHE defect,High,13.552234,6.4559464,0.011995949,3.6169636,-0.00048674596,3.734453
OHE-26027-00302,TDMS,OHE defect,Medium,0.30969107,1.3982991,0.01345642,1.4926578,-0.0025108906,3.8261762
OHE-26027-00303,TDMS,OHE defect,High,12.514944,4.669745,0.010990004,1.0670661,-0.0016395606,-1.2383268
OHE-26027-00304,TDMS,Pantograph interaction issue,High,13.089477,5.558733,0.013091449,3.5703459,-0.0030617872,-1.2193911
OHE-26027-00305,TDMS,Contact wire inspection,Low,-16.461535,-8.336289,0.023464032,-2.6989105,-0.0016748651,-1.116718
OHE-26027-00306,TDMS,Sectioning equipment inspection,Critical,24.681572,11.41592,-0.017906489,3.2800016,-0.013041315,-0.8657205
OHE-26027-00307,TDMS,OHE defect,Medium,-0.8398918,-0.9727567,0.013311488,-0.24313952,-0.0014549689,-1.1975793
OHE-26027-00308,TDMS,Pantograph interaction issue,Low,-13.883444,-4.25545,0.105955884,1.2546911,-0.00055154116,-1.2388024
OHE-26027-00309,TDMS,Traction substation inspection,Medium,-0.5840276,-0.6600403,0.02870073,0.6556527,-0.0014537787,-1.1896139
OHE-26027-00310,TDMS,Insulator replacement,Medium,0.061346732,1.5501585,0.011114281,0.7763279,-0.0012078268,-1.1779612
OHE-26027-00311,TDMS,Sectioning equipment inspection,Low,-16.687824,-8.815063,-0.052831814,-4.1217685,-0.002477796,-1.1348635
OHE-26027-00312,TDMS,Contact wire inspection,Low,-16.688082,-8.8126545,-0.053895034,-4.1211953,-0.001688569,-1.1342564
OHE-26027-00313,TDMS,Sectioning equipment inspection,Low,-14.763049,-5.8452826,0.040805925,0.2011298,-0.0010277216,-1.210862
OHE-26027-00314,TDMS,Insulator replacement,Medium,-0.42361766,-1.6528007,0.021587616,2.641406,-0.00024629795,-1.2145538
OHE-26027-00315,TDMS,OHE defect,Medium,0.63529086,2.7844324,0.034441706,2.5598845,-9.848737e-05,-1.2052478
OHE-26027-00316,TDMS,Sectioning equipment inspection,Low,-16.160015,-7.610677,0.026918298,-2.0013654,-0.0019838843,-1.1696281
OHE-26027-00317,TDMS,Sectioning equipment inspection,Medium,-0.042419802,1.2693874,0.017698023,0.7690314,0.0006144773,-1.2016964
OHE-26027-00318,TDMS,Preventive OHE maintenance,Low,-15.395786,-5.0813994,0.06426417,-2.6554554,0.0149530545,-1.1206763
OHE-26027-00319,TDMS,Sectioning equipment inspection,Critical,24.313477,10.128784,0.012608121,3.1231878,-0.0034345505,-0.92124265
OHE-26027-00320,TDMS,Insulator replacement,Medium,-0.31664363,-2.8824363,-0.03806668,1.8347801,-0.00097606494,3.7564836
OHE-26027-00321,TDMS,Pantograph interaction issue,Medium,0.63512975,2.7846167,0.035353087,2.5605738,0.0011209068,-1.2080905
OHE-26027-00322,TDMS,OHE defect,Medium,-0.8313004,-3.2542157,-0.0043410673,0.14596148,0.0022629532,3.7847366
OHE-26027-00323,TDMS,Traction substation inspection,High,12.778017,5.1826787,0.015705818,1.0653143,-0.0010282993,-1.2098854
OHE-26027-00324,TDMS,Pantograph interaction issue,Medium,-0.8107293,-1.5715512,0.021228539,0.682644,0.0007528598,-1.1896414
OHE-26027-00325,TDMS,Contact wire inspection,High,13.599315,7.5440674,0.019126935,2.0040815,-0.0012109546,-1.2306076
OHE-26027-00326,TDMS,Contact wire inspection,Low,-16.70598,-9.12683,0.017512742,-3.4591208,0.00011424774,-1.1402646
OHE-26027-00327,TDMS,Contact wire inspection,Medium,0.6796041,2.4508746,-0.017530695,2.5601523,-0.0016083963,-1.2101895
OHE-26027-00328,TDMS,Contact wire inspection,Medium,-0.6193564,-0.39369896,0.010226089,-0.19966508,-0.0016835005,-1.1816125
OHE-26027-00329,TDMS,Sectioning equipment inspection,Medium,-0.8384589,-1.094796,0.007988931,-1.1394709,-0.002031085,-1.1916884
OHE-26027-00330,TDMS,Preventive OHE maintenance,Medium,-0.20675242,-3.1418908,0.01328084,3.9558198,-0.001964324,-1.2149755
OHE-26027-00331,TDMS,Preventive OHE maintenance,Critical,23.979431,9.225604,0.017440682,2.3521025,-0.0050194836,-0.9727788
OHE-26027-00332,TDMS,Contact wire inspection,High,13.978641,7.830889,0.015555549,3.6599884,0.0040878826,3.8411586
OHE-26027-00333,TDMS,Sectioning equipment inspection,Medium,-0.64011925,-4.094116,0.011089058,1.9077779,0.0016931535,-1.2115605
OHE-26027-00334,TDMS,Insulator replacement,Medium,-0.2225923,1.2000353,0.01450174,-0.19316676,0.0011990815,-1.2114178
OHE-26027-00335,TDMS,Sectioning equipment inspection,Medium,-0.07749646,0.16770051,0.025337383,1.5221628,-0.002921643,-1.194657
OHE-26027-00336,TDMS,Pantograph interaction issue,Low,-15.982228,-6.5370197,0.04613127,-2.7096062,-0.0020192007,-1.1168932
OHE-26027-00337,TDMS,Contact wire inspection,Low,-16.355892,-9.388942,0.015716214,-2.1676052,0.0013387807,-1.1878113
OHE-26027-00338,TDMS,Sectioning equipment inspection,Low,-15.084696,-6.8629107,0.028349001,0.049399756,-0.0008261064,-1.2331288
OHE-26027-00339,TDMS,OHE defect,Medium,-0.34846124,-3.7552598,0.012517923,3.9615529,-0.0017290928,-1.2216678
OHE-26027-00340,TDMS,OHE defect,Medium,-0.13047752,1.5247318,0.016864847,-0.2394172,-0.006744043,3.7412386
OHE-26027-00341,TDMS,OHE defect,Low,-15.863786,-6.2469354,0.039560992,-2.654222,-0.00057973276,-1.13881
OHE-26027-00342,TDMS,Contact wire inspection,Medium,-0.6298413,-0.5407988,0.0071942387,-1.1262137,-0.0017875945,-1.1746008
OHE-26027-00343,TDMS,Preventive OHE maintenance,Critical,24.454836,10.38024,0.014448224,2.40179,-0.0011846896,-0.9335355
OHE-26027-00344,TDMS,Contact wire inspection,Medium,0.6087634,1.9596283,0.047665633,3.5886283,-0.004702227,-1.2009367
OHE-26027-00345,TDMS,Traction substation inspection,Medium,-0.8776295,-3.4326942,-0.026514906,-0.6774074,0.000990896,-1.2029893
OHE-26027-00346,TDMS,Pantograph interaction issue,Medium,0.5501154,2.6289406,0.009277207,1.4724813,-0.0013273943,-1.2017422
OHE-26027-00347,TDMS,OHE defect,High,12.489146,4.446909,0.015495657,1.0958567,5.830879e-05,-1.2200109
OHE-26027-00348,TDMS,Preventive OHE maintenance,Low,-14.975572,-7.239222,-0.006454691,1.3823435,-0.0070042424,3.7075596
OHE-26027-00349,TDMS,Insulator replacement,Medium,-0.81095725,-1.2335001,-0.008620069,-0.191458,-0.0016989846,-1.2007861
OHE-26027-00350,TDMS,Preventive OHE maintenance,Medium,-0.728423,-1.5489824,-0.012534166,0.5700205,0.0004726725,3.7476976
OHE-26027-00351,TDMS,Preventive OHE maintenance,Low,-14.177727,-3.2516713,-0.036774438,-0.6512972,-0.0053780754,3.7786384
OHE-26027-00352,TDMS,Pantograph interaction issue,High,13.668499,7.696694,0.017033946,1.1877867,-0.0010422296,-1.2262228
OHE-26027-00353,TDMS,Traction substation inspection,High,12.507665,2.9194944,0.026254106,3.001647,-0.0024399203,-1.2097478
OHE-26027-00354,TDMS,Pantograph interaction issue,High,13.772621,7.385331,0.013698471,2.7783248,-0.0017453091,-1.2339363
OHE-26027-00355,TDMS,Preventive OHE maintenance,High,12.692858,4.6411314,0.008318537,2.8297951,0.0027717082,3.7665763
OHE-26027-00356,TDMS,Pantograph interaction issue,Medium,-0.3384178,0.6457925,0.024633175,-0.16907951,-0.00080624793,-1.1879032
OHE-26027-00357,TDMS,Insulator replacement,Low,-15.243274,-4.777434,0.089822985,-2.6315806,0.0019055981,-1.1290921
OHE-26027-00358,TDMS,Traction substation inspection,Low,-14.779968,-5.246222,0.051519185,-0.5594526,-0.0010388329,-1.1969451
OHE-26027-00359,TDMS,Insulator replacement,High,13.606387,7.215968,0.014464843,1.1345392,-0.002277816,-1.2238293
OHE-26027-00360,TDMS,Sectioning equipment inspection,Medium,0.18322432,3.2193897,0.035678856,-0.17881821,-0.00062113424,-1.1770916
OHE-26027-00361,TDMS,Insulator replacement,Medium,-0.42238098,-0.26602623,-0.025137322,0.66628826,-0.0007614381,-1.1824532
OHE-26027-00362,TDMS,Sectioning equipment inspection,High,12.731411,5.299329,0.021128157,1.9586787,9.5450805e-06,-1.2225724
OHE-26027-00363,TDMS,Traction substation inspection,Low,-13.720146,-4.8269377,0.07192317,3.1945498,0.008363331,3.6901944
OHE-26027-00364,TDMS,Sectioning equipment inspection,Medium,-0.03835898,1.955065,0.01244295,-1.1013867,-0.0011840175,-1.1805606
OHE-26027-00365,TDMS,Insulator replacement,Low,-15.066337,-8.465672,0.04972817,3.0916631,-0.00023835993,-1.2470053
OHE-26027-00366,TDMS,Traction substation inspection,Medium,-0.7444755,-1.2441938,0.026531842,0.71220523,0.0007858296,-1.2045054
OHE-26027-00367,TDMS,Pantograph interaction issue,Medium,0.24159735,0.36958393,0.018336874,3.653207,-0.0005352551,-1.2101777
OHE-26027-00368,TDMS,Insulator replacement,High,13.66521,7.3180876,-0.008181567,1.9871088,0.0009165553,3.790636
OHE-26027-00369,TDMS,Traction substation inspection,Low,-14.76389,-7.3571234,0.051587872,2.204609,-0.0022732443,-1.247494
OHE-26027-00370,TDMS,Pantograph interaction issue,High,12.492276,2.6494083,0.02416082,3.0180247,-0.003989187,3.7286415
OHE-26027-00371,TDMS,OHE defect,Medium,0.34778264,3.223827,0.04057778,0.72582,0.0012313157,-1.1814861
OHE-26027-00372,TDMS,Traction substation inspection,Medium,0.11707,0.07959042,0.031118147,3.6540306,-0.0015349903,-1.1992954
OHE-26027-00373,TDMS,Pantograph interaction issue,High,13.633366,7.472466,0.020589313,1.1451294,-0.0020786573,-1.2197162
OHE-26027-00374,TDMS,Insulator replacement,High,12.721507,4.164838,0.016503727,3.679321,-0.0044747377,-1.2190688
OHE-26027-00375,TDMS,OHE defect,Low,-14.036762,-5.43492,0.08033323,2.3207605,0.00021115075,-1.2740092
OHE-26027-00376,TDMS,Contact wire inspection,High,13.587657,6.7122097,0.014522278,2.8087118,-0.0017904638,-1.2255485
OHE-26027-00377,TDMS,Insulator replacement,Low,-16.031599,-6.732235,0.04323079,-2.5920317,0.0009034365,-1.1180785
OHE-26027-00378,TDMS,Preventive OHE maintenance,Low,-15.691464,-7.013547,0.03413053,-1.2788357,9.4022835e-05,-1.2043232
OHE-26027-00379,TDMS,Sectioning equipment inspection,Medium,0.057096634,0.18939579,-0.016887806,1.4354594,-0.003390793,3.7695463
OHE-26027-00380,TDMS,Preventive OHE maintenance,Low,-16.199862,-6.7147202,0.04423595,-3.397983,0.0016657898,-1.126119
OHE-26027-00381,TDMS,OHE defect,Low,-15.721263,-9.024243,0.0072853104,-0.8809894,-0.0077443975,3.7540374
OHE-26027-00382,TDMS,Preventive OHE maintenance,Low,-15.241706,-7.334305,0.03148691,0.03616988,-0.0008120072,-1.2334177
OHE-26027-00383,TDMS,OHE defect,Medium,0.7557749,2.822633,0.041244406,3.5580163,-0.0019343273,-1.2034494
OHE-26027-00384,TDMS,Contact wire inspection,Medium,-0.18435492,-2.4995897,0.01589945,3.7193222,-0.0016000988,-1.2157905
OHE-26027-00385,TDMS,Sectioning equipment inspection,Critical,24.07714,9.361024,-0.019971361,2.3326495,-0.0047227982,-0.9771596
OHE-26027-00386,TDMS,Insulator replacement,Low,-14.139758,-5.5105624,-0.039057486,3.1421597,-0.0032357813,-1.2500942
OHE-26027-00387,TDMS,Traction substation inspection,Medium,0.33643714,1.5624627,0.029371772,1.4888473,0.005618904,3.7518072
OHE-26027-00388,TDMS,OHE defect,Medium,0.52797127,1.6904694,0.004559352,3.5739138,0.0071700397,-1.1978244
OHE-26027-00389,TDMS,Sectioning equipment inspection,Critical,23.82478,10.077195,-0.036184713,2.5218723,0.0017344159,3.8349361
OHE-26027-00390,TDMS,Contact wire inspection,Medium,-0.13300693,0.9628929,0.030703422,0.7331037,0.0006826389,-1.1823978
OHE-26027-00391,TDMS,Contact wire inspection,Medium,-0.36025664,-2.8801649,0.0061406572,1.8609195,-0.0034582254,3.7659712
OHE-26027-00392,TDMS,OHE defect,Medium,0.2883671,0.5815144,0.03047365,3.6548853,-0.0012225994,-1.2027706
OHE-26027-00393,TDMS,Pantograph interaction issue,Medium,0.28569013,1.0879436,0.010649785,2.6244059,-5.186933e-05,-1.2230695
OHE-26027-00394,TDMS,Sectioning equipment inspection,Medium,0.1995339,2.364886,0.041890066,0.7153285,0.00038975003,-1.1955357
OHE-26027-00395,TDMS,OHE defect,Medium,-0.28789383,-0.6257968,0.027433338,1.4680426,0.0012296839,-1.1957499
OHE-26027-00396,TDMS,Contact wire inspection,Low,-13.954725,-4.5151563,0.0893582,1.2501643,-0.00052508916,-1.2533338
OHE-26027-00397,TDMS,Preventive OHE maintenance,Low,-15.952597,-6.187055,0.0051508006,-2.6032157,-0.0058546993,-1.1456052
OHE-26027-00398,TDMS,Preventive OHE maintenance,Medium,-0.912229,-2.0227966,-0.021144567,-1.0920522,-0.0004532959,-1.1927408
OHE-26027-00399,TDMS,Sectioning equipment inspection,Medium,-0.52051836,-4.012089,0.0029225438,3.0328166,-0.0012639306,-1.2207065
OHE-26027-00400,TDMS,Sectioning equipment inspection,Low,-14.637615,-4.905998,0.06327199,-0.61814004,0.0015524647,-1.2226256
OHE-26027-00401,TDMS,Insulator replacement,Low,-13.760717,-4.864275,0.09292131,3.2029927,-0.0028372018,-1.2445648
OHE-26027-00402,TDMS,Insulator replacement,High,13.586595,6.7095504,0.01542791,2.8091412,-0.0011598355,-1.2260457
OHE-26027-00403,TDMS,Preventive OHE maintenance,Medium,-1.1172081,-4.144793,-0.029291226,-0.59509516,-0.0018805158,-1.1915456
OHE-26027-00404,TDMS,Sectioning equipment inspection,High,13.154725,5.9174423,0.0116609875,1.0323325,0.0014988742,3.7723978
OHE-26027-00405,TDMS,Sectioning equipment inspection,Medium,-0.43719387,-1.9628752,0.015088629,2.6736462,6.57799e-05,-1.2217333
OHE-26027-00406,TDMS,OHE defect,High,13.076522,5.555765,0.019479947,3.583604,-0.0045898706,-1.2181627
OHE-26027-00407,TDMS,Traction substation inspection,Medium,-0.38643748,-3.4918334,0.0044428213,2.9931276,-0.0017920648,-1.2152059
OHE-26027-00408,TDMS,Traction substation inspection,Medium,-0.34854886,-3.7551837,0.013090331,3.9628363,-0.001414107,-1.2234482
OHE-26027-00409,TDMS,Pantograph interaction issue,High,12.950479,5.8606157,0.021413421,1.9737679,0.0022568768,-1.2409016
OHE-26027-00410,TDMS,Preventive OHE maintenance,Medium,0.4051116,0.83838576,-0.039863463,3.5841746,-0.0016647788,-1.1963454
OHE-26027-00411,TDMS,Sectioning equipment inspection,Low,-13.592654,-4.4498625,0.11828922,3.1525772,0.00023151754,-1.2299697
OHE-26027-00412,TDMS,Preventive OHE maintenance,Medium,-0.8751715,-1.2261175,0.01605907,-0.17583516,0.0008420876,-1.2027081
OHE-26027-00413,TDMS,Contact wire inspection,Low,-14.628298,-4.253543,0.08762518,-1.2578739,-0.00010726154,-1.177372
OHE-26027-00414,TDMS,Traction substation inspection,Low,-15.462593,-5.6362395,0.012907432,-1.9414793,-0.0044349944,3.8024733
OHE-26027-00415,TDMS,Sectioning equipment inspection,High,12.783762,4.9547057,-0.012269645,1.0552027,-0.0014666361,-1.2171931
OHE-26027-00416,TDMS,Preventive OHE maintenance,Medium,-0.4026579,-0.92626494,0.027405605,1.477208,-0.0011363493,-1.2010607
OHE-26027-00417,TDMS,Pantograph interaction issue,Low,-15.148475,-9.443454,0.039578766,2.1965268,-0.0013696571,-1.261824
OHE-26027-00418,TDMS,Contact wire inspection,Medium,-0.25898442,-3.4947581,0.020828871,3.9163644,-0.0014325338,-1.2180524
OHE-26027-00419,TDMS,OHE defect,High,12.344039,3.1319416,0.019740036,2.2871716,-0.0008461533,-1.2206962
OHE-26027-00420,TDMS,Traction substation inspection,High,12.951463,5.8542814,0.024919352,1.9721795,-0.0025616803,-1.2379341
OHE-26027-00421,TDMS,OHE defect,Low,-15.437121,-7.147283,0.027722904,-0.6123236,0.0008506205,-1.2196158
OHE-26027-00422,TDMS,Traction substation inspection,Low,-14.394644,-4.2465415,0.040269822,-0.68149114,-0.005499783,3.7384608
OHE-26027-00423,TDMS,Sectioning equipment inspection,Low,-13.527407,-4.2148843,0.12753025,3.135189,-0.0015407286,-1.22525
OHE-26027-00424,TDMS,Insulator replacement,Medium,-0.71147853,-3.0445952,0.014613052,1.038497,-0.0009872946,-1.2114428
OHE-26027-00425,TDMS,OHE defect,Medium,-0.5561869,-3.5976455,0.008928759,1.9015652,0.0004110799,-1.2273189
OHE-26027-00426,TDMS,OHE defect,Low,-15.691053,-8.193525,0.0059185154,-0.7931583,-0.007228943,3.661315
OHE-26027-00427,TDMS,Sectioning equipment inspection,Medium,0.089933455,2.32186,-0.019674836,-0.20113006,0.000964511,-1.1991602
OHE-26027-00428,TDMS,OHE defect,Low,-15.890759,-6.1194215,-0.051680077,-4.0966663,-0.00016578735,3.7234223
OHE-26027-00429,TDMS,Pantograph interaction issue,Medium,-0.6273614,-0.35909778,0.014700804,-1.1667207,0.004322813,3.7774272
OHE-26027-00430,TDMS,Insulator replacement,Medium,-0.19040745,-1.3402536,-0.035021205,3.5775177,0.00089551153,-1.2108191
OHE-26027-00431,TDMS,OHE defect,Medium,0.33927432,3.0659099,0.02856811,0.66436124,-0.014803341,3.7716465
OHE-26027-00432,TDMS,Sectioning equipment inspection,Medium,0.6182284,2.4634275,0.0119606685,2.567862,-0.0023434951,-1.2113575
OHE-26027-00433,TDMS,Insulator replacement,Low,-15.677305,-5.739803,0.050850347,-2.665057,0.001625329,-1.1240385
OHE-26027-00434,TDMS,Contact wire inspection,Medium,-0.6405699,-4.0863924,0.018188173,1.9095156,-0.0019891409,-1.2064457
OHE-26027-00435,TDMS,Contact wire inspection,Medium,-0.27378088,-3.9809237,-0.0041833175,3.8478312,9.684302e-05,3.773915
OHE-26027-00436,TDMS,Contact wire inspection,Critical,24.429419,10.397987,0.014376902,3.1821163,-0.0150585435,-0.9109478
OHE-26027-00437,TDMS,Insulator replacement,Medium,0.09013428,2.3229368,-0.0240644,-0.20147453,0.0006157797,-1.1915742
OHE-26027-00438,TDMS,Pantograph interaction issue,High,12.366522,3.3439724,0.010414602,1.3727292,-0.0010749967,-1.2140105
OHE-26027-00439,TDMS,Sectioning equipment inspection,High,12.319558,2.8390193,0.017882358,2.2495513,0.00046660608,3.7103355
OHE-26027-00440,TDMS,Preventive OHE maintenance,High,12.730643,2.9779313,-0.035180666,3.7065656,-0.0028463553,-1.2025869
OHE-26027-00441,TDMS,Pantograph interaction issue,Low,-15.662367,-5.7507615,0.044652026,-2.6646643,0.0014196907,-1.1249589
OHE-26027-00442,TDMS,Pantograph interaction issue,Medium,-0.7116293,-3.3341157,0.010232367,1.1194012,-0.0014577619,-1.2170259
OHE-26027-00443,TDMS,Insulator replacement,Medium,-0.44438905,-0.2540644,-0.016971724,0.5819883,0.0052832835,3.735449
OHE-26027-00444,TDMS,Contact wire inspection,Medium,-0.1402799,-2.4829884,0.006951206,3.6553044,0.004691625,3.735285
OHE-26027-00445,TDMS,OHE defect,Low,-16.360685,-7.8387475,0.028458035,-2.6766577,-0.0015089463,-1.1166134
OHE-26027-00446,TDMS,Pantograph interaction issue,High,13.56953,7.2880483,0.0138983615,1.9940027,-0.0034662252,-1.2359321
OHE-26027-00447,TDMS,Contact wire inspection,High,12.636405,2.9878535,0.024793098,3.7418282,0.004094775,-1.2049173
OHE-26027-00448,TDMS,Pantograph interaction issue,Critical,24.010426,9.19342,0.013832099,3.039607,0.006536857,-0.9787017
OHE-26027-00449,TDMS,Sectioning equipment inspection,Low,-13.789771,-3.157483,0.06350501,-0.062068313,0.016833419,3.7456958
OHE-26027-00450,TDMS,Sectioning equipment inspection,High,13.203255,6.016612,0.015335231,2.8156497,-0.0018531745,-1.2323748
OHE-26027-00451,TDMS,OHE defect,Low,-15.841363,-6.6008964,0.037501305,-1.9988278,0.020559134,-1.1853929
OHE-26027-00452,TDMS,Traction substation inspection,Low,-14.091454,-4.1169286,0.088529326,0.04345562,-0.0012952781,-1.2358496
OHE-26027-00453,TDMS,Traction substation inspection,Low,-16.185965,-6.7283335,0.034186557,-3.3985627,-0.00015255624,-1.1264763
OHE-26027-00454,TDMS,OHE defect,Low,-14.36193,-4.122576,0.08597729,-0.5684457,0.0019495089,-1.2163652
OHE-26027-00455,TDMS,Preventive OHE maintenance,Medium,0.15474534,2.847738,0.0060160006,-1.0673854,-0.0014258934,-1.1894302
OHE-26027-00456,TDMS,Insulator replacement,Low,-14.135231,-6.036609,0.024032723,3.0814526,0.1264336,3.6966875
OHE-26027-00457,TDMS,Sectioning equipment inspection,Medium,-0.02784318,2.078967,0.039408576,-0.17994757,-0.00025334925,-1.1872629
OHE-26027-00458,TDMS,Pantograph interaction issue,Low,-14.945459,-7.266955,0.006049882,1.366806,-0.004585622,3.6735907
OHE-26027-00459,TDMS,Contact wire inspection,High,13.6228485,7.468711,0.007946377,1.1443007,-0.0022231606,-1.2205229
OHE-26027-00460,TDMS,Insulator replacement,Medium,-0.8145506,-3.4248223,-0.0039221416,-0.6574774,-0.0005682269,-1.2024052
OHE-26027-00461,TDMS,Insulator replacement,Low,-14.698188,-4.484701,0.09408512,-1.2973893,-0.000711762,-1.1906681
OHE-26027-00462,TDMS,Insulator replacement,Medium,-0.102076784,1.3739471,-0.007360899,-1.1276009,0.004302991,3.776091
OHE-26027-00463,TDMS,Sectioning equipment inspection,Low,-15.159714,-9.230061,-0.04318999,3.0866382,-0.0027106984,-1.2801858
OHE-26027-00464,TDMS,Contact wire inspection,Low,-13.619261,-4.617563,0.11713167,3.1879592,-0.0026548463,-1.2404145
OHE-26027-00465,TDMS,Contact wire inspection,High,12.36438,3.3443897,0.012914313,1.373221,-0.00051071163,-1.2166399
OHE-26027-00466,TDMS,Preventive OHE maintenance,Medium,0.340546,3.0632463,0.012400066,0.6504685,0.0014420995,3.789966
OHE-26027-00467,TDMS,Insulator replacement,Low,-13.643481,-3.8786845,-0.11970213,3.1167276,0.0028563093,-1.2410945
OHE-26027-00468,TDMS,Contact wire inspection,Low,-15.819902,-6.5481606,0.017489487,-2.0690095,-0.0035513092,3.706111
OHE-26027-00469,TDMS,Sectioning equipment inspection,High,13.6766815,6.8145514,0.014887337,3.5932605,-0.0022594824,-1.2348385
OHE-26027-00470,TDMS,Traction substation inspection,High,13.028447,5.8724446,0.011395052,1.0738767,-0.00087429216,-1.233156
OHE-26027-00471,TDMS,OHE defect,Low,-14.6535425,-5.671131,0.018708885,-0.04841534,0.005725383,3.6056225
OHE-26027-00472,TDMS,Sectioning equipment inspection,Low,-13.528173,-4.2165284,0.12773558,3.1345625,0.002461005,-1.2210308
OHE-26027-00473,TDMS,Insulator replacement,Low,-14.882332,-7.3018584,-0.12885796,2.187431,-0.004214944,-1.2639598
OHE-26027-00474,TDMS,Sectioning equipment inspection,Critical,23.868742,8.722351,0.015911276,2.3312721,-0.0012484888,-0.98634046
OHE-26027-00475,TDMS,Sectioning equipment inspection,Low,-14.597153,-6.208856,0.012280303,1.3898982,-0.00396982,3.6214986
OHE-26027-00476,TDMS,Preventive OHE maintenance,Medium,-0.024089582,-0.52510864,0.016661871,3.5475757,-0.0013108146,-1.1934305
OHE-26027-00477,TDMS,Sectioning equipment inspection,Low,-15.949202,-7.0053625,0.003711376,-2.0134902,-0.005673857,3.7614918
OHE-26027-00478,TDMS,Insulator replacement,Medium,0.63934064,2.1934793,-0.022335825,2.598603,-0.0006042685,-1.2157941
OHE-26027-00479,TDMS,Preventive OHE maintenance,Low,-15.091317,-9.009997,0.049856376,3.1476343,-0.001481854,-1.2543715
OHE-26027-00480,TDMS,Sectioning equipment inspection,Medium,0.10981246,0.4357569,-0.02419887,1.5145565,0.0001714718,-1.2022913
OHE-26027-00481,TDMS,Contact wire inspection,High,12.545093,2.7099442,-0.017112177,3.0161722,-0.001054864,-1.223369
OHE-26027-00482,TDMS,OHE defect,High,12.649419,4.7262306,0.011192925,1.0326216,0.0032203288,3.7929885
OHE-26027-00483,TDMS,Preventive OHE maintenance,Medium,-0.026192298,-0.5207184,0.029680958,3.5589497,-0.0031184847,-1.1910242
OHE-26027-00484,TDMS,Preventive OHE maintenance,Medium,0.20620495,0.08625895,0.012990021,3.5526304,0.00080556335,3.7204356
OHE-26027-00485,TDMS,Sectioning equipment inspection,Medium,-0.91626674,-4.0942817,0.0066122445,1.1551124,-0.0006255323,-1.2053692
OHE-26027-00486,TDMS,OHE defect,Low,-14.808136,-3.7639093,0.09040728,-1.9737512,0.0020473176,-1.1398486
OHE-26027-00487,TDMS,OHE defect,Low,-15.145875,-9.445802,0.04029042,2.1944933,-0.0015646848,-1.2684693
OHE-26027-00488,TDMS,Traction substation inspection,High,12.780716,4.780491,0.01344499,3.5957222,0.004299721,-1.2275634
OHE-26027-00489,TDMS,Pantograph interaction issue,Medium,-0.03428008,2.0519018,0.0068679573,-0.18513407,-0.00040468486,-1.1921804
OHE-26027-00490,TDMS,Pantograph interaction issue,Medium,-0.7127398,-3.3169937,0.019193565,1.1070412,0.0005571736,-1.2117347
OHE-26027-00491,TDMS,Preventive OHE maintenance,Low,-16.03054,-8.592353,0.020346565,-1.3722585,0.0012417098,-1.1808268
OHE-26027-00492,TDMS,Pantograph interaction issue,Medium,0.6607446,3.0478575,0.040343594,2.5708935,-0.0002815892,-1.1919554
OHE-26027-00493,TDMS,Pantograph interaction issue,Medium,0.14572106,0.66992813,-0.017005192,1.5261511,0.015641123,-1.1984792
OHE-26027-00494,TDMS,Insulator replacement,Medium,0.15352982,2.8466654,0.0026320482,-1.0686553,0.00034973276,-1.190029
OHE-26027-00495,TDMS,Preventive OHE maintenance,Medium,-0.5156737,-3.8753674,-0.031217733,1.8683256,-3.8808208e-05,-1.2233537
OHE-26027-00496,TDMS,Insulator replacement,Medium,-0.2681299,-2.449712,0.0101582315,2.7163312,-0.00038179677,3.7321084
OHE-26027-00497,TDMS,Sectioning equipment inspection,Low,-14.902848,-6.3237395,0.06324219,0.028472291,-0.0012222393,-1.223946
OHE-26027-00498,TDMS,OHE defect,Low,-15.010699,-6.541906,0.05648864,0.036427684,-0.0006554676,-1.2135102
OHE-26027-00499,TDMS,Sectioning equipment inspection,Medium,-0.022814533,-0.3722871,0.01176061,3.538735,-0.0018913194,-1.195302
OHE-26027-00500,TDMS,Sectioning equipment inspection,Medium,-0.9461092,-1.5620893,0.010001756,-0.18678245,0.0042574983,-1.2010646
OHE-26027-00501,TDMS,Preventive OHE maintenance,High,12.988395,5.0643206,-0.021111555,3.57826,-0.00034074538,3.8311944
OHE-26027-00502,TDMS,OHE defect,Low,-16.505693,-7.758077,-0.051464017,-4.0043,1.343986e-05,-1.1322038
OHE-26027-00503,TDMS,Traction substation inspection,High,12.4749,4.443404,0.009566843,1.0984293,0.0004905221,-1.2190477
OHE-26027-00504,TDMS,Sectioning equipment inspection,Medium,0.38972136,1.3824797,0.041264318,2.6212502,-0.00017582343,-1.1882762
OHE-26027-00505,TDMS,Sectioning equipment inspection,Low,-15.837972,-5.868312,0.0070273364,-3.3996723,0.0010254905,3.7413127
OHE-26027-00506,TDMS,Insulator replacement,High,13.051959,5.443263,-0.03157714,2.7784724,-0.0005438828,-1.2152909
OHE-26027-00507,TDMS,Preventive OHE maintenance,Low,-14.312678,-3.2026412,-0.10178974,-0.5756915,-0.0012394598,-1.2300682
OHE-26027-00508,TDMS,Contact wire inspection,Low,-15.347647,-9.294551,0.018797655,1.279977,0.02933997,-1.3106096
OHE-26027-00509,TDMS,Contact wire inspection,High,12.796845,4.9822507,0.012713688,2.8150356,0.002653802,3.8242126
OHE-26027-00510,TDMS,Sectioning equipment inspection,High,13.647273,7.096997,0.013387925,2.8271666,0.0009996184,-1.2310203
OHE-26027-00511,TDMS,Sectioning equipment inspection,Low,-15.437385,-7.146554,0.028125156,-0.61218655,-0.00096511096,-1.2172419
OHE-26027-00512,TDMS,Insulator replacement,Medium,-0.85630196,-3.8509834,0.022690782,1.1330888,-0.001691116,-1.2144977
OHE-26027-00513,TDMS,Traction substation inspection,Medium,0.36259413,1.8785785,0.045387335,1.5270207,3.371538e-05,-1.1950208
OHE-26027-00514,TDMS,Traction substation inspection,Medium,-0.5050921,-1.7633084,0.013668664,1.6177591,0.008637042,-1.2014395
OHE-26027-00515,TDMS,Insulator replacement,Medium,-0.8775988,-1.5715456,-0.020023888,-0.20236014,-0.0005511917,-1.1979656
OHE-26027-00516,TDMS,Preventive OHE maintenance,Medium,-0.16883485,-3.0970402,0.013471219,3.849182,0.005077634,3.7448764
OHE-26027-00517,TDMS,Pantograph interaction issue,High,12.590077,3.359149,0.014218569,2.925436,-0.0002633897,3.7246656
OHE-26027-00518,TDMS,Contact wire inspection,Medium,0.5044928,1.3848363,0.04980914,3.582076,-0.0015874007,-1.183279
OHE-26027-00519,TDMS,Traction substation inspection,Low,-14.244261,-5.9381924,0.07550087,3.1108074,-0.0011403693,-1.2434278
OHE-26027-00520,TDMS,Preventive OHE maintenance,Critical,24.019459,8.996764,-0.03607197,3.0384974,-0.0009200718,-0.98077893
OHE-26027-00521,TDMS,Sectioning equipment inspection,Medium,0.23506905,1.2665838,0.017158275,1.5412451,-0.0016129899,-1.2138673
OHE-26027-00522,TDMS,OHE defect,Low,-14.253783,-6.1038485,0.043007284,2.2708092,-0.0006351509,3.645229
OHE-26027-00523,TDMS,OHE defect,Low,-15.491631,-5.486317,0.0117540425,-2.7704911,0.0026760781,3.7051451
OHE-26027-00524,TDMS,Contact wire inspection,Low,-15.372346,-9.022841,0.030547678,1.3131458,-0.001503363,-1.250447
OHE-26027-00525,TDMS,Sectioning equipment inspection,High,13.681785,6.8538923,0.0136096245,2.8135643,-0.0066278684,3.772916
OHE-26027-00526,TDMS,Insulator replacement,Low,-13.907267,-5.2138124,0.091404736,3.1182039,-0.002789084,-1.2307434
OHE-26027-00527,TDMS,Insulator replacement,Low,-14.905713,-7.719651,-0.0787549,3.128613,-0.0004996872,3.7419007
OHE-26027-00528,TDMS,Insulator replacement,Medium,0.31215078,2.979078,0.008728418,0.7362111,0.0026070678,-1.1923597
OHE-26027-00529,TDMS,Traction substation inspection,Medium,0.15636344,2.8632846,0.009345498,-1.0827702,-2.0160302e-05,-1.1846944
OHE-26027-00530,TDMS,Preventive OHE maintenance,Low,-15.627722,-5.4289956,-0.011866395,-3.9494476,-0.002627775,-1.120681
OHE-26027-00531,TDMS,Pantograph interaction issue,Medium,0.5364491,1.7101061,0.018747674,3.4649894,-2.8200046e-05,3.7132769
OHE-26027-00532,TDMS,Pantograph interaction issue,Medium,0.094301656,1.9006653,0.04485451,0.7762991,-0.00029227376,-1.1886234
OHE-26027-00533,TDMS,OHE defect,Medium,-0.22909062,0.4609889,0.0282679,0.76660126,-0.00010136248,-1.1923559
OHE-26027-00534,TDMS,Sectioning equipment inspection,Low,-15.084691,-9.021958,0.04798832,3.1518612,-0.0018125819,-1.2587342
OHE-26027-00535,TDMS,Insulator replacement,High,12.651954,2.9780495,0.008703898,3.7252078,0.008536894,-1.2071601
OHE-26027-00536,TDMS,Traction substation inspection,Low,-15.809373,-6.025761,0.038606476,-2.6294317,-0.0015840805,-1.1405034
OHE-26027-00537,TDMS,Traction substation inspection,Medium,0.3370349,1.5619258,0.029281719,1.4897721,0.005686445,3.7508447
OHE-26027-00538,TDMS,Pantograph interaction issue,Low,-13.698025,-3.5354807,0.04683786,1.2351481,-0.009165319,3.6892393
OHE-26027-00539,TDMS,Traction substation inspection,Medium,-0.91626155,-4.095251,0.007715272,1.1541399,-0.0021123101,-1.2030487
OHE-26027-00540,TDMS,Pantograph interaction issue,Medium,-0.16258976,-0.22542387,0.00020072047,1.398339,0.0007498817,3.7216408
OHE-26027-00541,TDMS,Traction substation inspection,Medium,0.38051766,1.3531202,0.022820555,2.5195959,-0.0029628717,3.6897879
OHE-26027-00542,TDMS,Pantograph interaction issue,Low,-16.718433,-9.490954,0.014556934,-3.4766335,-0.00046603143,-1.1660831
OHE-26027-00543,TDMS,Pantograph interaction issue,Medium,0.095183514,1.9036533,0.045551974,0.7783555,-0.0006394201,-1.1843377
OHE-26027-00544,TDMS,Contact wire inspection,Medium,-0.22705728,0.45890075,0.01500477,0.75741434,-0.00059958186,-1.1899089
OHE-26027-00545,TDMS,Contact wire inspection,Medium,-0.12670855,-0.52444226,0.01861168,2.5991976,-0.0006215105,-1.1964093
OHE-26027-00546,TDMS,Contact wire inspection,Low,-14.735826,-6.644124,0.046408605,1.3173603,-0.0020962576,-1.2458361
OHE-26027-00547,TDMS,Pantograph interaction issue,High,12.318615,2.8404422,0.023151314,2.2513075,0.001882828,3.7089338
OHE-26027-00548,TDMS,Preventive OHE maintenance,Low,-16.706455,-9.126678,0.016165037,-3.459527,-0.00092801027,-1.139848
OHE-26027-00549,TDMS,Insulator replacement,Medium,-1.0166173,-4.0723577,-0.008925781,0.14642946,-0.004635312,3.7490697
OHE-26027-00550,TDMS,Sectioning equipment inspection,Medium,-0.4852858,-0.24119587,0.028547825,0.69176036,-0.0013253221,-1.1783665
OHE-26027-00551,TDMS,OHE defect,Medium,-0.29329693,0.9227627,0.01438922,-0.20520583,-0.0011536862,-1.1887372
OHE-26027-00552,TDMS,OHE defect,High,12.6324835,4.3828497,0.012995527,2.8398366,0.00015572218,3.7783728
OHE-26027-00553,TDMS,Insulator replacement,Low,-15.152121,-9.666549,0.0460976,2.1915612,-0.0014060984,-1.2505119
OHE-26027-00554,TDMS,Traction substation inspection,High,12.9982,5.7439494,0.01241677,1.0735197,0.00035877805,-1.2327806
OHE-26027-00555,TDMS,Traction substation inspection,Medium,0.12477942,0.33659947,0.032922942,2.6772418,-0.0017947867,-1.2083247
OHE-26027-00556,TDMS,OHE defect,High,13.552736,6.8607826,0.013217006,1.0741578,-0.007837896,3.7499685
OHE-26027-00557,TDMS,Pantograph interaction issue,Low,-15.481753,-9.030649,0.016934771,-0.050666355,-0.0018018978,-1.2270356
OHE-26027-00558,TDMS,Contact wire inspection,Medium,-0.26679716,0.9688174,0.010733566,-0.28023088,0.0025985762,3.775281
OHE-26027-00559,TDMS,OHE defect,Medium,-0.18715225,-0.20876394,0.015533133,1.494667,-0.00057867647,-1.1830966
OHE-26027-00560,TDMS,Pantograph interaction issue,Low,-15.525687,-6.5651636,0.043573856,-1.3714378,0.00059408945,-1.2006482
OHE-26027-00561,TDMS,Contact wire inspection,Low,-16.702814,-8.805428,-0.047576897,-4.12031,-0.0017128899,-1.133524
OHE-26027-00562,TDMS,OHE defect,Medium,-0.3796962,-3.2648313,-0.015069723,1.7951669,0.0002743307,3.7753603
OHE-26027-00563,TDMS,Preventive OHE maintenance,Medium,0.3803059,1.3534952,0.006040326,2.6159062,-0.00040402747,-1.1933866
OHE-26027-00564,TDMS,OHE defect,Medium,-0.9646343,-1.8994797,0.011873613,-0.19200152,-0.0016096368,-1.197821
OHE-26027-00565,TDMS,Contact wire inspection,Low,-15.333894,-8.501402,0.02323154,1.231505,0.00047959364,-1.2483436
OHE-26027-00566,TDMS,Contact wire inspection,High,13.688991,6.81836,0.013752183,3.579818,-0.0046902187,-1.2345536
OHE-26027-00567,TDMS,Contact wire inspection,Medium,-0.29860166,0.5793744,-0.013883683,-1.1464618,0.00020631189,3.789645
OHE-26027-00568,TDMS,Contact wire inspection,Medium,0.36443263,3.2596788,0.04291533,0.6521076,-0.0010755316,3.7506292
OHE-26027-00569,TDMS,Pantograph interaction issue,Low,-14.5915575,-6.921866,0.07604297,3.0996678,-0.0021653643,-1.244459
OHE-26027-00570,TDMS,Traction substation inspection,Medium,-0.83290243,-3.054903,-0.01908584,-0.7882348,-0.0010923978,3.7817588
OHE-26027-00571,TDMS,Sectioning equipment inspection,Medium,-1.1116215,-4.136665,-0.028097156,-0.69062096,-0.0112872915,3.732927
OHE-26027-00572,TDMS,Sectioning equipment inspection,Medium,-0.8478607,-3.34623,0.004254023,0.20780998,0.0002319898,-1.2187299
OHE-26027-00573,TDMS,Pantograph interaction issue,Medium,-0.5851301,-0.66323304,0.027517011,0.6542169,0.00042648613,-1.1951418
OHE-26027-00574,TDMS,OHE defect,Medium,-0.915324,-4.0937,0.0072635394,1.1544762,0.001729516,-1.2092642
OHE-26027-00575,TDMS,Sectioning equipment inspection,Low,-14.520587,-3.953252,0.04580762,-1.3154994,0.008899958,3.6736681
OHE-26027-00576,TDMS,Pantograph interaction issue,Low,-14.091331,-4.116459,0.089632936,0.044381514,-0.0020976765,-1.2361042
OHE-26027-00577,TDMS,Pantograph interaction issue,High,12.789605,4.9827304,0.014415413,2.821584,0.00075147726,3.8189158
OHE-26027-00578,TDMS,Contact wire inspection,Medium,0.08733941,2.320454,-0.026198525,-0.19284223,-0.0014684513,-1.1991316
OHE-26027-00579,TDMS,Insulator replacement,High,12.46997,3.3007598,-0.031684432,1.3342884,0.0012936682,3.7143655
OHE-26027-00580,TDMS,Preventive OHE maintenance,Medium,-0.71374667,-3.061608,0.004216597,1.0454632,0.0006145152,-1.2168436
OHE-26027-00581,TDMS,Insulator replacement,Low,-14.946267,-5.550739,0.044141702,-0.5666913,0.025024964,-1.2373011
OHE-26027-00582,TDMS,Pantograph interaction issue,Medium,-0.25234178,-1.6071969,0.012116172,3.5257154,0.0024283978,3.753138
OHE-26027-00583,TDMS,Contact wire inspection,Medium,-0.19110677,-0.36589274,0.02754789,1.500969,-0.00032014187,-1.1826093
OHE-26027-00584,TDMS,Traction substation inspection,High,12.537861,4.4165807,0.012444323,1.063344,-0.0063834162,3.7260005
OHE-26027-00585,TDMS,Contact wire inspection,Low,-15.982228,-6.5371685,0.04553905,-2.7088149,-0.0020192007,-1.1169428
OHE-26027-00586,TDMS,Insulator replacement,Medium,0.09849552,2.3873868,-0.048182704,-0.28682572,0.0010133863,3.7891161
OHE-26027-00587,TDMS,Traction substation inspection,Medium,-0.22883989,0.4659741,0.029369485,0.7685464,-0.0005070916,-1.1896708
OHE-26027-00588,TDMS,Contact wire inspection,Medium,-1.0437226,-3.9433079,0.01393734,-0.6272626,0.0004246108,-1.2073095
OHE-26027-00589,TDMS,Preventive OHE maintenance,Low,-15.936154,-6.1421237,-0.037299555,-4.016801,-0.0025723232,-1.1226997
OHE-26027-00590,TDMS,Traction substation inspection,Low,-14.679252,-7.2369175,0.060034033,3.1202369,-0.0008320676,-1.2549844
OHE-26027-00591,TDMS,Traction substation inspection,High,12.83377,5.6051884,0.019906126,1.9663974,-0.00061716913,-1.2239136
OHE-26027-00592,TDMS,OHE defect,High,12.656107,5.089461,0.021223722,1.9703,0.00060436496,-1.22821
OHE-26027-00593,TDMS,Contact wire inspection,High,12.431016,4.1976233,0.020354664,1.1187016,0.0006076207,-1.2181501
OHE-26027-00594,TDMS,Traction substation inspection,Medium,-0.89504045,-1.3970082,-0.0098184645,-1.136739,-3.3877957e-05,-1.187967
OHE-26027-00595,TDMS,Traction substation inspection,High,12.588093,4.0038624,0.020536363,2.872931,-0.00092978583,-1.2245955
OHE-26027-00596,TDMS,Sectioning equipment inspection,High,13.29575,6.1446943,0.0091020595,2.7982912,0.0012410339,3.785606
OHE-26027-00597,TDMS,Traction substation inspection,High,12.21062,2.7031345,0.025239687,2.3167949,-0.0008847978,-1.220038
OHE-26027-00598,TDMS,Pantograph interaction issue,Medium,0.504925,1.387162,0.048593823,3.5825944,-0.0030066783,-1.1825905
OHE-26027-00599,TDMS,Sectioning equipment inspection,Medium,-0.24925151,0.22977729,0.016586006,0.68910635,-0.008405571,3.7602258
OHE-26027-00600,TDMS,OHE defect,Medium,0.1733703,0.7273423,0.0068854154,1.4619952,0.00129094,3.7711074
OHE-26027-00601,TDMS,OHE defect,High,12.7647915,5.1347556,0.00754879,1.035632,0.0021980894,3.712488
OHE-26027-00602,TDMS,Insulator replacement,Medium,-0.1696367,1.0481304,-0.017314324,-1.0969214,-0.001524001,-1.2029006
OHE-26027-00603,TDMS,Traction substation inspection,High,13.603862,7.547575,0.023760717,2.0032928,0.0013358449,-1.2300165
OHE-26027-00604,TDMS,Contact wire inspection,Medium,-0.1868121,-0.20809245,0.015758365,1.4927926,-0.00074504607,-1.1812757
OHE-26027-00605,TDMS,Sectioning equipment inspection,Medium,-0.41066277,-1.7450715,-0.016154183,1.5026145,-0.00020430185,3.7454374
OHE-26027-00606,TDMS,Sectioning equipment inspection,Medium,0.026165126,0.20281477,0.023748303,1.4671314,0.002602328,3.7692873
OHE-26027-00607,TDMS,Pantograph interaction issue,Medium,0.12670831,2.5464008,0.0022463312,-1.0936397,-0.0013140695,-1.185581
OHE-26027-00608,TDMS,OHE defect,High,12.963398,5.861203,0.014433651,1.9566817,0.000410206,-1.2417213
OHE-26027-00609,TDMS,Preventive OHE maintenance,Low,-15.302478,-3.8990302,-0.08389943,-3.740809,-0.002003789,-1.1458211
OHE-26027-00610,TDMS,Preventive OHE maintenance,Low,-15.145621,-3.8473604,0.027738305,-3.839421,-0.0018641374,-1.1364918
OHE-26027-00611,TDMS,Insulator replacement,Medium,-0.36269608,-1.671563,-0.019558612,2.6259065,-0.000133105,-1.2201962
OHE-26027-00612,TDMS,Contact wire inspection,High,12.443112,4.5406947,0.014845383,1.9635264,-0.0008878931,-1.2424021
OHE-26027-00613,TDMS,Pantograph interaction issue,Low,-14.505494,-5.1672387,0.027705932,-0.009253912,-0.0054433015,3.5920146
OHE-26027-00614,TDMS,Traction substation inspection,Low,-14.158499,-3.1884737,0.09770697,-0.63099235,-0.0017078979,-1.2238439
OHE-26027-00615,TDMS,Contact wire inspection,Medium,0.77929425,3.0563755,0.04043628,3.5440729,-0.0014275622,-1.188642
OHE-26027-00616,TDMS,OHE defect,High,12.256985,2.8325646,0.015870286,1.4274018,0.0017054306,-1.2185768
OHE-26027-00617,TDMS,Contact wire inspection,Medium,-0.21530916,-0.98700786,-0.022955693,2.5310445,-0.0007725629,3.7765253
OHE-26027-00618,TDMS,Sectioning equipment inspection,Medium,-0.8511539,-3.3494911,5.9187925e-05,0.2088055,-0.0013460653,-1.2172056
OHE-26027-00619,TDMS,Sectioning equipment inspection,High,13.426057,6.5769715,0.013538305,1.9772145,0.0011125066,3.760192
OHE-26027-00620,TDMS,Preventive OHE maintenance,High,13.612823,7.546942,0.018169245,1.987246,-0.001005468,-1.2331767
OHE-26027-00621,TDMS,OHE defect,Medium,-0.11861814,1.4826285,0.005164019,-0.18433887,-0.0011618556,-1.18616
OHE-26027-00622,TDMS,OHE defect,Low,-14.207491,-5.171935,0.07680568,1.3339995,-0.0026866787,-1.2509923
OHE-26027-00623,TDMS,Sectioning equipment inspection,Low,-15.700183,-5.7047405,-0.024482863,-3.9598527,0.0025625564,-1.1076946
OHE-26027-00624,TDMS,Preventive OHE maintenance,Medium,0.33391663,0.8557192,0.0298558,3.615198,-0.001434752,-1.1985668
OHE-26027-00625,TDMS,Contact wire inspection,Medium,0.15531763,2.127734,0.04556538,0.7684219,-0.0020423492,-1.1846944
OHE-26027-00626,TDMS,Sectioning equipment inspection,High,12.708342,5.2732635,0.0124749085,1.9621339,-0.0022889478,3.7291512
OHE-26027-00627,TDMS,Contact wire inspection,Low,-15.611707,-5.6974907,0.015283224,-2.7738225,0.0019980045,3.7003071
OHE-26027-00628,TDMS,Traction substation inspection,Low,-16.498428,-8.587956,0.015326571,-2.6590827,-0.0012246134,-1.1152711
OHE-26027-00629,TDMS,Preventive OHE maintenance,Critical,24.466042,10.384574,0.017278066,2.3865626,-0.00069730496,-0.9342021
OHE-26027-00630,TDMS,Sectioning equipment inspection,High,12.834483,5.6045475,0.020135129,1.9695839,-0.00067793316,-1.2230957
OHE-26027-00631,TDMS,Sectioning equipment inspection,Medium,0.24100569,0.37349057,0.030472603,3.665988,-0.0018781762,-1.2064353
OHE-26027-00632,TDMS,Traction substation inspection,Medium,-3.0031311e-05,0.043494392,0.022646226,2.6581705,0.0005323916,-1.2048569
OHE-26027-00633,TDMS,Preventive OHE maintenance,Medium,0.08110477,2.406931,-0.00373928,-0.28751406,0.0031474659,3.810319
OHE-26027-00634,TDMS,Pantograph interaction issue,Critical,23.621634,9.555421,0.0085794,3.1448927,0.018771484,3.8035161
OHE-26027-00635,TDMS,Preventive OHE maintenance,Medium,-0.8126041,-1.5824798,0.016484696,0.69340616,0.00020277716,-1.1935722
OHE-26027-00636,TDMS,OHE defect,Critical,24.448004,10.380992,0.016643772,2.4008265,-0.0052579604,-0.9227667
OHE-26027-00637,TDMS,Sectioning equipment inspection,High,13.632991,7.7149343,0.012067028,1.9782631,0.0057845577,-1.2366885
OHE-26027-00638,TDMS,Sectioning equipment inspection,Medium,-0.5194724,-4.0032973,0.012251257,3.0296195,-0.00082100776,-1.2187606
OHE-26027-00639,TDMS,Traction substation inspection,Low,-16.524565,-9.848829,0.013642966,-2.8448927,0.0016074155,-1.1379309
OHE-26027-00640,TDMS,Traction substation inspection,Medium,-0.7838277,-1.013197,-0.014343611,-1.2168108,0.0006958165,3.8107426
OHE-26027-00641,TDMS,Pantograph interaction issue,Medium,-0.49115324,-4.2076383,-0.00597399,2.9223087,0.016034318,3.7342577
OHE-26027-00642,TDMS,Preventive OHE maintenance,Medium,-0.49144477,-3.719479,0.01155958,3.0184543,-0.001591598,-1.2200245
OHE-26027-00643,TDMS,Traction substation inspection,Medium,-0.68864894,-0.6102633,0.015394876,-0.2947598,-0.0001319126,3.756167
OHE-26027-00644,TDMS,Contact wire inspection,High,13.570516,7.2924147,0.017656943,1.9976399,-0.0002045893,-1.2386173
OHE-26027-00645,TDMS,Traction substation inspection,Low,-16.047365,-9.538721,0.018035108,-1.48916,-0.00058351306,-1.2014194
OHE-26027-00646,TDMS,OHE defect,Medium,0.77744454,3.058219,0.046813536,3.5444927,0.00067217596,-1.1885808
OHE-26027-00647,TDMS,Sectioning equipment inspection,Medium,-0.40155435,-0.9230778,0.028150689,1.4772441,3.74285e-05,-1.1951791
OHE-26027-00648,TDMS,Sectioning equipment inspection,Medium,-0.7881697,-2.9688766,-0.0115671875,0.08248524,-0.00034055757,3.7856817
OHE-26027-00649,TDMS,Traction substation inspection,Medium,0.7662791,2.5644484,0.02797417,3.4818065,-0.0005935336,3.7642946
OHE-26027-00650,TDMS,Preventive OHE maintenance,Low,-14.674192,-5.6668534,0.025176091,-0.045145143,-0.0060033877,3.5930996
OHE-26027-00651,TDMS,Contact wire inspection,High,13.407739,6.468408,0.01734985,1.0922722,-0.0017009985,-1.2189119
OHE-26027-00652,TDMS,Sectioning equipment inspection,Critical,24.11138,9.326744,-0.018005095,3.091431,0.029227303,-0.97229683
OHE-26027-00653,TDMS,Traction substation inspection,High,13.463786,6.8592215,0.013240639,1.1029884,0.002291767,-1.2271037
OHE-26027-00654,TDMS,Traction substation inspection,Critical,24.611448,11.426722,0.01318271,3.3192906,0.010669002,-0.87078273
OHE-26027-00655,TDMS,Preventive OHE maintenance,Medium,-0.97528595,-2.0071979,0.01268518,-1.0908318,-0.0010375964,-1.1936398
OHE-26027-00656,TDMS,Traction substation inspection,Low,-16.563843,-8.024028,-0.053134654,-4.0430865,-0.001098744,-1.13591
OHE-26027-00657,TDMS,Sectioning equipment inspection,Medium,-0.4399833,0.03413168,0.014257987,-1.1610906,-0.008208136,3.7872934
OHE-26027-00658,TDMS,Pantograph interaction issue,Low,-15.316359,-4.503572,0.0884351,-3.313015,-0.00033595145,-1.1311278
OHE-26027-00659,TDMS,Contact wire inspection,Low,-13.692792,-4.2798295,-0.09897983,2.3540735,0.0031035598,-1.262959
OHE-26027-00660,TDMS,Sectioning equipment inspection,Medium,-0.1774472,-3.4687924,0.00031582196,3.8111987,-0.00045784801,3.7557468
OHE-26027-00661,TDMS,OHE defect,Low,-16.723616,-9.736491,0.014012091,-3.4744651,-0.0007895639,-1.1705874
OHE-26027-00662,TDMS,Insulator replacement,Medium,-0.2250523,0.9081653,-0.03514491,-0.21799876,0.0010835814,-1.1882216
OHE-26027-00663,TDMS,Pantograph interaction issue,Medium,-0.20892504,-3.123231,0.020523133,3.9417834,-0.0015378785,-1.2168168
OHE-26027-00664,TDMS,Preventive OHE maintenance,High,12.348129,3.1294844,0.0128700165,2.2842507,0.00064107665,-1.2208623
OHE-26027-00665,TDMS,Pantograph interaction issue,Medium,-0.41132882,0.28608882,-0.0051208297,-1.1070971,-0.0006863999,-1.1883475
OHE-26027-00666,TDMS,OHE defect,High,12.587275,3.3561375,0.0088407155,2.9350424,0.0031492936,3.7248094
OHE-26027-00667,TDMS,Contact wire inspection,Medium,0.12594254,0.3289162,0.013669811,2.6628973,-0.0006085132,-1.2130797
OHE-26027-00668,TDMS,OHE defect,High,13.001581,5.32946,0.026996613,3.5959368,0.0017240624,-1.2225342
OHE-26027-00669,TDMS,OHE defect,Medium,-0.5285168,-0.61091626,0.011392477,0.5809608,0.001489879,3.7521443
OHE-26027-00670,TDMS,Contact wire inspection,High,12.991992,5.9929338,0.017902879,1.9583367,-0.00053162995,-1.2488364
OHE-26027-00671,TDMS,OHE defect,Low,-16.437864,-8.117795,0.015953885,-2.7098877,-0.00010334079,-1.1191437
OHE-26027-00672,TDMS,Contact wire inspection,Low,-15.129081,-7.6433635,0.046267312,1.3276718,-0.0005192137,-1.257254
OHE-26027-00673,TDMS,Sectioning equipment inspection,High,13.083305,5.5532126,0.014984819,3.5773344,0.0026453997,-1.2183961
OHE-26027-00674,TDMS,Contact wire inspection,Medium,-0.8080641,-1.1518253,0.010216686,-0.25272164,0.002485923,3.7876146
OHE-26027-00675,TDMS,Preventive OHE maintenance,Medium,-0.6302442,-0.5428208,0.009008274,-1.1236815,0.0012801473,-1.1761034
OHE-26027-00676,TDMS,Insulator replacement,Medium,0.35350752,0.5648228,-0.035860278,3.6256604,-0.0021192373,-1.1992054
OHE-26027-00677,TDMS,Traction substation inspection,Critical,24.52338,10.544762,0.01344819,3.1771836,-0.01022532,-0.9059924
OHE-26027-00678,TDMS,Insulator replacement,Medium,-0.9610841,-1.8862666,0.01785181,-0.19793475,-0.00091998954,-1.1977674
OHE-26027-00679,TDMS,Pantograph interaction issue,High,13.379432,6.4259825,0.017829735,2.8388765,0.00017848551,-1.2182635
OHE-26027-00680,TDMS,Contact wire inspection,High,12.820447,4.539708,-0.01915805,3.602228,0.0007207191,-1.2323622
OHE-26027-00681,TDMS,Traction substation inspection,Medium,-0.22683662,1.2025146,0.023744576,-0.18874817,-0.00022585955,-1.2100317
OHE-26027-00682,TDMS,Contact wire inspection,Medium,0.6185867,2.4635437,0.008562517,2.5670516,-0.0005209226,-1.2135812
OHE-26027-00683,TDMS,Insulator replacement,Critical,23.642792,9.076003,-0.048588447,3.1582873,-0.0019646152,3.6926596
OHE-26027-00684,TDMS,Traction substation inspection,High,12.220762,2.6512766,0.017364712,1.4845736,-5.4414042e-05,-1.2225527
OHE-26027-00685,TDMS,Preventive OHE maintenance,Medium,-0.1660637,0.4416322,-0.023765938,0.74517715,-0.00068041414,-1.192816
OHE-26027-00686,TDMS,Pantograph interaction issue,Medium,-0.027577898,2.003086,-0.0053194775,-1.1661215,0.0007328485,3.7894418
OHE-26027-00687,TDMS,Pantograph interaction issue,Medium,0.21719104,0.8221751,0.03299425,2.631317,-0.00027838518,-1.2003514
OHE-26027-00688,TDMS,Traction substation inspection,Low,-14.276381,-3.854896,0.09252921,-0.55363894,-8.664748e-05,-1.2179993
OHE-26027-00689,TDMS,Insulator replacement,Low,-15.245792,-3.7773588,-0.06409787,-3.203667,0.0062378887,-1.1531328
OHE-26027-00690,TDMS,Insulator replacement,Medium,-0.423849,-1.6540945,0.017560765,2.6390042,0.0010939232,-1.2182299
OHE-26027-00691,TDMS,Preventive OHE maintenance,High,13.0767145,5.551707,0.0139176715,3.5849488,0.0016759083,-1.2182932
OHE-26027-00692,TDMS,Insulator replacement,Medium,0.3040057,0.3592947,-0.013456811,3.6418939,-0.0015360193,-1.2123089
OHE-26027-00693,TDMS,Pantograph interaction issue,Low,-13.404187,-3.5218701,0.13401309,3.1338646,0.0842338,-1.2193944
OHE-26027-00694,TDMS,Sectioning equipment inspection,Low,-15.073405,-5.3152037,0.0061550126,-1.2850811,0.009516392,3.7159393
OHE-26027-00695,TDMS,OHE defect,High,12.786894,4.7854605,0.028095512,3.600341,-0.0013056166,-1.2285582
OHE-26027-00696,TDMS,Contact wire inspection,High,13.66756,7.2139816,0.015502836,1.0979856,0.0016486451,3.7576087
OHE-26027-00697,TDMS,OHE defect,Low,-13.888178,-3.3312633,0.10706837,-0.06699609,0.0029361215,-1.244295
OHE-26027-00698,TDMS,OHE defect,Low,-16.031187,-6.7320433,0.04301032,-2.5922346,0.0023809108,-1.1187218
OHE-26027-00699,TDMS,Insulator replacement,Medium,-0.32573733,-3.4846375,-0.011034167,2.9734747,-0.0008469656,-1.2168312
OHE-26027-00700,TDMS,Insulator replacement,Medium,-0.32273433,-1.6398486,0.02204055,3.601509,-0.0015307434,-1.2145486
OHE-26027-00701,TDMS,Contact wire inspection,Low,-15.513294,-8.292333,0.002220617,0.068887524,-0.002055377,-1.1919802
OHE-26027-00702,TDMS,Preventive OHE maintenance,Low,-16.0454,-8.586608,0.025642553,-1.3744799,-0.00170164,-1.1799942
OHE-26027-00703,TDMS,Pantograph interaction issue,Medium,-0.3581693,-1.3369114,0.016611788,2.6444173,-0.0015254503,-1.220488
OHE-26027-00704,TDMS,Contact wire inspection,High,13.245387,5.976283,-0.012107649,2.796321,0.00038185035,3.782383
OHE-26027-00705,TDMS,Insulator replacement,Low,-15.675903,-5.532306,0.016198816,-3.4280257,0.00019647689,3.6784167
OHE-26027-00706,TDMS,OHE defect,Low,-15.04329,-5.3337474,0.024621373,-1.3165032,-0.0034504775,3.7031646
OHE-26027-00707,TDMS,Pantograph interaction issue,Medium,0.33785266,3.2030292,0.012186505,0.71315855,0.00056286104,-1.1845317
OHE-26027-00708,TDMS,Sectioning equipment inspection,Medium,-0.28843802,-0.62307537,0.02751013,1.4679216,-0.0012867673,-1.1953665
OHE-26027-00709,TDMS,Pantograph interaction issue,Medium,-0.22380385,1.0698509,0.011154713,-1.0979807,-0.00028588943,-1.2045219
OHE-26027-00710,TDMS,Traction substation inspection,High,12.8662815,5.4425898,0.010033731,1.0448089,0.0032217754,3.7160923
OHE-26027-00711,TDMS,Sectioning equipment inspection,Low,-16.062239,-9.268916,0.020716647,-1.4610533,-0.0014011944,-1.2129471
OHE-26027-00712,TDMS,Sectioning equipment inspection,High,13.041718,5.8837786,0.017272238,1.0708337,-0.00037951928,-1.2350572
OHE-26027-00713,TDMS,Contact wire inspection,High,12.40978,3.8004546,0.012176721,1.1847286,-0.023757428,3.6864827
OHE-26027-00714,TDMS,Pantograph interaction issue,Medium,-0.29221475,0.815455,0.010843561,-1.0859209,0.00050395774,-1.1830093
OHE-26027-00715,TDMS,Traction substation inspection,Low,-16.68542,-8.572164,-0.049657848,-4.107477,0.0033103414,-1.136081
OHE-26027-00716,TDMS,Preventive OHE maintenance,High,13.2909975,6.1113305,0.02204781,3.6062534,0.0065619345,-1.2356693
OHE-26027-00717,TDMS,Sectioning equipment inspection,Low,-14.777145,-5.835893,0.056164242,0.20905562,-0.002350202,-1.2093273
OHE-26027-00718,TDMS,Preventive OHE maintenance,Medium,-0.36604646,-1.8830801,0.010874409,2.609358,-0.0032094268,3.76363
OHE-26027-00719,TDMS,Sectioning equipment inspection,Medium,0.5881629,2.2343266,0.04763496,2.6213353,-0.00081928,-1.213026
OHE-26027-00720,TDMS,Sectioning equipment inspection,Medium,-0.20896977,-0.74195087,0.022961287,2.607661,0.0006462717,-1.2066665
OHE-26027-00721,TDMS,Insulator replacement,Low,-15.122704,-8.615773,0.04694948,2.1603038,0.0006815495,-1.2430867
OHE-26027-00722,TDMS,Pantograph interaction issue,Medium,0.08470609,1.8742056,0.008457669,0.76413995,0.000572405,-1.1898731
OHE-26027-00723,TDMS,Sectioning equipment inspection,Medium,0.40078983,1.0975604,0.008766853,3.5836437,-0.0018899173,-1.2194881
OHE-26027-00724,TDMS,Insulator replacement,Medium,-0.38783708,-3.4775753,0.012830372,2.9876444,0.0010562284,-1.2172287
OHE-26027-00725,TDMS,Insulator replacement,Medium,-0.15484194,1.1954833,0.009049837,-1.1553489,-0.007918821,3.8492084
OHE-26027-00726,TDMS,Sectioning equipment inspection,Medium,0.31239,2.9796,0.007762089,0.7368825,-0.001345897,-1.1940235
OHE-26027-00727,TDMS,Insulator replacement,Low,-16.016174,-7.660436,-0.06638538,-1.2510481,0.0016671222,-1.2049276
OHE-26027-00728,TDMS,OHE defect,Low,-13.49482,-3.871074,0.12440316,3.1282132,-0.004870426,-1.2207294
OHE-26027-00729,TDMS,Sectioning equipment inspection,Low,-16.519451,-7.6697435,-0.06250919,-3.9884698,0.03171565,-1.1789839
OHE-26027-00730,TDMS,Pantograph interaction issue,Low,-14.547312,-6.0543213,0.015911993,1.24374,-0.005455028,3.6166072
OHE-26027-00731,TDMS,Insulator replacement,High,12.590848,4.657949,-0.014671754,1.0569471,-0.0017442217,-1.2397491
OHE-26027-00732,TDMS,Insulator replacement,Low,-15.3408375,-6.5023494,0.017979614,-0.5207717,0.0017858493,-1.2185068
OHE-26027-00733,TDMS,Pantograph interaction issue,Low,-15.480812,-9.032823,0.019758532,-0.04964994,0.00036030947,-1.2306683
OHE-26027-00734,TDMS,Sectioning equipment inspection,Medium,0.24064812,0.37402126,0.03002691,3.663191,-0.0048567504,-1.2066627
OHE-26027-00735,TDMS,Sectioning equipment inspection,Medium,-0.026000459,-0.52207065,0.030878307,3.5606134,-0.001950483,-1.1909195
OHE-26027-00736,TDMS,Insulator replacement,High,13.831164,7.2112627,0.012440971,3.6291077,-0.0014786986,3.7928257
OHE-26027-00737,TDMS,Contact wire inspection,Medium,-0.2590304,-3.495598,0.020482125,3.9182,-0.0020349699,-1.2176753
OHE-26027-00738,TDMS,OHE defect,Low,-15.315496,-7.577183,0.020710584,0.039644565,7.231737e-05,-1.2276751
OHE-26027-00739,TDMS,Contact wire inspection,Medium,0.40479976,1.918229,-0.0154912835,1.4576089,-0.0033144455,3.80413
OHE-26027-00740,TDMS,Traction substation inspection,Low,-16.237968,-8.113926,0.013857952,-2.016402,0.010545392,-1.1900693
OHE-26027-00741,TDMS,Traction substation inspection,Medium,-0.49313223,-1.7621647,0.014746477,1.6136767,-0.0023833404,-1.2005181
OHE-26027-00742,TDMS,Sectioning equipment inspection,Low,-13.587277,-4.4501615,0.12386783,3.1544275,-0.0009295589,-1.2379782
OHE-26027-00743,TDMS,Pantograph interaction issue,Medium,-0.49333107,-1.7608292,0.017714886,1.6167538,-0.00020043098,-1.2012517
OHE-26027-00744,TDMS,Pantograph interaction issue,Low,-16.719385,-9.490884,0.009090625,-3.478206,-0.00094311027,-1.1645384
OHE-26027-00745,TDMS,Traction substation inspection,Medium,0.30472824,0.40581232,0.016798977,3.5702362,0.0012208645,3.7423036
OHE-26027-00746,TDMS,Traction substation inspection,Medium,-0.25010157,-1.8828363,0.010562153,3.5870492,-0.0001698197,3.743592
OHE-26027-00747,TDMS,Contact wire inspection,Medium,0.69454473,2.2486842,0.010654808,3.6011732,-0.0013400794,-1.2197117
OHE-26027-00748,TDMS,Pantograph interaction issue,High,12.7311,5.2994537,0.02088633,1.9579148,-0.0013846721,-1.2203655
OHE-26027-00749,TDMS,Traction substation inspection,Medium,-0.74411494,-1.2437136,0.0258932,0.7112783,-0.0017555627,-1.2012396
OHE-26027-00750,TDMS,Insulator replacement,High,12.943903,5.165451,-0.036406703,2.7948716,-0.001924842,3.73824
OHE-26027-00751,TDMS,OHE defect,High,12.381148,4.2668176,0.017813962,1.9745317,-0.00033014698,-1.2443012
OHE-26027-00752,TDMS,Traction substation inspection,Low,-15.165001,-4.650244,0.024916582,-2.7398145,-0.00014242828,3.7744782
OHE-26027-00753,TDMS,Contact wire inspection,Medium,-0.9364339,-3.8952355,-0.013480059,0.196944,0.0011493139,-1.2178887
OHE-26027-00754,TDMS,Insulator replacement,Critical,23.834654,10.271216,0.00921409,2.5670946,0.010829457,3.8528605
OHE-26027-00755,TDMS,Sectioning equipment inspection,Medium,-0.87526125,-1.225172,0.016480671,-0.17371733,-0.0014156337,-1.2004849
OHE-26027-00756,TDMS,Contact wire inspection,Medium,-0.8102337,-3.7613559,0.006387984,1.0413691,-0.0028695085,3.7731967
OHE-26027-00757,TDMS,Traction substation inspection,High,13.8770895,7.8839145,0.030705247,2.7826958,-0.0049272073,3.8646295
OHE-26027-00758,TDMS,Preventive OHE maintenance,Low,-14.893618,-6.3234363,0.064116664,0.025810966,0.022397453,-1.2553092
OHE-26027-00759,TDMS,Preventive OHE maintenance,Critical,23.948284,8.806128,0.010832056,3.0411973,-0.0163858,-0.9873861
OHE-26027-00760,TDMS,Preventive OHE maintenance,Low,-13.661384,-4.566323,0.043151125,2.306882,0.00970019,3.687838
OHE-26027-00761,TDMS,Insulator replacement,Low,-15.807552,-5.930448,-0.027209578,-3.9849794,0.0003630637,-1.1229651
OHE-26027-00762,TDMS,Sectioning equipment inspection,Medium,-0.48675004,-0.40296835,0.029464424,0.68880093,-0.0005720376,-1.1774346
OHE-26027-00763,TDMS,Pantograph interaction issue,Medium,-0.8425069,-2.5450351,0.0057426845,-0.9781202,-0.0022391374,-1.1901491
OHE-26027-00764,TDMS,Pantograph interaction issue,Low,-16.270515,-7.340216,0.03456502,-2.6493545,-0.0010297814,-1.1321313
OHE-26027-00765,TDMS,Traction substation inspection,Medium,-0.7183253,-0.6389021,0.021063449,-0.22088468,-0.0011623247,-1.1865207
OHE-26027-00766,TDMS,Preventive OHE maintenance,Medium,-1.1170045,-4.1473255,-0.0278939,-0.5942541,-0.0005978605,-1.1943018
OHE-26027-00767,TDMS,Traction substation inspection,High,12.785732,4.7798214,0.027159197,3.6046524,0.003735563,-1.2284602
OHE-26027-00768,TDMS,Pantograph interaction issue,Medium,-0.57885253,-4.236453,0.0045514973,3.0457685,-0.0009804759,-1.2086109
OHE-26027-00769,TDMS,Traction substation inspection,Medium,-0.96849155,-3.5966215,0.012725181,-0.74862266,-0.001311312,3.797226
OHE-26027-00770,TDMS,Contact wire inspection,Medium,-0.11439903,1.3659009,0.001632475,-1.0747741,-0.0009186585,-1.1783097
OHE-26027-00771,TDMS,Insulator replacement,Medium,-0.35116154,0.16896202,0.015275635,0.74801517,0.0005647204,-1.1913896
OHE-26027-00772,TDMS,Traction substation inspection,Medium,-0.2985286,0.57737446,-0.011160637,-1.147929,0.00015868763,3.7903633
OHE-26027-00773,TDMS,OHE defect,Low,-14.037378,-4.762233,0.029776175,1.3892858,0.006846156,3.75355
OHE-26027-00774,TDMS,Sectioning equipment inspection,Low,-16.164783,-8.027717,0.0015921236,-2.069076,-0.0043937434,3.7349515
OHE-26027-00775,TDMS,Contact wire inspection,Medium,-0.9392174,-1.5517923,0.017856438,-0.18911387,-0.0018028867,-1.1958021
OHE-26027-00776,TDMS,Contact wire inspection,High,13.1310005,6.2592053,0.016721373,1.9682171,-0.00080981443,-1.2265058
OHE-26027-00777,TDMS,OHE defect,Medium,0.048648722,0.45259398,0.012670509,1.527145,-0.0007961905,-1.202762
OHE-26027-00778,TDMS,Pantograph interaction issue,Medium,-1.1035765,-4.1220202,-0.02898007,-0.6860113,0.0115030855,3.7467935
OHE-26027-00779,TDMS,Contact wire inspection,Medium,-0.76068217,-1.237471,0.018640365,0.70888656,0.015723335,-1.1987187
OHE-26027-00780,TDMS,Pantograph interaction issue,Low,-16.657333,-8.410931,0.012005729,-3.5131023,0.00046461404,-1.1410304
OHE-26027-00781,TDMS,OHE defect,Low,-14.841853,-6.8608947,0.046934064,1.3246156,-0.00035750927,-1.2354742
OHE-26027-00782,TDMS,Contact wire inspection,Medium,-1.1184608,-4.144395,-0.028615998,-0.59832597,0.0074618445,-1.1989876
OHE-26027-00783,TDMS,Preventive OHE maintenance,Medium,-0.9477211,-3.704024,-0.0017947765,-0.6687805,-0.0019804211,-1.2075152
OHE-26027-00784,TDMS,Sectioning equipment inspection,Medium,0.37333527,2.967503,-0.019311085,0.7209335,0.0005268703,-1.1971492
OHE-26027-00785,TDMS,Pantograph interaction issue,Low,-15.359827,-4.647328,-0.0019129444,-3.3378842,0.0007296717,3.7725859
OHE-26027-00786,TDMS,OHE defect,Low,-14.735882,-6.644196,0.04496666,1.3168643,-0.00092794164,-1.2464502
OHE-26027-00787,TDMS,Insulator replacement,Medium,-0.4298577,0.1601886,0.010912627,-0.270685,0.00047482707,3.7630613
OHE-26027-00788,TDMS,Contact wire inspection,Medium,-0.72398746,-0.7595552,-0.008281801,-1.1436224,-0.0011139835,-1.1794513
OHE-26027-00789,TDMS,Traction substation inspection,Low,-16.39085,-8.307703,-0.005889993,-2.8490107,0.0018992696,3.6893742
OHE-26027-00790,TDMS,Traction substation inspection,Low,-13.990329,-5.4364357,0.08315863,3.1140904,-0.0035907854,-1.2673018
OHE-26027-00791,TDMS,OHE defect,Medium,0.6541911,2.8464637,0.027493777,2.4832475,-0.0025591329,3.7672508
OHE-26027-00792,TDMS,Sectioning equipment inspection,Medium,-0.11549437,1.3663161,0.0063031707,-1.0768433,-0.00043442872,-1.178419
OHE-26027-00793,TDMS,Insulator replacement,Medium,-0.06626492,0.9357719,-0.037995316,0.70901877,-0.0013019192,-1.1829535
OHE-26027-00794,TDMS,Traction substation inspection,Low,-15.490712,-5.4867015,0.012511539,-2.772103,0.002844834,3.7052963
OHE-26027-00795,TDMS,OHE defect,Low,-15.813358,-5.8872747,-0.05815963,-4.0474973,-0.0005459764,3.743385
OHE-26027-00796,TDMS,Sectioning equipment inspection,Medium,0.5779675,2.2040775,0.0038469716,2.6073637,0.00031714275,-1.2223291
OHE-26027-00797,TDMS,OHE defect,High,12.226011,2.6986523,0.018358087,2.307713,0.0007255342,-1.2216733
OHE-26027-00798,TDMS,Preventive OHE maintenance,Medium,-0.7766758,-3.334166,-0.022449998,0.18595223,-0.0017590479,-1.2150743
OHE-26027-00799,TDMS,Sectioning equipment inspection,Medium,-0.42429864,-0.42077434,-0.0141159715,0.66226584,-0.0013865212,-1.1795247
OHE-26027-00800,TDMS,Preventive OHE maintenance,Low,-15.150203,-5.5233803,0.0007602171,-1.2277517,-0.0044464073,3.7692058
OHE-26027-00801,TDMS,OHE defect,Low,-14.54429,-3.9846597,0.08864153,-1.2429754,-0.0015069388,-1.1765087
OHE-26027-00802,TDMS,Pantograph interaction issue,High,12.713663,5.2727704,0.01408624,1.9510345,0.0015508871,3.735592
OHE-26027-00803,TDMS,Sectioning equipment inspection,High,13.357404,6.5687323,0.017579172,1.9664161,-0.0013880902,-1.2328914
OHE-26027-00804,TDMS,Sectioning equipment inspection,Medium,-0.13096587,0.9554796,0.016245091,0.7238217,0.0011798695,-1.1859174
OHE-26027-00805,TDMS,Contact wire inspection,Low,-14.582649,-4.8279023,0.030026834,-0.5902096,0.006976419,3.7017121
OHE-26027-00806,TDMS,Preventive OHE maintenance,Low,-16.020674,-8.544508,0.0016909037,-1.4458786,-7.928723e-05,3.6577044
OHE-26027-00807,TDMS,Contact wire inspection,Critical,24.56284,11.76615,0.013247717,2.5676122,-0.007528757,-0.88659304
OHE-26027-00808,TDMS,Insulator replacement,High,13.879448,6.977518,-0.033224203,3.6010232,0.0003681921,3.7989945
OHE-26027-00809,TDMS,Preventive OHE maintenance,Low,-14.122192,-4.9115896,0.07405778,1.3336673,-0.002658897,-1.2725368
OHE-26027-00810,TDMS,Contact wire inspection,Medium,0.40017718,1.1064045,0.02985978,3.6001947,-0.001694419,-1.2152754
OHE-26027-00811,TDMS,Contact wire inspection,Medium,0.6075857,3.1938736,0.04461951,1.4599909,-0.00057973736,-1.1926906
OHE-26027-00812,TDMS,Preventive OHE maintenance,Low,-15.657146,-5.513711,0.05346957,-3.3283756,0.00018027223,-1.1105527
OHE-26027-00813,TDMS,OHE defect,Medium,-0.8856763,-1.499018,0.010473245,-0.25694248,0.0005989309,3.7734025
OHE-26027-00814,TDMS,Contact wire inspection,Medium,-0.34854886,-3.7553527,0.012410829,3.9623735,-0.0012741063,-1.2222766
OHE-26027-00815,TDMS,Contact wire inspection,Low,-14.412264,-4.8243465,-0.012257439,0.11380875,-0.00088156917,-1.2299062
OHE-26027-00816,TDMS,Traction substation inspection,High,12.670604,4.671588,0.0207216,2.8112373,-0.00047062177,-1.232523
OHE-26027-00817,TDMS,OHE defect,Medium,0.12422474,0.3366427,0.026718393,2.6724048,-0.0005499256,-1.2114954
OHE-26027-00818,TDMS,Traction substation inspection,Medium,0.1880193,1.0002903,0.031182759,1.4530948,0.0061319685,3.78196
OHE-26027-00819,TDMS,Sectioning equipment inspection,Medium,0.16893868,3.0520113,0.013622155,-0.2399441,-0.00048364195,3.7751129
OHE-26027-00820,TDMS,Preventive OHE maintenance,High,13.659389,7.0994706,0.013690509,2.8174608,-0.0015291574,-1.2307913
OHE-26027-00821,TDMS,Pantograph interaction issue,Medium,-0.3120499,-2.4771645,0.021261513,2.794271,0.0012297293,-1.2131768
OHE-26027-00822,TDMS,Contact wire inspection,Medium,-0.16865195,1.3379979,0.0071083806,-0.25166076,0.0004973744,3.8281438
OHE-26027-00823,TDMS,Pantograph interaction issue,Medium,-0.3662451,-2.3469658,0.009930564,1.6858581,0.0008929998,-1.2048382
OHE-26027-00824,TDMS,Contact wire inspection,Medium,-0.9458315,-1.6821553,0.012009608,-1.0937016,-0.001459878,-1.1865845
OHE-26027-00825,TDMS,OHE defect,Critical,23.948738,8.816001,0.0131688155,3.0521872,-0.0027054988,-0.98606706
OHE-26027-00826,TDMS,Insulator replacement,Low,-15.520646,-9.156576,-0.0024075818,-0.16948001,-0.007868471,3.639422
OHE-26027-00827,TDMS,Traction substation inspection,Medium,0.34471357,1.1932646,0.013441561,2.5380619,0.0024902413,3.7929926
OHE-26027-00828,TDMS,Sectioning equipment inspection,Medium,-0.17483702,0.68830884,0.026484659,0.77078164,0.00028555343,-1.1899455
OHE-26027-00829,TDMS,Pantograph interaction issue,Low,-14.181305,-5.114404,0.033859327,1.371893,0.0111473715,3.689643
OHE-26027-00830,TDMS,Insulator replacement,Low,-15.479631,-8.356262,0.031198245,0.028437516,-0.0023388,-1.1898613
OHE-26027-00831,TDMS,Contact wire inspection,Medium,0.7570154,2.2370212,-0.02640026,3.5898316,0.0009052597,-1.2163767
OHE-26027-00832,TDMS,Sectioning equipment inspection,Medium,-0.24547915,0.22879137,0.008422765,0.67599285,0.0009500507,3.7665246
OHE-26027-00833,TDMS,Preventive OHE maintenance,Critical,24.523647,10.545758,0.012313699,3.1766171,-0.011753012,-0.90581876
OHE-26027-00834,TDMS,Preventive OHE maintenance,Medium,-0.06992067,0.9372651,-0.02643301,0.71106255,-0.00056922005,-1.1855979
OHE-26027-00835,TDMS,Pantograph interaction issue,Low,-16.05123,-7.118705,0.030456556,-1.9747463,-0.0020700588,-1.1765357
OHE-26027-00836,TDMS,Insulator replacement,Medium,0.3681493,3.0338392,-0.038667623,0.6443832,0.00074207,3.7753003
OHE-26027-00837,TDMS,Preventive OHE maintenance,Medium,-0.19391495,0.6890104,0.028581096,0.77859616,0.014549749,-1.1836163
OHE-26027-00838,TDMS,OHE defect,Low,-14.209788,-5.11163,0.03854931,1.369423,-0.0045907507,3.673816
OHE-26027-00839,TDMS,Traction substation inspection,Low,-15.654006,-7.9201083,0.0216069,-0.671622,-0.001337654,-1.2168232
OHE-26027-00840,TDMS,Sectioning equipment inspection,Medium,-0.34512204,0.52538323,-0.004392835,-1.0889299,0.00065155025,-1.1845921
OHE-26027-00841,TDMS,Traction substation inspection,High,12.941457,5.068309,0.0198387,3.6070004,0.003981314,3.8220944
OHE-26027-00842,TDMS,Pantograph interaction issue,High,13.551194,6.452834,0.009972234,3.6205225,0.0022290074,3.7352402
OHE-26027-00843,TDMS,Pantograph interaction issue,Medium,0.39950386,1.106327,0.029435772,3.600518,0.0008836771,-1.2154607
OHE-26027-00844,TDMS,Preventive OHE maintenance,Low,-15.608746,-5.805821,0.03527275,-1.9597745,-0.0027816168,-1.1795466
OHE-26027-00845,TDMS,Pantograph interaction issue,High,12.358104,3.4196224,0.019096117,2.225621,-0.0015103781,-1.2185192
OHE-26027-00846,TDMS,Sectioning equipment inspection,Medium,-0.6805718,-2.459635,0.025577312,0.6828488,-0.00040475745,3.7557108
OHE-26027-00847,TDMS,Insulator replacement,Low,-15.7453985,-5.7287335,-0.037445195,-4.067032,-0.0001841808,3.6748571
OHE-26027-00848,TDMS,Preventive OHE maintenance,Medium,-0.8405905,-2.5030668,0.0032747986,-0.13711089,0.0004148448,-1.203654
OHE-26027-00849,TDMS,Preventive OHE maintenance,High,12.768927,5.134924,0.009586543,1.0299202,0.004879222,3.7114804
OHE-26027-00850,TDMS,OHE defect,High,13.67072,7.2134843,0.0091231745,1.0891119,0.0017308528,3.7478933
OHE-26027-00851,TDMS,Traction substation inspection,High,12.899073,5.235939,0.014682461,2.820328,-0.0013720507,-1.2210693
OHE-26027-00852,TDMS,Traction substation inspection,Medium,-0.89508885,-1.3969243,-0.009662439,-1.1368256,-0.00015150294,-1.1879544
OHE-26027-00853,TDMS,Pantograph interaction issue,Medium,0.18985818,1.0032277,0.023854507,1.4482375,-0.0060167625,3.7760124
OHE-26027-00854,TDMS,Preventive OHE maintenance,Medium,-0.7838735,-3.1012673,-0.015551244,-0.6897623,-0.0005952018,-1.1987476
OHE-26027-00855,TDMS,Sectioning equipment inspection,Low,-14.267757,-6.0354633,0.06999172,3.2062497,-0.00012782234,-1.2403318
OHE-26027-00856,TDMS,Preventive OHE maintenance,Medium,-0.647243,-3.3215303,-0.020604251,1.0891536,-0.00025456087,-1.2114213
OHE-26027-00857,TDMS,Traction substation inspection,High,12.471203,2.7254806,0.02233999,3.0403204,-0.0025183673,-1.2153525
OHE-26027-00858,TDMS,Sectioning equipment inspection,Medium,0.6922927,3.0037513,-0.020232445,2.5615926,0.014817335,-1.1938379
OHE-26027-00859,TDMS,OHE defect,Low,-16.240824,-6.936632,-0.03134916,-4.0517664,0.00013614805,-1.1148314
OHE-26027-00860,TDMS,Sectioning equipment inspection,Medium,0.16950165,0.7291934,0.020628741,1.4801883,-0.0009831359,3.7736683
OHE-26027-00861,TDMS,Traction substation inspection,Medium,-0.29764253,0.5780952,-0.016505644,-1.1462623,0.0014994697,3.788359
OHE-26027-00862,TDMS,Sectioning equipment inspection,Medium,-0.33665928,-3.1026657,0.021832602,3.0145829,-0.0019379449,-1.2132441
OHE-26027-00863,TDMS,Pantograph interaction issue,Low,-15.27508,-6.5550523,0.040904157,-0.58367854,-0.0014575311,-1.2086563
OHE-26027-00864,TDMS,Traction substation inspection,Medium,0.18186353,3.1444426,0.011769311,-1.0583246,-1.496216e-05,-1.1745068
OHE-26027-00865,TDMS,Traction substation inspection,Low,-14.568184,-6.034666,0.04269126,1.3699112,0.0023612725,-1.234457
OHE-26027-00866,TDMS,Preventive OHE maintenance,Critical,23.873903,8.726858,0.012841781,2.327435,0.00068757,-0.9877567
OHE-26027-00867,TDMS,OHE defect,Medium,-0.4861547,-0.24445853,0.02712464,0.68915623,-3.5030804e-05,-1.1820599
OHE-26027-00868,TDMS,Sectioning equipment inspection,Medium,-0.11391227,-0.52833766,0.011414666,2.5310621,0.004131423,3.7058077
OHE-26027-00869,TDMS,Preventive OHE maintenance,Medium,0.18091105,3.1161091,0.005134462,-1.0416511,0.0012782881,-1.1815555
OHE-26027-00870,TDMS,Pantograph interaction issue,High,13.415987,6.3387504,0.012457098,2.8031225,0.0016565803,3.7223468
OHE-26027-00871,TDMS,Contact wire inspection,Low,-13.965036,-5.208524,0.02316698,2.3229651,-0.0015213189,3.6345835
OHE-26027-00872,TDMS,Pantograph interaction issue,Medium,0.022434836,2.0370736,-0.02369573,-0.18651402,5.5251254e-05,-1.1948915
OHE-26027-00873,TDMS,Pantograph interaction issue,High,12.40339,3.0171697,0.01749469,1.4098558,0.0008967135,3.7089446
OHE-26027-00874,TDMS,Pantograph interaction issue,Medium,-0.35402077,-3.4355195,0.009274473,2.8937674,0.0070719444,3.7515047
OHE-26027-00875,TDMS,Preventive OHE maintenance,Medium,-0.9471433,-3.7006106,-0.0030562782,-0.6672886,-0.0018101811,-1.2074097
OHE-26027-00876,TDMS,Sectioning equipment inspection,Low,-13.6631975,-4.638886,0.109221295,2.3842185,-0.0019293014,-1.265947
OHE-26027-00877,TDMS,OHE defect,Low,-14.777261,-5.83434,0.055500902,0.20671196,-0.0015355165,-1.210868
OHE-26027-00878,TDMS,Traction substation inspection,Medium,-0.39374194,0.42157716,0.02284506,-0.171869,-0.00022115507,-1.1953301
OHE-26027-00879,TDMS,Sectioning equipment inspection,Low,-16.452398,-8.104676,0.020342669,-2.710189,0.0006552321,-1.1184343
OHE-26027-00880,TDMS,Contact wire inspection,Medium,-0.25695556,-3.5134861,0.014044686,3.931799,-0.0019081887,-1.2174283
OHE-26027-00881,TDMS,Traction substation inspection,High,13.772905,7.3869176,0.012056458,2.7760313,-0.00042485798,-1.234239
OHE-26027-00882,TDMS,Insulator replacement,Low,-13.4972925,-3.8691165,0.11834404,3.1246188,-0.0015429789,-1.2225068
OHE-26027-00883,TDMS,Contact wire inspection,Critical,23.934423,9.108827,0.016882978,2.3240256,-0.0008922455,-0.9889274
OHE-26027-00884,TDMS,Sectioning equipment inspection,Medium,-1.1111287,-4.135433,-0.030975707,-0.6883851,-0.0034762912,3.7367413
OHE-26027-00885,TDMS,OHE defect,Critical,24.622837,11.423231,0.013957997,3.2975194,-0.0026974909,-0.8685221
OHE-26027-00886,TDMS,Contact wire inspection,High,12.799317,4.7878184,0.0129289385,3.5762463,-0.0048666233,-1.2296723
OHE-26027-00887,TDMS,Sectioning equipment inspection,Medium,-0.03858161,1.9278859,0.0036635573,-1.0824087,0.00046629945,-1.1891886
OHE-26027-00888,TDMS,Preventive OHE maintenance,Medium,0.28850725,0.5831908,0.029816275,3.6534834,-0.0014026702,-1.2023479
OHE-26027-00889,TDMS,Preventive OHE maintenance,Medium,0.19539176,3.1617033,-0.0053197043,-1.1242472,0.00020684542,3.7693324
OHE-26027-00890,TDMS,Traction substation inspection,Low,-16.536957,-7.788325,0.024836294,-3.3644822,-0.0011688289,-1.1505847
OHE-26027-00891,TDMS,Contact wire inspection,Medium,0.12605731,2.5264184,0.004141787,-1.0773233,-0.0014581099,-1.190299
OHE-26027-00892,TDMS,OHE defect,Critical,24.609116,11.0463295,0.014087108,3.253675,-0.010225018,-0.878801
OHE-26027-00893,TDMS,Traction substation inspection,Low,-16.365519,-7.8392563,0.0304692,-2.6766822,-0.0003014711,-1.1160235
OHE-26027-00894,TDMS,Sectioning equipment inspection,Medium,0.028354483,2.2159367,0.0037592791,-1.0866076,-0.0017970687,-1.1949835
OHE-26027-00895,TDMS,OHE defect,Medium,0.23305513,1.270541,0.027577357,1.550721,-0.00018922257,-1.2158556
OHE-26027-00896,TDMS,Contact wire inspection,Low,-15.677148,-5.7387047,0.05339575,-2.6666532,0.002367079,-1.1240463
OHE-26027-00897,TDMS,Preventive OHE maintenance,Medium,-0.6467618,-2.5018322,-0.01087222,0.7252311,0.00045525236,-1.1960952
OHE-26027-00898,TDMS,Sectioning equipment inspection,High,12.590528,3.3561807,0.011372943,2.9275293,0.003270956,3.7275643
OHE-26027-00899,TDMS,Contact wire inspection,Medium,0.6410447,3.2339954,0.020574005,1.4200929,0.000962974,3.7715354
OHE-26027-00900,TDMS,OHE defect,Medium,-0.89711,-1.3894424,-0.013537274,-1.138856,-0.00040407394,-1.1888216
OHE-26027-00901,TDMS,OHE defect,Medium,0.15513746,2.8686817,0.006883371,-1.0832869,-0.0019144062,-1.1824286
OHE-26027-00902,TDMS,Pantograph interaction issue,High,12.365683,3.3468134,0.02215183,1.3704475,0.008345126,-1.2092866
OHE-26027-00903,TDMS,Insulator replacement,Low,-16.797943,-9.318703,-0.04824495,-4.08459,0.011135991,-1.1499223
OHE-26027-00904,TDMS,Traction substation inspection,Low,-14.22837,-5.982813,0.047505856,2.2051997,-0.0011353212,3.635713
OHE-26027-00905,TDMS,OHE defect,Low,-16.705923,-9.296937,-0.0585895,-4.1790643,-0.00409627,3.7420485
OHE-26027-00906,TDMS,Sectioning equipment inspection,Critical,23.812822,10.089072,-0.019552005,2.5279922,0.014647223,3.8488522
OHE-26027-00907,TDMS,Sectioning equipment inspection,Critical,24.623892,10.619191,-0.016326282,2.3945935,-0.0027262738,-0.92586684
OHE-26027-00908,TDMS,Pantograph interaction issue,Low,-16.657934,-8.408974,0.01060319,-3.5130506,-0.0020464992,-1.1385217
OHE-26027-00909,TDMS,Pantograph interaction issue,High,12.466937,4.792092,0.020116508,1.9701266,-0.00032017042,-1.2587003
OHE-26027-00910,TDMS,Traction substation inspection,Critical,24.605616,11.041558,0.0252675,3.261537,-0.011339575,-0.874785
OHE-26027-00911,TDMS,Pantograph interaction issue,Low,-14.98239,-5.0087047,-0.03960509,-1.2398366,-0.00094525045,-1.2093768
OHE-26027-00912,TDMS,Insulator replacement,Low,-14.947942,-7.8460555,-0.023280675,2.257454,-0.007266208,3.7118485
OHE-26027-00913,TDMS,Contact wire inspection,High,12.5276,4.6695194,0.018709581,1.0663964,8.398375e-06,-1.2411047
OHE-26027-00914,TDMS,OHE defect,Medium,-0.48680827,-0.40833464,0.028245663,0.6862164,0.0005698004,-1.1799101
OHE-26027-00915,TDMS,Insulator replacement,Low,-16.702492,-8.80945,-0.044288248,-4.1194377,-0.0016393048,-1.1332729
OHE-26027-00916,TDMS,Traction substation inspection,Medium,0.34383452,1.1908563,0.019428324,2.5414546,0.0063538454,3.7974448
OHE-26027-00917,TDMS,Pantograph interaction issue,Medium,-0.13304722,1.393566,-0.0057681105,-1.1566417,-0.011531927,3.7464345
OHE-26027-00918,TDMS,Sectioning equipment inspection,Low,-15.65689,-5.5136023,0.054707497,-3.3267958,0.00021584456,-1.1106993
OHE-26027-00919,TDMS,Traction substation inspection,Medium,0.7109047,2.2710044,0.047307473,3.622546,0.008826291,-1.208816
OHE-26027-00920,TDMS,Sectioning equipment inspection,High,12.588124,4.0058923,0.013555641,2.8708038,0.00025533463,-1.2251935
OHE-26027-00921,TDMS,Insulator replacement,High,13.219338,5.988222,0.009910935,2.7983458,-2.4015479e-05,3.771988
OHE-26027-00922,TDMS,Traction substation inspection,High,12.39815,3.3807974,0.0065207765,2.2033443,0.0037634205,3.7160327
OHE-26027-00923,TDMS,Pantograph interaction issue,Medium,-0.7757807,-0.90081245,0.00885144,-0.3220932,0.002803377,3.7913926
OHE-26027-00924,TDMS,Sectioning equipment inspection,Medium,-0.5204244,-4.0104637,0.0071188314,3.0358763,-0.00070871424,-1.2199212
OHE-26027-00925,TDMS,Traction substation inspection,Medium,-1.0594373,-4.112167,0.0023385421,0.23875283,-0.00061680295,-1.2022954
OHE-26027-00926,TDMS,Preventive OHE maintenance,Low,-14.687667,-7.2341166,0.057987873,3.1194286,-0.0024846215,-1.2467937
OHE-26027-00927,TDMS,Contact wire inspection,High,13.523748,7.0071535,0.009991606,1.9911047,0.0014405175,3.7860587
OHE-26027-00928,TDMS,Preventive OHE maintenance,Low,-14.956953,-5.5495496,0.04766377,-0.5638165,-0.0018438015,-1.2043879
OHE-26027-00929,TDMS,Sectioning equipment inspection,High,12.885756,5.170392,0.013053676,2.8056695,0.0027512894,3.7444575
OHE-26027-00930,TDMS,Traction substation inspection,High,12.866283,5.4424644,0.009922345,1.0454906,0.003241636,3.7156253
OHE-26027-00931,TDMS,Insulator replacement,Medium,0.25110656,3.120123,-0.036479704,-1.0994667,0.0009885432,3.7678127
OHE-26027-00932,TDMS,Preventive OHE maintenance,Low,-14.628537,-4.2538705,0.086233325,-1.2588458,-0.00089026336,-1.1752193
OHE-26027-00933,TDMS,Preventive OHE maintenance,Medium,-0.41408935,-3.9477835,-0.004843247,2.9024806,-0.006707452,3.7578297
OHE-26027-00934,TDMS,Preventive OHE maintenance,Medium,-1.0546197,-3.96003,-0.030077863,-0.6477208,-0.0021324235,-1.2055398
OHE-26027-00935,TDMS,Preventive OHE maintenance,Medium,-0.1224041,1.3873926,0.014452192,-1.1334473,0.0014946955,3.776492
OHE-26027-00936,TDMS,Sectioning equipment inspection,Low,-15.816744,-6.2992496,0.04111987,-2.0203526,-0.0028729124,-1.1526567
OHE-26027-00937,TDMS,Insulator replacement,High,13.876809,7.6270633,-0.03240952,2.7582455,-0.00029295322,-1.2354496
OHE-26027-00938,TDMS,Pantograph interaction issue,Low,-16.174625,-7.601006,0.031378068,-2.0006566,-0.0010333243,-1.1694152
OHE-26027-00939,TDMS,Traction substation inspection,Medium,-0.13355544,0.9618538,0.02833234,0.7321156,0.00023854182,-1.1857734
OHE-26027-00940,TDMS,OHE defect,Low,-14.7598915,-7.3661127,0.04997441,2.2065434,-0.0016922312,-1.2478067
OHE-26027-00941,TDMS,Pantograph interaction issue,Low,-15.331462,-4.4931736,0.0910071,-3.3135717,-0.0015159987,-1.1299597
OHE-26027-00942,TDMS,Sectioning equipment inspection,Low,-15.163898,-9.096378,0.0045322413,2.1364107,-0.0043352176,3.6743758
OHE-26027-00943,TDMS,Insulator replacement,Critical,24.682215,11.418133,-0.03336618,3.2710576,-0.012948244,-0.8631053
OHE-26027-00944,TDMS,Pantograph interaction issue,Low,-13.634809,-4.597244,0.07946655,3.074783,0.001656353,3.660977
OHE-26027-00945,TDMS,Pantograph interaction issue,Low,-14.889068,-5.0160027,0.059453283,-1.276709,0.0010205243,-1.1993973
OHE-26027-00946,TDMS,OHE defect,High,13.631032,7.3336425,0.015416023,1.9983141,0.00077498413,3.7792394
OHE-26027-00947,TDMS,Sectioning equipment inspection,Low,-14.388445,-4.247807,0.030423561,-0.6733083,0.0070167924,3.7427633
OHE-26027-00948,TDMS,Traction substation inspection,Low,-13.896937,-5.2238603,0.095392756,3.1232066,0.00033465598,-1.2400742
OHE-26027-00949,TDMS,Pantograph interaction issue,High,13.346945,6.5671864,0.016010229,1.976417,-0.0013675386,-1.2318356
OHE-26027-00950,TDMS,Pantograph interaction issue,Low,-14.722091,-5.114749,0.057227913,-0.62143326,0.00095002726,-1.2223773
OHE-26027-00951,TDMS,Sectioning equipment inspection,Medium,0.05859253,0.18676159,-0.02695795,1.4426783,0.0049047354,3.7726984
OHE-26027-00952,TDMS,Traction substation inspection,Medium,-0.24520731,-0.9717358,0.012733038,2.5430183,0.0019057018,3.7695286
OHE-26027-00953,TDMS,Preventive OHE maintenance,Low,-13.924727,-3.9399753,-0.08322053,1.322486,0.0004167923,-1.2559696
OHE-26027-00954,TDMS,Sectioning equipment inspection,Medium,-1.1172951,-4.1463256,-0.028409513,-0.5935543,-0.0015220173,-1.1927073
OHE-26027-00955,TDMS,Insulator replacement,Low,-15.122469,-8.617002,0.04606519,2.1615605,0.0005028587,-1.2431971
OHE-26027-00956,TDMS,Preventive OHE maintenance,Low,-13.987084,-4.658875,0.1044633,1.3074093,-0.0020838773,-1.2608771
OHE-26027-00957,TDMS,Pantograph interaction issue,Medium,-0.18477455,-2.5168839,0.008041321,3.734402,-0.0014130499,-1.2158433
OHE-26027-00958,TDMS,Insulator replacement,Medium,-0.2076815,-0.7449886,0.019426709,2.604329,-0.0006350201,-1.2037691
OHE-26027-00959,TDMS,Sectioning equipment inspection,High,12.466888,4.791761,0.01993127,1.9711214,-0.00067042094,-1.258781
OHE-26027-00960,TDMS,Insulator replacement,Low,-13.743988,-4.8033614,0.03783209,3.1714232,0.0037640068,3.6705089
OHE-26027-00961,TDMS,Contact wire inspection,Medium,-0.2585587,-3.4974804,0.013404935,3.9142141,-0.0012870887,-1.2185464
OHE-26027-00962,TDMS,Pantograph interaction issue,Medium,-0.5363807,-0.0038594883,-0.007750626,-1.1240941,-0.0020445362,-1.1780444
OHE-26027-00963,TDMS,Pantograph interaction issue,Low,-16.446873,-8.345783,0.016141078,-2.6981313,0.00040636715,-1.116603
OHE-26027-00964,TDMS,Contact wire inspection,Medium,0.16557805,2.1712723,0.016985407,0.6747778,0.0009202204,3.7506356
OHE-26027-00965,TDMS,OHE defect,Medium,0.40117118,1.1003555,0.01314002,3.583338,-0.0016137358,-1.2197309
OHE-26027-00966,TDMS,Preventive OHE maintenance,High,12.861508,4.774993,-0.021357423,3.565624,-0.0029376254,-1.2310311
OHE-26027-00967,TDMS,Sectioning equipment inspection,Medium,0.15467387,2.8668246,0.0007881488,-1.0854912,-0.00035699358,-1.1846622
OHE-26027-00968,TDMS,Preventive OHE maintenance,High,12.62458,2.7521322,0.008065412,3.7242901,-0.0040844753,-1.2141904
OHE-26027-00969,TDMS,Insulator replacement,Low,-16.626602,-8.714185,-0.0026079896,-3.4496086,-0.0033528998,3.7699463
OHE-26027-00970,TDMS,Sectioning equipment inspection,High,12.702257,4.9408007,0.021440128,2.8226976,-0.0007920439,-1.2502172
OHE-26027-00971,TDMS,Contact wire inspection,Medium,-0.03857292,1.9576141,0.011669772,-1.1033651,-0.0009430762,-1.1803851
OHE-26027-00972,TDMS,Sectioning equipment inspection,Low,-15.864206,-6.2448096,0.036380783,-2.6550026,-0.0020349072,-1.1378019
OHE-26027-00973,TDMS,Contact wire inspection,Medium,-0.16087873,-3.0955641,0.016039096,3.8451893,-0.0028581528,3.740974
OHE-26027-00974,TDMS,Sectioning equipment inspection,Medium,-0.12015521,0.713404,0.0072243297,0.65329343,0.0052863443,3.7436442
OHE-26027-00975,TDMS,OHE defect,Medium,-0.32268345,-1.640095,0.021533016,3.6026735,-0.0021346796,-1.214407
OHE-26027-00976,TDMS,Contact wire inspection,Low,-14.855819,-4.023517,0.0056015663,-1.9676316,-0.0028270662,3.6921616
OHE-26027-00977,TDMS,Pantograph interaction issue,Low,-14.676041,-5.0306096,0.024359578,-0.65469193,-0.00609722,3.702411
OHE-26027-00978,TDMS,Traction substation inspection,Critical,24.293884,10.1277895,0.027335633,3.14086,-0.0071660895,-0.9200089
OHE-26027-00979,TDMS,Traction substation inspection,Medium,-0.49255595,-1.7650884,0.017790373,1.6160823,-0.0002834148,-1.2004496
OHE-26027-00980,TDMS,Contact wire inspection,Low,-15.686314,-5.2167296,-0.06584656,-3.2816615,-0.003392805,-1.1380283
OHE-26027-00981,TDMS,Sectioning equipment inspection,Medium,-0.09451676,0.7035334,-0.01632472,0.65259606,0.0040702033,3.7533383
OHE-26027-00982,TDMS,Contact wire inspection,Low,-16.037022,-7.1277776,0.023581149,-1.9744866,-0.0019167758,-1.1761092
OHE-26027-00983,TDMS,Preventive OHE maintenance,Critical,24.015862,8.805779,-0.017180128,3.0464776,0.013383397,-0.9910679
OHE-26027-00984,TDMS,OHE defect,Medium,0.027867112,2.24577,0.008452994,-1.1053094,-0.00039204644,-1.189513
OHE-26027-00985,TDMS,OHE defect,Low,-16.473612,-7.505957,0.025451364,-3.336178,0.030868111,-1.1909795
OHE-26027-00986,TDMS,OHE defect,Medium,-0.85167557,-4.0896015,-0.01663355,1.1237708,-0.0019334954,-1.2036027
OHE-26027-00987,TDMS,Preventive OHE maintenance,Medium,-0.79450244,-3.4796603,0.00585484,1.0314728,0.00038652064,3.782416
OHE-26027-00988,TDMS,Sectioning equipment inspection,Medium,-0.81252635,-1.582151,0.017869046,0.69401014,-0.00026354243,-1.1955007
OHE-26027-00989,TDMS,Insulator replacement,Low,-16.538998,-9.559343,0.02098254,-2.7950342,-0.0022588249,-1.1486787
OHE-26027-00990,TDMS,Preventive OHE maintenance,High,13.377042,6.09074,0.009901039,3.5844743,-0.008018962,3.7739525
OHE-26027-00991,TDMS,Contact wire inspection,Medium,0.20829992,0.08337581,0.010803543,3.5432677,0.0006438938,3.735218
OHE-26027-00992,TDMS,Preventive OHE maintenance,Low,-13.768939,-4.6123853,-0.11060152,3.1737506,0.0026055188,-1.261803
OHE-26027-00993,TDMS,OHE defect,High,12.474772,4.4427605,0.012956698,1.1028767,-0.00070978876,-1.218993
OHE-26027-00994,TDMS,Pantograph interaction issue,Medium,-0.8500989,-3.3477566,0.0026979775,0.21142101,-0.0005591579,-1.2156426
OHE-26027-00995,TDMS,Insulator replacement,Medium,-0.7858704,-3.3401644,-0.010613271,0.18989317,-0.0016936141,-1.2157247
OHE-26027-00996,TDMS,Traction substation inspection,High,12.812695,5.5834527,0.013947584,1.9668173,0.0040913937,3.7350957
OHE-26027-00997,TDMS,Sectioning equipment inspection,Low,-15.590168,-7.4129453,0.03581912,-0.661071,0.00031871482,-1.2221965
OHE-26027-00998,TDMS,Pantograph interaction issue,Low,-15.243934,-4.778441,0.088832155,-2.6312711,-0.002127272,-1.1363618
OHE-26027-00999,TDMS,Contact wire inspection,Low,-16.777683,-10.174154,-0.08054639,-4.1724086,-0.002870038,-1.1499561
OHE-26027-01000,TDMS,Contact wire inspection,High,12.27986,2.6672537,0.015393245,2.2832866,-0.004788642,3.732441
OHE-26027-01001,TDMS,Traction substation inspection,Low,-15.389103,-9.197198,-0.00040474592,1.1975199,-0.007299317,3.7065806
OHE-26027-01002,TDMS,Pantograph interaction issue,Low,-15.676826,-7.024087,0.023789054,-1.27716,-0.001005907,-1.2039852
OHE-26027-01003,TDMS,OHE defect,Medium,-0.18781708,-0.20746583,0.0166673,1.4934951,-0.0013663884,-1.1818875
OHE-26027-01004,TDMS,Pantograph interaction issue,Medium,-0.60417867,-4.042789,0.011699323,1.8297598,0.012239716,3.75327
OHE-26027-01005,TDMS,Pantograph interaction issue,Low,-15.474572,-5.631966,0.021439629,-1.9328647,-0.005307968,3.8022163
OHE-26027-01006,TDMS,Preventive OHE maintenance,Medium,-0.8077944,-3.75932,0.009237776,1.048152,-0.0015641028,3.774614
OHE-26027-01007,TDMS,OHE defect,Medium,0.65173966,2.553906,0.014896361,2.501283,0.00034482218,3.793584
OHE-26027-01008,TDMS,Pantograph interaction issue,Medium,-0.85634035,-3.861349,0.010155409,1.1330557,0.00022255987,-1.2175583
OHE-26027-01009,TDMS,Insulator replacement,Medium,-0.20776021,-0.74577856,0.019581065,2.6032088,-0.00010924952,-1.205061
OHE-26027-01010,TDMS,Traction substation inspection,Low,-15.390189,-6.194661,0.009138732,-1.4087508,-0.0027497192,3.6975913
OHE-26027-01011,TDMS,Insulator replacement,Medium,-0.51518697,-4.2346005,-0.014262552,3.0192997,-0.0012484763,-1.2074777
OHE-26027-01012,TDMS,Insulator replacement,High,12.798844,4.788408,0.011265641,3.577199,-0.0030622827,-1.2302773
OHE-26027-01013,TDMS,Traction substation inspection,Medium,-0.49275276,-1.7648838,0.01758317,1.6161646,-0.00014791261,-1.2004681
OHE-26027-01014,TDMS,Preventive OHE maintenance,Medium,-0.35671124,-4.278083,0.0013723841,3.8356483,-0.0042594788,3.7257187
OHE-26027-01015,TDMS,Sectioning equipment inspection,Medium,-0.8812599,-3.433727,-0.033098985,-0.677885,0.000683871,-1.2040719
OHE-26027-01016,TDMS,Traction substation inspection,Medium,-0.2552388,-1.3285377,0.023932949,3.6089158,-0.0014400617,-1.2144052
OHE-26027-01017,TDMS,OHE defect,Medium,0.71070796,2.2713032,0.046907045,3.6228566,0.008826291,-1.2088287
OHE-26027-01018,TDMS,Contact wire inspection,High,13.784747,7.371232,0.005624608,2.790347,-0.0008972337,3.7814243
OHE-26027-01019,TDMS,Traction substation inspection,Low,-16.041304,-7.130791,0.026772967,-1.9745698,0.0011655858,-1.1765665
OHE-26027-01020,TDMS,OHE defect,Medium,-0.12788363,-0.5210538,0.022222735,2.6023855,-0.00059562543,-1.1958466
OHE-26027-01021,TDMS,Sectioning equipment inspection,High,13.490147,6.729258,-0.018381128,1.9816214,-0.0010300259,-1.2481773
OHE-26027-01022,TDMS,OHE defect,Low,-14.482194,-4.5553265,0.036670167,-0.6510758,-0.007959049,3.7195544
OHE-26027-01023,TDMS,Preventive OHE maintenance,Medium,-0.25402552,-1.3289198,0.013222179,3.5916874,-0.004924174,-1.2172437
OHE-26027-01024,TDMS,Contact wire inspection,Low,-15.753384,-5.69892,0.011919324,-2.614645,-0.0057161604,-1.1297823
OHE-26027-01025,TDMS,Sectioning equipment inspection,Low,-16.145712,-7.0076838,0.039378684,-2.6376574,-0.0022628566,-1.1197349
OHE-26027-01026,TDMS,OHE defect,High,12.710678,4.9397764,0.014814752,2.808852,0.001257798,-1.2505962
OHE-26027-01027,TDMS,Contact wire inspection,High,12.779721,5.189078,0.010852104,1.0657294,-0.0012660814,-1.2114664
OHE-26027-01028,TDMS,Traction substation inspection,Medium,-0.7224149,-0.7683396,-0.0053591677,-1.1414145,-0.00012232496,-1.1799254
OHE-26027-01029,TDMS,Preventive OHE maintenance,Low,-14.549897,-5.8930526,0.041035082,1.3162373,-0.002819476,-1.2211311
OHE-26027-01030,TDMS,Preventive OHE maintenance,Medium,-0.8465447,-3.3300354,0.017209006,0.20081995,0.0013082806,-1.215511
OHE-26027-01031,TDMS,Pantograph interaction issue,Medium,-0.63000065,-0.92265964,0.008663378,0.53329057,0.0005187589,3.7776506
OHE-26027-01032,TDMS,OHE defect,Medium,-0.18533146,-2.518531,0.008330925,3.7361455,0.0006449202,-1.2161889
OHE-26027-01033,TDMS,Insulator replacement,Low,-15.076492,-8.720354,0.04980443,3.0905864,-0.0003656821,-1.2371328
OHE-26027-01034,TDMS,Pantograph interaction issue,Medium,-0.65171504,-0.6206866,-0.012621368,-0.30862537,-5.6180565e-05,3.763417
OHE-26027-01035,TDMS,Traction substation inspection,Medium,-0.70919836,-2.5084362,0.0064658616,0.7550828,-0.0017708681,-1.1972859
OHE-26027-01036,TDMS,Pantograph interaction issue,Medium,0.20667861,0.08421294,0.015374253,3.5494716,-5.1683783e-05,3.721239
OHE-26027-01037,TDMS,OHE defect,Medium,-0.6426019,-4.1040354,0.007313392,1.9180315,0.0009881326,-1.2139006
OHE-26027-01038,TDMS,Insulator replacement,High,13.460629,6.611515,0.016369164,1.088515,-0.0016083592,-1.2305841
OHE-26027-01039,TDMS,Insulator replacement,High,12.772896,4.9240313,-0.022326417,2.8053803,-0.0006634812,-1.2545323
OHE-26027-01040,TDMS,Pantograph interaction issue,Medium,-0.23567632,-1.045698,0.029402874,3.5859492,0.022481112,-1.2075078
OHE-26027-01041,TDMS,Traction substation inspection,Low,-13.5070715,-3.90376,0.09388898,3.0614002,0.0037528703,3.624625
OHE-26027-01042,TDMS,Sectioning equipment inspection,Medium,-0.022107255,2.1201847,0.020583218,-0.2578857,-0.00038399533,3.770584
OHE-26027-01043,TDMS,Contact wire inspection,Medium,-0.43394297,-1.1876136,0.021369059,1.5367831,-0.0001633639,-1.2042655
OHE-26027-01044,TDMS,Traction substation inspection,Medium,0.17220162,0.5490934,0.025419153,2.664486,-0.0016100531,-1.2055888
OHE-26027-01045,TDMS,Pantograph interaction issue,High,13.293904,6.1386213,-0.021166926,2.800718,-0.00024339353,-1.2429543
OHE-26027-01046,TDMS,Traction substation inspection,Medium,0.5330251,1.7133671,0.049013842,3.58144,-0.001226888,-1.1933017
OHE-26027-01047,TDMS,Pantograph interaction issue,Medium,-0.88096714,-3.4357743,-0.030974934,-0.6763133,-0.0012312434,-1.2025875
OHE-26027-01048,TDMS,Traction substation inspection,Medium,0.102099314,0.68373847,0.02719249,1.541148,0.0004342928,-1.200008
OHE-26027-01049,TDMS,Preventive OHE maintenance,High,13.100087,6.0612893,0.015119773,1.9601059,0.0009865037,3.800743
OHE-26027-01050,TDMS,Contact wire inspection,Medium,0.51261777,2.4344594,0.0075125843,1.5780815,-0.001462444,-1.2083846
OHE-26027-01051,TDMS,Insulator replacement,Medium,-0.024233073,-0.5265772,0.011613498,3.5435696,-0.0019860016,-1.19437
OHE-26027-01052,TDMS,Pantograph interaction issue,Medium,-0.8413237,-2.5035455,0.00043640938,-0.14060155,0.00010220282,-1.2077588
OHE-26027-01053,TDMS,Pantograph interaction issue,Medium,0.7629084,2.8263435,0.0450082,3.5689285,0.008754094,-1.2008353
OHE-26027-01054,TDMS,OHE defect,High,12.468063,2.7255766,0.025837686,3.041806,-0.0012435823,-1.2167231
OHE-26027-01055,TDMS,Insulator replacement,Low,-14.583648,-6.0246196,0.061066855,1.3758379,-0.0009037342,-1.2278503
OHE-26027-01056,TDMS,Sectioning equipment inspection,Medium,-0.18324433,-2.4982383,0.019376654,3.7214878,-0.0021809808,-1.2145079
OHE-26027-01057,TDMS,Pantograph interaction issue,High,13.569979,7.2898517,0.014579795,1.9972982,-0.0007002344,-1.2383186
OHE-26027-01058,TDMS,Sectioning equipment inspection,High,13.407524,6.4690685,0.016560344,1.0917947,-0.0022385095,-1.2192563
OHE-26027-01059,TDMS,Insulator replacement,Medium,-0.6308762,-3.242944,-0.031189049,1.0209069,0.00030032932,3.7694726
OHE-26027-01060,TDMS,Sectioning equipment inspection,Medium,-0.23497571,1.0747697,-0.0041670017,-1.1159028,0.00012821585,-1.2021594
OHE-26027-01061,TDMS,Preventive OHE maintenance,Medium,0.77950656,3.0564277,0.04024888,3.5429592,-0.001953218,-1.1874579
OHE-26027-01062,TDMS,Insulator replacement,High,12.388618,3.8704135,0.015239078,1.2471076,-0.0011485214,-1.2100265
OHE-26027-01063,TDMS,Contact wire inspection,High,12.226347,2.6968176,0.009336705,2.3026578,-0.00096887327,-1.2220762
OHE-26027-01064,TDMS,Preventive OHE maintenance,Low,-14.432525,-4.377316,0.092996016,-0.6294232,-0.0013890765,-1.2300575
OHE-26027-01065,TDMS,Insulator replacement,Medium,-0.09509062,1.8187721,0.009308626,-0.18309237,0.0010662288,-1.1929516
OHE-26027-01066,TDMS,Contact wire inspection,High,12.909383,5.240273,0.013761554,2.80658,-0.0012963141,-1.2229677
OHE-26027-01067,TDMS,Traction substation inspection,Low,-14.362015,-4.1249332,0.08915528,-0.5698414,-0.0008668116,-1.212942
OHE-26027-01068,TDMS,Contact wire inspection,High,12.646241,2.986548,0.021041734,3.737406,0.0019146039,-1.2051073
OHE-26027-01069,TDMS,Insulator replacement,Low,-14.841132,-7.5424933,-0.073310435,3.0980387,-0.0011599214,3.727415
OHE-26027-01070,TDMS,OHE defect,Critical,24.564632,11.227732,0.017482199,2.4673278,-0.0009911569,-0.9017513
OHE-26027-01071,TDMS,Sectioning equipment inspection,High,12.744445,5.2967668,0.014548645,1.9458876,-0.0009903072,-1.2206196
OHE-26027-01072,TDMS,Insulator replacement,Low,-16.333265,-8.391258,0.020628221,-2.0268545,0.0005432953,-1.1603591
OHE-26027-01073,TDMS,Contact wire inspection,Low,-14.795243,-5.2334476,0.057121407,-0.5603188,-0.0024571843,-1.1963261
OHE-26027-01074,TDMS,Traction substation inspection,Medium,0.30929774,1.3962729,0.027399214,1.4979864,0.0010146671,3.8408313
OHE-26027-01075,TDMS,Pantograph interaction issue,Medium,-0.25429973,-1.6107062,0.011602194,3.5303946,0.0024388495,3.746685
OHE-26027-01076,TDMS,Sectioning equipment inspection,Medium,-0.52766067,-0.614006,0.008548438,0.568654,0.0009649412,3.7617877
OHE-26027-01077,TDMS,Traction substation inspection,Medium,-0.8125802,-1.5826737,0.016378654,0.69362897,-0.0015282374,-1.1917878
OHE-26027-01078,TDMS,Pantograph interaction issue,High,13.490983,6.5401998,0.01226061,3.6025033,0.0016189762,-1.2253835
OHE-26027-01079,TDMS,Contact wire inspection,Medium,-0.0261816,-0.5223764,0.030204209,3.5603573,-0.003131082,-1.1912957
OHE-26027-01080,TDMS,Preventive OHE maintenance,Medium,-0.7409065,-1.2371327,0.014454834,0.7024778,-0.00010414263,-1.2015575
OHE-26027-01081,TDMS,Pantograph interaction issue,Critical,24.561953,10.63529,0.015152057,2.4038248,0.0037994047,-0.9273074
OHE-26027-01082,TDMS,Traction substation inspection,High,12.494171,4.581424,0.012809244,2.0137992,0.0005159338,3.7818418
OHE-26027-01083,TDMS,Preventive OHE maintenance,Medium,-0.7917011,-2.518236,-0.0022479778,-1.0288986,-0.0012147855,3.772124
OHE-26027-01084,TDMS,Contact wire inspection,Medium,-0.94283706,-1.5583491,0.01572883,-0.18194121,0.0005899739,-1.1943872
OHE-26027-01085,TDMS,Sectioning equipment inspection,Medium,-0.7413916,-1.2363666,0.018086286,0.70201194,3.7285627e-05,-1.2011496
OHE-26027-01086,TDMS,Sectioning equipment inspection,Medium,-0.12788732,-0.3808419,-0.014800091,1.4767115,-0.00021108567,-1.1806316
OHE-26027-01087,TDMS,Traction substation inspection,Low,-15.368052,-9.539827,0.021901071,1.2790129,-0.00088030746,-1.2479069
OHE-26027-01088,TDMS,OHE defect,Medium,0.090032026,2.3221228,-0.020405287,-0.20146644,-0.0014037875,-1.1976517
OHE-26027-01089,TDMS,OHE defect,High,13.696592,7.480877,0.0050984095,1.0933805,0.0057852636,3.7654746
OHE-26027-01090,TDMS,OHE defect,Medium,-0.2736067,-2.4520829,0.0094628595,2.7236507,-0.007315537,3.7344854
OHE-26027-01091,TDMS,Contact wire inspection,Low,-15.198397,-4.5864687,0.08742658,-2.632905,-0.00040929913,-1.124069
OHE-26027-01092,TDMS,OHE defect,Low,-13.880415,-3.3403368,0.09861052,-0.073210776,-0.0022835617,-1.2389289
OHE-26027-01093,TDMS,Insulator replacement,Medium,-0.41815552,-1.4700636,-0.020953363,1.5621971,-0.0007882003,-1.1948831
OHE-26027-01094,TDMS,Insulator replacement,Low,-15.951608,-7.6823854,0.021800814,-1.2384564,-0.0012651599,-1.1952412
OHE-26027-01095,TDMS,Preventive OHE maintenance,High,12.436723,3.9370599,-0.004920089,2.1204531,0.0023645856,3.7516685
OHE-26027-01096,TDMS,Pantograph interaction issue,Medium,-0.6346146,-0.3556861,-0.014103985,-1.194969,0.0006678469,3.768784
OHE-26027-01097,TDMS,Pantograph interaction issue,Low,-15.773792,-5.4989367,-0.015733087,-3.2762952,-0.00044527915,-1.1221611
OHE-26027-01098,TDMS,Traction substation inspection,Medium,0.6185182,3.022726,0.038202263,1.4226791,0.0049526957,3.810757
OHE-26027-01099,TDMS,Insulator replacement,Medium,-0.3338355,0.51945055,0.010800851,-1.071385,-0.0009794899,-1.1862831
OHE-26027-01100,TDMS,Insulator replacement,Low,-16.03071,-8.315002,0.022137638,-1.3560066,-0.0018717067,-1.1848298
OHE-26027-01101,TDMS,Pantograph interaction issue,High,13.747763,7.3790154,0.018633569,2.7971911,0.008511499,-1.2338455
OHE-26027-01102,TDMS,Sectioning equipment inspection,High,12.727161,5.2993,0.021368373,1.9595616,0.00059027487,-1.220378
OHE-26027-01103,TDMS,Sectioning equipment inspection,High,13.999244,7.816502,0.004449842,3.6353686,-0.0096334815,3.8418255
OHE-26027-01104,TDMS,Preventive OHE maintenance,High,13.889307,7.5296993,0.011830505,3.587121,-0.00976621,-1.2460711
OHE-26027-01105,TDMS,Sectioning equipment inspection,Medium,-0.13255852,1.4013673,-0.007936624,-1.1572546,-0.006390847,3.748591
OHE-26027-01106,TDMS,OHE defect,Low,-14.622504,-3.7951107,-0.054373708,-1.2652845,-0.0002682889,-1.185003
OHE-26027-01107,TDMS,Sectioning equipment inspection,Low,-14.698709,-4.48622,0.09369296,-1.2961969,0.00050514884,-1.1899959
OHE-26027-01108,TDMS,Pantograph interaction issue,Medium,-0.09162349,1.8887473,0.010204423,-0.25164455,-0.000606239,3.7937956
OHE-26027-01109,TDMS,Insulator replacement,High,13.471915,6.4605813,-0.02082462,1.0830275,-0.002315258,-1.2191586
OHE-26027-01110,TDMS,Pantograph interaction issue,Medium,-0.5152281,-4.2326574,-0.018624919,3.02043,-0.00061243604,-1.208957
OHE-26027-01111,TDMS,Traction substation inspection,Medium,-0.24537747,-1.8875877,0.007516731,3.588705,0.01305978,3.7336736
OHE-26027-01112,TDMS,Insulator replacement,Low,-13.644626,-4.447506,0.1135897,2.3637497,0.0012281095,-1.2452329
OHE-26027-01113,TDMS,Sectioning equipment inspection,Low,-16.70615,-8.817227,0.0154254,-3.411964,-0.00063144404,-1.1393837
OHE-26027-01114,TDMS,Contact wire inspection,Medium,-0.3570458,-1.5915033,0.011530965,2.580098,-0.0004180277,3.7605195
OHE-26027-01115,TDMS,Traction substation inspection,Medium,-0.5587618,-3.5999057,0.0055861785,1.9043791,-3.351661e-05,-1.2225513
OHE-26027-01116,TDMS,Traction substation inspection,Critical,24.550278,11.503372,0.01576213,2.5136638,-0.01132656,-0.880871
OHE-26027-01117,TDMS,Insulator replacement,Medium,-0.64330035,-2.4985254,-0.023325171,0.72265923,-0.0006939301,-1.1882211
OHE-26027-01118,TDMS,Contact wire inspection,High,12.432039,4.196885,0.020002224,1.1181391,-0.0006274345,-1.2162848
OHE-26027-01119,TDMS,Preventive OHE maintenance,High,13.773165,7.3852687,0.01639819,2.7783804,-0.0011762332,-1.2331253
OHE-26027-01120,TDMS,Sectioning equipment inspection,High,12.323528,2.7903252,0.017506776,1.4240283,0.001287478,3.715629
OHE-26027-01121,TDMS,OHE defect,Low,-13.490651,-3.8727365,0.12841316,3.129008,-0.0035270369,-1.2300137
OHE-26027-01122,TDMS,Traction substation inspection,Low,-14.283286,-3.8559887,0.097796865,-0.552722,-0.0017771425,-1.2129296
OHE-26027-01123,TDMS,Sectioning equipment inspection,Critical,24.522932,10.544136,0.017156897,3.1785467,-0.008743142,-0.9059156
OHE-26027-01124,TDMS,Contact wire inspection,Medium,0.07062809,1.5806612,0.045558956,0.7867974,-0.00029623054,-1.1775609
OHE-26027-01125,TDMS,Preventive OHE maintenance,Low,-13.460548,-3.6181917,0.12346187,3.0879369,0.00057271833,-1.2287432
OHE-26027-01126,TDMS,OHE defect,Medium,-0.48681828,-0.40815526,0.028361373,0.6859718,-5.3993135e-05,-1.1793267
OHE-26027-01127,TDMS,Preventive OHE maintenance,Medium,-0.54494673,-4.2262034,0.006320136,2.9446628,-0.009899199,3.7175236
OHE-26027-01128,TDMS,Pantograph interaction issue,High,13.191638,6.150349,0.017796226,1.0763775,-0.00010240514,-1.2127545
OHE-26027-01129,TDMS,OHE defect,Low,-16.717737,-10.093059,-0.08532192,-4.220479,-0.0069975103,3.7818213
OHE-26027-01130,TDMS,Pantograph interaction issue,Low,-14.41736,-4.3877697,0.08841594,-0.62946886,-0.0015017403,-1.230227
OHE-26027-01131,TDMS,Sectioning equipment inspection,High,12.731366,5.299649,0.021227619,1.9601331,0.0021263557,-1.2226945
OHE-26027-01132,TDMS,Preventive OHE maintenance,Medium,0.42308658,1.836434,-0.04252089,1.4999729,-0.0016152437,-1.2000569
OHE-26027-01133,TDMS,Traction substation inspection,Critical,24.602558,10.7822075,0.018236784,3.2040899,-0.008463908,-0.8946667
OHE-26027-01134,TDMS,Contact wire inspection,Low,-13.994952,-5.3197255,0.022449622,2.3603055,-0.006668304,3.7132897
OHE-26027-01135,TDMS,Contact wire inspection,Critical,23.602682,7.8300915,0.013108128,2.6955805,0.0055546355,3.754109
OHE-26027-01136,TDMS,Contact wire inspection,Medium,-0.4260545,-4.274352,0.009909657,3.943429,-0.001973118,-1.2077373
OHE-26027-01137,TDMS,Traction substation inspection,High,12.982918,5.986503,0.017463809,1.9689101,-0.00044087955,-1.2460532
OHE-26027-01138,TDMS,Preventive OHE maintenance,Medium,0.14429028,0.9599983,0.029608678,1.5046588,-0.0005055014,-1.1941118
OHE-26027-01139,TDMS,Sectioning equipment inspection,Medium,-0.52069896,-4.013242,0.004395275,3.0332139,0.0005924312,-1.2230991
OHE-26027-01140,TDMS,OHE defect,Low,-15.459677,-5.638145,0.00449645,-1.938966,-0.003506659,3.7999687
OHE-26027-01141,TDMS,OHE defect,High,12.813726,5.038097,0.028461562,3.5936015,-0.003937217,-1.2509307
OHE-26027-01142,TDMS,Contact wire inspection,Low,-15.147832,-9.148657,0.042650323,2.231454,-0.00075008953,-1.2508546
OHE-26027-01143,TDMS,Pantograph interaction issue,Medium,-0.09567788,1.8193493,0.010006717,-0.18399432,-0.0015506848,-1.1916864
OHE-26027-01144,TDMS,Pantograph interaction issue,High,12.342707,3.132385,0.020292645,2.2873492,-0.0005996139,-1.2207837
OHE-26027-01145,TDMS,Traction substation inspection,Medium,-0.32341266,-0.87382674,0.016495362,1.394999,-0.008679396,3.7727225
OHE-26027-01146,TDMS,Sectioning equipment inspection,Medium,-0.74143535,-1.2348111,0.01896757,0.70101863,-0.0014036199,-1.2000916
OHE-26027-01147,TDMS,Sectioning equipment inspection,Medium,0.53253394,1.7183307,0.046544407,3.5798247,-0.0016913203,-1.1933438
OHE-26027-01148,TDMS,OHE defect,Low,-14.949146,-7.333909,0.031141954,1.4125308,0.0014706845,-1.2585021
OHE-26027-01149,TDMS,Contact wire inspection,Low,-16.363724,-7.1837516,0.034578167,-3.3235924,0.0003787913,-1.1293724
OHE-26027-01150,TDMS,Sectioning equipment inspection,Low,-15.315919,-7.5731425,0.020994987,0.040472314,0.00054308184,-1.2255478
OHE-26027-01151,TDMS,Contact wire inspection,Low,-15.113832,-4.334778,0.09010619,-2.6380236,-0.00073174754,-1.1174245
OHE-26027-01152,TDMS,Contact wire inspection,Medium,-0.71168137,-3.044616,0.014606834,1.0388125,-0.0017669981,-1.210749
OHE-26027-01153,TDMS,Sectioning equipment inspection,Medium,-0.35812142,-1.3368849,0.01689834,2.6439953,-0.00026382413,-1.2216886
OHE-26027-01154,TDMS,Sectioning equipment inspection,Medium,-0.025405692,-0.5190838,0.03094843,3.5594912,-0.0020419061,-1.1906964
OHE-26027-01155,TDMS,Contact wire inspection,High,13.985491,7.824903,0.007790016,3.64877,0.009318433,3.844678
OHE-26027-01156,TDMS,Pantograph interaction issue,High,12.550681,4.430418,-0.013783288,1.0888335,-3.4235964e-05,-1.2216642
OHE-26027-01157,TDMS,Insulator replacement,High,13.638657,6.8721123,0.015886923,2.824851,-0.0009828357,-1.2356983
OHE-26027-01158,TDMS,Contact wire inspection,Critical,23.931187,9.1062,0.016872145,2.3227797,-0.0009885952,-0.9879463
OHE-26027-01159,TDMS,Contact wire inspection,Medium,-0.11137872,1.5158415,0.04500775,-0.1752989,-0.0014417531,-1.1778494
OHE-26027-01160,TDMS,Sectioning equipment inspection,Medium,0.33511606,0.8496206,0.012972776,3.6005995,-0.0017280071,-1.2026889
OHE-26027-01161,TDMS,Sectioning equipment inspection,Medium,-0.19835125,-2.5014381,0.010293703,3.7321992,0.02295471,-1.213725
OHE-26027-01162,TDMS,Contact wire inspection,Medium,0.3467343,1.1944612,0.012688488,2.5314019,0.00013135816,3.7951174
OHE-26027-01163,TDMS,Insulator replacement,Low,-14.902835,-7.765472,0.058558222,2.2479417,-0.0013930019,-1.2555946
OHE-26027-01164,TDMS,Traction substation inspection,Medium,-0.11111077,1.5103071,0.042900708,-0.17947836,0.000242463,-1.1817354
OHE-26027-01165,TDMS,Insulator replacement,Medium,0.22632755,0.58348644,0.012721487,2.571511,0.00044967694,3.748743
OHE-26027-01166,TDMS,Contact wire inspection,Medium,-0.33560592,0.35443294,0.015432601,-1.1389033,0.0011678144,3.8143227
OHE-26027-01167,TDMS,Contact wire inspection,High,12.478682,4.1662316,0.009828583,1.0844535,0.0012807117,3.7271035
OHE-26027-01168,TDMS,Sectioning equipment inspection,High,13.203806,6.239206,0.012928326,1.9671243,-0.0019654706,3.7350256
OHE-26027-01169,TDMS,Insulator replacement,Medium,0.14664277,1.8555931,-0.030346908,0.75427556,-0.0014949962,-1.1901973
OHE-26027-01170,TDMS,OHE defect,Medium,-0.35910124,-1.1346364,0.02300281,1.4615716,-0.0016853962,3.7768495
OHE-26027-01171,TDMS,Pantograph interaction issue,High,12.348378,3.1291451,0.013532628,2.285676,-0.00094909564,-1.2208908
OHE-26027-01172,TDMS,OHE defect,Medium,-0.2927969,0.8158122,0.010388385,-1.0855458,0.00046266278,-1.1833576
OHE-26027-01173,TDMS,Contact wire inspection,Medium,-0.13111012,1.5241266,0.022481984,-0.23657262,-0.00013696006,3.748206
OHE-26027-01174,TDMS,Contact wire inspection,Medium,-0.4577854,0.035257712,-0.018468749,-1.1751957,0.003979262,3.7824554
OHE-26027-01175,TDMS,Sectioning equipment inspection,High,12.998357,5.7452464,0.01105356,1.0726329,0.0007054825,-1.2323326
OHE-26027-01176,TDMS,Pantograph interaction issue,Medium,-0.32911786,0.4792763,0.0097695915,-0.25282335,0.00084635307,3.7812352
OHE-26027-01177,TDMS,Pantograph interaction issue,High,12.225267,2.6962976,0.01299625,2.3023164,-0.0012227297,-1.2217981
OHE-26027-01178,TDMS,OHE defect,High,13.132731,6.256064,0.017121635,1.9703676,-0.000743954,-1.2258689
OHE-26027-01179,TDMS,Insulator replacement,High,12.440343,3.337581,-0.012803084,1.3583195,-0.0007803768,-1.2170463
OHE-26027-01180,TDMS,Preventive OHE maintenance,High,14.021539,8.016821,0.008569676,3.609734,0.008578634,3.8829706
OHE-26027-01181,TDMS,Pantograph interaction issue,Low,-15.128918,-7.6431847,0.045614287,1.3276343,-0.0014840025,-1.257132
OHE-26027-01182,TDMS,Traction substation inspection,Medium,-0.7956889,-3.4766622,0.021118023,1.0451359,-0.001503543,3.7916632
OHE-26027-01183,TDMS,OHE defect,High,13.179548,6.1495376,0.010749197,1.0794233,-0.002147209,-1.2128311
OHE-26027-01184,TDMS,Contact wire inspection,Low,-15.618846,-7.6644435,0.019337729,-0.66726404,0.030524204,-1.2760743
OHE-26027-01185,TDMS,Preventive OHE maintenance,Low,-15.445721,-4.920189,0.006408013,-3.921107,-0.0010518774,-1.1365974
OHE-26027-01186,TDMS,Pantograph interaction issue,Medium,-0.32309964,-2.3182507,0.00697512,1.5952204,-0.0021257633,3.7337642
OHE-26027-01187,TDMS,Insulator replacement,Low,-16.423006,-8.280801,0.0027324092,-2.8206725,0.000378165,3.697442
OHE-26027-01188,TDMS,Preventive OHE maintenance,High,13.226137,5.775668,-0.03501396,3.5721848,0.0038354315,3.7315793
OHE-26027-01189,TDMS,Insulator replacement,Low,-15.708434,-8.19336,0.006230202,-0.7909124,-0.007919773,3.6617239
OHE-26027-01190,TDMS,Pantograph interaction issue,Medium,-0.35472396,-1.1310942,0.008543212,1.435995,-0.005109657,3.7676914
OHE-26027-01191,TDMS,Pantograph interaction issue,High,12.431059,4.1973925,0.020381425,1.1200432,-0.0014531759,-1.217269
OHE-26027-01192,TDMS,Traction substation inspection,Low,-14.588372,-6.924104,0.077882014,3.0996745,-0.00091877877,-1.2523202
OHE-26027-01193,TDMS,Pantograph interaction issue,Critical,24.548939,10.867137,0.01588932,2.4512596,0.0046037314,-0.91400665
OHE-26027-01194,TDMS,Preventive OHE maintenance,Low,-15.359008,-4.7411385,0.027319252,-3.3027189,-0.0014040815,3.8415542
OHE-26027-01195,TDMS,Traction substation inspection,Low,-15.798412,-5.943873,-0.036566816,-3.992251,-0.0008750128,-1.1243911
OHE-26027-01196,TDMS,Pantograph interaction issue,Medium,0.3221968,2.9995184,0.03651752,0.7472109,-0.0011551813,-1.1900266
OHE-26027-01197,TDMS,Contact wire inspection,Medium,0.23139527,3.1431117,0.0031174258,-1.1002548,0.00024685732,3.791597
OHE-26027-01198,TDMS,Sectioning equipment inspection,High,13.623026,7.4681253,0.008756793,1.1484717,-0.00091238896,-1.2209634
OHE-26027-01199,TDMS,Insulator replacement,High,13.691646,7.06871,0.01136161,2.8056357,0.0034764505,3.7703443
OHE-26027-01200,TDMS,Contact wire inspection,Medium,-0.51863086,-3.9939606,0.018232329,3.026361,-0.0009985238,-1.2176551
OHE-26027-01201,TDMS,Insulator replacement,High,12.783863,4.957887,-0.015412804,1.0567117,-0.0007076548,-1.2159121
OHE-26027-01202,TDMS,Sectioning equipment inspection,Medium,0.17286126,0.7316864,0.01319687,1.476522,0.0008497051,3.7662396
OHE-26027-01203,TDMS,Traction substation inspection,Medium,-0.099087596,1.7202232,0.012282273,-1.1009746,-0.00065951596,-1.1831958
OHE-26027-01204,TDMS,Insulator replacement,Critical,23.934456,8.710424,-0.017861478,2.322531,-0.0033479996,-0.98928493
OHE-26027-01205,TDMS,OHE defect,Low,-14.243012,-5.9815674,0.0211161,2.183851,-0.009464718,3.6115997
OHE-26027-01206,TDMS,Insulator replacement,Low,-13.558851,-4.194367,0.12140591,2.3606741,0.0010041469,-1.2304683
OHE-26027-01207,TDMS,Pantograph interaction issue,Low,-15.781055,-9.415346,0.024960496,-0.8275008,0.032123208,-1.2781243
OHE-26027-01208,TDMS,Contact wire inspection,Medium,-0.42745924,-1.4437001,0.007856569,1.4836652,-0.0010944301,3.7365255
OHE-26027-01209,TDMS,Contact wire inspection,Low,-16.33743,-7.612381,0.034727845,-2.692938,-0.0007959066,-1.1214226
OHE-26027-01210,TDMS,Pantograph interaction issue,Low,-14.652657,-6.1909647,0.057602618,1.4578888,-0.0023397661,-1.2305856
OHE-26027-01211,TDMS,Sectioning equipment inspection,Medium,0.19142593,1.0016073,0.010260417,1.4231056,-0.0029596267,3.7727244
OHE-26027-01212,TDMS,Traction substation inspection,Low,-15.700522,-5.705905,-0.025264733,-3.9631634,-0.0020152873,-1.1067574
OHE-26027-01213,TDMS,Insulator replacement,High,12.440294,3.3376358,-0.0128570525,1.3583479,-0.0007028724,-1.2171049
OHE-26027-01214,TDMS,Sectioning equipment inspection,High,12.721506,4.1638837,0.012020821,3.6788092,-0.0047514695,-1.2193056
OHE-26027-01215,TDMS,Pantograph interaction issue,Medium,-0.5888349,-3.886272,0.007102,1.9009447,-0.00023044557,-1.225178
OHE-26027-01216,TDMS,OHE defect,Medium,-0.30270883,0.5779133,-0.016410498,-1.142584,0.0040296298,3.7895243
OHE-26027-01217,TDMS,OHE defect,Medium,-0.93873733,-1.9473976,-0.019314513,-1.1596789,-0.00894226,3.7918963
OHE-26027-01218,TDMS,OHE defect,Low,-15.351027,-8.759048,0.024861911,1.2327319,-0.0012601189,-1.239034
OHE-26027-01219,TDMS,Sectioning equipment inspection,Medium,0.6245528,2.7635794,0.012981041,2.5565324,0.0009116901,-1.2081705
OHE-26027-01220,TDMS,Pantograph interaction issue,High,13.00689,5.3336973,0.013049986,3.583589,-0.0029749777,-1.2239801
OHE-26027-01221,TDMS,Sectioning equipment inspection,High,12.880892,5.4930453,0.012157519,1.0737442,-0.0007560879,-1.2131336
OHE-26027-01222,TDMS,Contact wire inspection,Medium,-0.23042186,-0.5951507,0.010360744,1.3852675,-0.0014663342,3.7592282
OHE-26027-01223,TDMS,Insulator replacement,Medium,-0.91614753,-1.8359656,0.009223505,-0.26925683,0.0051364377,3.77193
OHE-26027-01224,TDMS,Traction substation inspection,Low,-16.191519,-6.7268944,0.04089565,-3.3957713,-0.0009185332,-1.1264614
OHE-26027-01225,TDMS,Sectioning equipment inspection,Medium,-0.037983723,1.9268028,0.005053003,-1.0832444,-0.0024200543,-1.1862411
OHE-26027-01226,TDMS,Preventive OHE maintenance,Critical,23.634274,9.298254,-0.01763389,3.1530325,0.009205204,3.7374337
OHE-26027-01227,TDMS,Pantograph interaction issue,Medium,-0.7115,-3.3344946,0.008913951,1.1189904,0.0012546212,-1.2177593
OHE-26027-01228,TDMS,Preventive OHE maintenance,Low,-14.766495,-7.305439,-0.020988725,2.1355057,-0.0015614255,3.7148368
OHE-26027-01229,TDMS,Sectioning equipment inspection,Critical,23.59571,9.0874605,0.011870241,3.1868916,0.01570606,3.6962585
OHE-26027-01230,TDMS,OHE defect,Low,-15.994542,-8.262883,0.00032961433,-1.4329578,-0.0052301264,3.6648197
OHE-26027-01231,TDMS,Pantograph interaction issue,High,12.377005,3.8669472,0.0090479,1.253364,-0.00072933437,-1.2111462
OHE-26027-01232,TDMS,Contact wire inspection,Low,-15.272066,-5.121378,0.06373486,-1.9868547,-0.0011486171,-1.14648
OHE-26027-01233,TDMS,Pantograph interaction issue,Low,-14.920597,-5.113979,0.023257898,-1.314654,-0.00083457684,3.7258604
OHE-26027-01234,TDMS,Sectioning equipment inspection,Critical,24.008068,9.368511,0.013268226,2.3551881,0.0016034185,-0.98508316
OHE-26027-01235,TDMS,Insulator replacement,Medium,-0.6792423,-0.6103425,0.0086671915,-0.30599257,-0.0018545358,3.7600496
OHE-26027-01236,TDMS,OHE defect,High,13.013642,5.903004,0.013081275,1.9691327,0.0016403805,3.7829006
OHE-26027-01237,TDMS,Sectioning equipment inspection,High,13.651556,7.719353,0.014286596,1.9768019,-0.0052951984,-1.2409071
OHE-26027-01238,TDMS,Pantograph interaction issue,High,13.633516,7.472962,0.019942716,1.1444094,0.000514096,-1.2215891
OHE-26027-01239,TDMS,Traction substation inspection,Medium,-0.3284826,-3.11434,0.013404389,3.017531,-0.0003035819,-1.2147266
OHE-26027-01240,TDMS,Sectioning equipment inspection,High,13.481021,6.5369644,0.014264095,3.6144907,-0.004853616,-1.2246429
OHE-26027-01241,TDMS,Insulator replacement,Critical,24.228222,9.818712,-0.026759814,2.332598,-0.0021275515,-0.9430987
OHE-26027-01242,TDMS,Contact wire inspection,Low,-14.348149,-5.512697,0.054340452,1.3853235,-0.0021537684,-1.2387578
OHE-26027-01243,TDMS,Pantograph interaction issue,Low,-16.3205,-8.398753,0.017768798,-2.0264194,0.00011891289,-1.159873
OHE-26027-01244,TDMS,Sectioning equipment inspection,Medium,-0.31286034,-2.4952085,0.0062184553,2.8007982,3.0756488e-05,-1.2162678
OHE-26027-01245,TDMS,Insulator replacement,Medium,0.22675292,0.5815646,0.011155296,2.573902,0.0045896936,3.7466445
OHE-26027-01246,TDMS,Preventive OHE maintenance,Low,-15.503161,-8.053639,-0.00077090133,0.049218398,0.0002204298,-1.200753
OHE-26027-01247,TDMS,Insulator replacement,High,13.26403,6.0999665,0.009209321,1.0347027,0.0008979714,3.7086327
OHE-26027-01248,TDMS,Pantograph interaction issue,Medium,-0.62032366,-0.3913519,0.016912706,-0.2616902,0.0005053358,3.7346108
OHE-26027-01249,TDMS,Insulator replacement,Medium,-0.24940252,-1.3273768,0.015754653,3.6031647,0.008926177,-1.2144954
OHE-26027-01250,TDMS,Pantograph interaction issue,High,12.758836,3.4703577,-0.008660362,3.7433915,0.007986171,3.718008
OHE-26027-01251,TDMS,Pantograph interaction issue,Medium,-0.34756553,-3.4332147,0.011183344,2.8852582,0.0022390508,3.746
OHE-26027-01252,TDMS,Traction substation inspection,Low,-16.72431,-9.492849,0.011875998,-3.4764848,1.7521668e-05,-1.1652023
OHE-26027-01253,TDMS,Preventive OHE maintenance,Medium,-0.7718608,-0.9850592,-0.033158287,-0.25912082,0.0016215255,-1.1975766
OHE-26027-01254,TDMS,Contact wire inspection,Low,-15.169072,-6.3352704,0.041544247,-0.5862881,0.00018837534,-1.221489
OHE-26027-01255,TDMS,Contact wire inspection,Medium,0.34778392,3.2238953,0.03878155,0.72477454,0.001241434,-1.1819167
OHE-26027-01256,TDMS,Contact wire inspection,High,12.274143,2.6659021,0.017349396,2.2897193,0.001096217,3.724868
OHE-26027-01257,TDMS,Traction substation inspection,High,12.418046,4.1940455,0.009458346,1.1187414,0.0010158647,-1.2210133
OHE-26027-01258,TDMS,OHE defect,Medium,-0.9164048,-4.0949783,0.0077042477,1.1549293,-0.0005069879,-1.2055613
OHE-26027-01259,TDMS,Preventive OHE maintenance,Low,-15.29771,-5.850004,-0.09858439,-1.3007774,0.010138819,3.8495102
OHE-26027-01260,TDMS,Preventive OHE maintenance,Medium,-0.5863738,-3.8686564,0.017640833,1.8919024,-0.00093361223,-1.2195385
OHE-26027-01261,TDMS,Contact wire inspection,Low,-16.581244,-8.03085,0.022541014,-3.3811033,-0.0016107245,-1.1420082
OHE-26027-01262,TDMS,Sectioning equipment inspection,Medium,-0.118356116,1.4831264,0.0074475543,-0.18409112,-0.0007297655,-1.186582
OHE-26027-01263,TDMS,Contact wire inspection,Medium,0.33895752,1.557169,0.049060885,1.5387703,0.0014521828,-1.1860693
OHE-26027-01264,TDMS,OHE defect,Medium,-0.122029275,-2.5103123,-0.012247675,3.704557,-0.0019252219,-1.2174828
OHE-26027-01265,TDMS,Sectioning equipment inspection,Medium,-0.33594906,0.35625854,0.013695626,-1.1399832,0.00077127555,3.814636
OHE-26027-01266,TDMS,Preventive OHE maintenance,Low,-14.340149,-4.7500234,-0.0016546511,0.05317213,-0.0054357904,3.6815488
OHE-26027-01267,TDMS,Sectioning equipment inspection,High,12.318927,2.8392684,0.018746532,2.2499022,0.00046660608,3.709502
OHE-26027-01268,TDMS,OHE defect,Low,-14.588063,-6.9233623,0.07618901,3.0997314,-0.0031015144,-1.2495534
OHE-26027-01269,TDMS,Insulator replacement,High,12.976138,5.450643,0.0137929935,2.7963455,0.00018232905,-1.2132539
OHE-26027-01270,TDMS,Preventive OHE maintenance,High,12.480375,4.792718,0.015710931,1.957637,-0.0006670537,-1.2590941
OHE-26027-01271,TDMS,Preventive OHE maintenance,Low,-16.27249,-7.5702157,0.0067030224,-2.8426533,-0.002049619,3.703696
OHE-26027-01272,TDMS,Insulator replacement,Low,-13.640402,-4.42379,0.044855457,2.294328,-0.00096392684,3.6488802
OHE-26027-01273,TDMS,Sectioning equipment inspection,Medium,-0.93887484,-1.945111,-0.023101114,-1.1580796,-0.0024757895,3.7958658
OHE-26027-01274,TDMS,Preventive OHE maintenance,High,13.392335,6.432048,0.014586216,2.8251545,-0.0012981798,-1.2169503
OHE-26027-01275,TDMS,Traction substation inspection,High,12.882643,5.1731324,0.008997762,2.815199,-0.0023918748,3.738792
OHE-26027-01276,TDMS,OHE defect,Medium,0.029857045,2.2373393,0.01246797,-1.1025656,-0.0006723391,-1.1879861
OHE-26027-01277,TDMS,Insulator replacement,High,12.62458,2.7520578,0.008081572,3.7244003,-0.004224987,-1.2141013
OHE-26027-01278,TDMS,OHE defect,Medium,0.5598144,2.5502195,0.03271834,1.5384657,0.00613476,3.814426
OHE-26027-01279,TDMS,Contact wire inspection,High,13.018381,5.3371925,0.013367579,3.5693653,-0.0046902187,-1.224276
OHE-26027-01280,TDMS,Preventive OHE maintenance,Low,-16.061728,-7.2502427,0.002766045,-2.024556,-0.006956762,3.7808304
OHE-26027-01281,TDMS,Traction substation inspection,High,12.74245,4.930108,0.016327651,1.0404005,0.00071919133,3.7260127
OHE-26027-01282,TDMS,Traction substation inspection,Critical,24.3671,10.235099,0.023063004,2.3909173,-0.006364237,-0.92673093
OHE-26027-01283,TDMS,Insulator replacement,Low,-14.146068,-4.3363953,0.10549901,0.026768861,0.002052771,-1.2465906
OHE-26027-01284,TDMS,OHE defect,High,12.584314,2.9059987,-0.020802956,2.975427,-0.0005822116,-1.2160406
OHE-26027-01285,TDMS,Sectioning equipment inspection,Low,-16.023434,-8.843486,0.0013267187,-1.4929225,-0.0031634914,3.7373254
OHE-26027-01286,TDMS,Preventive OHE maintenance,High,13.69741,7.574892,-0.011702214,1.9729775,0.0015014897,3.8011081
OHE-26027-01287,TDMS,Insulator replacement,High,13.352683,6.10793,-0.0295173,3.5807812,0.017527347,-1.235481
OHE-26027-01288,TDMS,Sectioning equipment inspection,Low,-13.558732,-4.194474,0.120887384,2.3613107,-0.001014459,-1.2301451
OHE-26027-01289,TDMS,OHE defect,Critical,23.934282,9.10926,0.016816985,2.3241336,-0.0010445582,-0.9891069
OHE-26027-01290,TDMS,Traction substation inspection,Low,-15.251797,-5.715683,0.047382597,-1.27406,-0.00012456978,-1.2103407
OHE-26027-01291,TDMS,OHE defect,Medium,-0.81244385,-1.5825448,0.01683108,0.69390386,0.00084484334,-1.1951535
OHE-26027-01292,TDMS,Preventive OHE maintenance,Medium,-0.5840975,-4.0643816,-0.016825277,1.8276399,-0.0029813624,3.7496233
OHE-26027-01293,TDMS,Contact wire inspection,Low,-16.39102,-8.310663,-0.0045723612,-2.8584418,-0.0029284444,3.6867495
OHE-26027-01294,TDMS,Insulator replacement,Medium,0.4045442,1.6425943,0.014557003,2.571895,-0.0014102233,-1.2011236
OHE-26027-01295,TDMS,Preventive OHE maintenance,Medium,-0.32310808,-2.3183327,0.0068722223,1.5951427,-0.0025020689,3.7344115
OHE-26027-01296,TDMS,Insulator replacement,Medium,0.7959807,2.4850717,-0.02045323,3.540057,-0.0014940946,-1.2103068
OHE-26027-01297,TDMS,Contact wire inspection,High,12.854792,5.1728473,-0.012101244,1.0513657,0.001596247,-1.2139384
OHE-26027-01298,TDMS,Sectioning equipment inspection,Medium,-0.43006483,0.15812002,0.008976357,-0.27343825,-0.005342067,3.7567348
OHE-26027-01299,TDMS,Insulator replacement,Medium,-0.09544088,1.8192041,0.010933354,-0.18494579,-0.0023609693,-1.1900349
OHE-26027-01300,TDMS,Preventive OHE maintenance,Medium,0.5050882,1.3882426,0.049955763,3.5811355,-0.0011448052,-1.1822461
OHE-26027-01301,TDMS,Pantograph interaction issue,Medium,0.53481865,1.7001284,0.016912883,3.4550767,0.0006102764,3.7375267
OHE-26027-01302,TDMS,Contact wire inspection,Medium,-0.7131174,-0.9999443,0.017945888,0.622321,0.006664679,-1.1968861
OHE-26027-01303,TDMS,Preventive OHE maintenance,Medium,-0.28984112,0.6802091,0.010448216,-0.25851345,0.00084635307,3.7665198
OHE-26027-01304,TDMS,Sectioning equipment inspection,Low,-16.034945,-6.6839223,-0.00808227,-2.708915,0.005120209,3.7397654
OHE-26027-01305,TDMS,Traction substation inspection,High,13.747659,6.760356,0.009681833,3.6057057,0.007672829,3.7605307
OHE-26027-01306,TDMS,Contact wire inspection,Medium,-0.39190882,-2.9291914,0.019482682,1.9237895,0.0002709166,-1.2143278
OHE-26027-01307,TDMS,Insulator replacement,Medium,-0.19553323,-3.5045104,-0.014311918,3.9009967,-0.0015522607,-1.2204771
OHE-26027-01308,TDMS,Contact wire inspection,Medium,0.15224646,2.865617,-0.00043449982,-1.0867786,0.0054089488,-1.1858476
OHE-26027-01309,TDMS,OHE defect,Medium,-0.8558944,-3.870891,0.011478405,1.1359708,-0.0014464079,-1.2184336
OHE-26027-01310,TDMS,OHE defect,Low,-14.698443,-4.486133,0.09383201,-1.2957641,-0.0007711356,-1.1896418
OHE-26027-01311,TDMS,Pantograph interaction issue,Medium,0.037046175,2.3628309,0.03703046,-0.18538813,0.00096964434,-1.1923698
OHE-26027-01312,TDMS,Contact wire inspection,Medium,0.7442765,2.5158832,0.038062397,3.563653,-0.0015772688,-1.205994
OHE-26027-01313,TDMS,Pantograph interaction issue,Low,-15.767916,-5.713013,0.05097386,-3.3303876,0.0009523653,-1.132509
OHE-26027-01314,TDMS,Contact wire inspection,Low,-14.087323,-5.5840616,0.07156626,2.3657963,-0.0019864885,-1.250011
OHE-26027-01315,TDMS,OHE defect,Low,-15.564512,-6.677345,0.043837503,-1.2604966,-0.00086987193,-1.185729
OHE-26027-01316,TDMS,Sectioning equipment inspection,High,12.779544,5.1878986,0.0120084975,1.0656842,-0.0012202801,-1.2112666
OHE-26027-01317,TDMS,Sectioning equipment inspection,Low,-15.199341,-4.85474,0.063184954,-1.9806513,-0.00090445386,-1.1545411
OHE-26027-01318,TDMS,Pantograph interaction issue,Medium,-0.96763897,-3.80206,-0.0021151968,0.1388937,0.003524594,3.7845242
OHE-26027-01319,TDMS,Sectioning equipment inspection,Medium,0.3114918,0.40412262,0.010805938,3.5606701,0.0006277478,3.7560444
OHE-26027-01320,TDMS,Pantograph interaction issue,Low,-13.748352,-3.8314602,0.048753142,1.294136,0.015352804,3.6728415
OHE-26027-01321,TDMS,Sectioning equipment inspection,Medium,-0.49317563,-3.7369947,-0.0011125911,3.0251985,0.0003417203,-1.2249734
OHE-26027-01322,TDMS,Traction substation inspection,Medium,0.22471346,0.5873857,0.01682796,2.5841208,0.0008977094,3.7439291
OHE-26027-01323,TDMS,Insulator replacement,Medium,0.5775417,2.2057602,0.011836226,2.6091337,-0.0004613414,-1.2188351
OHE-26027-01324,TDMS,Insulator replacement,Medium,0.5859201,1.6784834,-0.040912233,3.5532804,-0.0016163887,-1.1941338
OHE-26027-01325,TDMS,OHE defect,Medium,-0.33555448,0.48202106,0.0140905315,-0.24176785,0.0011814007,3.7799907
OHE-26027-01326,TDMS,Sectioning equipment inspection,Medium,0.32184052,3.0032003,0.038544923,0.7449485,-0.00019620286,-1.1933423
OHE-26027-01327,TDMS,Sectioning equipment inspection,Medium,-0.20904846,-0.7416363,0.023400124,2.6078417,0.00024271938,-1.2071183
OHE-26027-01328,TDMS,Contact wire inspection,High,13.521252,6.5985203,-0.01641123,1.0796771,-0.000649405,-1.2346599
OHE-26027-01329,TDMS,Preventive OHE maintenance,Medium,0.3466221,1.0808107,-0.015842652,2.6169512,-0.00081456866,-1.2232828
OHE-26027-01330,TDMS,Sectioning equipment inspection,High,12.612603,2.7606614,0.020166805,3.7436194,0.016013209,-1.210095
OHE-26027-01331,TDMS,Sectioning equipment inspection,Medium,0.33817622,3.2035034,0.012176114,0.71217513,0.00018140975,-1.1839548
OHE-26027-01332,TDMS,Contact wire inspection,Critical,23.588978,9.082981,0.006694462,3.1812463,-0.0017564667,3.696349
OHE-26027-01333,TDMS,Traction substation inspection,Medium,-0.588668,-3.8892007,0.015768234,1.8953011,0.00011128828,-1.2257805
OHE-26027-01334,TDMS,Contact wire inspection,Critical,23.997326,9.096694,-0.014969405,2.304418,0.0020693566,-0.9912073
OHE-26027-01335,TDMS,Preventive OHE maintenance,Medium,0.39942753,1.1032444,0.031406265,3.5991986,-0.0018224965,-1.2164711
OHE-26027-01336,TDMS,OHE defect,Medium,-0.68371135,-2.9746203,0.021923395,0.9731794,-0.0017810073,3.7678108
OHE-26027-01337,TDMS,Sectioning equipment inspection,High,13.787471,7.3725243,0.011468697,2.7780764,0.00026159637,3.7835424
OHE-26027-01338,TDMS,Pantograph interaction issue,Medium,0.12412889,0.33606425,0.029234082,2.674039,-0.0005509199,-1.2117777
OHE-26027-01339,TDMS,Traction substation inspection,High,13.764034,7.387332,0.02405728,2.7934546,-0.0013938614,-1.2321016
OHE-26027-01340,TDMS,Traction substation inspection,High,12.966916,5.448287,0.020783441,2.8087149,-0.0006907109,-1.2137663
OHE-26027-01341,TDMS,Insulator replacement,Critical,24.689472,11.906499,-0.02066696,3.32147,0.028175434,-0.8579778
OHE-26027-01342,TDMS,OHE defect,Low,-14.522161,-5.930879,0.019608391,1.1767995,-0.004946564,3.6056175
OHE-26027-01343,TDMS,Traction substation inspection,Medium,-0.17421918,0.6843585,0.028183099,0.7696226,0.0005662109,-1.1874323
OHE-26027-01344,TDMS,Traction substation inspection,High,12.344146,3.1301267,0.020294555,2.283993,-0.0013237316,-1.2162635
OHE-26027-01345,TDMS,Insulator replacement,Medium,-0.3988684,-1.4505644,-0.02266103,1.4709005,0.00088981376,3.7472782
OHE-26027-01346,TDMS,Preventive OHE maintenance,High,12.447572,3.2967083,-0.016291032,1.3319838,-0.009488098,3.7088766
OHE-26027-01347,TDMS,Preventive OHE maintenance,Medium,-0.5198801,-3.8000998,-0.0029690773,1.8062612,-0.0024564697,3.7778695
OHE-26027-01348,TDMS,Pantograph interaction issue,Medium,-0.72697216,-1.5498613,-0.019107413,0.5727081,-0.0018020314,3.7465222
OHE-26027-01349,TDMS,Preventive OHE maintenance,High,12.673684,5.091208,0.012987597,1.9539478,-0.00041315815,-1.2316171
OHE-26027-01350,TDMS,Contact wire inspection,Medium,-0.42973495,0.028065866,0.0078649605,-1.1579354,0.0003443316,3.7891681
OHE-26027-01351,TDMS,Sectioning equipment inspection,Medium,0.24078721,0.37227297,0.03142115,3.6674576,-0.001554851,-1.2073618
OHE-26027-01352,TDMS,OHE defect,Critical,24.44709,10.22401,-0.017071256,2.363504,-0.0015203,-0.94186455
OHE-26027-01353,TDMS,OHE defect,High,13.179145,6.146725,0.006698394,1.0746943,0.00025538594,-1.2135493
OHE-26027-01354,TDMS,Insulator replacement,Low,-14.219244,-6.0331893,0.024585532,3.089289,-0.0024076956,3.6153524
OHE-26027-01355,TDMS,Contact wire inspection,Medium,-0.30682686,0.8226458,-0.0061807823,-1.1062526,0.0054990486,-1.1813205
OHE-26027-01356,TDMS,OHE defect,Medium,0.70476526,2.2732782,0.046144925,3.61653,0.00095491967,-1.2124054
OHE-26027-01357,TDMS,Contact wire inspection,Medium,-0.45509627,0.1144281,-0.01592108,-0.20027193,0.00039128616,-1.1909086
OHE-26027-01358,TDMS,Contact wire inspection,Low,-15.213973,-4.171626,0.0845114,-3.333817,0.00088355,-1.123357
OHE-26027-01359,TDMS,Pantograph interaction issue,Medium,-0.48009416,-1.450484,0.02136663,1.5800377,-0.00078450795,-1.191635
OHE-26027-01360,TDMS,Pantograph interaction issue,Medium,-1.1172432,-4.1448073,-0.030238727,-0.5957061,-0.0002866789,-1.1930422
OHE-26027-01361,TDMS,Contact wire inspection,Medium,0.7480757,2.8050869,0.011908841,3.5460494,-0.0015318361,-1.2080059
OHE-26027-01362,TDMS,Preventive OHE maintenance,High,12.760098,4.553356,0.01203046,3.6117325,-0.004574864,-1.2312577
OHE-26027-01363,TDMS,Pantograph interaction issue,High,14.022254,8.0194845,0.006823005,3.6092153,0.007316152,3.8831224
OHE-26027-01364,TDMS,Insulator replacement,Critical,24.50552,10.387455,-0.039225698,3.1466153,-0.009677567,-0.9142082
OHE-26027-01365,TDMS,Pantograph interaction issue,Low,-14.10203,-5.392425,-0.01859655,2.3203924,0.0024077676,-1.2873292
OHE-26027-01366,TDMS,Sectioning equipment inspection,Medium,0.19958276,2.36488,0.042262804,0.71544737,-0.00022916593,-1.1954513
OHE-26027-01367,TDMS,Pantograph interaction issue,Medium,0.022453392,2.0371978,-0.02368834,-0.18635581,-0.0007620024,-1.194382
OHE-26027-01368,TDMS,Insulator replacement,Medium,0.10476758,0.6788291,0.015134932,1.5315545,0.00022956835,-1.1966133
OHE-26027-01369,TDMS,Preventive OHE maintenance,High,12.359722,3.1334932,0.011612265,2.2727005,-0.0010025939,-1.2216344
OHE-26027-01370,TDMS,Sectioning equipment inspection,Medium,-0.1774472,-3.4688253,0.000306644,3.8112159,-0.00045340293,3.7557666
OHE-26027-01371,TDMS,Pantograph interaction issue,High,13.420148,6.555248,-0.01619618,1.9551264,-0.0006165475,-1.2374789
OHE-26027-01372,TDMS,Sectioning equipment inspection,Low,-15.479574,-8.356294,0.034206405,0.026644789,-0.0013758439,-1.1904812
OHE-26027-01373,TDMS,Insulator replacement,High,13.763696,6.767127,0.008169126,3.5988207,0.00514545,3.7661862
OHE-26027-01374,TDMS,Pantograph interaction issue,High,12.276632,2.663072,0.017774047,2.2836716,0.0011688212,3.731951
OHE-26027-01375,TDMS,Insulator replacement,Low,-15.153581,-3.8654041,-0.072481506,-3.842463,0.045056894,3.8412936
OHE-26027-01376,TDMS,Traction substation inspection,Critical,24.238035,9.995507,0.017519105,2.3769417,-0.0013259351,-0.94178057
OHE-26027-01377,TDMS,Contact wire inspection,Medium,-0.8506458,-1.0871296,-0.008270561,-1.1591055,4.4405e-05,-1.1902555
OHE-26027-01378,TDMS,Traction substation inspection,High,12.739061,4.0645075,0.01538057,3.6794803,-4.3734275e-05,3.722329
OHE-26027-01379,TDMS,Traction substation inspection,Low,-15.573302,-5.8887653,0.012082798,-2.0026512,-0.00367539,3.816574
OHE-26027-01380,TDMS,Preventive OHE maintenance,High,13.570529,7.288985,0.014635222,1.9982051,-0.00054685597,-1.2379411
OHE-26027-01381,TDMS,Preventive OHE maintenance,Low,-15.084203,-6.864403,0.029313676,0.04999627,-0.0018607831,-1.2326562
OHE-26027-01382,TDMS,Pantograph interaction issue,High,13.689802,7.0698304,0.007635834,2.8141968,0.00026066907,3.7672744
OHE-26027-01383,TDMS,Preventive OHE maintenance,Medium,-0.29809073,0.57957834,-0.012080298,-1.1489284,-0.007190195,3.7853844
OHE-26027-01384,TDMS,Insulator replacement,Medium,-0.7709124,-1.931014,-0.020487564,0.65598994,0.002863885,-1.1957147
OHE-26027-01385,TDMS,Sectioning equipment inspection,High,13.179692,6.1497326,0.011514334,1.0791874,-0.000509398,-1.2153374
OHE-26027-01386,TDMS,Contact wire inspection,High,13.0127,5.7414846,0.016692033,1.0737464,-0.0014244004,-1.2264185
OHE-26027-01387,TDMS,Traction substation inspection,Low,-15.1465025,-7.7511525,0.0072875996,1.3371323,-0.012064878,3.6934917
OHE-26027-01388,TDMS,Traction substation inspection,Medium,-0.12778686,-0.51820123,0.025392769,2.6060824,-0.0005577353,-1.1953852
OHE-26027-01389,TDMS,Insulator replacement,Medium,0.6824464,2.8289495,-0.0045530717,2.471413,0.0013613579,3.7876995
OHE-26027-01390,TDMS,OHE defect,High,13.042551,5.8840456,0.016620947,1.0731714,-0.000268067,-1.2333685
OHE-26027-01391,TDMS,Traction substation inspection,High,13.481531,6.5326285,0.026316231,3.6266823,0.000473075,-1.2242844
OHE-26027-01392,TDMS,Insulator replacement,Low,-14.127198,-4.658372,-0.10125993,1.325426,-0.0021453854,-1.2785826
OHE-26027-01393,TDMS,Sectioning equipment inspection,Low,-15.5268,-7.3429475,0.01522741,-0.71689105,-0.007622508,3.6849685
OHE-26027-01394,TDMS,Sectioning equipment inspection,High,13.781512,7.3730683,0.016240686,2.7867405,0.0038304732,3.786181
OHE-26027-01395,TDMS,Traction substation inspection,Medium,-0.87423587,-1.2287704,0.01785663,-0.17549668,-0.00015885121,-1.2021259
OHE-26027-01396,TDMS,Insulator replacement,Low,-16.08297,-6.417193,-0.036783237,-3.9731688,0.0024379026,-1.1371423
OHE-26027-01397,TDMS,Sectioning equipment inspection,Low,-15.870635,-7.937847,0.009124948,-1.3988924,-0.00061974203,3.680513
OHE-26027-01398,TDMS,OHE defect,Low,-16.138123,-6.634822,-0.025740925,-3.9933543,0.0004780113,-1.1360121
OHE-26027-01399,TDMS,Traction substation inspection,Medium,-0.35888648,-1.3425733,0.021349987,2.644037,-0.0005613447,-1.2194319
OHE-26027-01400,TDMS,OHE defect,Critical,24.14717,9.821475,0.017303614,2.360692,-0.0014652547,-0.9452589
OHE-26027-01401,TDMS,Pantograph interaction issue,Low,-14.890151,-6.3363056,0.042953297,0.020227963,-0.00252245,-1.2242326
OHE-26027-01402,TDMS,Traction substation inspection,Low,-14.894337,-5.0149155,0.06271,-1.2759324,0.0007445268,-1.1989739
OHE-26027-01403,TDMS,OHE defect,High,12.529564,2.8173254,0.022038965,2.9823909,-0.0043319874,3.7051365
OHE-26027-01404,TDMS,OHE defect,Medium,-0.14438641,0.9622171,0.031208808,0.73776126,0.010266876,-1.1818972
OHE-26027-01405,TDMS,Insulator replacement,Medium,0.7470146,2.8057592,0.012304329,3.5470064,-0.0014270353,-1.2090744
OHE-26027-01406,TDMS,Contact wire inspection,Low,-16.362135,-7.8366756,0.022365123,-2.6777127,0.0006794832,-1.1137832
OHE-26027-01407,TDMS,OHE defect,Medium,0.6606705,3.0467849,0.04049517,2.5707052,-0.0013985944,-1.1896555
OHE-26027-01408,TDMS,OHE defect,Medium,0.10538923,0.332214,0.020037977,2.6727057,0.011663793,-1.2096522
OHE-26027-01409,TDMS,Contact wire inspection,Medium,-0.84450126,-3.0575259,0.0031089305,0.15417366,-0.0008490051,-1.2129024
OHE-26027-01410,TDMS,OHE defect,Low,-15.316713,-7.5746965,0.019711634,0.039532594,-0.0010640243,-1.2266973
OHE-26027-01411,TDMS,Insulator replacement,High,13.633412,7.472362,0.017996583,1.1414977,-0.00016651567,-1.2212878
OHE-26027-01412,TDMS,Pantograph interaction issue,Medium,-0.8162062,-2.428822,0.00074938824,-0.18062422,-0.0004495012,3.7764516
OHE-26027-01413,TDMS,Traction substation inspection,High,13.051399,5.453912,0.01814927,3.5870535,0.0048085456,3.724119
OHE-26027-01414,TDMS,Contact wire inspection,Low,-16.357674,-9.630545,0.018707603,-2.1956456,0.0304592,-1.224502
OHE-26027-01415,TDMS,Traction substation inspection,Medium,-0.8743003,-1.2234924,0.019108724,-0.17137688,-0.0003839849,-1.1987314
OHE-26027-01416,TDMS,Preventive OHE maintenance,Low,-15.595015,-6.513873,0.023382993,-1.3063887,0.00055581436,-1.2000881
OHE-26027-01417,TDMS,Sectioning equipment inspection,Low,-16.595272,-9.489539,0.0039309715,-2.740142,-0.0037375514,-1.1503978
OHE-26027-01418,TDMS,Pantograph interaction issue,Medium,-0.1264449,-0.21777113,-0.018642563,1.4802365,0.0004091729,-1.1840261
OHE-26027-01419,TDMS,Insulator replacement,Medium,0.1323132,0.517432,0.006863402,1.4554135,-0.003937861,3.7809188
OHE-26027-01420,TDMS,Traction substation inspection,Low,-15.17186,-4.6487126,0.03000613,-2.7468245,-0.00040782418,3.7723393
OHE-26027-01421,TDMS,Preventive OHE maintenance,Medium,-0.023709051,2.1221266,0.012317222,-0.26075602,-0.00047528205,3.7619143
OHE-26027-01422,TDMS,Traction substation inspection,High,13.343261,6.561475,0.017111167,1.9783971,-0.00090860744,-1.2259765
OHE-26027-01423,TDMS,Pantograph interaction issue,Critical,24.605156,10.782967,0.013537015,3.2005413,-0.01236697,-0.88967985
OHE-26027-01424,TDMS,Contact wire inspection,Medium,-0.3327361,0.40353057,-0.018980382,-0.17751482,0.00039481645,-1.1992332
OHE-26027-01425,TDMS,Preventive OHE maintenance,Low,-16.346153,-7.31346,-0.062368423,-2.629387,0.0040443763,-1.149191
OHE-26027-01426,TDMS,OHE defect,Medium,0.21710312,0.82237786,0.03252598,2.6306245,-0.000821084,-1.2013642
OHE-26027-01427,TDMS,Sectioning equipment inspection,Medium,-0.7405779,-1.2363871,0.017648395,0.70086,0.00026622246,-1.1990172
OHE-26027-01428,TDMS,OHE defect,Medium,0.49153888,1.9080226,0.042950913,2.5805383,5.761046e-05,-1.2031454
OHE-26027-01429,TDMS,Contact wire inspection,Medium,0.13432749,0.5193847,0.0073537272,1.4637849,0.0050625503,3.7905862
OHE-26027-01430,TDMS,Traction substation inspection,Medium,-0.712837,-0.996404,0.026781913,0.6334286,0.0012771081,-1.199858
OHE-26027-01431,TDMS,Contact wire inspection,High,13.734739,7.763381,0.016695984,1.120025,-0.011794721,3.7941763
OHE-26027-01432,TDMS,Sectioning equipment inspection,High,12.719027,3.6110826,0.011400695,3.7676673,-0.0036645103,-1.2124629
OHE-26027-01433,TDMS,Insulator replacement,Critical,23.96474,7.58643,-0.02392212,2.5391839,-0.0010790238,-1.0029235
OHE-26027-01434,TDMS,Traction substation inspection,High,13.181828,5.86593,0.021603495,3.6040092,4.045971e-05,-1.2192044
OHE-26027-01435,TDMS,Pantograph interaction issue,Low,-15.100943,-5.5549507,0.010002998,-1.2627051,-0.003920048,3.7614326
OHE-26027-01436,TDMS,Sectioning equipment inspection,Medium,-0.91531783,-4.093719,0.0076335166,1.1547619,0.0016293827,-1.2098067
OHE-26027-01437,TDMS,Contact wire inspection,Low,-14.996283,-6.55106,0.04467201,0.027804267,-0.001111916,-1.214265
OHE-26027-01438,TDMS,Sectioning equipment inspection,Low,-15.794119,-9.423046,0.021775521,-0.8293086,0.0041841837,-1.2323214
OHE-26027-01439,TDMS,Pantograph interaction issue,Low,-15.75876,-6.262222,0.017185397,-2.07427,-0.003376108,3.7043235
OHE-26027-01440,TDMS,Traction substation inspection,Medium,0.17242016,0.5450365,0.020677714,2.6579204,-0.0012855454,-1.2063553
OHE-26027-01441,TDMS,OHE defect,High,13.730266,7.686638,-0.014661203,1.1771723,-0.0011329327,-1.2289255
OHE-26027-01442,TDMS,Contact wire inspection,Medium,-0.81242967,-1.5810893,0.016363436,0.69404024,0.0002483217,-1.1956958
OHE-26027-01443,TDMS,Insulator replacement,High,14.007335,7.5351944,-0.040710658,3.6152382,0.002873709,3.807315
OHE-26027-01444,TDMS,Contact wire inspection,Medium,-0.1527897,1.3273549,0.004250529,-0.25808388,0.0035635026,3.8354666
OHE-26027-01445,TDMS,OHE defect,Medium,-0.85081655,-1.0892756,-0.008470322,-1.1577884,0.0003782962,-1.1909546
OHE-26027-01446,TDMS,Contact wire inspection,Low,-16.48493,-9.402667,0.0024274716,-2.9156733,-0.0038120674,3.782046
OHE-26027-01447,TDMS,OHE defect,Medium,-0.62280303,-0.22714971,0.021437993,-0.19262515,-0.0013045727,-1.1827359
OHE-26027-01448,TDMS,Traction substation inspection,Low,-13.618585,-4.4261837,0.068068825,2.3162863,0.011286408,3.675664
OHE-26027-01449,TDMS,Contact wire inspection,Low,-15.92077,-6.152827,-0.043762863,-4.0209475,-0.0024732042,-1.123927
OHE-26027-01450,TDMS,Preventive OHE maintenance,Medium,-0.18991134,-0.20950991,0.018680338,1.492552,0.006517057,-1.1815516
OHE-26027-01451,TDMS,Preventive OHE maintenance,Medium,-0.33933237,0.6439403,0.020681331,-0.17297927,-0.0014427616,-1.1904032
OHE-26027-01452,TDMS,Preventive OHE maintenance,Low,-14.714208,-4.4384813,-0.01620976,-1.3885312,-0.0008615743,3.769083
OHE-26027-01453,TDMS,Preventive OHE maintenance,Medium,0.60765713,3.1933103,0.044230487,1.459718,-0.0024478757,-1.1896687
OHE-26027-01454,TDMS,Contact wire inspection,Low,-13.783084,-3.0401344,0.055795405,-0.053463466,-0.0042106463,3.7321467
OHE-26027-01455,TDMS,Preventive OHE maintenance,Low,-14.513076,-7.10849,0.01777643,3.033209,0.2134999,3.7916515
OHE-26027-01456,TDMS,Pantograph interaction issue,High,13.9990635,7.8202786,0.0050220722,3.6419957,0.004367827,3.8413637
OHE-26027-01457,TDMS,Preventive OHE maintenance,Medium,0.587532,2.2313046,0.038251802,2.613809,-0.00033510776,-1.2167426
OHE-26027-01458,TDMS,Traction substation inspection,Low,-14.077723,-5.5788145,0.060336854,3.1148293,0.0005538339,3.6224678
OHE-26027-01459,TDMS,Pantograph interaction issue,High,12.683823,5.091525,0.015964305,1.9815506,0.00095898326,3.753258
OHE-26027-01460,TDMS,OHE defect,Low,-15.5183935,-6.635724,0.013868657,-1.3222023,-0.0031487206,3.6674066
OHE-26027-01461,TDMS,Traction substation inspection,High,12.950593,5.8599377,0.021555776,1.9736043,-0.0013912447,-1.2404939
OHE-26027-01462,TDMS,Traction substation inspection,Low,-16.524952,-9.851279,0.01491762,-2.8458738,0.0001112946,-1.1379607
OHE-26027-01463,TDMS,OHE defect,Medium,0.3286076,1.5251265,0.010679473,1.5264826,-0.0007943742,-1.1903552
OHE-26027-01464,TDMS,Preventive OHE maintenance,Medium,0.5980404,3.168518,0.010712913,1.4519749,-0.00068787456,-1.1958148
OHE-26027-01465,TDMS,Contact wire inspection,Medium,-0.18877988,-0.371197,0.01293923,1.4935238,-0.0005489006,-1.1803172
OHE-26027-01466,TDMS,OHE defect,Medium,-0.29769075,0.5780407,-0.016015915,-1.1448439,-1.2856661e-05,3.7880118
OHE-26027-01467,TDMS,Contact wire inspection,Low,-16.253742,-8.106626,0.01817502,-2.018975,-0.00076822477,-1.1662862
OHE-26027-01468,TDMS,Pantograph interaction issue,Low,-14.94485,-7.153378,0.048737686,1.3582884,-0.002312273,-1.2482178
OHE-26027-01469,TDMS,Preventive OHE maintenance,Low,-13.968129,-5.4434867,0.079356305,3.1467452,0.04940969,-1.2580211
OHE-26027-01470,TDMS,Contact wire inspection,Medium,-0.088550754,1.845626,0.038813766,-0.17796904,-0.00013541717,-1.1890358
OHE-26027-01471,TDMS,Preventive OHE maintenance,High,13.269683,6.0078626,-0.027691951,2.8002546,-0.00072335196,-1.2313794
OHE-26027-01472,TDMS,Contact wire inspection,Medium,-0.1750458,-1.2760215,0.011036252,3.526802,-0.00013630657,3.7531996
OHE-26027-01473,TDMS,Contact wire inspection,High,13.670517,7.21357,0.009545511,1.089871,0.0055187084,3.749458
OHE-26027-01474,TDMS,Pantograph interaction issue,High,12.514394,4.670311,0.012365738,1.0681794,-0.0005769842,-1.2437379
OHE-26027-01475,TDMS,Preventive OHE maintenance,Medium,0.41586047,2.0817375,0.012829839,1.5120579,-0.00022179387,-1.1987729
OHE-26027-01476,TDMS,Insulator replacement,Medium,0.21827924,0.8154235,0.011945714,2.6181889,-0.0018806324,-1.2051729
OHE-26027-01477,TDMS,Sectioning equipment inspection,Low,-15.401399,-4.7516174,0.079625785,-3.310616,0.00042583857,-1.1371651
OHE-26027-01478,TDMS,Contact wire inspection,Medium,0.20637429,0.08540389,0.015649904,3.5498903,0.00047369392,3.721532
OHE-26027-01479,TDMS,Pantograph interaction issue,High,12.488458,4.446088,0.01657279,1.0950117,-0.0008290838,-1.216425
OHE-26027-01480,TDMS,Preventive OHE maintenance,Low,-15.394824,-8.680327,-0.0113635985,1.2680573,0.00014354411,-1.2404038
OHE-26027-01481,TDMS,Insulator replacement,Low,-14.554683,-6.048193,0.032651123,1.2664838,0.017346023,3.6270947
OHE-26027-01482,TDMS,OHE defect,Medium,0.47242737,1.9058563,0.043381143,2.585858,0.011579501,-1.2023418
OHE-26027-01483,TDMS,Sectioning equipment inspection,High,13.81892,6.981279,0.007601029,3.6199815,-0.00048629363,3.795801
OHE-26027-01484,TDMS,Traction substation inspection,Medium,0.34450895,1.1953814,0.012743645,2.5375807,0.002229027,3.7937694
OHE-26027-01485,TDMS,Sectioning equipment inspection,Medium,-0.106244765,-0.74440837,0.017697185,3.551947,-0.0011937169,-1.2030454
OHE-26027-01486,TDMS,Preventive OHE maintenance,Medium,0.5046613,1.3877184,0.048650403,3.581636,-0.0012790064,-1.1826386
OHE-26027-01487,TDMS,Pantograph interaction issue,Medium,0.18285117,3.2193944,0.03414643,-0.17792113,-0.0013986997,-1.1768748
OHE-26027-01488,TDMS,Preventive OHE maintenance,Low,-14.549954,-5.893173,0.04106325,1.3163372,-0.0027358385,-1.2211654
OHE-26027-01489,TDMS,OHE defect,Low,-16.551857,-7.7773705,0.02909082,-3.3654919,-0.0009794303,-1.1498746
OHE-26027-01490,TDMS,Contact wire inspection,Medium,0.58175504,2.9457006,0.038510684,1.4613844,-0.0011131837,-1.2019049
OHE-26027-01491,TDMS,Pantograph interaction issue,Medium,-0.28598174,-0.6282368,0.01543183,1.4591548,0.00037581773,-1.195052
OHE-26027-01492,TDMS,Sectioning equipment inspection,Medium,-0.82831407,-3.5982249,0.006993977,1.1329085,-0.000626273,-1.222476
OHE-26027-01493,TDMS,Contact wire inspection,Medium,-0.2867426,-0.62648416,0.017233763,1.4586303,-0.0004649349,-1.192862
OHE-26027-01494,TDMS,Contact wire inspection,Low,-14.878209,-5.610631,0.023489162,-0.557981,-0.009210648,3.6611006
OHE-26027-01495,TDMS,Traction substation inspection,Medium,-0.8746131,-1.223522,0.018749775,-0.17111374,0.0006061826,-1.1977183
OHE-26027-01496,TDMS,Preventive OHE maintenance,Low,-14.781091,-5.0696774,0.024590144,-0.5597952,-0.0014996246,-1.2158133
OHE-26027-01497,TDMS,Preventive OHE maintenance,Medium,-0.051705934,1.3462883,-0.03237142,-1.0774188,-0.0003584896,-1.1766666
OHE-26027-01498,TDMS,Insulator replacement,Medium,-0.8672512,-1.8499731,-0.034002956,-0.27519473,1.9359863e-05,3.7700703
OHE-26027-01499,TDMS,Contact wire inspection,Low,-15.458073,-5.352282,0.055258796,-2.6565957,0.0012152512,-1.1067163
OHE-26027-01500,TDMS,OHE defect,Low,-13.745461,-3.479579,0.11772274,1.278926,-0.0012764118,-1.2453929
OHE-26027-01501,TDMS,Preventive OHE maintenance,High,12.834487,5.604428,0.020278983,1.9694071,-0.00054923125,-1.2230756
OHE-26027-01502,TDMS,Traction substation inspection,Low,-16.082506,-6.427356,0.03654524,-3.3442857,-0.0006516127,-1.147776
OHE-26027-01503,TDMS,OHE defect,Low,-15.241001,-6.5117846,0.026797224,-0.6221268,-0.005511034,3.6615062
OHE-26027-01504,TDMS,Preventive OHE maintenance,Low,-14.819191,-4.005965,0.03318638,-1.9722674,0.009978587,3.722208
OHE-26027-01505,TDMS,Traction substation inspection,Medium,0.18313164,3.218903,0.034474287,-0.178515,0.0004193129,-1.1782156
OHE-26027-01506,TDMS,Pantograph interaction issue,High,13.579667,7.293992,0.017833201,1.98284,-0.00010985329,-1.2389032
OHE-26027-01507,TDMS,Sectioning equipment inspection,Low,-14.618629,-4.229808,0.044418845,-1.3818954,-0.0030883418,3.6609023
OHE-26027-01508,TDMS,Insulator replacement,Medium,0.1871581,2.5817082,-0.013665123,-1.132394,0.00072324724,3.8104658
OHE-26027-01509,TDMS,Preventive OHE maintenance,High,12.504469,4.5334105,-0.02708071,1.950271,0.0005513167,-1.2391146
OHE-26027-01510,TDMS,Contact wire inspection,High,12.397587,3.0127501,0.011063244,1.4181716,-0.012046736,3.706151
OHE-26027-01511,TDMS,Insulator replacement,Medium,0.74782336,2.8051457,0.011038129,3.547101,-0.0014488713,-1.2080767
OHE-26027-01512,TDMS,Traction substation inspection,Low,-15.921356,-6.152812,-0.043273773,-4.0196495,-0.0010397141,-1.1231198
OHE-26027-01513,TDMS,Insulator replacement,Medium,0.57353294,2.4235108,-0.025114134,1.5634178,0.0006132364,-1.2031838
OHE-26027-01514,TDMS,Contact wire inspection,Low,-15.100494,-5.3966665,0.05243001,-1.277401,-0.00091662986,-1.1860591
OHE-26027-01515,TDMS,Contact wire inspection,Low,-15.091132,-9.012457,0.050220188,3.146857,-0.0026169703,-1.2548937
OHE-26027-01516,TDMS,Contact wire inspection,Medium,-0.43861422,-1.7375596,0.007858121,1.5218126,6.454404e-05,3.7417881
OHE-26027-01517,TDMS,Sectioning equipment inspection,High,13.253652,6.137053,-0.011558178,1.0675831,-0.0016007788,-1.2133722
OHE-26027-01518,TDMS,Preventive OHE maintenance,Low,-16.458166,-8.570276,-0.069995135,-1.9845985,-0.004699956,-1.1697519
OHE-26027-01519,TDMS,Insulator replacement,High,12.273331,2.898465,0.011173665,2.2666967,-0.00023475153,-1.2161415
OHE-26027-01520,TDMS,Contact wire inspection,Low,-15.329573,-7.7739773,0.021782117,0.078163095,-0.0008398908,-1.2137575
OHE-26027-01521,TDMS,Preventive OHE maintenance,Medium,0.19817117,3.0367825,-0.004030667,-0.24882159,-0.0005044002,3.8001094
OHE-26027-01522,TDMS,Traction substation inspection,Medium,0.18159108,3.1397955,0.0030783257,-1.0620693,-0.00013807752,-1.1745969
OHE-26027-01523,TDMS,Traction substation inspection,Critical,23.968493,9.223562,0.01724728,2.3648744,0.0017694434,-0.9839602
OHE-26027-01524,TDMS,Preventive OHE maintenance,Medium,-0.81620103,-3.427452,-0.00496876,-0.6580257,0.00081907434,-1.2043079
OHE-26027-01525,TDMS,Sectioning equipment inspection,Low,-15.700241,-5.70492,-0.02640449,-3.962324,-0.002435514,-1.1073054
OHE-26027-01526,TDMS,Sectioning equipment inspection,Critical,24.565466,11.508676,0.013332382,2.500744,-0.0066853347,-0.89249897
OHE-26027-01527,TDMS,Insulator replacement,Low,-15.211733,-7.4050193,-0.0043565175,-0.043860175,0.09689433,3.7276876
OHE-26027-01528,TDMS,Insulator replacement,Low,-16.69701,-8.808004,-0.03612193,-4.111322,0.013204306,-1.153679
OHE-26027-01529,TDMS,Preventive OHE maintenance,Medium,-0.9612056,-3.5893013,0.011172037,0.21916278,-0.00045361847,-1.2172318
OHE-26027-01530,TDMS,Contact wire inspection,High,13.076422,5.756465,0.015007494,2.8243854,-0.0014750169,-1.2140554
OHE-26027-01531,TDMS,Traction substation inspection,Medium,-0.8292197,-2.513854,-0.026458854,-1.055153,-0.00050185074,3.7750082
OHE-26027-01532,TDMS,OHE defect,High,13.20028,6.240382,0.0031801465,1.9562898,0.00088936306,3.7297375
OHE-26027-01533,TDMS,Sectioning equipment inspection,High,12.495724,2.6506102,0.025685014,3.0104706,-0.0005878957,3.738446
OHE-26027-01534,TDMS,OHE defect,Medium,0.61455494,1.9612036,0.048056375,3.5979972,0.007131327,-1.196913
OHE-26027-01535,TDMS,Preventive OHE maintenance,Low,-14.902659,-7.767864,0.056560274,2.2490761,-0.00066704565,-1.2567797
OHE-26027-01536,TDMS,OHE defect,Medium,-0.49259427,-1.7651232,0.017763048,1.6161675,0.00035862482,-1.2010765
OHE-26027-01537,TDMS,Sectioning equipment inspection,Medium,-0.8461237,-3.3315423,0.012537826,0.20192066,0.001193766,-1.2156447
OHE-26027-01538,TDMS,Preventive OHE maintenance,Low,-15.684011,-7.594907,0.017308943,-0.59829736,-0.0020481464,-1.2246109
OHE-26027-01539,TDMS,Pantograph interaction issue,Medium,-0.33680832,-2.3201406,0.0033332056,1.6095765,-0.003402521,3.7399237
OHE-26027-01540,TDMS,OHE defect,Low,-14.787135,-7.582351,0.017466307,3.104878,0.0009034265,3.6604948
OHE-26027-01541,TDMS,Contact wire inspection,Medium,-0.06282024,-0.7381486,0.013519266,3.4685347,-0.0020093613,3.7159436
OHE-26027-01542,TDMS,OHE defect,Medium,-0.3301002,-2.9389734,-0.0137894275,1.9089214,0.00029845198,-1.2154659
OHE-26027-01543,TDMS,Preventive OHE maintenance,Medium,-0.36033955,-1.6669371,-0.02721033,2.6240742,-0.0007089261,-1.2171186
OHE-26027-01544,TDMS,Traction substation inspection,High,13.194956,5.8689375,0.011676201,3.5867043,0.00044336275,-1.220507
OHE-26027-01545,TDMS,Sectioning equipment inspection,Low,-15.183978,-4.8654885,0.059160862,-1.9818658,-0.0010781069,-1.1558256
OHE-26027-01546,TDMS,Contact wire inspection,High,13.0121155,5.745221,0.015098395,1.0698335,-0.0023856813,-1.2281137
OHE-26027-01547,TDMS,Preventive OHE maintenance,Medium,-0.97547066,-2.006995,0.014784877,-1.0908737,0.00080125127,-1.1941158
OHE-26027-01548,TDMS,Traction substation inspection,High,12.644382,2.9861517,0.034778338,3.7452474,-0.0040643327,-1.203216
OHE-26027-01549,TDMS,Pantograph interaction issue,High,12.42592,4.330305,0.013782069,2.0365863,0.0009152169,3.7968702
OHE-26027-01550,TDMS,Traction substation inspection,Medium,0.50538504,1.3818345,0.051505722,3.5824442,-0.0029572244,-1.1828169
OHE-26027-01551,TDMS,Contact wire inspection,Medium,-0.38952285,0.4184788,0.010986216,-0.17656244,-0.00079104846,-1.196938
OHE-26027-01552,TDMS,Traction substation inspection,Low,-15.395519,-4.760625,0.08041311,-3.315379,0.015153105,-1.1447874
OHE-26027-01553,TDMS,Preventive OHE maintenance,Medium,-0.5126742,-0.6795668,-0.036016934,0.6253969,0.00044700856,-1.1914085
OHE-26027-01554,TDMS,OHE defect,Low,-15.086391,-9.307809,0.05005297,3.118113,-0.00051910407,-1.275288
OHE-26027-01555,TDMS,OHE defect,Low,-15.341911,-4.743344,0.026945157,-3.3138812,0.0023537315,3.8462775
OHE-26027-01556,TDMS,Pantograph interaction issue,High,12.479193,4.789437,0.01673151,1.9566752,-0.0006348442,-1.2602006
OHE-26027-01557,TDMS,Insulator replacement,Medium,-0.96579134,-3.7997983,0.007244452,0.12902565,-0.001724399,3.7860186
OHE-26027-01558,TDMS,Preventive OHE maintenance,Medium,-0.2295976,0.46533635,0.03059642,0.7687901,-0.0006019171,-1.1923033
OHE-26027-01559,TDMS,Insulator replacement,Low,-14.885669,-4.0416307,0.09525758,-1.9038692,-0.0019048996,-1.1460485
OHE-26027-01560,TDMS,Insulator replacement,High,13.849774,6.9682627,-0.012042343,3.6114833,0.0019272619,3.807881
OHE-26027-01561,TDMS,OHE defect,Low,-16.712261,-9.095095,-0.050982807,-4.123042,-0.003117387,-1.1340524
OHE-26027-01562,TDMS,Insulator replacement,Low,-14.013499,-4.4459877,-0.08412096,1.2400992,-0.00362409,3.7463267
OHE-26027-01563,TDMS,Contact wire inspection,High,12.875774,5.4425583,0.010540095,1.0429734,0.005610828,3.7148957
OHE-26027-01564,TDMS,Traction substation inspection,Medium,-0.03863271,1.9579166,0.009520985,-1.1034476,-0.001011998,-1.1810304
OHE-26027-01565,TDMS,Traction substation inspection,High,13.623447,7.4709926,0.013647166,1.1441841,-0.0002778248,-1.2208958
OHE-26027-01566,TDMS,Traction substation inspection,Medium,-0.39053914,-2.9450736,0.009224042,1.9342457,-0.00083321915,-1.2172619
OHE-26027-01567,TDMS,Sectioning equipment inspection,Low,-13.642945,-3.9087262,-0.1053164,2.3714213,-0.00063241116,-1.2644056
OHE-26027-01568,TDMS,Preventive OHE maintenance,Medium,-0.12786856,-0.5193669,0.028089706,2.607843,-0.000274081,-1.1968111
OHE-26027-01569,TDMS,Sectioning equipment inspection,Medium,-0.07698688,0.1704419,0.0298684,1.526959,-0.0011977773,-1.1931264
OHE-26027-01570,TDMS,Insulator replacement,High,12.709213,5.073181,-0.019053426,1.9540141,-0.012387318,3.7381067
OHE-26027-01571,TDMS,Pantograph interaction issue,Medium,0.35224554,1.8489109,0.0119833825,1.5150644,0.00036722454,-1.1991267
OHE-26027-01572,TDMS,Preventive OHE maintenance,High,13.474076,6.727834,-0.018166387,1.982628,0.008726814,-1.2420402
OHE-26027-01573,TDMS,Insulator replacement,Low,-14.688554,-5.5275173,0.060975466,0.073140986,-0.001981923,-1.1941403
OHE-26027-01574,TDMS,OHE defect,Low,-14.834441,-4.778886,0.060712676,-1.3007863,-0.0009081736,-1.2040765
OHE-26027-01575,TDMS,Preventive OHE maintenance,Low,-14.811691,-7.168084,-0.11943201,3.1000702,0.0014817835,-1.2608645
OHE-26027-01576,TDMS,Preventive OHE maintenance,Critical,24.628242,11.91655,0.011440069,3.3241289,0.024867503,-0.854854
OHE-26027-01577,TDMS,Traction substation inspection,Low,-13.664034,-4.6397376,0.111351736,2.3848398,-0.00031137318,-1.2633564
OHE-26027-01578,TDMS,OHE defect,High,13.232502,6.1525455,0.01543967,2.8119419,-0.000532441,-1.2395712
OHE-26027-01579,TDMS,OHE defect,Medium,-0.6395838,-0.37348282,-0.009387678,-1.1411767,0.0006749108,-1.1752586
OHE-26027-01580,TDMS,Preventive OHE maintenance,Low,-16.35507,-7.185397,0.036235906,-3.3229418,0.019141022,-1.1574525
OHE-26027-01581,TDMS,Pantograph interaction issue,Medium,-0.8438887,-0.96506053,0.02464272,-0.23448384,-0.0006287351,-1.1947237
OHE-26027-01582,TDMS,Sectioning equipment inspection,Low,-14.614672,-5.838288,-0.0037512125,1.350548,0.0018701872,-1.234745
OHE-26027-01583,TDMS,Traction substation inspection,Medium,-0.17530352,-1.2816696,0.013350721,3.5187328,-0.00023047128,3.7526717
OHE-26027-01584,TDMS,Pantograph interaction issue,High,12.781275,5.187671,0.01599862,1.063137,0.008399016,-1.2044213
OHE-26027-01585,TDMS,Insulator replacement,Medium,-0.7880584,-2.4262881,-0.0137280105,-0.18617618,0.004537672,3.7799013
OHE-26027-01586,TDMS,Traction substation inspection,High,12.364824,3.3445625,0.009579325,1.3688427,-0.00019740306,-1.2184683
OHE-26027-01587,TDMS,Preventive OHE maintenance,Critical,24.291237,9.961176,-0.031291433,3.0951347,-0.015881661,-0.9269767
OHE-26027-01588,TDMS,Insulator replacement,Medium,-0.8427104,-4.0837026,-0.028010143,1.118853,-0.0011422939,-1.2029641
OHE-26027-01589,TDMS,Contact wire inspection,Medium,-0.7855906,-1.1025631,-0.00821221,-1.1363648,0.00032017927,-1.1934499
OHE-26027-01590,TDMS,Traction substation inspection,Low,-16.613096,-8.228628,-0.043629482,-4.0195704,-0.002543147,-1.1289917
OHE-26027-01591,TDMS,Sectioning equipment inspection,Critical,24.032425,9.310173,0.014494572,3.081615,-0.014198871,-0.9688628
OHE-26027-01592,TDMS,Pantograph interaction issue,Low,-14.995471,-6.5504417,0.04338238,0.028954338,0.0018347787,-1.2184467
OHE-26027-01593,TDMS,Preventive OHE maintenance,Medium,-0.36938307,-1.8867968,0.011022889,2.6155205,0.0038243802,3.768129
OHE-26027-01594,TDMS,Insulator replacement,High,13.738674,6.9805336,0.014439596,3.6011176,-0.0017662541,-1.2461525
OHE-26027-01595,TDMS,Insulator replacement,Medium,-0.46112183,-0.03441236,-0.029252972,-1.1031606,-0.001761918,-1.1798875
OHE-26027-01596,TDMS,Insulator replacement,High,12.638712,4.383917,0.013721187,2.8301868,-0.000183735,3.7812083
OHE-26027-01597,TDMS,Preventive OHE maintenance,Medium,-0.7712341,-0.9846928,-0.033703785,-0.2577537,-0.0006200802,-1.1987154
OHE-26027-01598,TDMS,Insulator replacement,Medium,-0.08969209,1.7687577,0.015084709,-1.1297934,-0.0057879137,3.8114653
OHE-26027-01599,TDMS,Traction substation inspection,Medium,-0.5562905,-3.597889,0.008402052,1.9025508,-0.00018125662,-1.2268372
OHE-26027-01600,TDMS,Pantograph interaction issue,Low,-16.360657,-7.838279,0.028041167,-2.6765664,-0.0015260638,-1.116768
OHE-26027-01601,TDMS,Pantograph interaction issue,Medium,-0.2286657,0.46607196,0.028807463,0.7690062,-0.00096699496,-1.1893806
OHE-26027-01602,TDMS,Pantograph interaction issue,Medium,0.33702248,0.59248024,0.016883295,3.550626,0.000102887185,3.726961
OHE-26027-01603,TDMS,Contact wire inspection,Medium,-0.23005821,1.2036784,0.020461235,-0.19031252,0.0035237016,-1.2121457
OHE-26027-01604,TDMS,Insulator replacement,Low,-16.720993,-9.1171255,0.021107702,-3.4596045,3.3376164e-06,-1.1394705
OHE-26027-01605,TDMS,Preventive OHE maintenance,Critical,24.076181,9.176037,-0.03490964,3.0082562,-0.016076349,-0.9790228
OHE-26027-01606,TDMS,Sectioning equipment inspection,Medium,-0.303755,-3.690771,0.0042796317,3.8505116,-0.0005040234,3.7608697
OHE-26027-01607,TDMS,OHE defect,Low,-15.901479,-7.757262,0.019493878,-1.3062875,-0.0017983172,-1.1981938
OHE-26027-01608,TDMS,Sectioning equipment inspection,Medium,0.117068514,0.08204742,0.03121122,3.6515315,-0.003262238,-1.1986876
OHE-26027-01609,TDMS,Traction substation inspection,Medium,-0.20682953,-3.1414096,0.013332193,3.9551976,-0.0011949857,-1.215578
OHE-26027-01610,TDMS,Contact wire inspection,Medium,0.19957434,2.3648536,0.042755548,0.71558595,-0.00029636774,-1.1959805
OHE-26027-01611,TDMS,Traction substation inspection,High,12.398071,3.9450848,0.010433298,2.126709,0.00097219006,3.7364428
OHE-26027-01612,TDMS,Preventive OHE maintenance,Low,-14.98901,-8.064294,-0.039862644,3.133133,-0.00065656786,-1.267622
OHE-26027-01613,TDMS,Pantograph interaction issue,Medium,-0.5596443,-0.4109244,-0.022395048,-0.21032645,-0.00141811,-1.1822948
OHE-26027-01614,TDMS,Preventive OHE maintenance,High,13.433161,6.5783434,0.010230485,1.9801666,-0.0018699093,3.7567885
OHE-26027-01615,TDMS,OHE defect,Low,-13.497044,-3.8295538,0.1180206,2.3876698,-0.0010487263,-1.2399231
OHE-26027-01616,TDMS,Preventive OHE maintenance,Medium,-0.16034892,0.5081694,0.0071551395,0.6485938,-0.0026138308,3.7562747
OHE-26027-01617,TDMS,Preventive OHE maintenance,High,14.032792,8.014638,0.004911634,3.6076558,-0.011321466,3.8775578
OHE-26027-01618,TDMS,Preventive OHE maintenance,Low,-14.994763,-6.5523534,0.04585368,0.029384397,0.0015772497,-1.2199397
OHE-26027-01619,TDMS,OHE defect,Medium,0.0031730826,0.03885724,0.014312724,2.649652,-0.0018586945,-1.2025071
OHE-26027-01620,TDMS,OHE defect,Medium,-0.34690967,-3.4334958,0.011501058,2.8846219,-0.0007706665,3.7425373
OHE-26027-01621,TDMS,Preventive OHE maintenance,Low,-14.473316,-4.556356,0.03409091,-0.6397366,0.017225375,3.7331562
OHE-26027-01622,TDMS,Preventive OHE maintenance,High,13.633554,7.7282815,0.03137493,1.990598,-0.0035307154,-1.2365472
OHE-26027-01623,TDMS,OHE defect,High,12.895936,5.2377715,0.020838428,2.821021,-0.0018333492,-1.2216069
OHE-26027-01624,TDMS,Preventive OHE maintenance,Medium,-0.28142452,0.15779866,-0.039620373,0.7333063,0.0006055518,-1.1921757
OHE-26027-01625,TDMS,Pantograph interaction issue,Medium,-0.55768263,-3.5853412,0.013319665,1.892919,-0.00084752915,-1.2222468
OHE-26027-01626,TDMS,Contact wire inspection,Low,-16.736689,-9.729263,0.016876522,-3.4760733,0.0004059228,-1.1691575
OHE-26027-01627,TDMS,OHE defect,High,12.59087,3.9492776,0.013955787,2.8706787,0.00096455944,3.744698
OHE-26027-01628,TDMS,Preventive OHE maintenance,Medium,-0.49162024,-3.7180026,0.02071585,3.0211415,-0.0018092721,-1.2186646
OHE-26027-01629,TDMS,Traction substation inspection,Low,-13.452676,-3.484795,0.1188921,2.3373926,-0.001541319,-1.2542908
OHE-26027-01630,TDMS,Traction substation inspection,Medium,-0.021208582,-0.526617,0.0353335,3.570454,0.0070777955,-1.1877816
OHE-26027-01631,TDMS,Insulator replacement,High,13.620597,6.6506715,0.012211171,2.7909136,-4.74055e-05,3.7461734
OHE-26027-01632,TDMS,Contact wire inspection,Low,-16.242205,-6.8530335,0.015464518,-3.3216543,0.0014788456,3.756717
OHE-26027-01633,TDMS,Sectioning equipment inspection,Medium,0.3109102,0.40251356,0.014555824,3.5631568,0.0010507515,3.7511098
OHE-26027-01634,TDMS,Traction substation inspection,Medium,-0.10727083,-0.74293923,0.031376667,3.565374,-0.0012010047,-1.1999563
OHE-26027-01635,TDMS,Traction substation inspection,High,13.22125,6.147438,0.016494656,2.8260534,-0.0015008443,-1.2385963
OHE-26027-01636,TDMS,Contact wire inspection,High,13.627091,6.8713036,0.016064847,2.8366218,0.00017981522,-1.2360227
OHE-26027-01637,TDMS,Pantograph interaction issue,High,13.669562,6.856013,0.012769033,2.8136487,6.2654006e-05,3.777086
OHE-26027-01638,TDMS,Preventive OHE maintenance,Medium,-0.3394681,0.6423609,0.02146549,-0.17263758,0.00084291876,-1.1920992
OHE-26027-01639,TDMS,Traction substation inspection,Medium,-0.02763789,1.9970142,-0.0042885393,-1.1658638,-0.00070362666,3.7861392
OHE-26027-01640,TDMS,Contact wire inspection,Medium,-0.41927972,-3.2615502,0.010409865,1.7992191,-0.00015698274,3.7690222
OHE-26027-01641,TDMS,Contact wire inspection,Low,-14.090672,-4.1184196,0.09126863,0.04388992,-0.0005914927,-1.237455
OHE-26027-01642,TDMS,Preventive OHE maintenance,Medium,-0.8111197,-1.5798784,0.024806675,0.6995182,0.0012889985,-1.1894981
OHE-26027-01643,TDMS,OHE defect,Low,-14.540272,-6.814031,0.06649981,2.2041698,0.0013914315,-1.2721936
OHE-26027-01644,TDMS,OHE defect,Medium,0.02816427,0.20194729,0.016704708,1.4633679,-0.008570852,3.7609575
OHE-26027-01645,TDMS,OHE defect,Medium,0.3399539,3.063424,0.011867854,0.64797777,0.0012808884,3.7901294
OHE-26027-01646,TDMS,Pantograph interaction issue,Low,-15.332848,-5.3210845,0.04877433,-1.9713995,-0.0023467226,-1.1655483
OHE-26027-01647,TDMS,Contact wire inspection,Medium,-0.7128016,-0.99437004,0.025971385,0.6336987,-0.0013553649,-1.1987547
OHE-26027-01648,TDMS,Insulator replacement,Low,-14.609148,-6.2047567,0.023820238,1.3932208,-0.010813004,3.6158733
OHE-26027-01649,TDMS,Contact wire inspection,Low,-15.385566,-5.08447,0.059574798,-2.6521637,-0.000612404,-1.1151906
OHE-26027-01650,TDMS,Contact wire inspection,High,13.295379,6.143292,0.010816279,2.7986994,0.0031473234,3.7881958
OHE-26027-01651,TDMS,Pantograph interaction issue,Medium,0.3897526,1.3825918,0.04131426,2.6213794,-0.0015498574,-1.1872251
OHE-26027-01652,TDMS,Traction substation inspection,High,12.63887,2.983259,0.03241656,3.7473786,0.0017821192,-1.2043086
OHE-26027-01653,TDMS,OHE defect,Medium,-0.45794147,0.11020151,-0.019088713,-0.19227041,-0.00075910194,-1.1907095
OHE-26027-01654,TDMS,Preventive OHE maintenance,Low,-15.607728,-5.807598,0.036219906,-1.9594624,-0.00026805446,-1.1814241
OHE-26027-01655,TDMS,Insulator replacement,Medium,-0.3419922,-1.1343836,0.0033927597,1.4425231,0.0034049691,3.771014
OHE-26027-01656,TDMS,Insulator replacement,Low,-14.951747,-7.8654795,-0.01690594,2.2571065,-0.002300425,3.7204602
OHE-26027-01657,TDMS,OHE defect,Low,-16.443342,-8.116101,0.020516826,-2.7081141,0.00043547482,-1.1189355
OHE-26027-01658,TDMS,Pantograph interaction issue,Medium,-0.91009295,-1.6384177,-0.016173773,-1.1784568,-0.00048129316,3.788874
OHE-26027-01659,TDMS,Traction substation inspection,Medium,0.03796377,2.3598874,0.03763975,-0.18671656,-0.00021327125,-1.191802
OHE-26027-01660,TDMS,Preventive OHE maintenance,Medium,-0.42544,-4.263097,0.016710704,3.9385371,-0.0005934774,-1.2110566
OHE-26027-01661,TDMS,Pantograph interaction issue,Medium,-0.17802344,-3.4647992,0.003766106,3.8103652,0.0054060128,3.7569902
OHE-26027-01662,TDMS,Insulator replacement,Medium,-0.9017267,-1.6351014,0.013875127,-1.1505611,0.005606697,3.7934067
OHE-26027-01663,TDMS,Sectioning equipment inspection,Medium,-0.62833506,-0.37988755,0.011547941,-1.12158,4.1994266e-05,-1.1781472
OHE-26027-01664,TDMS,Traction substation inspection,Critical,24.617702,11.914079,0.014253006,3.3394578,0.025449183,-0.85508907
OHE-26027-01665,TDMS,Contact wire inspection,High,13.558799,6.456353,0.010136297,3.6053169,0.003527416,3.7387242
OHE-26027-01666,TDMS,Preventive OHE maintenance,Medium,-0.20869987,-0.73873603,0.02633023,2.610211,-0.00035360607,-1.2031896
OHE-26027-01667,TDMS,Pantograph interaction issue,Low,-13.765948,-3.8288016,0.060485,1.2992918,0.018073572,3.6693246
OHE-26027-01668,TDMS,Pantograph interaction issue,Medium,0.31247872,2.9796195,0.0080710435,0.737557,-0.00011915134,-1.1937411
OHE-26027-01669,TDMS,Contact wire inspection,High,13.484935,6.4409056,0.0077859485,1.061351,0.0056792493,3.7331383
OHE-26027-01670,TDMS,Preventive OHE maintenance,High,13.460728,6.6079206,0.01839132,1.0925517,-5.9171856e-05,-1.228929
OHE-26027-01671,TDMS,OHE defect,Low,-16.394531,-7.384814,-0.03707515,-4.069559,-0.004585102,3.697186
OHE-26027-01672,TDMS,Pantograph interaction issue,Low,-16.065962,-6.540033,-0.059242323,-4.062828,0.0016692944,3.778193
OHE-26027-01673,TDMS,Pantograph interaction issue,Low,-15.997714,-6.704459,0.004541822,-2.721164,5.238162e-05,3.6845188
OHE-26027-01674,TDMS,OHE defect,Low,-15.459816,-5.147932,-0.003375037,-3.9447734,-0.0013864553,-1.1535634
OHE-26027-01675,TDMS,Sectioning equipment inspection,Medium,-0.23417702,0.9096181,-0.011197195,-0.21537888,0.0021974684,-1.1907859
OHE-26027-01676,TDMS,Contact wire inspection,Medium,-0.3375394,-3.1202345,0.0033380908,3.0211437,8.623645e-05,-1.2154825
OHE-26027-01677,TDMS,Pantograph interaction issue,Medium,-0.025532829,-0.5192221,0.029915307,3.5586174,-0.0016971317,-1.1912692
OHE-26027-01678,TDMS,OHE defect,Low,-14.668815,-4.417209,0.041674133,-1.4155216,-0.00018543942,3.703943
OHE-26027-01679,TDMS,Preventive OHE maintenance,High,12.791892,4.154788,-0.03132907,3.6672797,0.004336313,-1.2186433
OHE-26027-01680,TDMS,Pantograph interaction issue,Medium,-0.48004276,-1.4519241,0.016899325,1.5769747,-7.711104e-05,-1.1917775
OHE-26027-01681,TDMS,Insulator replacement,Medium,-0.8106879,-1.2425326,-0.021810621,-0.19334239,0.00029104794,-1.2006167
OHE-26027-01682,TDMS,OHE defect,Medium,0.125092,0.33178404,0.023657832,2.6685503,-0.00027105297,-1.2111835
OHE-26027-01683,TDMS,Contact wire inspection,Low,-15.028362,-3.709665,0.030477652,-3.3081949,0.0016578073,3.7805262
OHE-26027-01684,TDMS,Contact wire inspection,Medium,0.51285076,2.4355905,0.008003382,1.5764976,-0.0011927793,-1.2072128
OHE-26027-01685,TDMS,OHE defect,Medium,-0.42550072,-1.6614455,0.012073843,2.645139,-0.0013668331,-1.2193449
OHE-26027-01686,TDMS,Preventive OHE maintenance,Medium,0.3747266,1.1762358,-0.025634177,2.5275943,-2.8300296e-06,3.7979999
OHE-26027-01687,TDMS,Insulator replacement,Medium,-0.13530812,-0.3614808,0.0146465115,2.6057343,0.0105419075,-1.1979917
OHE-26027-01688,TDMS,Preventive OHE maintenance,Low,-13.708774,-4.4314957,-0.09503484,2.2901497,-0.00074858946,3.7244575
OHE-26027-01689,TDMS,Pantograph interaction issue,Low,-14.794394,-3.7731576,0.09064021,-1.9746478,-0.0015097664,-1.1386113
OHE-26027-01690,TDMS,Traction substation inspection,Medium,-0.29064298,0.68663,0.00278934,-0.25239617,0.0026065721,3.756508
OHE-26027-01691,TDMS,Contact wire inspection,Medium,-0.13818495,-2.4822502,0.012981807,3.6471896,-0.0005354243,3.7343636
OHE-26027-01692,TDMS,Pantograph interaction issue,Medium,-0.13672309,1.399093,-0.008235651,-1.1513606,-8.076054e-05,3.7529252
OHE-26027-01693,TDMS,Preventive OHE maintenance,Medium,-0.6412384,-4.095405,0.0110067865,1.9080641,-0.00041092696,-1.2088169
OHE-26027-01694,TDMS,Pantograph interaction issue,Medium,-0.3765105,-4.0387144,0.010911457,3.965705,-0.0013139832,-1.2211539
OHE-26027-01695,TDMS,OHE defect,High,12.432194,4.5373297,0.014490077,1.9737073,-0.0004859237,-1.2417917
OHE-26027-01696,TDMS,Pantograph interaction issue,Low,-15.491428,-6.2609425,0.05203353,-1.3904926,-0.0002694661,-1.1963516
OHE-26027-01697,TDMS,Contact wire inspection,Low,-16.67996,-8.571637,-0.051785797,-4.1114197,0.0035209605,-1.1362076
OHE-26027-01698,TDMS,Contact wire inspection,Medium,0.15209486,2.9750035,0.0059923534,-0.16329312,0.0003544896,-1.194016
OHE-26027-01699,TDMS,Insulator replacement,Medium,-0.32580575,-3.4850938,-0.010785387,2.973487,0.00031080408,-1.217725
OHE-26027-01700,TDMS,Traction substation inspection,Low,-13.552409,-4.229085,0.06583823,2.2955709,-0.002776939,3.6262417
OHE-26027-01701,TDMS,OHE defect,High,13.887294,7.538897,0.013587206,3.6009338,0.008976652,-1.2455144
OHE-26027-01702,TDMS,Pantograph interaction issue,Low,-14.628249,-6.1829267,0.0034093785,1.4037447,-0.0056500174,3.653321
OHE-26027-01703,TDMS,Preventive OHE maintenance,Low,-15.826554,-5.8708262,0.004380363,-3.4077802,0.0002419334,3.7366915
OHE-26027-01704,TDMS,Contact wire inspection,Low,-14.954504,-5.553385,0.046773557,-0.561131,0.0051725856,-1.211861
OHE-26027-01705,TDMS,Insulator replacement,Medium,-0.67949045,-1.2549396,-0.02437631,0.6854908,-0.0007951503,-1.202097
OHE-26027-01706,TDMS,Insulator replacement,Medium,-0.25852546,-3.4977555,0.013285718,3.9148083,-0.0015727053,-1.2184932
OHE-26027-01707,TDMS,Preventive OHE maintenance,Critical,23.923723,9.105555,0.014740506,2.3367183,-0.0005177254,-0.98883545
OHE-26027-01708,TDMS,Traction substation inspection,Low,-15.492572,-5.487163,0.01687431,-2.774321,-0.0016707459,3.7003353
OHE-26027-01709,TDMS,Traction substation inspection,Medium,-0.8971772,-1.3989949,-0.006620118,-1.1355851,-0.00027200262,-1.1879578
OHE-26027-01710,TDMS,Traction substation inspection,Medium,0.60784787,1.9552435,0.051803052,3.592654,0.00052465237,-1.1985477
OHE-26027-01711,TDMS,Pantograph interaction issue,High,12.804175,5.033667,0.018406013,3.5911286,0.007898924,-1.2518263
OHE-26027-01712,TDMS,Preventive OHE maintenance,Low,-14.629341,-5.5473022,0.019124225,-0.120884225,-0.008946888,3.5846362
OHE-26027-01713,TDMS,Insulator replacement,Medium,0.17371173,0.54092836,0.013558336,2.65505,-0.00063947955,-1.2088152
OHE-26027-01714,TDMS,Pantograph interaction issue,Low,-15.866571,-6.722646,0.00842056,-2.0014992,-0.004269345,3.7130928
OHE-26027-01715,TDMS,Insulator replacement,High,13.8011055,6.9710007,-0.0205996,3.589763,-0.0029376254,-1.2483134
OHE-26027-01716,TDMS,Insulator replacement,Medium,-0.58706933,-3.8774023,0.010117193,1.8909514,-0.0005611551,-1.2211015
OHE-26027-01717,TDMS,Sectioning equipment inspection,Low,-16.577242,-8.749488,0.008626108,-2.5874753,0.0024042842,-1.1181232
OHE-26027-01718,TDMS,Sectioning equipment inspection,Low,-15.820933,-7.667708,0.01941929,-1.3872672,0.006296156,3.7095964
OHE-26027-01719,TDMS,Pantograph interaction issue,Medium,-0.6160582,-0.38867828,0.005928556,-0.26731637,-0.005472718,3.7200923
OHE-26027-01720,TDMS,OHE defect,Medium,-0.58724946,-0.22919068,-0.006559715,-0.27425718,0.003440338,3.7525795
OHE-26027-01721,TDMS,Preventive OHE maintenance,Medium,0.6180503,2.3136497,0.014692434,2.5399518,0.0014763309,3.8104258
OHE-26027-01722,TDMS,Contact wire inspection,Medium,0.4231956,2.10697,0.04203767,1.5201932,0.0034210735,-1.1977994
OHE-26027-01723,TDMS,Contact wire inspection,Medium,0.68212813,2.548152,-0.0025843976,2.4989593,-0.002325469,3.7979817
OHE-26027-01724,TDMS,Insulator replacement,High,13.606358,7.2152534,0.01886073,1.1381074,-0.0021396584,-1.2219477
OHE-26027-01725,TDMS,Pantograph interaction issue,High,12.715773,4.9395185,0.014540313,2.8088064,-0.0016370227,-1.250373
OHE-26027-01726,TDMS,Sectioning equipment inspection,Critical,23.918667,10.742757,-0.015639476,3.3142357,0.049582798,3.8268063
OHE-26027-01727,TDMS,Preventive OHE maintenance,Low,-14.1616955,-5.5309067,-0.020095455,2.3624349,-0.0031198107,-1.26104
OHE-26027-01728,TDMS,Pantograph interaction issue,Low,-15.167015,-6.336906,0.044243045,-0.58449084,0.0013188833,-1.2275909
OHE-26027-01729,TDMS,Insulator replacement,High,13.429226,6.738877,0.01660103,1.9942352,-0.0008504634,-1.2444444
OHE-26027-01730,TDMS,Traction substation inspection,Critical,24.612352,11.675032,0.01464912,3.3184702,-0.0071607446,-0.8582427
OHE-26027-01731,TDMS,OHE defect,Medium,0.051551566,1.5714154,0.029384093,0.69725657,0.0033044957,3.7216022
OHE-26027-01732,TDMS,Pantograph interaction issue,Low,-15.315946,-7.576417,0.021417864,0.03991994,-0.0020174282,-1.226886
OHE-26027-01733,TDMS,Preventive OHE maintenance,Low,-14.538604,-6.8157067,0.06683648,2.2013946,-0.0019807117,-1.2758507
OHE-26027-01734,TDMS,Traction substation inspection,Medium,-0.35379755,-3.4383538,0.016549714,2.89822,-0.0005872981,3.753131
OHE-26027-01735,TDMS,OHE defect,Medium,-0.111496426,0.67197824,-0.014251051,0.7489179,-0.00080394355,-1.1888922
OHE-26027-01736,TDMS,Insulator replacement,Low,-14.905643,-8.044282,-0.031854756,3.108182,-0.0027293274,3.7049649
OHE-26027-01737,TDMS,Sectioning equipment inspection,Low,-16.159464,-7.6102133,0.021286957,-1.999725,0.0013181246,-1.1715109
OHE-26027-01738,TDMS,Sectioning equipment inspection,Medium,-0.18999535,-0.3627825,0.028432602,1.5027677,-0.0015672193,-1.1777054
OHE-26027-01739,TDMS,OHE defect,Low,-13.755919,-4.7703485,0.03679635,2.4374301,0.003493411,3.7167003
OHE-26027-01740,TDMS,Preventive OHE maintenance,Low,-16.235334,-6.9211073,0.03809279,-3.2827642,-0.0018884332,-1.1261406
OHE-26027-01741,TDMS,Contact wire inspection,Medium,-0.7433469,-1.2391795,0.022176294,0.7114094,-0.00013107547,-1.2045808
OHE-26027-01742,TDMS,Insulator replacement,Critical,24.033749,7.7275305,-0.044818167,3.3008986,-0.0038608047,-0.9902705
OHE-26027-01743,TDMS,Preventive OHE maintenance,Medium,-0.36768588,-1.8837273,0.00714058,2.618926,-0.0032049187,3.760077
OHE-26027-01744,TDMS,Insulator replacement,Medium,0.6504726,3.0209744,0.00857571,2.5650344,0.00051087845,-1.1947757
OHE-26027-01745,TDMS,Preventive OHE maintenance,Medium,-0.6948293,-0.7237867,-0.015205402,-1.1992351,0.0014788503,3.780353
OHE-26027-01746,TDMS,Traction substation inspection,Critical,23.77032,10.096096,0.0071648234,2.5455554,0.012078243,3.8450878
OHE-26027-01747,TDMS,Pantograph interaction issue,Low,-14.193044,-5.180819,0.062097836,1.3258982,-0.0020833802,-1.2515738
OHE-26027-01748,TDMS,Sectioning equipment inspection,Low,-14.260123,-3.7749174,0.045176186,-0.56318104,0.00703045,3.6992047
OHE-26027-01749,TDMS,Preventive OHE maintenance,Medium,0.46930948,1.1833217,0.018139333,3.4865692,-0.007658377,3.7678633
OHE-26027-01750,TDMS,OHE defect,Low,-15.851162,-6.598929,0.03623035,-2.0009267,0.0008955266,-1.1544765
OHE-26027-01751,TDMS,Insulator replacement,Low,-14.954569,-5.553913,0.04419855,-0.56101674,0.005222789,-1.211755
OHE-26027-01752,TDMS,Contact wire inspection,High,13.025591,5.8451195,-0.017552422,1.9484881,-0.0010737295,-1.2443365
OHE-26027-01753,TDMS,Traction substation inspection,Medium,-0.42566264,-1.6629808,0.012030342,2.644498,9.345096e-06,-1.21834
OHE-26027-01754,TDMS,Insulator replacement,Medium,0.6389098,3.2284458,0.015552765,1.4057009,0.00082595204,3.7870686
OHE-26027-01755,TDMS,Traction substation inspection,Low,-14.703213,-7.404462,0.05997894,3.178427,-0.0031386442,-1.2471735
OHE-26027-01756,TDMS,Contact wire inspection,Medium,-0.09921639,1.7235925,0.009033316,-1.1026042,-0.0020828643,-1.1812744
OHE-26027-01757,TDMS,OHE defect,Medium,-0.92072785,-1.8403492,0.014367296,-0.25641295,0.0004085885,3.7758882
OHE-26027-01758,TDMS,Traction substation inspection,Medium,0.34147292,0.5936206,0.015667839,3.550263,0.00054427644,3.724908
OHE-26027-01759,TDMS,Sectioning equipment inspection,Critical,23.982262,9.226633,0.01649621,2.354407,-0.0007564178,-0.98410493
OHE-26027-01760,TDMS,Preventive OHE maintenance,High,12.847786,5.605034,0.012843295,1.9544855,-0.0008798869,-1.2243592
OHE-26027-01761,TDMS,Traction substation inspection,Low,-14.974619,-4.441374,0.030688228,-2.0385108,-0.0017901268,3.7766104
OHE-26027-01762,TDMS,Traction substation inspection,Medium,0.55913514,2.6454344,0.03538074,1.4803747,8.635757e-05,-1.2002311
OHE-26027-01763,TDMS,Traction substation inspection,High,12.705814,3.603983,0.023404913,3.7929184,-0.00022715381,-1.2102003
OHE-26027-01764,TDMS,Preventive OHE maintenance,Low,-15.055031,-8.441031,0.02427586,3.050016,0.0017767225,3.6590173
OHE-26027-01765,TDMS,Pantograph interaction issue,Low,-15.122714,-8.618705,0.04722568,2.1609247,-0.0016383227,-1.2439305
OHE-26027-01766,TDMS,Pantograph interaction issue,Medium,0.599027,1.9325956,0.0040277177,3.574067,-0.0016307666,-1.2087928
OHE-26027-01767,TDMS,Preventive OHE maintenance,Medium,0.23570126,1.2660378,0.013875167,1.5405902,-0.0011901505,-1.2129776
OHE-26027-01768,TDMS,Pantograph interaction issue,Medium,-0.30443552,0.8240305,-0.0069385623,-1.1066214,0.0009961509,-1.1794134
OHE-26027-01769,TDMS,Sectioning equipment inspection,Medium,-0.4264668,-1.4446753,0.007063633,1.4703385,-0.0037521592,3.7362497
OHE-26027-01770,TDMS,Insulator replacement,High,12.656524,4.7264934,0.011545118,1.0209435,-0.0104152085,3.781345
OHE-26027-01771,TDMS,Traction substation inspection,High,12.307928,2.788721,0.02835718,1.406377,-0.025261756,3.7034037
OHE-26027-01772,TDMS,Insulator replacement,Medium,-0.3695861,-1.8909823,0.010007848,2.6087239,0.008621158,3.7608654
OHE-26027-01773,TDMS,Preventive OHE maintenance,Low,-16.39459,-7.373665,-0.0378805,-4.057525,-0.00065983454,3.6969953
OHE-26027-01774,TDMS,Traction substation inspection,High,13.323917,6.239841,0.0269288,3.60136,-0.00034774592,-1.2472482
OHE-26027-01775,TDMS,OHE defect,High,13.46359,6.8594556,0.013253627,1.1035715,0.001705658,-1.2271509
OHE-26027-01776,TDMS,Pantograph interaction issue,Medium,0.10307368,0.68663555,0.028823193,1.5432472,0.00012910416,-1.1967422
OHE-26027-01777,TDMS,Sectioning equipment inspection,Low,-15.076204,-8.725342,0.051113237,3.0900295,-0.0026535622,-1.2375513
OHE-26027-01778,TDMS,Insulator replacement,Low,-15.748118,-5.7266006,-0.016781565,-4.0622783,-0.003677674,3.669452
OHE-26027-01779,TDMS,Preventive OHE maintenance,Low,-15.689808,-7.8371534,0.013815151,-0.6086592,0.02696032,-1.264837
OHE-26027-01780,TDMS,Insulator replacement,High,12.4582205,3.7946353,-0.0146237,1.1980376,0.0013367425,3.7004204
OHE-26027-01781,TDMS,Preventive OHE maintenance,High,13.124794,5.7548323,-0.029822607,1.0293357,0.0010997377,3.760698
OHE-26027-01782,TDMS,Insulator replacement,Medium,-0.33500603,0.63879734,0.015473249,-0.17813417,-0.0014266962,-1.1906661
OHE-26027-01783,TDMS,OHE defect,Medium,-0.42913446,-4.2847366,0.011174033,3.9577312,0.00041493707,-1.20573
OHE-26027-01784,TDMS,Contact wire inspection,High,13.649712,7.0972733,0.019575201,2.832526,-0.0012999077,-1.230886
OHE-26027-01785,TDMS,Pantograph interaction issue,Medium,-0.8396714,-1.0945951,0.008632822,-1.1388173,0.0014590891,-1.1942723
OHE-26027-01786,TDMS,OHE defect,Low,-16.01819,-7.2737575,0.008292802,-2.048204,0.0033989616,3.764345
OHE-26027-01787,TDMS,Insulator replacement,High,12.392471,4.271104,0.018379947,1.9623134,-0.0006922528,-1.2472793
OHE-26027-01788,TDMS,Insulator replacement,Low,-16.726946,-9.088945,-0.045051873,-4.120413,-0.0027300057,-1.1332754
OHE-26027-01789,TDMS,Traction substation inspection,Medium,0.7272264,2.3470998,0.02743654,3.533557,-0.000517315,3.7798824
OHE-26027-01790,TDMS,Contact wire inspection,Low,-14.266279,-4.613103,0.06328415,0.030157601,-0.00031862632,-1.2363737
OHE-26027-01791,TDMS,Sectioning equipment inspection,Medium,-0.68061393,-2.9699416,0.0089890305,0.95374995,0.0003677058,3.7617912
OHE-26027-01792,TDMS,OHE defect,High,13.231612,6.15108,0.018597217,2.8140042,-0.0011196397,-1.239218
OHE-26027-01793,TDMS,Traction substation inspection,Medium,0.3389423,1.5526371,0.046888184,1.5353248,-0.0015918281,-1.1849872
OHE-26027-01794,TDMS,Contact wire inspection,Medium,-0.09867772,1.6936653,0.005846811,-1.0826344,-0.00025331686,-1.1899534
OHE-26027-01795,TDMS,Sectioning equipment inspection,High,13.948205,7.544311,0.0076421187,3.6403337,0.011299807,3.8083131
OHE-26027-01796,TDMS,Pantograph interaction issue,Medium,0.11993928,0.07874274,0.03098557,3.6626635,0.01294586,-1.1979693
OHE-26027-01797,TDMS,OHE defect,Medium,0.05298271,1.5720353,0.033356797,0.6992478,-0.003517293,3.721751
OHE-26027-01798,TDMS,OHE defect,Low,-14.666394,-7.055284,0.06641032,2.1847546,-0.0020171215,-1.2508044
OHE-26027-01799,TDMS,Traction substation inspection,Medium,0.6292141,2.4786396,0.032324534,2.5726154,3.2739263e-05,-1.2096118
OHE-26027-01800,TDMS,Contact wire inspection,High,13.832357,7.653421,0.009952918,2.7866156,0.0012677883,3.821622
OHE-26027-01801,TDMS,Pantograph interaction issue,Medium,-1.1119678,-4.13798,-0.027264265,-0.6908464,-0.0043575824,3.738656
OHE-26027-01802,TDMS,Sectioning equipment inspection,Medium,-0.39984637,-0.9312436,0.013000715,1.4668665,-0.001113078,-1.198174
OHE-26027-01803,TDMS,Contact wire inspection,Critical,24.635921,11.757515,-0.01705513,2.5424016,-0.0076466594,-0.8897882
OHE-26027-01804,TDMS,Traction substation inspection,Medium,-0.13279827,0.95790166,0.027850566,0.7313677,-0.0010263283,-1.1834445
OHE-26027-01805,TDMS,Preventive OHE maintenance,High,13.902493,7.7770514,0.0134951295,3.6049078,0.0015436162,-1.246164
OHE-26027-01806,TDMS,Preventive OHE maintenance,High,12.358287,3.4193437,0.018987544,2.2262967,0.00030336928,-1.2208055
OHE-26027-01807,TDMS,OHE defect,Low,-15.346747,-8.458349,0.003231043,1.1864421,-0.0050381115,3.6612837
OHE-26027-01808,TDMS,Traction substation inspection,High,12.467063,4.1650333,0.018618282,1.087757,-0.0081707,3.730156
OHE-26027-01809,TDMS,OHE defect,High,13.549316,6.861813,0.01152326,1.0706625,0.004768357,3.7562451
OHE-26027-01810,TDMS,Sectioning equipment inspection,Low,-14.718568,-6.607774,0.021320725,1.2813329,-0.004331358,3.657693
OHE-26027-01811,TDMS,Insulator replacement,Low,-14.255011,-5.9286256,0.071818605,3.1058326,-0.0030097915,-1.2347817
OHE-26027-01812,TDMS,Sectioning equipment inspection,Medium,-0.12572174,0.71464384,0.024365092,0.66844094,-0.00031100836,3.7442677
OHE-26027-01813,TDMS,Pantograph interaction issue,Low,-13.987004,-4.659576,0.1011648,1.3083688,-0.0014330479,-1.2621636
OHE-26027-01814,TDMS,Preventive OHE maintenance,Medium,-0.30211,-1.6022297,-0.034670345,2.5690563,-0.007279769,3.7539697
OHE-26027-01815,TDMS,Insulator replacement,High,12.759929,4.553959,0.014039887,3.6100032,-0.0046225674,-1.2310145
OHE-26027-01816,TDMS,Pantograph interaction issue,Low,-15.127777,-4.396114,-0.05192209,-1.8704296,-0.0058976975,-1.1730851
OHE-26027-01817,TDMS,OHE defect,High,13.412937,6.3377867,0.00856523,2.8135881,0.0033500174,3.7217457
OHE-26027-01818,TDMS,Sectioning equipment inspection,Low,-15.361741,-9.303769,0.021256512,1.2839926,-0.00077385316,-1.2621514
OHE-26027-01819,TDMS,Contact wire inspection,Critical,24.687538,11.055184,-0.01695294,3.2494016,0.023504175,-0.88365287
OHE-26027-01820,TDMS,OHE defect,Medium,-0.38497922,-4.266546,0.0034194859,3.8422334,0.0147740375,3.7229335
OHE-26027-01821,TDMS,Sectioning equipment inspection,High,13.346891,6.5651217,0.017157605,1.9794297,-0.0001340358,-1.2347307
OHE-26027-01822,TDMS,Insulator replacement,Medium,-0.8586852,-1.5095208,-0.016074087,-0.25551406,0.0031239444,3.7818952
OHE-26027-01823,TDMS,Insulator replacement,Medium,0.4521802,2.160052,0.008791763,1.4562263,-0.0006050961,3.7998025
OHE-26027-01824,TDMS,Sectioning equipment inspection,Critical,24.206976,9.96206,0.01363922,3.1261096,-0.017654855,-0.9225717
OHE-26027-01825,TDMS,Pantograph interaction issue,Medium,-0.82020015,-2.9665742,-0.003061533,0.08764984,-0.0014746229,3.780292
OHE-26027-01826,TDMS,Pantograph interaction issue,Critical,24.619635,11.424225,0.013923509,3.2932618,-0.009598418,-0.8693423
OHE-26027-01827,TDMS,Pantograph interaction issue,Medium,-0.11365021,-0.34796506,0.016615476,2.5353734,0.00055820023,3.7188299
OHE-26027-01828,TDMS,Contact wire inspection,Medium,0.40464154,1.6425359,0.014616136,2.5712976,-0.00041193556,-1.2000583
OHE-26027-01829,TDMS,OHE defect,High,12.747597,4.5444293,0.025094457,3.6370914,-0.00020771717,-1.2291443
OHE-26027-01830,TDMS,Sectioning equipment inspection,Low,-16.363104,-7.1857004,0.04075478,-3.3225212,-0.00012072875,-1.1301564
OHE-26027-01831,TDMS,Pantograph interaction issue,Medium,-0.7844339,-1.0112463,-0.012769358,-1.21667,-0.00066878524,3.810454
OHE-26027-01832,TDMS,Contact wire inspection,Medium,0.39850816,3.188091,-0.023656433,0.7007676,-0.00080129935,-1.1881781
OHE-26027-01833,TDMS,Preventive OHE maintenance,Critical,23.976915,7.7452545,0.013208742,3.3273842,-0.002011427,-0.99199945
OHE-26027-01834,TDMS,Insulator replacement,Critical,24.521618,10.54528,0.016982922,3.1779442,-0.013813658,-0.9016942
OHE-26027-01835,TDMS,Pantograph interaction issue,Medium,-0.43195105,-1.1829587,0.019533355,1.5245975,-0.00017512598,-1.1994183
OHE-26027-01836,TDMS,Traction substation inspection,Medium,0.33647478,1.5623391,0.029466579,1.4871776,0.0029292079,3.74974
OHE-26027-01837,TDMS,Preventive OHE maintenance,Medium,-0.111328945,1.5158455,0.04417744,-0.17474148,-0.0015413082,-1.1775308
OHE-26027-01838,TDMS,Pantograph interaction issue,Low,-13.600386,-4.46949,0.08068019,3.0444143,0.003283939,3.6309319
OHE-26027-01839,TDMS,Contact wire inspection,Medium,-0.5828615,-0.6676577,0.016938908,0.6426544,-0.0010098651,-1.1893078
OHE-26027-01840,TDMS,Sectioning equipment inspection,Medium,-0.024018357,-0.36523566,0.030021615,3.555932,-0.0012756946,-1.1920283
OHE-26027-01841,TDMS,Sectioning equipment inspection,High,12.791755,4.500459,0.0071866508,3.6387348,-0.0005313947,3.7589808
OHE-26027-01842,TDMS,Contact wire inspection,High,13.696816,7.4809074,0.005817504,1.0911993,0.002038152,3.764013
OHE-26027-01843,TDMS,Pantograph interaction issue,Medium,-0.29901537,-3.0680084,0.010512411,2.9201438,0.0013978854,3.747655
OHE-26027-01844,TDMS,OHE defect,Medium,0.36617723,0.86336803,0.012630107,3.5050719,0.00020439278,3.7415574
OHE-26027-01845,TDMS,Pantograph interaction issue,High,13.047043,5.6545696,-0.011718651,2.791933,0.00072116975,3.7325706
OHE-26027-01846,TDMS,Contact wire inspection,Medium,-0.7132842,-0.6431839,0.013313166,-0.22527702,-0.0015890497,-1.1883241
OHE-26027-01847,TDMS,Insulator replacement,Critical,23.650364,7.9593415,-0.018280879,2.6258163,0.0077431723,3.778629
OHE-26027-01848,TDMS,Sectioning equipment inspection,Critical,24.313198,10.130656,0.017365832,3.127853,0.0010039615,-0.9211621
OHE-26027-01849,TDMS,Sectioning equipment inspection,Low,-16.551977,-7.776102,0.029889526,-3.3659286,0.000572748,-1.1488072
OHE-26027-01850,TDMS,Preventive OHE maintenance,Medium,0.32630512,0.39975357,0.008646825,3.560689,-0.004580341,3.7447612
OHE-26027-01851,TDMS,Traction substation inspection,Medium,-1.0135192,-3.7118247,-0.033706088,-0.6817483,-0.00042829022,-1.2087346
OHE-26027-01852,TDMS,OHE defect,Critical,24.562227,11.764275,0.015176531,2.5690272,-0.0074527473,-0.8875223
OHE-26027-01853,TDMS,Sectioning equipment inspection,Low,-14.794244,-3.774776,0.091146804,-1.9733465,-0.0016411704,-1.1388195
OHE-26027-01854,TDMS,Traction substation inspection,Low,-16.363224,-7.185924,0.036174625,-3.322525,-0.000901952,-1.1290824
OHE-26027-01855,TDMS,Pantograph interaction issue,Medium,0.3667664,0.8619117,0.014917738,3.5026016,0.000740178,3.740861
OHE-26027-01856,TDMS,Traction substation inspection,Low,-16.365736,-7.839502,0.031666163,-2.677201,-0.00010618608,-1.1164446
OHE-26027-01857,TDMS,Sectioning equipment inspection,High,12.709971,4.1602316,0.011437533,3.6920831,-0.003984182,-1.2184397
OHE-26027-01858,TDMS,Pantograph interaction issue,Medium,-0.3042557,0.82419896,-0.0074885543,-1.1059071,-0.0018112957,-1.1783117
OHE-26027-01859,TDMS,Contact wire inspection,Low,-14.9227705,-7.8930283,0.008365527,2.2570176,-0.009908698,3.6807895
OHE-26027-01860,TDMS,OHE defect,Low,-16.487835,-7.5143375,0.02616644,-3.3286285,-0.0018624594,-1.145626
OHE-26027-01861,TDMS,Insulator replacement,Low,-16.535034,-9.261916,0.020007314,-2.7460713,-0.0016041764,-1.141965
OHE-26027-01862,TDMS,Pantograph interaction issue,High,12.710976,5.2742586,0.008634746,1.9596331,-0.0011586469,3.7307332
OHE-26027-01863,TDMS,Pantograph interaction issue,Low,-15.129124,-7.643301,0.045557518,1.3281368,-0.00094540464,-1.2572953
OHE-26027-01864,TDMS,Insulator replacement,High,13.988723,7.536782,-0.018167078,3.6223192,-0.0013944581,3.8122816
OHE-26027-01865,TDMS,Insulator replacement,Medium,-0.89237356,-1.6988591,-0.011497286,-1.0921835,-0.0015657255,-1.1873541
OHE-26027-01866,TDMS,Sectioning equipment inspection,High,13.2939005,6.112969,0.0149300415,3.6009285,0.0027142877,-1.2350321
OHE-26027-01867,TDMS,Sectioning equipment inspection,Medium,0.615071,3.015124,0.01341689,1.3996441,0.0048330696,3.8142288
OHE-26027-01868,TDMS,Contact wire inspection,High,12.366649,3.3432875,0.008332856,1.3722692,-0.0025622451,-1.2149795
OHE-26027-01869,TDMS,OHE defect,Low,-15.722488,-9.320969,0.0065742377,-0.89614475,-0.007432372,3.7151668
OHE-26027-01870,TDMS,Sectioning equipment inspection,Low,-15.803962,-7.6734867,0.0086738635,-1.3925637,0.0017874482,3.7067404
OHE-26027-01871,TDMS,Contact wire inspection,Critical,23.643625,9.192361,-0.0426311,2.526143,0.008362736,3.8043544
OHE-26027-01872,TDMS,Traction substation inspection,Medium,-0.5787811,-4.236327,0.0044029094,3.045534,-0.0017736632,-1.207632
OHE-26027-01873,TDMS,Sectioning equipment inspection,Low,-15.490495,-8.755859,0.032718327,-0.025612498,-0.0017220172,-1.216358
OHE-26027-01874,TDMS,Contact wire inspection,Medium,-0.52824193,-0.61572474,0.008464548,0.56727374,0.00074645126,3.7604077
OHE-26027-01875,TDMS,Sectioning equipment inspection,Low,-16.03144,-8.593829,0.017658677,-1.3745089,-0.00014027339,-1.1793973
OHE-26027-01876,TDMS,Preventive OHE maintenance,Medium,0.03032994,2.336088,0.008791677,-0.19336675,-0.00050564826,-1.1972632
OHE-26027-01877,TDMS,Preventive OHE maintenance,Medium,-1.0012558,-3.8955894,0.0025071735,0.21838394,0.00068226963,-1.2186569
OHE-26027-01878,TDMS,Contact wire inspection,Low,-14.146835,-4.337747,0.09996234,0.025405735,-0.002115528,-1.2470552
OHE-26027-01879,TDMS,Pantograph interaction issue,Medium,0.336815,0.5928992,0.018347215,3.5485268,-0.00031808967,3.7278059
OHE-26027-01880,TDMS,OHE defect,Medium,-0.622567,-0.2271712,0.021637503,-0.19248347,-0.00020532218,-1.1843907
OHE-26027-01881,TDMS,Sectioning equipment inspection,Medium,-0.17386977,-0.22228704,0.008507662,1.4029485,0.005447555,3.7311978
OHE-26027-01882,TDMS,Contact wire inspection,Low,-14.442044,-3.4853182,0.09320154,-1.3799764,0.014197713,-1.1941429
OHE-26027-01883,TDMS,Sectioning equipment inspection,Medium,-0.5877666,-3.8844402,0.010071038,1.9033171,-0.00079651433,-1.2202262
OHE-26027-01884,TDMS,Pantograph interaction issue,High,12.449088,3.2968552,-0.008128709,1.3390048,-0.004367676,3.7173185
OHE-26027-01885,TDMS,OHE defect,Medium,0.14221843,0.95888984,0.028927796,1.5036632,0.005333471,-1.1935294
OHE-26027-01886,TDMS,Pantograph interaction issue,High,12.715831,4.1608706,0.012619609,3.6842785,0.003739865,-1.2183279
OHE-26027-01887,TDMS,Traction substation inspection,Medium,-0.35840264,-1.3416879,0.015761726,2.6402009,0.0026126415,-1.2198209
OHE-26027-01888,TDMS,OHE defect,Medium,-0.49345618,-1.7625998,0.016269041,1.6162164,-2.4192432e-05,-1.20091
OHE-26027-01889,TDMS,OHE defect,Low,-13.454508,-3.4831915,0.11728553,2.339377,-0.0009553359,-1.2471175
OHE-26027-01890,TDMS,Contact wire inspection,Low,-15.613052,-5.439717,-0.028199604,-3.9601068,-0.001964597,-1.1218799
OHE-26027-01891,TDMS,Insulator replacement,Medium,0.75886637,2.331101,-0.0003871172,3.5238948,0.0012317053,3.8113472
OHE-26027-01892,TDMS,Pantograph interaction issue,High,13.042121,5.8844414,0.016304318,1.071388,0.001631127,-1.236014
OHE-26027-01893,TDMS,Pantograph interaction issue,Low,-14.394482,-4.096231,-0.043353237,-0.61482716,0.01775455,3.7976837
OHE-26027-01894,TDMS,Pantograph interaction issue,High,13.202184,5.97905,0.008027022,2.817047,0.012682186,3.7659116
OHE-26027-01895,TDMS,Sectioning equipment inspection,High,14.032925,8.014975,0.0077991392,3.6034877,-0.011684406,3.878733
OHE-26027-01896,TDMS,Contact wire inspection,Low,-15.359764,-8.750709,0.03553774,1.2393701,-0.0018038086,-1.2378772
OHE-26027-01897,TDMS,Preventive OHE maintenance,Medium,-0.84439725,-3.0576792,0.0033648752,0.15401068,-0.001638012,-1.2121569
OHE-26027-01898,TDMS,Contact wire inspection,Low,-16.15495,-8.027305,-0.004431903,-2.079699,-0.0048865583,3.7349117
OHE-26027-01899,TDMS,Traction substation inspection,High,12.836055,5.6004853,0.021232458,1.9685457,-0.0005863338,-1.2207562
OHE-26027-01900,TDMS,Contact wire inspection,Critical,23.595839,9.086889,0.009075742,3.1771984,0.008798672,3.6962047
OHE-26027-01901,TDMS,Preventive OHE maintenance,Low,-15.500839,-5.0726175,-0.012560875,-2.5951102,-0.0026125696,-1.1215962
OHE-26027-01902,TDMS,Traction substation inspection,Medium,-0.36919495,-2.349973,0.0059043565,1.6869618,-0.00010482343,-1.204768
OHE-26027-01903,TDMS,Traction substation inspection,Medium,0.33803794,1.555472,0.046929415,1.536876,0.00044156943,-1.1871824
OHE-26027-01904,TDMS,OHE defect,Critical,24.559513,10.631867,0.013018577,2.404474,-0.0057503507,-0.9131021
OHE-26027-01905,TDMS,Insulator replacement,High,13.709775,7.5817966,-0.018683665,1.9699965,-0.0010649094,3.794367
OHE-26027-01906,TDMS,Sectioning equipment inspection,Medium,-0.09867772,1.6936653,0.005846811,-1.0826344,-0.00025331686,-1.1899534
OHE-26027-01907,TDMS,Sectioning equipment inspection,Medium,-0.12575604,-0.3526114,0.032571185,2.617527,-0.0009875159,-1.1960642
OHE-26027-01908,TDMS,Traction substation inspection,Critical,23.948284,8.808833,0.010967647,3.0422795,-0.013277139,-0.9874627
OHE-26027-01909,TDMS,Traction substation inspection,Low,-14.585843,-6.927126,0.07475205,3.0983653,0.0008083435,-1.2543832
OHE-26027-01910,TDMS,Sectioning equipment inspection,High,13.086642,5.7616215,0.013686821,2.809459,-0.0005141103,-1.215992
OHE-26027-01911,TDMS,OHE defect,Low,-13.675223,-3.4087508,0.06280234,1.2563484,0.0069173956,3.7105038
OHE-26027-01912,TDMS,Sectioning equipment inspection,Medium,0.29383236,2.679601,0.009032154,0.748871,-0.0009512392,-1.1920059
OHE-26027-01913,TDMS,Insulator replacement,Medium,-0.41500244,-0.42206287,-0.036930952,0.65848935,-0.0005645156,-1.1779934
OHE-26027-01914,TDMS,Insulator replacement,High,13.649853,7.326565,0.008403404,1.9893533,0.0042823553,3.7791471
OHE-26027-01915,TDMS,Preventive OHE maintenance,Low,-15.289545,-6.5457644,0.050504975,-0.58303314,-0.0007264032,-1.2096696
OHE-26027-01916,TDMS,Pantograph interaction issue,Low,-16.046633,-9.278746,0.018779302,-1.4615108,1.256733e-05,-1.2157363
OHE-26027-01917,TDMS,OHE defect,Low,-15.385111,-9.484137,0.0035302886,1.1856575,-0.006861566,3.67046
OHE-26027-01918,TDMS,Contact wire inspection,Medium,-0.37131,-1.8865964,0.0077008163,2.6252418,0.002555853,3.764724
OHE-26027-01919,TDMS,Insulator replacement,High,12.522136,2.915669,0.016009072,2.9885278,-0.002411041,-1.2116151
OHE-26027-01920,TDMS,Pantograph interaction issue,Low,-15.881625,-6.5152407,0.028958542,-1.9802711,0.00204604,-1.1579927
OHE-26027-01921,TDMS,Contact wire inspection,Medium,0.13267976,2.6763427,0.01211642,-0.15285267,-0.0011705009,-1.1902536
OHE-26027-01922,TDMS,Contact wire inspection,Low,-16.493217,-8.584044,0.014009785,-2.6606927,-0.0016064765,-1.1133353
OHE-26027-01923,TDMS,Traction substation inspection,High,12.585249,3.9470532,0.015640117,2.8818536,-0.00026847035,3.743285
OHE-26027-01924,TDMS,Traction substation inspection,Medium,0.33642957,3.2259076,0.043552145,0.723853,0.00825034,-1.183209
OHE-26027-01925,TDMS,Preventive OHE maintenance,Medium,-0.9975817,-4.0703487,-0.023169711,0.14442208,-0.0019016251,3.7472231
OHE-26027-01926,TDMS,Pantograph interaction issue,High,13.183283,5.8646455,0.013700352,3.600185,0.00023251759,-1.2198347
OHE-26027-01927,TDMS,Pantograph interaction issue,Critical,24.005255,9.17988,0.013636137,3.0217698,-0.017663695,-0.9790436
OHE-26027-01928,TDMS,Insulator replacement,Medium,-0.1314945,0.9571924,0.017433796,0.7202135,0.00023544896,-1.1827207
OHE-26027-01929,TDMS,Insulator replacement,Medium,0.2347441,3.1006455,-0.0127192745,-1.0419648,-0.00028644665,-1.1810366
OHE-26027-01930,TDMS,OHE defect,Low,-14.2654,-6.0355144,0.07454625,3.2084942,-0.0008597641,-1.2446167
OHE-26027-01931,TDMS,Insulator replacement,Medium,-0.81457376,-3.4306438,-0.02385659,-0.66278315,-0.0003030684,-1.2066404
OHE-26027-01932,TDMS,Preventive OHE maintenance,Low,-15.175359,-3.774476,-0.06263686,-3.83555,0.0008817576,3.8219967
OHE-26027-01933,TDMS,Insulator replacement,Low,-15.316136,-5.671504,-0.023484318,-1.2357899,0.0001570268,-1.2191437
OHE-26027-01934,TDMS,Insulator replacement,High,13.871303,7.6247463,-0.02876204,2.7635772,-0.0010741383,-1.2339822
OHE-26027-01935,TDMS,Preventive OHE maintenance,Critical,23.822517,10.27792,0.0075061345,2.576071,0.014290546,3.8579683
OHE-26027-01936,TDMS,Pantograph interaction issue,Low,-16.467125,-9.726282,-0.0015853134,-2.9675975,0.00018376915,3.7538822
OHE-26027-01937,TDMS,Pantograph interaction issue,High,12.718207,3.6112747,0.016622433,3.772365,-0.00044299467,-1.2118937
OHE-26027-01938,TDMS,OHE defect,Low,-15.13162,-3.8521152,0.01839123,-3.8486774,-0.001377493,-1.1365024
OHE-26027-01939,TDMS,Contact wire inspection,Medium,-0.076241836,0.16379276,0.017331222,1.5148485,0.002596694,-1.1923362
OHE-26027-01940,TDMS,Contact wire inspection,Low,-14.793951,-3.7743828,0.09219518,-1.9738371,-0.0023193716,-1.1393816
OHE-26027-01941,TDMS,Preventive OHE maintenance,Low,-14.968966,-4.279044,-0.012051954,-1.9597054,0.0159929,3.8137555
OHE-26027-01942,TDMS,Traction substation inspection,Low,-14.997125,-6.57282,0.0584587,0.03705881,-0.0008132884,-1.2134371
OHE-26027-01943,TDMS,Traction substation inspection,High,13.792779,7.3722496,0.02031311,2.7919035,-0.0070939087,3.7758105
OHE-26027-01944,TDMS,Sectioning equipment inspection,Medium,0.54778695,1.698725,0.0111272745,3.4568489,0.0029037911,3.7339067
OHE-26027-01945,TDMS,OHE defect,Medium,0.1265678,2.543377,0.0026334873,-1.092053,8.8083674e-05,-1.187356
OHE-26027-01946,TDMS,Contact wire inspection,Low,-16.125217,-7.7437363,0.0031810966,-2.0651438,-0.005014624,3.753217
OHE-26027-01947,TDMS,Preventive OHE maintenance,Medium,-0.12678684,-0.52455956,0.018736536,2.5992043,3.4973647e-05,-1.1970013
OHE-26027-01948,TDMS,OHE defect,Medium,0.14474238,0.9600556,0.035187714,1.508368,-0.00077007187,-1.1920923
OHE-26027-01949,TDMS,OHE defect,High,13.880802,7.530669,0.033952087,3.612945,-0.009518774,-1.243443
OHE-26027-01950,TDMS,Pantograph interaction issue,High,12.811882,5.037178,0.024591034,3.5921817,0.0002642092,-1.2517014
SIG-26027-0001,SMMS,Signal failure,High,13.707927,9.338179,0.020217784,0.6118279,-0.010699748,-1.1789294
SIG-26027-0002,SMMS,Interlocking inspection,Medium,0.24534689,3.1003673,-0.027629336,-1.0426015,-0.0005034955,-1.1728389
SIG-26027-0003,SMMS,Signal failure,Medium,-0.39976248,0.28081885,0.007428317,-1.088449,-0.0020325424,-1.1896162
SIG-26027-0004,SMMS,Signal failure,High,13.698236,8.479736,0.010442159,0.9631895,0.001570298,-1.229721
SIG-26027-0005,SMMS,Axle counter issue,High,13.447641,6.607491,0.014022777,1.0951378,-0.0006722186,-1.2317266
SIG-26027-0006,SMMS,Signal equipment defect,Low,-16.133963,-6.123148,-0.14008306,-3.8675244,-0.0010665944,-1.1375098
SIG-26027-0007,SMMS,Axle counter issue,Low,-16.76317,-8.14889,-0.09099431,-3.8924625,-0.0012891445,-1.1377004
SIG-26027-0008,SMMS,Point machine inspection,Low,-15.54996,-4.6475487,-0.10175985,-3.7853026,-0.0014812697,-1.1429132
SIG-26027-0009,SMMS,Signal equipment defect,Medium,0.027546765,2.2159321,0.0053340867,-1.085738,0.0005832869,-1.1973665
SIG-26027-0010,SMMS,Preventive S&T maintenance,Low,-15.348847,-2.4705281,-0.10353523,-4.430923,-0.0012840938,-1.1268852
SIG-26027-0011,SMMS,Signal equipment defect,Critical,24.237894,9.996084,0.017376201,2.3757799,-0.00034356464,-0.941895
SIG-26027-0012,SMMS,Signal equipment defect,Low,-16.369667,-7.0994163,-0.07048849,-3.8725448,0.00011422865,-1.1246097
SIG-26027-0013,SMMS,Point machine inspection,High,13.525731,6.601588,-0.021048496,1.0777547,0.00073581305,-1.2319952
SIG-26027-0014,SMMS,Interlocking inspection,High,13.107741,5.873874,-0.021032354,1.0629106,-0.0010657783,-1.2343516
SIG-26027-0015,SMMS,Interlocking inspection,High,12.78762,4.9609413,-0.02262181,1.0554235,-0.001089809,-1.2138463
SIG-26027-0016,SMMS,Signal failure,Low,-16.322668,-6.8915,-0.06878355,-3.9764342,-0.00093434943,-1.125423
SIG-26027-0017,SMMS,Axle counter issue,Medium,0.18122785,5.496621,0.010566122,-1.7259457,0.0016594831,-1.1732324
SIG-26027-0018,SMMS,Preventive S&T maintenance,Medium,-0.33335516,0.51921874,0.007128996,-1.0696089,-0.002242641,-1.1853952
SIG-26027-0019,SMMS,Point machine inspection,Low,-16.762964,-8.148526,-0.091384426,-3.8917618,-0.0019337483,-1.1379364
SIG-26027-0020,SMMS,Track circuit testing,Medium,0.23780847,4.119165,-0.01677835,-1.7628548,0.00039260098,-1.1647317
SIG-26027-0021,SMMS,Interlocking inspection,Medium,-0.5743207,-0.39775276,-0.015024397,-1.1188955,0.0005808415,-1.1778153
SIG-26027-0022,SMMS,Signal equipment defect,High,13.521744,6.59807,-0.013735701,1.0811088,-0.0022750206,-1.2321457
SIG-26027-0023,SMMS,Track circuit testing,Medium,-0.5246146,-0.012011073,0.0061739604,-1.1018951,-0.0020325424,-1.1817766
SIG-26027-0024,SMMS,Signal equipment defect,Medium,-0.035270695,1.6675862,-0.036335707,-1.0848167,-0.001564279,-1.1857178
SIG-26027-0025,SMMS,Point machine inspection,Medium,-0.2924805,0.81587696,0.008356692,-1.0851991,4.970749e-05,-1.1829689
SIG-26027-0026,SMMS,Signal equipment defect,Medium,-0.9464757,-1.6811007,0.015478876,-1.0945615,0.00014546062,-1.1877714
SIG-26027-0027,SMMS,Track circuit testing,High,12.793191,5.189827,0.014885174,1.0606016,0.00065677677,-1.2122525
SIG-26027-0028,SMMS,Point machine inspection,Low,-16.133963,-6.123148,-0.14005738,-3.8674622,-0.0011908832,-1.1374733
SIG-26027-0029,SMMS,Signal failure,Low,-15.654303,-5.1071954,-0.08229502,-3.80795,0.00095878413,-1.1657832
SIG-26027-0030,SMMS,Signal equipment defect,Medium,0.09194021,2.1978164,-0.030883979,-1.0873237,-0.00039777264,-1.1895167
SIG-26027-0031,SMMS,Preventive S&T maintenance,High,13.7307625,9.747112,0.013496664,0.6509607,-0.0012095185,-1.1971438
SIG-26027-0032,SMMS,Signal equipment defect,Medium,-0.2935323,0.81558996,0.013075565,-1.0884874,0.0017552094,-1.182033
SIG-26027-0033,SMMS,Signal failure,Medium,-0.77770084,-2.5304034,-0.036209445,-1.0228001,-0.00040105803,3.7480657
SIG-26027-0034,SMMS,Interlocking inspection,High,13.179005,6.149434,0.014153647,1.0801316,-0.0004723441,-1.2132144
SIG-26027-0035,SMMS,Signal equipment defect,Medium,0.24325776,4.381807,-0.027265524,-1.691654,-0.0015289501,-1.1594071
SIG-26027-0036,SMMS,Axle counter issue,Low,-16.335848,-6.60967,-0.13547121,-3.8558555,0.00030300557,-1.1665695
SIG-26027-0037,SMMS,Point machine inspection,Medium,-0.8425262,-2.5449824,0.005706283,-0.97837234,-0.002019467,-1.1901135
SIG-26027-0038,SMMS,Point machine inspection,High,12.7838545,4.9578896,-0.015388003,1.0566564,-0.0006707361,-1.2159121
SIG-26027-0039,SMMS,Signal equipment defect,Low,-16.336979,-6.6094017,-0.13766438,-3.859104,0.00092813047,-1.1595421
SIG-26027-0040,SMMS,Point machine inspection,Medium,-0.2924805,0.81590486,0.008356692,-1.085082,-0.00018457686,-1.1828796
SIG-26027-0041,SMMS,Axle counter issue,Medium,-0.098739505,1.3690732,-0.016193373,-1.1269603,0.0021951727,3.7759352
SIG-26027-0042,SMMS,Signal equipment defect,Medium,0.18377629,4.1359463,0.007475249,-1.7654316,-0.0018411654,-1.1683601
SIG-26027-0043,SMMS,Signal equipment defect,Medium,-0.5659314,-0.5627906,-0.028256927,-1.1241857,-0.0017707765,-1.1718987
SIG-26027-0044,SMMS,Interlocking inspection,Low,-16.481562,-7.1326394,-0.15572035,-3.8067853,-0.0011852297,-1.1315922
SIG-26027-0045,SMMS,Track circuit testing,High,13.697493,9.347813,0.010709178,0.6192583,-0.004161111,-1.1813968
SIG-26027-0046,SMMS,Track circuit testing,High,12.788094,4.960914,-0.022444254,1.0556817,-0.0016511504,-1.212324
SIG-26027-0047,SMMS,Track circuit testing,Low,-16.659023,-7.6598234,-0.07766622,-3.8683844,0.0002605731,-1.149871
SIG-26027-0048,SMMS,Interlocking inspection,High,13.710314,9.545665,0.019124841,0.6214684,0.0033621578,-1.1868199
SIG-26027-0049,SMMS,Track circuit testing,Low,-16.133703,-6.1228366,-0.14128466,-3.8685668,0.001800868,-1.1373533
SIG-26027-0050,SMMS,Signal equipment defect,Low,-15.879979,-5.8876863,-0.09685118,-4.004664,0.005023485,3.7661114
SIG-26027-0051,SMMS,Signal failure,Medium,-0.15974449,1.0435064,-0.031025477,-1.1006387,4.9221188e-05,-1.2018455
SIG-26027-0052,SMMS,Axle counter issue,High,12.792626,4.928088,-0.03300739,1.0227233,0.0015637355,3.714167
SIG-26027-0053,SMMS,Axle counter issue,Medium,-0.57411283,-0.3976752,-0.015000182,-1.1177034,-0.0003718639,-1.1783645
SIG-26027-0054,SMMS,Signal equipment defect,Medium,-0.8391197,-1.0943921,0.011070953,-1.1404568,0.0008086075,-1.1929301
SIG-26027-0055,SMMS,Signal equipment defect,Medium,0.23755908,4.1196337,-0.01700202,-1.7638052,0.00054945564,-1.1639354
SIG-26027-0056,SMMS,Track circuit testing,Medium,-0.2796235,0.49855754,-0.017409226,-1.0690441,-0.0004407524,-1.1866623
SIG-26027-0057,SMMS,Track circuit testing,Medium,0.24314581,4.3815193,-0.027287196,-1.6920354,-0.003300509,-1.1568322
SIG-26027-0058,SMMS,Signal equipment defect,Low,-16.660677,-7.981056,-0.08704599,-3.9712899,-0.0016721889,-1.1450171
SIG-26027-0059,SMMS,Signal equipment defect,Medium,-0.6381808,-0.7399291,-0.030836374,-1.1755518,0.0035353194,3.7845218
SIG-26027-0060,SMMS,Interlocking inspection,High,13.699161,9.54161,0.009913061,0.6266937,0.005285519,-1.1898891
SIG-26027-0061,SMMS,Track circuit testing,High,12.957725,5.4805675,-0.014635877,1.0653262,-0.00056316133,-1.2121428
SIG-26027-0062,SMMS,Interlocking inspection,Medium,-0.842572,-2.5448878,0.0056928857,-0.9780819,-0.0010934417,-1.1913656
SIG-26027-0063,SMMS,Track circuit testing,Medium,-0.8876551,-1.3900573,0.0077315005,-1.1197324,0.0063093756,-1.1922446
SIG-26027-0064,SMMS,Preventive S&T maintenance,Medium,-0.33631152,0.25613225,-0.031050436,-1.0914177,-0.0004045681,-1.1888647
SIG-26027-0065,SMMS,Point machine inspection,High,13.70904,8.481331,0.019741252,0.9553086,-0.0009891589,-1.2237417
SIG-26027-0066,SMMS,Preventive S&T maintenance,Medium,-0.7752063,-1.1149144,-0.028225947,-1.1405462,-0.00034011493,-1.1903043
SIG-26027-0067,SMMS,Point machine inspection,Medium,-0.78312564,-2.5272985,-0.03776611,-1.0226005,0.0024012642,3.7489402
SIG-26027-0068,SMMS,Point machine inspection,High,12.85876,5.179661,-0.022352401,1.0516373,-1.0774206e-05,-1.2110155
SIG-26027-0069,SMMS,Signal failure,Medium,-0.6488173,-0.7874347,-0.028595407,-1.1255072,0.00052998523,-1.1803616
SIG-26027-0070,SMMS,Point machine inspection,Medium,-0.22432417,1.0692763,0.0130242715,-1.0993884,0.001286028,-1.2047507
SIG-26027-0071,SMMS,Axle counter issue,Medium,-0.4611381,-0.034013495,-0.02966036,-1.1032269,-0.00053134677,-1.181027
SIG-26027-0072,SMMS,Preventive S&T maintenance,Medium,-0.8922214,-1.6995022,-0.011000772,-1.092801,0.0005329464,-1.1888405
SIG-26027-0073,SMMS,Track circuit testing,Low,-15.34881,-2.4704976,-0.10356004,-4.4307203,-0.0016175173,-1.126798
SIG-26027-0074,SMMS,Signal failure,High,13.698442,9.338179,0.02017109,0.6156333,-0.0057272287,-1.1781756
SIG-26027-0075,SMMS,Signal equipment defect,Low,-15.325324,-3.8495796,-0.10583943,-3.7234633,-0.002003789,-1.1364862
SIG-26027-0076,SMMS,Interlocking inspection,Medium,0.2725467,4.6566157,-0.035253685,-1.674499,0.004138965,3.764081
SIG-26027-0077,SMMS,Point machine inspection,Medium,0.21864215,2.8320599,-0.025064684,-1.0682278,-0.0021281452,-1.1798086
SIG-26027-0078,SMMS,Signal failure,Medium,-0.94707215,-1.6813161,0.015666166,-1.0957012,0.0018910659,-1.1877532
SIG-26027-0079,SMMS,Axle counter issue,High,12.854736,5.175927,-0.015004796,1.0546259,-0.0022750206,-1.2113281
SIG-26027-0080,SMMS,Axle counter issue,Medium,0.025240025,1.9015577,-0.036531437,-1.0855285,-0.0005600528,-1.1861937
SIG-26027-0081,SMMS,Track circuit testing,High,12.498502,4.1892653,-0.019772362,1.1084245,-0.00064097316,-1.2145731
SIG-26027-0082,SMMS,Axle counter issue,Medium,0.028415862,2.2161772,0.00075181184,-1.0842853,-0.00013552787,-1.1966655
SIG-26027-0083,SMMS,Preventive S&T maintenance,Low,-15.312466,-4.0578647,-0.10760397,-3.8121905,-0.00061195076,-1.1514705
SIG-26027-0084,SMMS,Interlocking inspection,High,13.829624,9.525944,-0.036085624,0.509035,0.0084931785,3.7645333
SIG-26027-0085,SMMS,Signal equipment defect,Medium,0.19069526,2.5079443,-0.027777664,-1.0766438,-0.001564279,-1.1836679
SIG-26027-0086,SMMS,Preventive S&T maintenance,High,13.459203,6.6087475,0.020305611,1.0900545,-0.0006245866,-1.2315282
SIG-26027-0087,SMMS,Interlocking inspection,Low,-15.634738,-4.8997774,-0.09622583,-3.7915428,-0.0016950429,-1.1465611
SIG-26027-0088,SMMS,Point machine inspection,Low,-15.549801,-4.6472087,-0.102530904,-3.7847087,-0.0015064527,-1.1432104
SIG-26027-0089,SMMS,Track circuit testing,Medium,0.18033765,2.5122793,-0.014217063,-1.0732471,0.00014625149,-1.1867821
SIG-26027-0090,SMMS,Axle counter issue,High,13.540596,6.8517103,-0.020705914,1.0957829,-0.0013208783,-1.2245258
SIG-26027-0091,SMMS,Preventive S&T maintenance,Low,-16.36944,-7.0993323,-0.07043977,-3.8725932,-0.0012082076,-1.1235973
SIG-26027-0092,SMMS,Track circuit testing,Medium,-0.29288435,0.8159557,0.012440304,-1.087295,-0.002050819,-1.1809907
SIG-26027-0093,SMMS,Track circuit testing,Medium,-0.8242748,-1.4112508,-0.027117569,-1.123253,0.007749662,-1.1893499
SIG-26027-0094,SMMS,Signal equipment defect,High,13.526174,6.6014094,-0.020920899,1.079269,-0.0015501813,-1.2297716
SIG-26027-0095,SMMS,Signal failure,High,12.792619,5.1862135,0.019114135,1.06489,-0.0017009985,-1.2092171
SIG-26027-0096,SMMS,Signal equipment defect,Low,-15.337885,-1.9336299,-0.109034106,-4.3153243,0.0007820629,-1.1267971
SIG-26027-0097,SMMS,Axle counter issue,Low,-15.34828,-2.4710839,-0.10296429,-4.4321084,-5.775058e-05,-1.127508
SIG-26027-0098,SMMS,Axle counter issue,Medium,-0.27963814,0.49871096,-0.017286766,-1.069208,-0.0015192966,-1.185681
SIG-26027-0099,SMMS,Signal equipment defect,Medium,-0.4002317,0.2809139,0.012337641,-1.0898538,-0.00025451047,-1.1905987
SIG-26027-0100,SMMS,Preventive S&T maintenance,High,13.668129,7.2056513,-0.012737692,1.1253575,0.0017071088,-1.2254437
SIG-26027-0101,SMMS,Preventive S&T maintenance,High,13.68182,8.271789,0.019757692,0.9133737,-0.0005147754,-1.2205957
SIG-26027-0102,SMMS,Signal equipment defect,Critical,24.38393,10.2358465,0.017300623,2.3784132,-0.0022235804,-0.9391101
SIG-26027-0103,SMMS,Track circuit testing,Medium,0.18426713,4.136081,0.003239694,-1.7639804,-0.0017918808,-1.1679628
SIG-26027-0104,SMMS,Track circuit testing,Low,-15.207167,-3.8098412,-0.10341929,-3.7863624,-0.000821875,3.807598
SIG-26027-0105,SMMS,Interlocking inspection,High,13.699289,9.346627,0.009933838,0.62232095,-0.0046103713,-1.1883953
SIG-26027-0106,SMMS,Track circuit testing,Medium,0.18118702,3.115286,0.00566573,-1.0415897,0.00091517635,-1.1812379
SIG-26027-0107,SMMS,Axle counter issue,Medium,0.12680292,2.5265603,0.008700342,-1.075105,-0.00028408534,-1.1921798
SIG-26027-0108,SMMS,Signal equipment defect,Low,-16.817886,-8.465576,-0.07473984,-3.988452,-0.0013409172,-1.140999
SIG-26027-0109,SMMS,Preventive S&T maintenance,High,13.605528,7.2163157,0.02114963,1.135091,0.0010545403,-1.2246463
SIG-26027-0110,SMMS,Signal failure,Medium,-0.7798855,-2.525429,-0.036974236,-1.0260376,0.00035749088,3.74852
SIG-26027-0111,SMMS,Track circuit testing,Critical,24.084332,9.365439,-0.026709711,2.332821,-0.0012949989,-0.9827845
SIG-26027-0112,SMMS,Signal failure,Medium,-0.22903755,0.79038936,-0.031481855,-1.0880544,-0.00016462502,-1.1801045
SIG-26027-0113,SMMS,Interlocking inspection,Critical,24.553627,11.223304,0.015724558,2.4800277,-0.0016377199,-0.90337217
SIG-26027-0114,SMMS,Interlocking inspection,High,13.539788,6.852283,-0.020728825,1.0929081,0.00029926296,-1.2232937
SIG-26027-0115,SMMS,Preventive S&T maintenance,Medium,0.24755633,4.1191273,-0.027351227,-1.7663502,-0.00020955087,-1.1615127
SIG-26027-0116,SMMS,Signal equipment defect,Medium,-0.62978756,-0.5417202,0.010914958,-1.124424,-0.00013446005,-1.1751646
SIG-26027-0117,SMMS,Axle counter issue,Medium,-0.5658317,-0.5627607,-0.028399158,-1.1245159,-7.486417e-05,-1.173252
SIG-26027-0118,SMMS,Signal equipment defect,Medium,0.23780519,4.119703,-0.016858961,-1.762886,-0.0015125421,-1.1632495
SIG-26027-0119,SMMS,Preventive S&T maintenance,Medium,-0.33628613,0.25613225,-0.031050436,-1.0913923,-0.00045335878,-1.1888666
SIG-26027-0120,SMMS,Signal equipment defect,Medium,0.2015803,2.5747857,-0.043515045,-1.1301033,0.003572048,3.7998383
SIG-26027-0121,SMMS,Axle counter issue,Medium,-0.78886855,-2.5516438,-0.004500089,-0.97759116,8.077111e-05,-1.1910747
SIG-26027-0122,SMMS,Track circuit testing,Critical,24.56379,11.226954,0.017640024,2.4694352,-0.0021774552,-0.9012147
SIG-26027-0123,SMMS,Interlocking inspection,Low,-15.356485,-1.7169554,-0.103742056,-4.3425617,-0.0010866991,-1.1411322
SIG-26027-0124,SMMS,Track circuit testing,Medium,0.18427722,4.969587,0.009833046,-1.6210065,-0.0018500536,-1.1686474
SIG-26027-0125,SMMS,Signal equipment defect,Medium,-0.9114621,-2.0248225,-0.022057444,-1.0924481,-0.0006931477,-1.1899333
SIG-26027-0126,SMMS,Track circuit testing,Medium,-0.017046219,1.9972728,0.012735176,-1.1446079,0.00097599917,3.8103683
SIG-26027-0127,SMMS,Point machine inspection,High,13.029761,5.879532,0.013972806,1.079732,0.0013090891,-1.2371002
SIG-26027-0128,SMMS,Signal failure,Medium,-0.83919364,-1.0936363,0.011205652,-1.140807,7.2099734e-05,-1.1926596
SIG-26027-0129,SMMS,Signal equipment defect,Medium,-0.27002993,0.49451795,-0.031216877,-1.0727305,-0.00052271964,-1.1845748
SIG-26027-0130,SMMS,Signal equipment defect,Low,-15.332614,-2.172487,-0.10140896,-4.3882318,0.0016648667,-1.1388284
SIG-26027-0131,SMMS,Preventive S&T maintenance,Medium,0.24984336,3.1222706,-0.045920152,-1.1012492,0.001946295,3.7624142
SIG-26027-0132,SMMS,Track circuit testing,Medium,-0.91141635,-2.025001,-0.02201096,-1.0927471,-0.001547602,-1.1886934
SIG-26027-0133,SMMS,Point machine inspection,Medium,-0.12257062,1.392267,0.012026446,-1.1340746,0.00051879225,3.7774806
SIG-26027-0134,SMMS,Interlocking inspection,Medium,0.20629843,2.5768602,-0.04345845,-1.1321526,3.443682e-05,3.798577
SIG-26027-0135,SMMS,Axle counter issue,Medium,-0.09935956,1.6939906,0.0076485253,-1.0837754,-0.00013736048,-1.189663
SIG-26027-0136,SMMS,Signal equipment defect,Medium,0.18459526,4.9695444,0.005410963,-1.6192997,-0.00097313226,-1.1693497
SIG-26027-0137,SMMS,Signal equipment defect,High,13.179283,6.149158,0.013811812,1.0811361,-0.0022619725,-1.2136515
SIG-26027-0138,SMMS,Point machine inspection,Low,-16.149208,-6.5122876,-0.100691356,-3.9624486,-0.00089769444,3.8249342
SIG-26027-0139,SMMS,Preventive S&T maintenance,Low,-15.339507,-1.9331893,-0.10644031,-4.3125715,-0.0007987606,-1.1296891
SIG-26027-0140,SMMS,Track circuit testing,High,12.957084,5.480718,-0.014880609,1.0632366,0.0017507795,-1.2145131
SIG-26027-0141,SMMS,Interlocking inspection,Low,-16.82426,-8.715847,-0.077912696,-4.0001173,0.00021844382,-1.1454084
SIG-26027-0142,SMMS,Signal equipment defect,Low,-16.43493,-6.9156523,-0.14480776,-3.9104233,-0.0011770517,-1.1323118
SIG-26027-0143,SMMS,Preventive S&T maintenance,High,12.5901985,4.6584134,-0.015585878,1.0567384,-0.00062410306,-1.2414031
SIG-26027-0144,SMMS,Signal equipment defect,High,13.606553,7.2165728,0.014363192,1.1333151,-0.0003134934,-1.2252374
SIG-26027-0145,SMMS,Point machine inspection,High,13.6055355,7.216374,0.021157978,1.1351472,0.00092401914,-1.2246475
SIG-26027-0146,SMMS,Signal equipment defect,Medium,0.21058549,4.4476867,0.022219019,-1.7165864,0.0028968074,3.8096876
SIG-26027-0147,SMMS,Axle counter issue,Low,-15.554618,-4.644053,-0.09566819,-3.7873955,0.0008017976,-1.1466771
SIG-26027-0148,SMMS,Interlocking inspection,Medium,-0.27965382,0.49858502,-0.017320711,-1.069246,-0.0011418606,-1.1858449
SIG-26027-0149,SMMS,Signal failure,Medium,-0.8319118,-1.4057417,-0.013752534,-1.1179131,0.00028030397,-1.1903194
SIG-26027-0150,SMMS,Point machine inspection,Critical,24.161463,9.82506,0.017350148,2.345005,-0.00087691983,-0.94513047
SIG-26027-0151,SMMS,Preventive S&T maintenance,Medium,0.21814758,2.8324022,-0.025559334,-1.0683304,0.0005427229,-1.1817306
SIG-26027-0152,SMMS,Track circuit testing,Low,-15.301435,-3.9037714,-0.1081148,-3.7571359,-0.0014207526,-1.1520698
SIG-26027-0153,SMMS,Interlocking inspection,Medium,0.26001737,4.647034,-0.024438633,-1.6109197,0.0019985645,-1.1573136
SIG-26027-0154,SMMS,Axle counter issue,Medium,0.2088002,2.8325772,-0.015791727,-1.0646825,-0.00049186155,-1.1849397
SIG-26027-0155,SMMS,Track circuit testing,Medium,-0.6588495,-0.7834145,-0.014447036,-1.1208909,0.00013856683,-1.1827874
SIG-26027-0156,SMMS,Track circuit testing,Critical,24.56439,11.227276,0.017709138,2.4676373,-0.0010820344,-0.90149736
SIG-26027-0157,SMMS,Interlocking inspection,Critical,24.045033,9.216891,-0.01888267,2.3394637,-0.00012572498,-0.9858089
SIG-26027-0158,SMMS,Track circuit testing,High,12.7081175,4.9692936,0.014996299,1.0731896,-0.00085058133,-1.2171494
SIG-26027-0159,SMMS,Track circuit testing,High,12.590672,4.657984,-0.015382651,1.0577669,-0.0016153195,-1.2398444
SIG-26027-0160,SMMS,Point machine inspection,Low,-15.3251505,-2.720673,-0.107628934,-4.5185466,-0.0014251341,-1.1189508
SIG-26027-0161,SMMS,Preventive S&T maintenance,Low,-15.315175,-1.9804428,-0.10474106,-4.3434277,-0.00089738576,-1.1408694
SIG-26027-0162,SMMS,Signal failure,Medium,0.09139502,2.1980927,-0.031338237,-1.0874852,0.00012492176,-1.1891547
SIG-26027-0163,SMMS,Signal equipment defect,High,12.894505,5.4909453,0.0189786,1.0741913,-0.001457856,-1.211938
SIG-26027-0164,SMMS,Signal equipment defect,High,13.681779,8.27207,0.019757692,0.9128928,0.0003777059,-1.221248
SIG-26027-0165,SMMS,Interlocking inspection,Low,-16.328405,-6.6095634,-0.13903925,-3.858766,0.020218093,-1.1862038
SIG-26027-0166,SMMS,Point machine inspection,Low,-16.435072,-6.915421,-0.14476486,-3.9099097,-0.0020774473,-1.1320604
SIG-26027-0167,SMMS,Interlocking inspection,Low,-15.908397,-5.6870637,-0.13043897,-3.8236632,0.00026818138,-1.1268129
SIG-26027-0168,SMMS,Track circuit testing,High,13.459154,6.608723,0.020305172,1.0900816,4.315353e-05,-1.2321491
SIG-26027-0169,SMMS,Point machine inspection,Medium,-0.7982356,-1.340113,-0.009929314,-1.181293,-0.000344504,3.8021326
SIG-26027-0170,SMMS,Preventive S&T maintenance,Low,-15.816005,-5.426105,-0.13583162,-3.824069,0.00055020093,-1.1359367
SIG-26027-0171,SMMS,Point machine inspection,High,13.82977,9.277625,-0.036114056,0.49516895,0.0023492458,3.705409
SIG-26027-0172,SMMS,Point machine inspection,Medium,-0.29246193,0.81593984,0.007840346,-1.0853899,-0.0014163209,-1.1820699
SIG-26027-0173,SMMS,Interlocking inspection,Low,-16.603357,-7.384347,-0.14609812,-3.8408003,0.0011784519,-1.1453649
SIG-26027-0174,SMMS,Interlocking inspection,Medium,0.24526608,4.1177397,-0.027475595,-1.7675277,0.0055297483,-1.1622726
SIG-26027-0175,SMMS,Signal failure,Critical,24.379906,10.233563,0.013126873,2.3781188,0.0042814603,-0.9422592
SIG-26027-0176,SMMS,Interlocking inspection,Medium,-0.5664671,-0.5632615,-0.028506007,-1.1257769,0.0013072831,-1.1721305
SIG-26027-0177,SMMS,Interlocking inspection,Medium,0.23482923,5.4805975,-0.012245347,-1.7237694,0.0011939572,-1.17269
SIG-26027-0178,SMMS,Preventive S&T maintenance,Medium,0.24331808,4.381888,-0.027082266,-1.6920342,-0.0027935088,-1.1580867
SIG-26027-0179,SMMS,Preventive S&T maintenance,High,12.764683,5.1345434,0.015636759,1.0378813,0.001782704,3.7142797
SIG-26027-0180,SMMS,Interlocking inspection,Medium,-0.6584073,-0.783263,-0.014542581,-1.1206604,-0.00034510248,-1.1830325
SIG-26027-0181,SMMS,Point machine inspection,High,13.730145,7.6866775,-0.014709932,1.1771885,-0.0009807845,-1.228964
SIG-26027-0182,SMMS,Track circuit testing,Low,-16.439041,-6.9105344,-0.13511695,-3.9095182,0.00017511159,-1.1452695
SIG-26027-0183,SMMS,Signal equipment defect,Medium,0.24692087,4.1186256,-0.02744985,-1.7677518,0.0013054237,-1.1603913
SIG-26027-0184,SMMS,Axle counter issue,Low,-16.44072,-6.910599,-0.13731751,-3.9111521,-0.0017864449,-1.1377281
SIG-26027-0185,SMMS,Axle counter issue,High,12.742862,4.9289775,0.016490025,1.0422708,0.005705214,3.7261264
SIG-26027-0186,SMMS,Axle counter issue,High,13.779734,9.279443,0.014237587,0.5105469,0.006011069,3.7182686
SIG-26027-0187,SMMS,Track circuit testing,Medium,0.18425174,4.136037,0.003608805,-1.7633721,-0.00025313202,-1.169226
SIG-26027-0188,SMMS,Interlocking inspection,Medium,-0.57411283,-0.3976752,-0.015020271,-1.1176211,-0.00040824048,-1.1783905
SIG-26027-0189,SMMS,Axle counter issue,High,13.634971,7.472301,0.014772238,1.1435958,-0.00067330996,-1.2200054
SIG-26027-0190,SMMS,Preventive S&T maintenance,Low,-15.219598,-3.9672825,-0.10227962,-3.8400762,-0.0008681284,3.8046055
SIG-26027-0191,SMMS,Signal equipment defect,High,13.70007,7.4639077,-0.021018505,1.1349851,-0.0010452425,-1.220534
SIG-26027-0192,SMMS,Signal failure,Low,-16.816792,-8.702592,-0.07123642,-4.0020623,0.026931783,-1.1975781
SIG-26027-0193,SMMS,Track circuit testing,Medium,0.22698802,3.1193802,-0.023732137,-1.0943863,0.0035893985,3.7722452
SIG-26027-0194,SMMS,Point machine inspection,Medium,0.24718177,4.118571,-0.027143963,-1.7661309,0.0002617142,-1.1614801
SIG-26027-0195,SMMS,Preventive S&T maintenance,High,13.594195,7.21166,0.011984428,1.1421205,-0.0022173133,-1.2251525
SIG-26027-0196,SMMS,Signal failure,Medium,-0.58047026,-0.37037137,-0.03098134,-1.165357,0.0021355066,3.7721577
SIG-26027-0197,SMMS,Interlocking inspection,High,13.700068,7.4644723,-0.021065308,1.1337188,-0.00040159767,-1.2204264
SIG-26027-0198,SMMS,Interlocking inspection,Low,-15.333801,-2.1721694,-0.10220504,-4.3864665,-0.0016011635,-1.1370134
SIG-26027-0199,SMMS,Axle counter issue,Medium,-0.630799,-0.3811807,0.011717667,-1.1226071,0.006114,-1.1796049
SIG-26027-0200,SMMS,Signal failure,Medium,-0.6334732,-0.7378779,-0.030773086,-1.1776115,3.494439e-05,3.7832615
SIG-26027-0201,SMMS,Signal failure,High,13.699643,9.346773,0.009816663,0.62175417,-0.004839334,-1.1861368
SIG-26027-0202,SMMS,Interlocking inspection,Medium,-0.56447345,-0.40180093,-0.028777499,-1.1216264,-0.0014318174,-1.1750525
SIG-26027-0203,SMMS,Point machine inspection,High,13.6222105,7.468173,0.012049986,1.149506,-0.0002785635,-1.2238075
SIG-26027-0204,SMMS,Signal equipment defect,Medium,-0.6584073,-0.7832589,-0.014396167,-1.1207669,-0.0006502235,-1.1827714
SIG-26027-0205,SMMS,Point machine inspection,Medium,0.24522789,5.480915,-0.021809572,-1.7271727,0.00028944286,-1.170895
SIG-26027-0206,SMMS,Signal failure,High,13.744479,8.261325,-0.014585538,0.90269643,0.0011674941,-1.2228436
SIG-26027-0207,SMMS,Preventive S&T maintenance,Critical,24.628275,11.502479,-0.025311852,2.4851565,-0.011306399,-0.87811315
SIG-26027-0208,SMMS,Signal failure,High,12.418064,4.1930747,0.012838635,1.1238612,0.0010353224,-1.21997
SIG-26027-0209,SMMS,Track circuit testing,Critical,24.531885,10.3777075,-0.02689915,2.3745518,-0.0013566194,-0.93165916
SIG-26027-0210,SMMS,Axle counter issue,Medium,-0.71212083,-0.767685,0.0048696613,-1.1236068,-0.0010323008,-1.1831224
SIG-26027-0211,SMMS,Preventive S&T maintenance,Medium,-0.060667977,1.3441641,-0.023549387,-1.0743611,5.8702364e-05,-1.1778771
SIG-26027-0212,SMMS,Point machine inspection,Low,-15.347454,-2.4707367,-0.10179155,-4.427971,0.0002612725,-1.1343135
SIG-26027-0213,SMMS,Interlocking inspection,Low,-15.2204685,-3.9672294,-0.102201305,-3.8380244,-0.0017076394,3.8041322
SIG-26027-0214,SMMS,Preventive S&T maintenance,Low,-15.638611,-4.8965955,-0.08801009,-3.7914193,0.00046294974,-1.1563687
SIG-26027-0215,SMMS,Signal equipment defect,Medium,-0.9114802,-2.0248582,-0.022057444,-1.0925179,-0.000572648,-1.1899301
SIG-26027-0216,SMMS,Preventive S&T maintenance,Medium,-0.29289722,0.81617093,0.012439097,-1.0873836,-0.0017323833,-1.1814214
SIG-26027-0217,SMMS,Interlocking inspection,Low,-15.210764,-1.9159245,-0.09757728,-4.489711,-0.0037501312,3.7950358
SIG-26027-0218,SMMS,Track circuit testing,Low,-15.312849,-4.058091,-0.10756894,-3.8109572,-0.00131352,-1.151428
SIG-26027-0219,SMMS,Axle counter issue,Medium,-0.087689094,1.7670128,0.015827673,-1.1306537,0.00051214214,3.8143528
SIG-26027-0220,SMMS,Track circuit testing,Low,-15.663007,-5.4118605,-0.06817619,-3.966231,0.00086775084,3.7823753
SIG-26027-0221,SMMS,Point machine inspection,High,13.395439,6.4650183,0.013840984,1.0996538,1.0273689e-05,-1.2231712
SIG-26027-0222,SMMS,Interlocking inspection,Medium,0.15517852,2.846906,0.0027265584,-1.065516,7.8311925e-05,-1.1899555
SIG-26027-0223,SMMS,Signal failure,Medium,-0.8856054,-1.3872375,0.013564684,-1.119832,-0.00032761402,-1.1903727
SIG-26027-0224,SMMS,Signal equipment defect,High,12.488064,4.443518,0.019974655,1.0987518,0.00097604515,-1.2181911
SIG-26027-0225,SMMS,Axle counter issue,Medium,-0.40259022,0.27976447,0.007806145,-1.0896176,0.006859823,-1.1926438
SIG-26027-0226,SMMS,Signal failure,Medium,-0.6025747,-0.55021787,-0.009904729,-1.1683187,0.0035888653,3.7630055
SIG-26027-0227,SMMS,Preventive S&T maintenance,Medium,-0.6222376,-0.35489565,0.011058001,-1.1712178,6.831982e-05,3.7770362
SIG-26027-0228,SMMS,Signal failure,Low,-15.338074,-1.9335728,-0.109034106,-4.3155174,0.0010803747,-1.1267717
SIG-26027-0229,SMMS,Interlocking inspection,Medium,0.2086379,5.524008,0.017853327,-1.788138,0.0022455887,3.785013
SIG-26027-0230,SMMS,Preventive S&T maintenance,Medium,0.23304892,4.384471,-0.017240856,-1.687622,0.0007114153,-1.1612982
SIG-26027-0231,SMMS,Preventive S&T maintenance,Medium,-0.07788284,1.3684216,-0.03764415,-1.1320486,0.0016491391,3.7697768
SIG-26027-0232,SMMS,Axle counter issue,Low,-15.335557,-2.172027,-0.104021266,-4.387165,-0.0013475706,-1.1331418
SIG-26027-0233,SMMS,Track circuit testing,Medium,-0.9752418,-2.0078182,0.008798096,-1.0893499,0.0009861907,-1.1950804
SIG-26027-0234,SMMS,Signal failure,High,13.772715,8.470511,-0.012757777,0.9476826,-0.0034734374,-1.2262887
SIG-26027-0235,SMMS,Signal failure,High,13.473693,6.4589143,-0.020903526,1.0832303,-0.0016511504,-1.2182101
SIG-26027-0236,SMMS,Interlocking inspection,Critical,24.2383,9.9925165,0.015470355,2.3748195,-0.0019192672,-0.9387515
SIG-26027-0237,SMMS,Preventive S&T maintenance,Medium,0.12662078,2.5265608,0.008711071,-1.0760134,0.0009038576,-1.1922896
SIG-26027-0238,SMMS,Track circuit testing,Medium,0.12721741,2.5266447,0.0044275536,-1.0743446,-6.0120303e-05,-1.1914244
SIG-26027-0239,SMMS,Point machine inspection,Medium,-0.94603056,-1.6825738,0.008924283,-1.0933456,-0.00096640823,-1.1873229
SIG-26027-0240,SMMS,Signal failure,High,12.528058,4.668654,0.019530406,1.068421,-0.0005199378,-1.23857
SIG-26027-0241,SMMS,Preventive S&T maintenance,Low,-16.487263,-7.3559117,-0.07043977,-3.9069657,-0.0012082076,-1.1241245
SIG-26027-0242,SMMS,Preventive S&T maintenance,Medium,0.24508308,3.100783,-0.027951319,-1.0427442,-0.00017236495,-1.1728574
SIG-26027-0243,SMMS,Signal failure,Low,-15.338446,-4.3271003,-0.070329815,-3.9302354,-0.0003572299,3.8002324
SIG-26027-0244,SMMS,Point machine inspection,Medium,-0.33643,0.25628704,-0.030877221,-1.0915334,-0.0013341148,-1.1880288
SIG-26027-0245,SMMS,Track circuit testing,Medium,-0.3460523,0.2602808,-0.016981058,-1.0878519,-0.0014560904,-1.1899211
SIG-26027-0246,SMMS,Signal equipment defect,Low,-16.817978,-8.46462,-0.07470952,-3.9868932,-0.0011482191,-1.140589
SIG-26027-0247,SMMS,Interlocking inspection,High,12.418076,4.193111,0.0128114475,1.1244249,-0.00086091214,-1.2202204
SIG-26027-0248,SMMS,Point machine inspection,Low,-16.660652,-7.9811354,-0.08880075,-3.9709277,3.6392586e-05,-1.1439272
SIG-26027-0249,SMMS,Axle counter issue,Medium,0.08206304,2.2022545,-0.017158216,-1.084099,-0.0015029982,-1.1903914
SIG-26027-0250,SMMS,Axle counter issue,Medium,0.103037566,2.2824488,-0.04424431,-1.1446155,0.0038494759,3.8134239
SIG-26027-0251,SMMS,Point machine inspection,High,13.776663,8.471275,-0.022216776,0.94748765,-0.0024217125,-1.223198
SIG-26027-0252,SMMS,Preventive S&T maintenance,Critical,24.454603,10.380084,0.015570002,2.4014597,-0.00117246,-0.9339477
SIG-26027-0253,SMMS,Preventive S&T maintenance,Medium,-0.8218119,-1.4097759,-0.027547723,-1.1215849,-0.0013805437,-1.1871922
SIG-26027-0254,SMMS,Signal equipment defect,Medium,0.15503296,2.846931,0.0027646096,-1.0662286,0.0009189089,-1.1900014
SIG-26027-0255,SMMS,Preventive S&T maintenance,Medium,-0.15981379,1.0436863,-0.031022392,-1.100326,-0.0005618569,-1.2016609
SIG-26027-0256,SMMS,Axle counter issue,Medium,-0.83916634,-1.0939398,0.010622258,-1.1401535,-0.0022691488,-1.1913054
SIG-26027-0257,SMMS,Axle counter issue,Low,-16.139763,-6.1184773,-0.13296743,-3.8681688,-0.0018413457,-1.1420784
SIG-26027-0258,SMMS,Signal failure,High,13.454382,6.855952,0.015442218,1.106584,0.010471017,-1.220065
SIG-26027-0259,SMMS,Interlocking inspection,Critical,24.551462,10.627915,0.01544671,2.4181771,-0.00089009834,-0.9239347
SIG-26027-0260,SMMS,Point machine inspection,Medium,-0.22900383,0.7904588,-0.031285334,-1.0882398,-0.0013388193,-1.1790444
SIG-26027-0261,SMMS,Point machine inspection,Medium,-0.5791346,-0.3684993,-0.030663723,-1.167606,0.0009457942,3.7720723
SIG-26027-0262,SMMS,Preventive S&T maintenance,Low,-15.429848,-4.3963585,-0.10838615,-3.8518283,-0.0012127735,-1.1401778
SIG-26027-0263,SMMS,Preventive S&T maintenance,High,13.710314,9.545653,0.019131238,0.6214318,0.003428887,-1.1868453
SIG-26027-0264,SMMS,Signal equipment defect,High,13.780136,9.279545,0.013506709,0.5123636,0.0092970235,3.7210603
SIG-26027-0265,SMMS,Signal equipment defect,Low,-15.975419,-6.097874,-0.060272563,-3.9683385,-0.009123962,3.7841306
SIG-26027-0266,SMMS,Signal equipment defect,Medium,0.21860842,2.8326797,-0.025261203,-1.0680424,-0.00026447568,-1.1822476
SIG-26027-0267,SMMS,Signal failure,Medium,0.19675203,4.6620803,0.0057687736,-1.6097032,-0.0025210152,-1.1617293
SIG-26027-0268,SMMS,Axle counter issue,Medium,0.23293777,5.5110636,-0.0065365117,-1.7811724,0.003942586,3.7846618
SIG-26027-0269,SMMS,Axle counter issue,High,13.011265,5.7422285,0.019063998,1.0718179,-1.5545105e-05,-1.2294238
SIG-26027-0270,SMMS,Axle counter issue,Low,-16.63761,-8.111591,-0.058042653,-4.031764,0.00079846673,3.774406
SIG-26027-0271,SMMS,Interlocking inspection,High,13.041076,5.8808494,0.020196911,1.0749729,-0.00097018975,-1.2346528
SIG-26027-0272,SMMS,Track circuit testing,High,13.232988,6.138603,-0.012706176,1.0708492,0.012623882,-1.2072983
SIG-26027-0273,SMMS,Point machine inspection,Critical,23.980135,9.224313,0.013068992,2.3526263,-0.0009829705,-0.9834109
SIG-26027-0274,SMMS,Signal equipment defect,Low,-16.282429,-6.3905845,-0.13676736,-3.8335004,0.0010516257,-1.1616433
SIG-26027-0275,SMMS,Point machine inspection,Medium,-0.71521914,-0.7689117,0.005312948,-1.1253035,0.0074263094,-1.1848099
SIG-26027-0276,SMMS,Axle counter issue,Medium,-0.57408357,-0.39816523,-0.014779552,-1.118189,0.0005793755,-1.1785898
SIG-26027-0277,SMMS,Signal failure,High,13.475029,6.8599577,0.014324436,1.1036288,-0.0015004936,-1.2257515
SIG-26027-0278,SMMS,Preventive S&T maintenance,Low,-15.312939,-4.0579967,-0.107530564,-3.8105843,-0.0019753468,-1.1511827
SIG-26027-0279,SMMS,Signal equipment defect,High,13.074005,5.7319617,-0.015222693,1.0621027,-0.00062410306,-1.2306799
SIG-26027-0280,SMMS,Interlocking inspection,Medium,-0.46117002,-0.034280088,-0.029445875,-1.1030642,-0.00025203128,-1.1813853
SIG-26027-0281,SMMS,Signal equipment defect,High,13.776891,9.539141,-0.021613441,0.6117364,0.0024368316,-1.1843673
SIG-26027-0282,SMMS,Signal equipment defect,Low,-15.52894,-4.7052603,-0.107981645,-3.8162568,-0.00083720015,-1.1525986
SIG-26027-0283,SMMS,Preventive S&T maintenance,Medium,-0.045127284,1.6720479,-0.022687383,-1.0813414,-0.0017217097,-1.1877567
SIG-26027-0284,SMMS,Track circuit testing,High,13.041892,5.884337,0.016223349,1.0719709,-0.0022095023,-1.2339066
SIG-26027-0285,SMMS,Interlocking inspection,High,12.657665,4.7273593,0.012701001,1.0284541,0.004910514,3.7904737
SIG-26027-0286,SMMS,Point machine inspection,Medium,-0.975874,-2.0065267,0.014925099,-1.0918547,0.0016207687,-1.1941599
SIG-26027-0287,SMMS,Signal failure,Medium,-0.22336824,1.069691,0.007947396,-1.0976914,-0.0018155108,-1.2035658
SIG-26027-0288,SMMS,Point machine inspection,Low,-15.661667,-5.4127955,-0.06819466,-3.9650393,-0.0071844426,3.7779884
SIG-26027-0289,SMMS,Interlocking inspection,Medium,0.23780847,4.119165,-0.01677835,-1.7628548,0.00039260098,-1.1647317
SIG-26027-0290,SMMS,Signal equipment defect,High,13.729442,9.746489,0.020301376,0.65353185,-0.00072307093,-1.1976644
SIG-26027-0291,SMMS,Signal failure,Medium,-0.3333853,0.51930743,0.007125238,-1.0696766,-0.0009776573,-1.1866474
SIG-26027-0292,SMMS,Signal equipment defect,High,12.47518,4.443165,0.01373224,1.1037157,0.0007028047,-1.2217044
SIG-26027-0293,SMMS,Point machine inspection,Low,-15.319816,-2.5223346,-0.10630369,-4.461505,-0.0017369788,-1.1402303
SIG-26027-0294,SMMS,Signal equipment defect,Medium,0.18056132,2.5117981,-0.014047918,-1.0733948,0.00083097327,-1.1872308
SIG-26027-0295,SMMS,Interlocking inspection,Low,-15.343547,-2.4726565,-0.10767739,-4.4314456,-0.0013639244,-1.1253169
SIG-26027-0296,SMMS,Point machine inspection,Medium,-0.7125577,-0.76632696,0.0106306905,-1.1249738,-0.0017908849,-1.181842
SIG-26027-0297,SMMS,Signal failure,High,13.729994,7.686764,-0.014517707,1.1769738,-0.0021361317,-1.2277219
SIG-26027-0298,SMMS,Interlocking inspection,Low,-16.817963,-8.463969,-0.07470952,-3.9883764,-0.00033062516,-1.140589
SIG-26027-0299,SMMS,Point machine inspection,Medium,-0.56448907,-0.40186873,-0.028777499,-1.1213806,-0.001594171,-1.1750525
SIG-26027-0300,SMMS,Preventive S&T maintenance,High,13.783508,9.2813,0.008914763,0.5017177,0.0051947716,3.7126625
SIG-26027-0301,SMMS,Signal equipment defect,Medium,-0.03815162,1.9279953,0.003527867,-1.0826193,-0.00028225276,-1.1886326
SIG-26027-0302,SMMS,Point machine inspection,Medium,-0.038530435,1.9280187,0.0074120066,-1.0846639,-0.0018706546,-1.1876888
SIG-26027-0303,SMMS,Signal equipment defect,Medium,-0.2957141,0.81499434,0.012780468,-1.0886576,0.006812066,-1.1838468
SIG-26027-0304,SMMS,Point machine inspection,High,13.77591,8.471439,-0.022585692,0.94628286,-0.0041967784,-1.223707
SIG-26027-0305,SMMS,Signal failure,Medium,-0.04510839,1.6714997,-0.022575954,-1.0817713,0.00058706006,-1.1892178
SIG-26027-0306,SMMS,Point machine inspection,Low,-15.330521,-2.7183754,-0.10275494,-4.51923,0.0001827652,-1.1216745
SIG-26027-0307,SMMS,Axle counter issue,Critical,24.00002,12.030701,-0.0067335665,2.8403993,0.045231078,3.8737912
SIG-26027-0308,SMMS,Track circuit testing,Low,-15.338139,-1.9341793,-0.10395901,-4.310162,-0.0009787708,-1.1372129
SIG-26027-0309,SMMS,Signal failure,Low,-15.2280035,-2.7301135,-0.123083845,-4.7365284,0.003414258,3.7468798
SIG-26027-0310,SMMS,Axle counter issue,Critical,24.62798,10.625046,-0.026855836,2.3933597,-0.0019795157,-0.9217446
SIG-26027-0311,SMMS,Point machine inspection,High,13.407238,6.469603,0.016305348,1.0904456,-0.00079267996,-1.2177817
SIG-26027-0312,SMMS,Signal equipment defect,High,13.716568,7.214967,-0.030845392,1.0813377,0.0022957292,3.7436154
SIG-26027-0313,SMMS,Preventive S&T maintenance,Low,-16.704466,-8.19568,-0.086953126,-3.9533246,-0.0018885237,-1.1379073
SIG-26027-0314,SMMS,Axle counter issue,Medium,-0.6282502,-0.3802524,0.011505798,-1.1217412,0.0006498751,-1.1782717
SIG-26027-0315,SMMS,Preventive S&T maintenance,Medium,-0.92653716,-1.944305,0.018660976,-1.1327484,-0.0005953935,3.8006904
SIG-26027-0316,SMMS,Axle counter issue,Medium,-0.625849,-0.53620553,0.011327122,-1.1751317,0.0026159398,3.7634804
SIG-26027-0317,SMMS,Point machine inspection,Low,-16.335707,-6.6099014,-0.1352155,-3.8565788,0.001151088,-1.1668572
SIG-26027-0318,SMMS,Track circuit testing,Medium,-0.62834525,-0.3797535,0.011015429,-1.1216643,-0.00092181197,-1.1778833
SIG-26027-0319,SMMS,Point machine inspection,Low,-16.596294,-7.7170777,-0.08704011,-3.9348845,0.0009274538,-1.1416687
SIG-26027-0320,SMMS,Point machine inspection,Medium,-0.29244468,0.81599253,0.007852535,-1.0853283,-0.0017523046,-1.1818777
SIG-26027-0321,SMMS,Interlocking inspection,Medium,-0.5980899,-0.54816663,-0.010064151,-1.1706016,0.000543427,3.761958
SIG-26027-0322,SMMS,Point machine inspection,High,13.730194,7.687201,-0.014652028,1.1758767,-0.00033260198,-1.2289296
SIG-26027-0323,SMMS,Track circuit testing,Medium,0.20544012,2.5768602,-0.043199245,-1.1330109,0.00097128534,3.7990978
SIG-26027-0324,SMMS,Preventive S&T maintenance,Medium,-0.94694215,-1.6812176,0.015520015,-1.0942781,0.0014590891,-1.1888267
SIG-26027-0325,SMMS,Point machine inspection,Medium,-0.627859,-0.38101265,0.005332859,-1.1204994,-0.0018108062,-1.1775409
SIG-26027-0326,SMMS,Track circuit testing,Low,-16.718609,-7.9307585,-0.088156454,-3.9077642,0.0012345301,-1.143125
SIG-26027-0327,SMMS,Preventive S&T maintenance,Medium,-0.47111142,-0.029962517,-0.015718056,-1.1008857,0.0005303864,-1.1825155
SIG-26027-0328,SMMS,Axle counter issue,Medium,-0.7888103,-2.5516138,-0.004568632,-0.97713184,-0.0018871359,-1.1895862
SIG-26027-0329,SMMS,Preventive S&T maintenance,Medium,0.18103075,3.1156912,0.005724756,-1.0414352,0.00022726493,-1.1810122
SIG-26027-0330,SMMS,Signal equipment defect,Low,-15.380295,-1.6699715,-0.10877133,-4.311838,-0.0022912403,-1.1262288
SIG-26027-0331,SMMS,Interlocking inspection,High,13.793228,9.835293,0.011996498,0.5486781,0.0027343112,3.8614278
SIG-26027-0332,SMMS,Preventive S&T maintenance,High,13.605387,7.215462,0.02129247,1.1372869,-0.002130644,-1.2228061
SIG-26027-0333,SMMS,Point machine inspection,High,12.957084,5.480718,-0.014880609,1.0632366,0.0017507795,-1.2145131
SIG-26027-0334,SMMS,Preventive S&T maintenance,Medium,-0.7713508,-1.0117401,0.010949884,-1.1940993,-0.0003646743,3.8195693
SIG-26027-0335,SMMS,Point machine inspection,High,13.748887,8.263448,-0.022297213,0.9047309,-0.00019180709,-1.2178909
SIG-26027-0336,SMMS,Signal equipment defect,Low,-15.3389845,-1.9334428,-0.10926941,-4.3117876,-0.0011488443,-1.1259658
SIG-26027-0337,SMMS,Axle counter issue,Medium,-0.9464264,-1.6811713,0.015131471,-1.0952057,-0.0015556106,-1.1862508
SIG-26027-0338,SMMS,Preventive S&T maintenance,Low,-16.823534,-8.460924,-0.06659649,-3.989166,-0.0023063258,-1.1464684
SIG-26027-0339,SMMS,Preventive S&T maintenance,Critical,24.045033,9.216887,-0.018859273,2.339487,-0.00016902854,-0.9858089
SIG-26027-0340,SMMS,Signal equipment defect,Medium,0.19063856,2.5082943,-0.028165452,-1.0767702,-0.00038345376,-1.1846286
SIG-26027-0341,SMMS,Interlocking inspection,Low,-15.308487,-4.0652294,-0.10905875,-3.8120604,0.012966249,-1.1589847
SIG-26027-0342,SMMS,Interlocking inspection,High,13.742057,7.748347,0.007967216,1.1222208,0.0019738588,3.7982602
SIG-26027-0343,SMMS,Interlocking inspection,High,13.755016,8.323543,0.011126177,0.85545367,0.0018965744,3.8015573
SIG-26027-0344,SMMS,Signal failure,Medium,-0.5642735,-0.40207407,-0.028648416,-1.1211439,-0.00049105106,-1.1765316
SIG-26027-0345,SMMS,Signal failure,Low,-15.313548,-2.5296035,-0.10711516,-4.4672017,0.018157655,-1.1469603
SIG-26027-0346,SMMS,Signal failure,Medium,-0.57414305,-0.3976005,-0.014927826,-1.1176523,-0.000713125,-1.1781912
SIG-26027-0347,SMMS,Signal equipment defect,Medium,0.12660852,2.5265834,0.008711071,-1.0760257,0.0009056916,-1.1922897
SIG-26027-0348,SMMS,Preventive S&T maintenance,Low,-15.223157,-2.1084146,-0.122610115,-4.5854974,0.00037496848,3.805873
SIG-26027-0349,SMMS,Preventive S&T maintenance,High,12.548748,4.420234,0.01130451,1.0651516,0.0020525907,3.7302248
SIG-26027-0350,SMMS,Preventive S&T maintenance,Low,-16.486614,-7.1272902,-0.148547,-3.808768,0.0006298184,-1.1375481
SIG-26027-0351,SMMS,Point machine inspection,Critical,24.552658,11.222134,0.016027045,2.4836931,-0.0012544753,-0.9017851
SIG-26027-0352,SMMS,Signal failure,Medium,-0.5741611,-0.39759123,-0.014927826,-1.1177177,-0.00064204546,-1.178188
SIG-26027-0353,SMMS,Interlocking inspection,High,12.768244,5.134909,0.01163682,1.0286734,0.0014500301,3.7083879
SIG-26027-0354,SMMS,Signal failure,Low,-15.638834,-4.896171,-0.08811852,-3.7914429,0.00038623385,-1.156362
SIG-26027-0355,SMMS,Signal failure,High,13.698283,8.4796,0.010569311,0.9633488,0.0014297076,-1.2297773
SIG-26027-0356,SMMS,Interlocking inspection,Low,-15.479747,-4.9709234,-0.06269355,-3.9031296,-0.0004133655,3.9187498
SIG-26027-0357,SMMS,Signal failure,Critical,24.38381,10.235869,0.017291268,2.3783615,-0.002059538,-0.93911624
SIG-26027-0358,SMMS,Interlocking inspection,High,12.79216,5.186595,0.019063998,1.0634931,-0.0005340059,-1.2107033
SIG-26027-0359,SMMS,Signal equipment defect,High,13.699019,9.346628,0.009814986,0.6219545,-0.0058393595,-1.1864104
SIG-26027-0360,SMMS,Interlocking inspection,Low,-15.821666,-5.422601,-0.13080615,-3.8229465,-0.0018274669,-1.1375527
SIG-26027-0361,SMMS,Signal failure,Low,-15.654963,-5.1073256,-0.08207344,-3.8065677,-0.0017280503,-1.1652673
SIG-26027-0362,SMMS,Point machine inspection,Low,-16.660975,-7.981358,-0.08669233,-3.9718976,-0.0010577004,-1.1447799
SIG-26027-0363,SMMS,Track circuit testing,Medium,-0.84292865,-2.544457,0.006219364,-0.977766,0.0006397127,-1.1928221
SIG-26027-0364,SMMS,Interlocking inspection,High,13.077929,5.735317,-0.022424534,1.0598965,-0.00072623865,-1.2284511
SIG-26027-0365,SMMS,Axle counter issue,High,12.552097,4.4347396,-0.020903617,1.085358,0.0033332417,-1.2113396
SIG-26027-0366,SMMS,Point machine inspection,High,12.590052,4.657928,-0.015271253,1.056536,0.00097511464,-1.2409179
SIG-26027-0367,SMMS,Signal equipment defect,Low,-15.333701,-2.1724036,-0.10201877,-4.386769,-0.0013315501,-1.137033
SIG-26027-0368,SMMS,Axle counter issue,Medium,-0.8826189,-1.7041733,-0.025901537,-1.0968841,0.0007109444,-1.1849005
SIG-26027-0369,SMMS,Signal failure,Low,-15.822297,-5.6768737,-0.07217085,-3.8714623,-0.0012060668,-1.1179951
SIG-26027-0370,SMMS,Track circuit testing,Low,-15.815457,-5.425575,-0.13790879,-3.8230963,0.00085630396,-1.134864
SIG-26027-0371,SMMS,Track circuit testing,Low,-15.555,-4.644239,-0.095909715,-3.7876816,-0.0007301472,-1.1454049
SIG-26027-0372,SMMS,Preventive S&T maintenance,Medium,-0.9112942,-2.0249422,-0.022356406,-1.0922834,-0.000545355,-1.1899949
SIG-26027-0373,SMMS,Interlocking inspection,Low,-15.312466,-4.0578303,-0.1075783,-3.8121362,-0.0007636033,-1.1514341
SIG-26027-0374,SMMS,Signal failure,Low,-16.596703,-7.7168784,-0.08722264,-3.934587,-0.001358285,-1.1406372
SIG-26027-0375,SMMS,Signal equipment defect,Low,-15.54996,-4.647509,-0.10171987,-3.7853355,-0.0015282303,-1.1429132
SIG-26027-0376,SMMS,Track circuit testing,Medium,0.24724917,4.1187377,-0.027220696,-1.7661905,-0.00014754037,-1.1611687
SIG-26027-0377,SMMS,Point machine inspection,High,13.772254,8.474794,-0.012944968,0.9491343,0.0010422738,-1.227811
SIG-26027-0378,SMMS,Preventive S&T maintenance,Low,-16.047928,-6.2868667,-0.101311296,-3.9238455,-0.0010651388,3.8294764
SIG-26027-0379,SMMS,Preventive S&T maintenance,High,13.79563,9.740565,-0.019949047,0.643002,-0.0016697099,-1.1950952
SIG-26027-0380,SMMS,Preventive S&T maintenance,Medium,-0.89225906,-1.6990136,-0.011065648,-1.092401,-0.00047845807,-1.188615
SIG-26027-0381,SMMS,Interlocking inspection,Medium,-0.2703526,0.49424383,-0.03145938,-1.0727817,0.00025387766,-1.184461
SIG-26027-0382,SMMS,Point machine inspection,Low,-15.330416,-2.7185867,-0.10264651,-4.519228,0.00017720163,-1.1216726
SIG-26027-0383,SMMS,Signal failure,Medium,0.2451434,3.100786,-0.02775842,-1.0431117,-0.0013812198,-1.1715369
SIG-26027-0384,SMMS,Signal failure,High,13.671737,7.2057986,-0.02075986,1.123749,-0.0030533685,-1.2210362
SIG-26027-0385,SMMS,Axle counter issue,Medium,0.24741916,4.119139,-0.02738402,-1.7661994,-6.809868e-05,-1.161647
SIG-26027-0386,SMMS,Point machine inspection,Critical,24.311913,9.989701,-0.018842235,2.346528,-0.0061263503,-0.93184775
SIG-26027-0387,SMMS,Interlocking inspection,High,13.793326,9.835634,0.012142337,0.54965395,0.0061270506,3.8628914
SIG-26027-0388,SMMS,Signal failure,Medium,-0.22336204,1.0695443,0.008464793,-1.097391,-0.00030253152,-1.204563
SIG-26027-0389,SMMS,Interlocking inspection,Low,-16.58836,-7.871221,-0.075397566,-4.020686,-0.001784904,3.793199
SIG-26027-0390,SMMS,Track circuit testing,High,12.779189,5.18728,0.014874115,1.0703546,-0.0008587594,-1.2129879
SIG-26027-0391,SMMS,Signal equipment defect,High,12.544816,4.4169497,0.016949814,1.0735117,0.0022709658,3.734036
SIG-26027-0392,SMMS,Axle counter issue,Medium,0.23533516,5.479114,-0.012181283,-1.7244117,-0.0025395867,-1.1725087
SIG-26027-0393,SMMS,Point machine inspection,Medium,-0.46102265,-0.03487157,-0.029270427,-1.1033688,0.00040483757,-1.181469
SIG-26027-0394,SMMS,Signal equipment defect,Medium,-0.7752127,-1.1151971,-0.028037291,-1.1395078,-0.0019093163,-1.1896727
SIG-26027-0395,SMMS,Interlocking inspection,Medium,-0.5663371,-0.56328326,-0.028531842,-1.1244614,0.00095842255,-1.1731793
SIG-26027-0396,SMMS,Signal equipment defect,Low,-16.431599,-6.910404,-0.13904354,-3.9122527,0.020282762,-1.1649383
SIG-26027-0397,SMMS,Signal failure,High,12.764609,5.134499,0.0153158065,1.0397815,0.005033623,3.715982
SIG-26027-0398,SMMS,Preventive S&T maintenance,Medium,0.24767454,4.1188064,-0.027040727,-1.766085,-0.0004561073,-1.1616387
SIG-26027-0399,SMMS,Track circuit testing,Critical,24.1442,9.821417,0.01723531,2.358763,-0.0059457766,-0.93390757
SIG-26027-0400,SMMS,Point machine inspection,Low,-15.337194,-4.0081644,-0.10116932,-3.7791722,0.012848892,-1.1450897
SIG-26027-0401,SMMS,Track circuit testing,Medium,0.1962461,4.6619935,0.010608231,-1.6109365,-0.0014544345,-1.1623504
SIG-26027-0402,SMMS,Axle counter issue,Medium,0.19071084,2.5080023,-0.027774045,-1.0768875,-0.001397756,-1.1836679
SIG-26027-0403,SMMS,Axle counter issue,Medium,0.028415862,2.2160933,0.00074501784,-1.0843227,-1.7673201e-05,-1.1966553
SIG-26027-0404,SMMS,Interlocking inspection,Medium,0.17941183,4.4018407,0.007923422,-1.6897836,0.0025821629,-1.1670293
SIG-26027-0405,SMMS,Axle counter issue,Medium,-0.0993767,1.6932892,0.0032883226,-1.0817977,0.0012896647,-1.1907228
SIG-26027-0406,SMMS,Signal equipment defect,Medium,0.23791116,4.996309,-0.006256555,-1.6648325,8.583333e-05,3.7973835
SIG-26027-0407,SMMS,Track circuit testing,Critical,24.04601,9.217065,-0.018808376,2.337668,0.0005289111,-0.9858901
SIG-26027-0408,SMMS,Interlocking inspection,Low,-16.352654,-7.1180863,-0.058791023,-3.947614,-6.09072e-05,3.7816567
SIG-26027-0409,SMMS,Interlocking inspection,High,13.256755,6.1437025,-0.020993538,1.0625448,-0.00086158974,-1.2096746
SIG-26027-0410,SMMS,Track circuit testing,High,12.528897,4.6733465,0.016226862,1.0647867,-0.0016839954,-1.2390838
SIG-26027-0411,SMMS,Interlocking inspection,Medium,0.23345238,4.382449,-0.017128125,-1.688447,-0.00241878,-1.1609569
SIG-26027-0412,SMMS,Interlocking inspection,Low,-16.021591,-6.100829,-0.06636682,-3.93481,-0.0016091284,-1.1309206
SIG-26027-0413,SMMS,Track circuit testing,Medium,0.1820218,3.1199365,0.0053139795,-1.0399088,-2.7217162e-05,-1.1805238
SIG-26027-0414,SMMS,Signal equipment defect,Medium,-0.41704202,0.017171709,-0.010736821,-1.1502199,0.0022007695,3.7930098
SIG-26027-0415,SMMS,Preventive S&T maintenance,Low,-16.138075,-6.1184387,-0.13077211,-3.866561,0.00016928144,-1.1496198
SIG-26027-0416,SMMS,Axle counter issue,Critical,24.618916,10.61554,-0.018607749,2.400482,0.0010705647,-0.9284447
SIG-26027-0417,SMMS,Track circuit testing,High,13.734074,7.6893253,-0.022576392,1.176389,-0.0009878809,-1.2268671
SIG-26027-0418,SMMS,Signal failure,Medium,-0.038346034,1.9280597,0.003549733,-1.083661,0.0005404837,-1.188306
SIG-26027-0419,SMMS,Point machine inspection,High,13.698636,7.2087274,-0.014868331,1.0873312,0.0016276451,3.7506073
SIG-26027-0420,SMMS,Interlocking inspection,Medium,-0.6584073,-0.7832589,-0.014396167,-1.1207669,-0.0006502235,-1.1827714
SIG-26027-0421,SMMS,Signal failure,Medium,0.024726084,1.901267,-0.036830418,-1.0857528,0.0012704863,-1.1866962
SIG-26027-0422,SMMS,Preventive S&T maintenance,Low,-16.592398,-7.870465,-0.06440685,-4.021566,0.0015884099,3.7938566
SIG-26027-0423,SMMS,Point machine inspection,Medium,0.24507323,5.479104,-0.021977695,-1.7283477,-0.0032663166,-1.1695153
SIG-26027-0424,SMMS,Point machine inspection,High,13.474556,6.860073,0.014229658,1.1035376,-0.001023348,-1.2275276
SIG-26027-0425,SMMS,Track circuit testing,Medium,0.24909957,3.1211188,-0.045037236,-1.0997794,0.0009617414,3.7629418
SIG-26027-0426,SMMS,Signal equipment defect,Medium,0.22819152,4.6755867,0.021569291,-1.6744161,0.0037393612,3.779751
SIG-26027-0427,SMMS,Point machine inspection,Medium,-0.9111871,-2.025867,-0.021795694,-1.0928258,0.00065711857,-1.190398
SIG-26027-0428,SMMS,Interlocking inspection,Medium,0.22830641,4.6754575,0.021578616,-1.6753931,0.0043653036,3.780107
SIG-26027-0429,SMMS,Signal equipment defect,Low,-15.634935,-4.900137,-0.095325805,-3.792734,-0.0011259472,-1.1462816
SIG-26027-0430,SMMS,Signal failure,High,13.029842,5.8799944,0.013840984,1.0796086,0.00018645257,-1.237829
SIG-26027-0431,SMMS,Signal equipment defect,High,13.670121,8.265519,0.0108058425,0.9165926,-0.0026980746,-1.2212843
SIG-26027-0432,SMMS,Interlocking inspection,Medium,-0.6583506,-0.78339106,-0.014313786,-1.1209403,-0.0017458592,-1.1815089
SIG-26027-0433,SMMS,Interlocking inspection,Critical,24.63098,10.868605,-0.025947848,2.4258368,-0.0026701808,-0.90887827
SIG-26027-0434,SMMS,Track circuit testing,High,13.191266,6.1500735,0.020829424,1.0768529,-1.6498227e-05,-1.2112556
SIG-26027-0435,SMMS,Axle counter issue,Medium,-0.83955324,-1.0937568,0.011123226,-1.1398836,0.00037086112,-1.1933193
SIG-26027-0436,SMMS,Signal equipment defect,Low,-16.280754,-6.392734,-0.13912559,-3.8328629,0.0047729025,-1.1631694
SIG-26027-0437,SMMS,Interlocking inspection,Low,-15.429848,-4.3963895,-0.110669546,-3.8513196,0.00045588452,-1.1400414
SIG-26027-0438,SMMS,Point machine inspection,Medium,0.025299056,1.9013221,-0.036807857,-1.0860726,0.0005657303,-1.1863223
SIG-26027-0439,SMMS,Signal equipment defect,Medium,0.19054958,2.5083537,-0.028005496,-1.0767233,-0.0016567752,-1.1835322
SIG-26027-0440,SMMS,Axle counter issue,Low,-16.282242,-6.3905916,-0.1367846,-3.833767,0.0014781337,-1.1619661
SIG-26027-0441,SMMS,Preventive S&T maintenance,Critical,23.824568,10.279176,0.012554018,2.567345,0.013297767,3.8593342
SIG-26027-0442,SMMS,Preventive S&T maintenance,Medium,0.24529803,3.100344,-0.027608026,-1.0428177,-0.00014901755,-1.1729262
SIG-26027-0443,SMMS,Point machine inspection,Medium,-0.22327991,1.069465,0.007947396,-1.0977892,-0.0020092817,-1.2031367
SIG-26027-0444,SMMS,Axle counter issue,Medium,0.23542337,3.1012292,-0.017456576,-1.0392885,-0.0011543051,-1.1748738
SIG-26027-0445,SMMS,Point machine inspection,Medium,-0.94599056,-1.6826752,0.009456793,-1.0931143,-0.00029910696,-1.1874993
SIG-26027-0446,SMMS,Signal failure,High,13.6055355,7.2162437,0.02123437,1.1355608,0.0005905073,-1.2246729
SIG-26027-0447,SMMS,Point machine inspection,High,12.708579,4.9691973,0.014877445,1.073175,-0.0014930967,-1.2148943
SIG-26027-0448,SMMS,Track circuit testing,High,13.668221,7.697899,0.012838728,1.1835085,-0.002112094,-1.226847
SIG-26027-0449,SMMS,Preventive S&T maintenance,Medium,0.24313013,4.382175,-0.0273373,-1.6918907,-0.0018542818,-1.1590134
SIG-26027-0450,SMMS,Signal equipment defect,Low,-16.373446,-7.1235504,-0.098914064,-3.9763117,0.0042481297,3.7546003
SIG-26027-0451,SMMS,Point machine inspection,Low,-16.282475,-6.3899956,-0.13913703,-3.8327932,0.0011141575,-1.1605872
SIG-26027-0452,SMMS,Track circuit testing,Medium,-0.8314212,-1.4058625,-0.01363957,-1.1178429,-0.0005258463,-1.1900665
SIG-26027-0453,SMMS,Preventive S&T maintenance,Medium,-0.7734974,-2.5448449,-0.0071561188,-0.97471017,-7.2444076e-05,-1.1825719
SIG-26027-0454,SMMS,Preventive S&T maintenance,Medium,-0.6484903,-0.78825563,-0.028051749,-1.1244481,0.00042150717,-1.1813616
SIG-26027-0455,SMMS,Track circuit testing,Medium,0.25035343,4.6460404,-0.014067507,-1.6080477,-0.002188324,-1.1586711
SIG-26027-0456,SMMS,Interlocking inspection,Medium,0.089557104,2.1967504,-0.031318836,-1.0887408,0.005539292,-1.1901528
SIG-26027-0457,SMMS,Track circuit testing,High,13.698757,8.47543,0.010442497,0.9617442,-0.003475691,-1.2275221
SIG-26027-0458,SMMS,Track circuit testing,Medium,0.18371601,4.135864,0.0077597536,-1.7648687,-4.263812e-05,-1.1696699
SIG-26027-0459,SMMS,Axle counter issue,Low,-15.54967,-4.6474204,-0.102321446,-3.7849874,-0.0010793755,-1.1434877
SIG-26027-0460,SMMS,Axle counter issue,Low,-16.65905,-7.6598096,-0.07780498,-3.86846,0.0006576394,-1.1500365
SIG-26027-0461,SMMS,Signal equipment defect,Low,-15.893518,-5.8912587,-0.06541442,-3.9087393,-0.0013072994,-1.1310076
SIG-26027-0462,SMMS,Signal failure,Medium,0.16223027,2.6096647,0.017716868,-1.1348394,6.781225e-05,3.8204894
SIG-26027-0463,SMMS,Axle counter issue,Low,-16.273901,-6.3898506,-0.13915133,-3.8329852,0.0205732,-1.1885557
SIG-26027-0464,SMMS,Point machine inspection,Medium,0.02534975,1.9014682,-0.036552742,-1.0855342,-0.00044656332,-1.1863004
SIG-26027-0465,SMMS,Signal failure,Low,-15.312616,-4.0575914,-0.10787531,-3.8125422,0.00097651157,-1.1512051
SIG-26027-0466,SMMS,Signal equipment defect,High,12.957244,5.4806056,-0.015148294,1.0643197,-0.0013350284,-1.2138551
SIG-26027-0467,SMMS,Signal failure,Critical,23.920433,10.556935,-0.015027804,2.6058567,0.008035961,3.9151285
SIG-26027-0468,SMMS,Axle counter issue,Medium,-0.11481558,1.3657707,0.002208715,-1.0743134,0.00046234266,-1.1789882
SIG-26027-0469,SMMS,Signal failure,Medium,0.059004284,2.3153303,0.017027693,-1.1465744,0.004043401,3.8356092
SIG-26027-0470,SMMS,Track circuit testing,Low,-15.3333435,-2.172562,-0.101742536,-4.387791,-9.398874e-05,-1.1377236
SIG-26027-0471,SMMS,Signal equipment defect,High,13.711488,9.35112,0.01218215,0.6143954,-0.004860748,-1.1864974
SIG-26027-0472,SMMS,Signal equipment defect,Medium,-0.84253335,-2.544968,0.0057421816,-0.97831273,-0.0021483265,-1.1900877
SIG-26027-0473,SMMS,Interlocking inspection,Low,-15.325188,-2.720772,-0.10752581,-4.5189586,-0.0009613026,-1.1189686
SIG-26027-0474,SMMS,Signal equipment defect,Medium,-0.78547275,-1.1106248,-0.014447036,-1.1362361,0.00028030397,-1.1931019
SIG-26027-0475,SMMS,Signal failure,High,13.811221,9.273747,-0.016857706,0.4982268,0.005833341,3.7127655
SIG-26027-0476,SMMS,Signal failure,Low,-15.821007,-5.42244,-0.13118103,-3.8243592,0.0010034568,-1.1380608
SIG-26027-0477,SMMS,Signal equipment defect,Medium,-0.33619988,0.2557983,-0.030755242,-1.0912087,-0.0004805816,-1.1890705
SIG-26027-0478,SMMS,Preventive S&T maintenance,Critical,24.551908,10.869745,0.016546786,2.4530182,-0.0015884611,-0.91200686
SIG-26027-0479,SMMS,Signal equipment defect,Medium,-0.785249,-1.1112943,-0.014277891,-1.1364208,0.0007768596,-1.193137
SIG-26027-0480,SMMS,Interlocking inspection,Low,-16.603483,-7.384037,-0.14602953,-3.8405027,0.00033746503,-1.1450771
SIG-26027-0481,SMMS,Signal failure,High,12.430823,4.196815,0.021596963,1.1192515,-0.0011485214,-1.2171843
SIG-26027-0482,SMMS,Interlocking inspection,Low,-16.164951,-6.3712487,-0.069459185,-3.8985038,-0.001623933,-1.1482576
SIG-26027-0483,SMMS,Signal failure,High,12.55074,4.4328322,-0.014432044,1.0887269,0.00097511464,-1.2191398
SIG-26027-0484,SMMS,Axle counter issue,High,13.447937,6.6075497,0.013849434,1.0955625,-0.00046381232,-1.2341039
SIG-26027-0485,SMMS,Signal failure,Medium,0.23755908,4.1196566,-0.017019413,-1.7638226,0.00056164426,-1.1639357
SIG-26027-0486,SMMS,Axle counter issue,High,13.460583,6.6116548,0.016225403,1.0884576,-0.0015535989,-1.2305303
SIG-26027-0487,SMMS,Point machine inspection,Medium,0.23540224,5.4821568,-0.011981173,-1.7230595,0.0021636724,-1.1729298
SIG-26027-0488,SMMS,Signal failure,High,12.8744335,5.4420886,0.011393945,1.038458,0.0016560185,3.7103453
SIG-26027-0489,SMMS,Point machine inspection,Medium,-0.26698506,0.86203605,0.013524007,-1.1493794,0.0005185521,3.7927587
SIG-26027-0490,SMMS,Interlocking inspection,Medium,0.17983298,4.398926,0.003070639,-1.6899856,-0.0022516553,-1.1662395
SIG-26027-0491,SMMS,Track circuit testing,Low,-15.549119,-4.6472826,-0.102009505,-3.7865007,0.0013630043,-1.1440593
SIG-26027-0492,SMMS,Signal failure,Medium,0.18458751,4.969582,0.006019869,-1.6199552,-5.269481e-05,-1.1690605
SIG-26027-0493,SMMS,Interlocking inspection,Low,-16.439129,-6.910254,-0.13522539,-3.909764,0.00033746503,-1.1452695
SIG-26027-0494,SMMS,Preventive S&T maintenance,Medium,-0.22331767,1.069118,0.008388234,-1.0975138,0.00051135395,-1.2047961
SIG-26027-0495,SMMS,Interlocking inspection,Low,-16.337267,-6.6101475,-0.13673055,-3.8593423,0.00035137328,-1.1599799
SIG-26027-0496,SMMS,Preventive S&T maintenance,High,13.029964,5.879665,0.0139604,1.0802088,-0.0010130559,-1.2371403
SIG-26027-0497,SMMS,Signal equipment defect,High,12.475309,4.4429083,0.013966276,1.1047748,-0.0010936103,-1.2210733
SIG-26027-0498,SMMS,Interlocking inspection,Critical,24.549524,11.222534,0.015808564,2.4814432,-0.005665106,-0.8903233
SIG-26027-0499,SMMS,Axle counter issue,Medium,-0.78880185,-2.5516262,-0.004538539,-0.9775578,-0.0015171244,-1.1895561
SIG-26027-0500,SMMS,Axle counter issue,High,13.772128,8.475191,-0.012551787,0.94771427,0.003980545,-1.2284304
SIG-26027-0501,SMMS,Signal equipment defect,Medium,-0.12218034,1.1805747,-0.036599535,-1.1491193,3.0239904e-05,3.8497162
SIG-26027-0502,SMMS,Signal equipment defect,Medium,0.21849802,2.8323183,-0.025282875,-1.0684218,-0.001972828,-1.179666
SIG-26027-0503,SMMS,Axle counter issue,Medium,-0.5658019,-0.5627194,-0.028436482,-1.1241709,-0.00053134677,-1.1731743
SIG-26027-0504,SMMS,Track circuit testing,Low,-15.210745,-1.9162351,-0.098281205,-4.4923506,-0.00240292,3.79572
SIG-26027-0505,SMMS,Point machine inspection,Medium,-0.5658339,-0.5630699,-0.02821638,-1.1240703,-0.000121766374,-1.1735219
SIG-26027-0506,SMMS,Preventive S&T maintenance,Medium,-0.94602036,-1.6826798,0.009456793,-1.0931442,-0.0002368866,-1.1874974
SIG-26027-0507,SMMS,Axle counter issue,Low,-16.76643,-8.760021,-0.06950298,-4.0598836,4.1065945e-05,-1.1394882
SIG-26027-0508,SMMS,Preventive S&T maintenance,Medium,-0.8216433,-1.4103055,-0.027270889,-1.1216983,-0.0015106268,-1.1868643
SIG-26027-0509,SMMS,Signal failure,Critical,24.630566,11.222023,-0.025345793,2.455404,-0.0020581814,-0.89881504
SIG-26027-0510,SMMS,Interlocking inspection,High,13.107741,5.873874,-0.021032354,1.0629902,-0.0012251171,-1.234272
SIG-26027-0511,SMMS,Axle counter issue,High,13.536176,6.8492246,-0.0128344195,1.0962625,-0.0022303618,-1.2269064
SIG-26027-0512,SMMS,Interlocking inspection,Medium,-0.629317,-0.54310125,0.0048843785,-1.1234587,-0.0009776573,-1.1753757
SIG-26027-0513,SMMS,Signal equipment defect,Medium,0.16205688,2.6078205,0.023522893,-1.1335167,0.0012058675,3.8215482
SIG-26027-0514,SMMS,Track circuit testing,Medium,-0.7455382,-1.0254799,-0.009835653,-1.1871402,-0.000344504,3.8188667
SIG-26027-0515,SMMS,Signal equipment defect,Medium,-0.29028612,0.57457083,0.0132463435,-1.1228558,0.004015753,3.8014102
SIG-26027-0516,SMMS,Signal equipment defect,Medium,-0.7888405,-2.5513632,-0.0046057645,-0.9770653,-0.000906389,-1.1908166
SIG-26027-0517,SMMS,Signal failure,Medium,-0.40022346,0.28087056,0.011856441,-1.0900762,-0.0021217507,-1.189186
SIG-26027-0518,SMMS,Signal failure,Medium,-0.038346034,1.9280597,0.003549733,-1.083661,0.0005404837,-1.188306
SIG-26027-0519,SMMS,Axle counter issue,High,12.477855,4.16725,0.013283522,1.0843786,0.0009068381,3.7239068
SIG-26027-0520,SMMS,Point machine inspection,Medium,0.12675408,2.5265253,0.008700942,-1.0752677,4.9678918e-05,-1.1922672
SIG-26027-0521,SMMS,Preventive S&T maintenance,Medium,-0.7754406,-1.1146448,-0.028595407,-1.1408523,0.0006717221,-1.1906762
SIG-26027-0522,SMMS,Track circuit testing,High,13.6065035,7.2168517,0.014335865,1.1327841,0.00064200675,-1.2258643
SIG-26027-0523,SMMS,Signal equipment defect,High,13.68182,8.271809,0.019770933,0.9133855,-0.00055992464,-1.2205957
SIG-26027-0524,SMMS,Point machine inspection,Medium,-0.94643486,-1.6810544,0.015021267,-1.0944442,-0.0022691488,-1.1862972
SIG-26027-0525,SMMS,Signal failure,Low,-16.485674,-7.1275015,-0.14635381,-3.8057125,0.00030300557,-1.1445498
SIG-26027-0526,SMMS,Point machine inspection,Medium,-0.060667448,1.3443402,-0.023651004,-1.0739825,-0.0006489027,-1.1776228
SIG-26027-0527,SMMS,Interlocking inspection,Critical,24.451244,10.377222,0.01718192,2.400975,-0.0039867703,-0.93606406
SIG-26027-0528,SMMS,Interlocking inspection,High,12.79216,5.186595,0.019063998,1.0634931,-0.0005340059,-1.2107033
SIG-26027-0529,SMMS,Point machine inspection,Low,-15.554671,-4.644315,-0.09567991,-3.7876098,0.0015435474,-1.1468782
SIG-26027-0530,SMMS,Point machine inspection,Low,-16.322859,-6.8917994,-0.068927184,-3.978379,-0.0009808085,-1.1251873
SIG-26027-0531,SMMS,Preventive S&T maintenance,Low,-15.379633,-1.6697892,-0.10494592,-4.3139906,-0.00014545144,-1.1308877
SIG-26027-0532,SMMS,Preventive S&T maintenance,Medium,-0.39976248,0.2806935,0.0074929832,-1.0889122,-0.0015291027,-1.1895959
SIG-26027-0533,SMMS,Point machine inspection,Low,-15.628063,-5.1941533,-0.11892498,-3.8526635,0.001055928,-1.1762005
SIG-26027-0534,SMMS,Preventive S&T maintenance,Medium,-0.22935271,0.7897805,-0.03156179,-1.0881462,0.0005504628,-1.1797235
SIG-26027-0535,SMMS,Signal equipment defect,Medium,-0.6301934,-0.54224443,0.011131289,-1.1242937,0.00086630695,-1.1755819
SIG-26027-0536,SMMS,Track circuit testing,Medium,-0.39980903,0.2808257,0.00789537,-1.0882121,4.382688e-05,-1.1911643
SIG-26027-0537,SMMS,Preventive S&T maintenance,High,13.792017,9.738446,-0.012049846,0.642779,6.767576e-05,-1.1987753
SIG-26027-0538,SMMS,Point machine inspection,Medium,-0.6590326,-0.78387046,-0.014401897,-1.1223705,0.0013286127,-1.1819042
SIG-26027-0539,SMMS,Signal failure,Medium,-0.6228919,-0.35701373,0.014419145,-1.1695706,0.0005126497,3.7755938
SIG-26027-0540,SMMS,Signal failure,Critical,24.253298,9.999886,0.012891644,2.3622165,-0.0013924917,-0.9420014
SIG-26027-0541,SMMS,Preventive S&T maintenance,Low,-15.324309,-3.8492908,-0.10529167,-3.726534,0.0014191399,-1.137335
SIG-26027-0542,SMMS,Preventive S&T maintenance,Medium,-0.94598216,-1.6826855,0.009473005,-1.0931327,-0.00029501296,-1.1874993
SIG-26027-0543,SMMS,Axle counter issue,Medium,-0.946465,-1.6809657,0.014995758,-1.0944898,-0.0010259189,-1.1875273
SIG-26027-0544,SMMS,Axle counter issue,High,12.859153,5.179201,-0.022160929,1.0527136,-0.0014287438,-1.2089545
SIG-26027-0545,SMMS,Axle counter issue,Low,-16.481714,-7.1322303,-0.15567382,-3.8066075,-0.0019234717,-1.1313356
SIG-26027-0546,SMMS,Signal failure,Low,-15.634747,-4.8997855,-0.096271366,-3.7913733,-0.0017762402,-1.1465871
SIG-26027-0547,SMMS,Preventive S&T maintenance,Low,-16.53981,-7.6314216,-0.06995803,-4.004481,-0.0055873375,3.7701588
SIG-26027-0548,SMMS,Signal equipment defect,Low,-15.343122,-2.47303,-0.107190065,-4.432833,0.0001958424,-1.1260267
SIG-26027-0549,SMMS,Interlocking inspection,Medium,-0.57604575,-0.5589175,-0.014417452,-1.1207422,0.00027520742,-1.1750516
SIG-26027-0550,SMMS,Signal equipment defect,Medium,0.028047608,2.2155702,0.0052723037,-1.0863844,0.0008627213,-1.1970762
SIG-26027-0551,SMMS,Axle counter issue,Medium,-0.2288353,0.78983074,-0.031040668,-1.088382,-0.0013129732,-1.1787126
SIG-26027-0552,SMMS,Interlocking inspection,Medium,-0.29244003,0.8158988,0.008356692,-1.0850416,-0.00025738234,-1.1828815
SIG-26027-0553,SMMS,Preventive S&T maintenance,Low,-15.379295,-1.6692184,-0.10989265,-4.3145733,0.0017283915,-1.1267903
SIG-26027-0554,SMMS,Axle counter issue,Low,-15.339603,-1.9346607,-0.10923225,-4.312401,-0.0030160998,-1.1257205
SIG-26027-0555,SMMS,Track circuit testing,Medium,0.2602371,4.6449404,-0.024405718,-1.6121242,-0.0030151661,-1.1558136
SIG-26027-0556,SMMS,Preventive S&T maintenance,Low,-16.669806,-8.418306,-0.06716058,-4.1199946,-0.0015795608,3.7829666
SIG-26027-0557,SMMS,Signal failure,Critical,24.630919,10.86859,-0.026023624,2.4255238,-0.001844375,-0.9092397
SIG-26027-0558,SMMS,Preventive S&T maintenance,Medium,0.19678235,4.662052,0.006284522,-1.6095446,-0.0018227107,-1.161912
SIG-26027-0559,SMMS,Signal equipment defect,High,12.4888315,4.4469137,0.015537445,1.0952853,-0.0008139285,-1.2167358
SIG-26027-0560,SMMS,Interlocking inspection,Medium,0.22479093,2.8922057,-0.043450244,-1.1259165,2.4892868e-05,3.7920253
SIG-26027-0561,SMMS,Interlocking inspection,Medium,0.1807587,5.4949937,0.010736304,-1.726239,0.0014712363,-1.1738362
SIG-26027-0562,SMMS,Signal failure,Low,-16.768631,-8.143562,-0.083548054,-3.8932357,-0.001955039,-1.1435714
SIG-26027-0563,SMMS,Signal failure,Low,-15.301052,-3.9034824,-0.10815306,-3.758429,-0.0006393145,-1.1521921
SIG-26027-0564,SMMS,Signal failure,Medium,0.19054958,2.5083537,-0.027959958,-1.0770217,-0.0014298407,-1.1835063
SIG-26027-0565,SMMS,Point machine inspection,Medium,-0.83866715,-1.0956328,0.0053388537,-1.1389245,0.00045904415,-1.1934295
SIG-26027-0566,SMMS,Axle counter issue,High,13.190452,6.15056,0.020372013,1.0746742,-0.0011016977,-1.2100885
SIG-26027-0567,SMMS,Interlocking inspection,Medium,-0.6282814,-0.3799141,0.011065536,-1.1218995,-0.0018764168,-1.176647
SIG-26027-0568,SMMS,Axle counter issue,Medium,-0.78886855,-2.5515852,-0.004500089,-0.97753245,-3.655739e-05,-1.1910747
SIG-26027-0569,SMMS,Interlocking inspection,Critical,24.632227,11.757343,-0.01647704,2.5388,-0.020753413,-0.87775683
SIG-26027-0570,SMMS,Axle counter issue,Medium,0.015450498,1.9053497,-0.022746367,-1.0823236,0.00044082574,-1.1886555
SIG-26027-0571,SMMS,Preventive S&T maintenance,Medium,-0.9752316,-2.0065763,0.0143884765,-1.0912508,-0.002128405,-1.1922637
SIG-26027-0572,SMMS,Interlocking inspection,Low,-16.766914,-8.143475,-0.08169217,-3.8920093,0.00095125946,-1.1513641
SIG-26027-0573,SMMS,Preventive S&T maintenance,High,12.85876,5.1796494,-0.022370122,1.0517577,-9.276413e-05,-1.211025
SIG-26027-0574,SMMS,Signal equipment defect,Low,-16.603357,-7.3843117,-0.14609812,-3.8408082,0.001151088,-1.1453649
SIG-26027-0575,SMMS,Interlocking inspection,High,13.656775,7.6931734,0.009883077,1.1919495,-0.0011895512,-1.2279013
SIG-26027-0576,SMMS,Point machine inspection,Medium,0.12674586,2.5262756,0.008644263,-1.0752215,0.00032142823,-1.192271
SIG-26027-0577,SMMS,Interlocking inspection,Medium,0.028433908,2.2161207,0.00043215498,-1.0847371,-0.0014145168,-1.1957693
SIG-26027-0578,SMMS,Axle counter issue,Medium,-0.8425417,-2.544915,0.006208635,-0.9779234,-0.00039513683,-1.1915485
SIG-26027-0579,SMMS,Signal failure,Medium,-0.24164185,0.55871177,-0.033326354,-1.1233646,3.494439e-05,3.7942379
SIG-26027-0580,SMMS,Axle counter issue,Medium,-0.91178477,-2.0249531,-0.022283796,-1.0924515,0.0009533379,-1.1908963
SIG-26027-0581,SMMS,Signal failure,Medium,0.18144368,3.1157959,0.005233432,-1.0420718,-0.001779304,-1.1795893
SIG-26027-0582,SMMS,Axle counter issue,Medium,0.12720378,2.5263557,0.004277679,-1.0738299,0.00041211356,-1.191958
SIG-26027-0583,SMMS,Interlocking inspection,Medium,-0.3338075,0.5195581,0.012305542,-1.0717511,-0.0002811849,-1.186352
SIG-26027-0584,SMMS,Signal failure,High,13.192093,6.153559,0.016225025,1.0736679,-0.0015625576,-1.2120011
SIG-26027-0585,SMMS,Point machine inspection,High,13.710955,8.479979,0.012854036,0.953933,-0.0035361932,-1.2261451
SIG-26027-0586,SMMS,Track circuit testing,Low,-16.719296,-7.930747,-0.088272125,-3.9058099,-0.0021056319,-1.1423022
SIG-26027-0587,SMMS,Signal equipment defect,Medium,-0.24099174,0.8403376,-0.014150583,-1.1450319,0.0011827732,3.7907891
SIG-26027-0588,SMMS,Point machine inspection,Medium,-0.33631805,0.25588578,-0.030709138,-1.0912626,-0.0005489742,-1.1889638
SIG-26027-0589,SMMS,Signal equipment defect,High,12.779309,5.187333,0.014874115,1.0703585,-0.001032985,-1.2129911
SIG-26027-0590,SMMS,Signal equipment defect,Medium,-0.57408357,-0.39816523,-0.014779552,-1.118189,0.0005793755,-1.1785898
SIG-26027-0591,SMMS,Signal equipment defect,High,13.584848,6.8577785,-0.015096654,1.0651554,0.0020565842,3.7535903
SIG-26027-0592,SMMS,Interlocking inspection,Low,-16.659126,-7.6596107,-0.07777466,-3.8683844,0.0002605731,-1.149871
SIG-26027-0593,SMMS,Track circuit testing,Medium,-0.09982923,1.6934671,0.007853125,-1.0838311,0.001287832,-1.1902444
SIG-26027-0594,SMMS,Interlocking inspection,Low,-16.133558,-6.5063815,-0.049637657,-3.933233,-0.0028367043,3.8523805
SIG-26027-0595,SMMS,Preventive S&T maintenance,Low,-16.71013,-7.9178596,-0.08169378,-3.9125955,0.033254035,-1.1938534
SIG-26027-0596,SMMS,Point machine inspection,Medium,0.23488234,5.481075,-0.012264653,-1.7236052,0.00035277207,-1.1725246
SIG-26027-0597,SMMS,Interlocking inspection,Medium,-0.26975486,0.49366847,-0.030992452,-1.0727909,0.00038282643,-1.1850702
SIG-26027-0598,SMMS,Axle counter issue,Medium,-0.23874848,0.7944366,-0.017605701,-1.0843749,-0.00034980697,-1.1822791
SIG-26027-0599,SMMS,Signal failure,Medium,0.20645775,3.155491,0.01950165,-1.1028336,0.0014861268,3.7866962
SIG-26027-0600,SMMS,Axle counter issue,Medium,-0.62483764,-0.35879993,0.01501883,-1.1671546,0.0026306384,3.7764137
SIG-26027-0601,SMMS,Point machine inspection,Medium,-0.7736747,-2.5445411,-0.007324735,-0.97459537,-0.001701954,-1.181015
SIG-26027-0602,SMMS,Axle counter issue,High,13.698985,7.2075043,-0.014666962,1.087259,0.007003067,3.7523942
SIG-26027-0603,SMMS,Signal failure,Low,-15.662913,-5.412259,-0.06807444,-3.9663813,0.0010955448,3.7825007
SIG-26027-0604,SMMS,Axle counter issue,Medium,-0.098843254,1.6937783,0.0027774596,-1.0823456,-0.0017896814,-1.1887994
SIG-26027-0605,SMMS,Preventive S&T maintenance,High,13.696607,8.472934,0.011300782,0.9588043,-0.006203215,-1.223125
SIG-26027-0606,SMMS,Interlocking inspection,Medium,-0.97525454,-2.00637,0.014351371,-1.0911553,-0.0019066695,-1.1927271
SIG-26027-0607,SMMS,Signal equipment defect,High,12.58998,4.657814,-0.015302935,1.0567411,0.001023913,-1.2409544
SIG-26027-0608,SMMS,Preventive S&T maintenance,High,13.191138,6.1502495,0.020381173,1.0765843,-0.0017009985,-1.2115046
SIG-26027-0609,SMMS,Signal failure,Medium,0.09175834,2.1982136,-0.031044014,-1.087549,-0.0015278731,-1.1882168
SIG-26027-0610,SMMS,Preventive S&T maintenance,Medium,-0.89229906,-1.6989284,-0.011149052,-1.0923297,-0.00068847474,-1.1884385
SIG-26027-0611,SMMS,Axle counter issue,High,13.39548,6.4650292,0.01384738,1.0994922,-0.00051260286,-1.2225444
SIG-26027-0612,SMMS,Axle counter issue,Low,-15.909702,-5.6876636,-0.13161105,-3.8269923,0.000111692774,-1.1202444
SIG-26027-0613,SMMS,Interlocking inspection,Low,-16.487099,-7.355508,-0.07256204,-3.90621,0.0015245324,-1.1247083
SIG-26027-0614,SMMS,Signal equipment defect,Medium,-0.2929325,0.81617475,0.012388992,-1.0873106,-0.00091833837,-1.1822269
SIG-26027-0615,SMMS,Signal failure,Medium,-0.39977092,0.28081045,0.0073827785,-1.0882795,-0.002113739,-1.1896421
SIG-26027-0616,SMMS,Interlocking inspection,High,13.779413,9.278798,0.014239835,0.5104365,0.0067382916,3.718615
SIG-26027-0617,SMMS,Track circuit testing,Medium,0.02843041,2.2160797,0.00094850024,-1.0844142,-0.00020678759,-1.1965791
SIG-26027-0618,SMMS,Axle counter issue,Medium,0.18210605,3.1195188,0.0054541444,-1.0400846,0.0004980505,-1.1806803
SIG-26027-0619,SMMS,Preventive S&T maintenance,Low,-15.319116,-2.5227306,-0.10561787,-4.4635963,0.0013612739,-1.1408756
SIG-26027-0620,SMMS,Track circuit testing,Medium,-0.035318855,1.6676841,-0.036528606,-1.0846623,-0.0002549317,-1.1870383
SIG-26027-0621,SMMS,Interlocking inspection,Low,-16.434387,-6.9154577,-0.14464912,-3.911888,0.0013114221,-1.1328833
SIG-26027-0622,SMMS,Preventive S&T maintenance,Medium,-0.15981379,1.0436822,-0.031022392,-1.10033,-0.0005536788,-1.2016609
SIG-26027-0623,SMMS,Point machine inspection,High,13.522014,6.5980177,-0.0138791995,1.0813054,-0.0013350284,-1.2333558
SIG-26027-0624,SMMS,Axle counter issue,Medium,-0.6485811,-0.7877903,-0.027991753,-1.1244237,-0.0016527881,-1.1797457
SIG-26027-0625,SMMS,Preventive S&T maintenance,Medium,-0.8824747,-1.704054,-0.02585207,-1.0967226,-0.00034011493,-1.1843239
SIG-26027-0626,SMMS,Point machine inspection,Medium,0.02796282,2.215976,0.005284061,-1.0861958,0.00019157471,-1.1969265
SIG-26027-0627,SMMS,Interlocking inspection,Medium,-0.060667448,1.3443443,-0.023651004,-1.0739784,-0.00065708073,-1.1776228
SIG-26027-0628,SMMS,Signal equipment defect,Low,-15.312952,-4.057782,-0.10753177,-3.8108912,-0.0018749045,-1.1511775
SIG-26027-0629,SMMS,Point machine inspection,Medium,-0.5667347,-0.40292022,-0.028663713,-1.1229962,0.007031743,-1.1770833
SIG-26027-0630,SMMS,Preventive S&T maintenance,Medium,-0.92110425,-2.024458,-0.01197379,-1.0887277,-0.0004608871,-1.1946923
SIG-26027-0631,SMMS,Axle counter issue,High,13.447922,6.607556,0.013849434,1.0955473,-0.00043979753,-1.2341039
SIG-26027-0632,SMMS,Signal equipment defect,Medium,-0.77372295,-2.5443618,-0.0075176302,-0.97448975,-0.00024834133,-1.1825128
SIG-26027-0633,SMMS,Preventive S&T maintenance,Medium,-0.9112942,-2.0249422,-0.022336315,-1.092291,-0.000577867,-1.1899748
SIG-26027-0634,SMMS,Signal failure,Medium,-0.050751816,1.3397295,-0.037585385,-1.078006,0.0005617736,-1.1757125
SIG-26027-0635,SMMS,Point machine inspection,Medium,-0.2924316,0.8158886,0.008372905,-1.08506,-0.00025328834,-1.1828815
SIG-26027-0636,SMMS,Signal equipment defect,Medium,-0.11479496,1.3660588,0.0062844907,-1.077035,-0.0019025767,-1.1767467
SIG-26027-0637,SMMS,Interlocking inspection,Medium,0.21164076,5.006812,0.011077451,-1.6717352,0.00050993194,3.7972813
SIG-26027-0638,SMMS,Point machine inspection,Low,-15.314792,-1.9801774,-0.10475042,-4.3446026,-0.00035564674,-1.1408755
SIG-26027-0639,SMMS,Interlocking inspection,High,13.191672,6.1540313,0.016264375,1.0724809,-0.00056764134,-1.213743
SIG-26027-0640,SMMS,Point machine inspection,High,13.783061,9.280342,0.011274137,0.50130665,0.0025059998,3.7103863
SIG-26027-0641,SMMS,Preventive S&T maintenance,High,13.2571335,6.1432724,-0.020896843,1.0632464,0.0009634808,-1.2122456
SIG-26027-0642,SMMS,Preventive S&T maintenance,Low,-16.487093,-7.128016,-0.14761317,-3.8092365,0.00042644326,-1.1379604
SIG-26027-0643,SMMS,Point machine inspection,Medium,-0.77537286,-1.114659,-0.028242221,-1.1399076,-0.0013805437,-1.1899745
SIG-26027-0644,SMMS,Track circuit testing,Low,-15.649174,-5.1106496,-0.08801561,-3.805734,-0.0010711974,-1.16328
SIG-26027-0645,SMMS,Signal failure,Medium,0.21874529,2.832116,-0.025071228,-1.0685648,0.00056588225,-1.1823186
SIG-26027-0646,SMMS,Axle counter issue,Medium,0.028415348,2.2159965,0.00091811566,-1.0846213,0.00019340734,-1.1966432
SIG-26027-0647,SMMS,Point machine inspection,Medium,0.24737936,4.95541,-0.022009572,-1.6219963,0.0007821565,-1.1660494
SIG-26027-0648,SMMS,Signal failure,Low,-16.83005,-8.710197,-0.06902309,-4.002446,-0.00055728306,-1.1524093
SIG-26027-0649,SMMS,Signal failure,Low,-16.603483,-7.384051,-0.14602591,-3.8405046,0.00034963604,-1.1450771
SIG-26027-0650,SMMS,Signal equipment defect,Medium,0.2433675,4.381722,-0.027140422,-1.6917664,-0.0017205817,-1.1592528
SIG-26027-0651,SMMS,Preventive S&T maintenance,Medium,0.028415348,2.216058,0.00094850024,-1.0845463,5.1511535e-05,-1.1966684
SIG-26027-0652,SMMS,Signal equipment defect,Medium,-0.52460736,-0.012030794,0.0061368546,-1.1019558,-0.0018963382,-1.1818025
SIG-26027-0653,SMMS,Interlocking inspection,Low,-15.325333,-3.8495634,-0.10556069,-3.7234473,-0.0022803391,-1.1365122
SIG-26027-0654,SMMS,Axle counter issue,High,13.779413,9.524813,0.0142624,0.5229086,0.0066294437,3.7760289
SIG-26027-0655,SMMS,Point machine inspection,Medium,0.23780173,4.119809,-0.0168686,-1.7627411,-0.0017510088,-1.1632495
SIG-26027-0656,SMMS,Signal equipment defect,Low,-16.010487,-5.9109674,-0.13509281,-3.8435247,0.0011331554,-1.1422461
SIG-26027-0657,SMMS,Track circuit testing,Medium,0.18063195,5.4949155,0.010819719,-1.7273448,0.0014031017,-1.1725411
SIG-26027-0658,SMMS,Signal failure,Medium,0.20875183,2.8326259,-0.016000232,-1.0645515,-0.00033018316,-1.1850244
SIG-26027-0659,SMMS,Point machine inspection,Low,-16.659126,-7.6596246,-0.07777104,-3.8683863,0.00027274413,-1.149871
SIG-26027-0660,SMMS,Signal equipment defect,Low,-16.518766,-7.6265616,-0.028552,-3.9740372,-0.005249139,3.7993922
SIG-26027-0661,SMMS,Preventive S&T maintenance,Medium,-0.8825293,-1.7041997,-0.025700256,-1.0958133,-0.00059540337,-1.184929
SIG-26027-0662,SMMS,Interlocking inspection,Critical,24.5647,11.228147,0.0131902965,2.468839,-0.0014811768,-0.9019178
SIG-26027-0663,SMMS,Preventive S&T maintenance,High,13.041641,5.884578,0.016305348,1.0704004,-0.00061650114,-1.2324392
SIG-26027-0664,SMMS,Signal failure,Low,-16.36944,-7.099405,-0.070434004,-3.8727646,-0.00096982886,-1.1235975
SIG-26027-0665,SMMS,Signal failure,Low,-15.33442,-2.1721597,-0.103321895,-4.3887167,0.0014674143,-1.1347554
SIG-26027-0666,SMMS,Track circuit testing,Low,-15.3293495,-2.718286,-0.1011914,-4.5153894,7.748801e-05,-1.1282376
SIG-26027-0667,SMMS,Axle counter issue,Medium,-0.09931122,1.693883,0.007861423,-1.0838976,-0.00025331686,-1.1895785
SIG-26027-0668,SMMS,Interlocking inspection,Medium,0.15476641,2.846896,0.0071204253,-1.0668881,-0.00026695486,-1.1901768
SIG-26027-0669,SMMS,Signal equipment defect,Low,-15.649302,-5.1109033,-0.08696674,-3.8074522,0.00038022242,-1.1636784
SIG-26027-0670,SMMS,Interlocking inspection,Low,-16.762293,-8.148681,-0.091268755,-3.893392,0.0011659121,-1.138681
SIG-26027-0671,SMMS,Interlocking inspection,Low,-15.338891,-1.9333054,-0.10871722,-4.3132777,-0.0010089994,-1.1253974
SIG-26027-0672,SMMS,Interlocking inspection,High,13.742814,8.258413,-0.013552016,0.90091914,-0.0026705987,-1.2147671
SIG-26027-0673,SMMS,Axle counter issue,High,12.768204,5.1348763,0.011566749,1.0300955,0.004910514,3.7100646
SIG-26027-0674,SMMS,Axle counter issue,Medium,0.23538353,5.4812713,-0.012253639,-1.7233956,-2.7837716e-05,-1.1726851
SIG-26027-0675,SMMS,Interlocking inspection,Low,-15.330416,-2.7185884,-0.10264651,-4.51923,0.0001827652,-1.1216745
SIG-26027-0676,SMMS,Track circuit testing,Low,-15.778361,-5.7204366,-0.037137814,-4.026039,-0.003083881,3.707669
SIG-26027-0677,SMMS,Axle counter issue,Medium,-0.97478753,-2.0082533,0.008265872,-1.089837,-0.0022295234,-1.192057
SIG-26027-0678,SMMS,Track circuit testing,Low,-15.31293,-4.057988,-0.106988944,-3.809543,-0.0012127735,-1.1511567
SIG-26027-0679,SMMS,Signal equipment defect,High,13.4076395,6.4692698,0.016189126,1.0920513,-0.00091419474,-1.2207817
SIG-26027-0680,SMMS,Point machine inspection,Medium,0.17941183,4.401793,0.007944597,-1.6900585,0.0028640523,-1.16701
SIG-26027-0681,SMMS,Axle counter issue,Medium,0.19067898,2.5083082,-0.028185051,-1.0766523,-0.00053424726,-1.1846305
SIG-26027-0682,SMMS,Signal equipment defect,High,12.527457,4.6687417,0.019021438,1.0671945,-0.00092935003,-1.2403574
SIG-26027-0683,SMMS,Signal equipment defect,Low,-15.339507,-1.9331207,-0.10651863,-4.3123627,-0.00092916895,-1.1297585
SIG-26027-0684,SMMS,Signal equipment defect,Medium,-0.15972942,1.0435967,-0.031043697,-1.100357,-0.0003995767,-1.2017657
SIG-26027-0685,SMMS,Point machine inspection,Medium,-0.29288435,0.8160339,0.012430665,-1.0873073,-0.002107177,-1.1809907
SIG-26027-0686,SMMS,Point machine inspection,Medium,0.2015803,2.5747857,-0.043515045,-1.1301033,0.003572048,3.7998383
SIG-26027-0687,SMMS,Signal equipment defect,Low,-16.719154,-7.930954,-0.0883407,-3.9063616,-0.0011296548,-1.14259
SIG-26027-0688,SMMS,Preventive S&T maintenance,Medium,0.024779188,1.9012767,-0.03697597,-1.0857098,0.00055226684,-1.1859381
SIG-26027-0689,SMMS,Preventive S&T maintenance,Low,-15.910008,-5.687371,-0.132182,-3.8258061,-0.0013776952,-1.1193585
SIG-26027-0690,SMMS,Signal equipment defect,Medium,-0.83142126,-1.4059154,-0.013619279,-1.1179998,-0.0017754529,-1.1886274
SIG-26027-0691,SMMS,Axle counter issue,Medium,-0.6584073,-0.783263,-0.014542581,-1.1206604,-0.00034510248,-1.1830325
SIG-26027-0692,SMMS,Track circuit testing,Low,-15.301524,-3.903625,-0.10807966,-3.7567904,-0.002024054,-1.1519042
SIG-26027-0693,SMMS,Interlocking inspection,Low,-15.836245,-5.7432003,-0.106981315,-3.9989216,0.005123487,3.7072635
SIG-26027-0694,SMMS,Interlocking inspection,High,12.488186,4.443991,0.019935893,1.0985085,-0.00058279664,-1.2185084
SIG-26027-0695,SMMS,Track circuit testing,High,13.545958,6.630382,0.01036886,1.0520192,0.0018851681,3.7630978
SIG-26027-0696,SMMS,Signal equipment defect,Medium,0.028047608,2.2156534,0.005251129,-1.0860741,0.00051132543,-1.1970973
SIG-26027-0697,SMMS,Interlocking inspection,Medium,-0.12229486,1.1817265,-0.037223253,-1.1514473,0.001951642,3.8497088
SIG-26027-0698,SMMS,Axle counter issue,Medium,0.08197332,2.2022736,-0.017273167,-1.085069,-0.0010211702,-1.1897179
SIG-26027-0699,SMMS,Signal equipment defect,High,13.540255,6.851788,-0.020844381,1.0957172,-0.0012934308,-1.22593
SIG-26027-0700,SMMS,Signal equipment defect,Medium,-0.97522444,-2.0065908,0.014352578,-1.0913104,-0.0019995458,-1.1922896
SIG-26027-0701,SMMS,Point machine inspection,Low,-16.82426,-8.716044,-0.079273276,-3.9995754,0.00015912573,-1.1443334
SIG-26027-0702,SMMS,Axle counter issue,High,13.62226,7.468408,0.012093255,1.1490518,-0.00015009509,-1.2238095
SIG-26027-0703,SMMS,Signal failure,Medium,0.09199269,2.1973193,-0.03084028,-1.0875009,0.00042919177,-1.1897652
SIG-26027-0704,SMMS,Signal equipment defect,High,13.622686,7.4678054,0.012059963,1.1500889,-0.0013316312,-1.2216108
SIG-26027-0705,SMMS,Preventive S&T maintenance,Medium,-0.14009815,1.1793978,-0.014125868,-1.1478263,0.0017024447,3.8564105
SIG-26027-0706,SMMS,Axle counter issue,Critical,23.979166,9.223089,0.017451903,2.3530648,-0.001032209,-0.983036
SIG-26027-0707,SMMS,Point machine inspection,High,13.734554,7.689288,-0.022015253,1.177355,-0.00026799442,-1.2251128
SIG-26027-0708,SMMS,Preventive S&T maintenance,Low,-16.01072,-5.9105744,-0.13664287,-3.8429115,0.00033043185,-1.1406667
SIG-26027-0709,SMMS,Preventive S&T maintenance,Medium,-0.22379074,1.0696431,0.012533956,-1.0999029,-0.0018811213,-1.2026721
SIG-26027-0710,SMMS,Track circuit testing,Medium,0.17939837,4.400968,0.0036428173,-1.6887867,0.0013608536,-1.1669195
SIG-26027-0711,SMMS,Track circuit testing,Medium,0.025142515,1.9018655,-0.036712773,-1.0856559,-0.0016567752,-1.1849986
SIG-26027-0712,SMMS,Signal failure,Medium,0.235223,3.1011915,-0.017569311,-1.0403804,0.00054945564,-1.1751355
SIG-26027-0713,SMMS,Interlocking inspection,Low,-15.329426,-3.8471065,-0.09871293,-3.7221177,0.00014674426,-1.1454811
SIG-26027-0714,SMMS,Interlocking inspection,High,13.460122,6.612141,0.01626643,1.0872293,-0.00049483584,-1.2322702
SIG-26027-0715,SMMS,Point machine inspection,High,13.745066,8.260834,-0.014639424,0.9046937,-0.0013197192,-1.2205503
SIG-26027-0716,SMMS,Axle counter issue,Low,-16.440762,-6.9106293,-0.1372927,-3.9113545,-0.0014530217,-1.1378152
SIG-26027-0717,SMMS,Track circuit testing,High,13.540134,6.8518276,-0.02089311,1.0956537,-0.0009819437,-1.2260481
SIG-26027-0718,SMMS,Point machine inspection,Medium,-0.5657793,-0.56302816,-0.028227393,-1.1250653,-0.00048185213,-1.1722524
SIG-26027-0719,SMMS,Preventive S&T maintenance,Medium,0.18580975,2.57566,-0.021527503,-1.128262,0.0022108469,3.805307
SIG-26027-0720,SMMS,Preventive S&T maintenance,Medium,-0.7734676,-2.5447237,-0.0071939337,-0.9743364,-0.0006374356,-1.1824939
SIG-26027-0721,SMMS,Point machine inspection,High,13.787543,7.7518163,-0.032229878,1.1154816,0.00257918,3.7963235
SIG-26027-0722,SMMS,Interlocking inspection,Low,-15.338607,-1.9335226,-0.105813764,-4.313739,0.0013262652,-1.1304888
SIG-26027-0723,SMMS,Track circuit testing,High,13.709148,8.483704,0.01975076,0.9563322,0.0020651077,-1.2240804
SIG-26027-0724,SMMS,Axle counter issue,Medium,-0.34601,0.25971076,-0.016882885,-1.0882505,0.0005793755,-1.1911287
SIG-26027-0725,SMMS,Point machine inspection,Low,-15.903686,-5.6909256,-0.13686188,-3.8269851,0.0018208838,-1.1181127
SIG-26027-0726,SMMS,Interlocking inspection,Medium,-0.6485832,-0.7876795,-0.028247308,-1.1254297,-0.0010404887,-1.1792059
SIG-26027-0727,SMMS,Axle counter issue,Low,-16.647203,-7.65236,-0.08148441,-3.8708732,0.027818171,-1.1890552
SIG-26027-0728,SMMS,Interlocking inspection,Medium,-0.050674003,1.3393781,-0.037286576,-1.0776701,0.00042523505,-1.1759372
SIG-26027-0729,SMMS,Point machine inspection,Medium,0.015154293,1.9053108,-0.022755198,-1.0823274,0.00083097327,-1.1886971
SIG-26027-0730,SMMS,Axle counter issue,Medium,-0.6485779,-0.7879074,-0.028063819,-1.124631,0.00018492182,-1.1811904
SIG-26027-0731,SMMS,Signal failure,High,13.668493,7.6977715,0.012745624,1.183803,-0.00095779385,-1.2283465
SIG-26027-0732,SMMS,Interlocking inspection,Medium,-0.03858873,1.9280238,0.0074132136,-1.0847213,-0.00176976,-1.1876805
SIG-26027-0733,SMMS,Signal equipment defect,Medium,-0.47088283,-0.03010808,-0.015544907,-1.1001046,-0.0014013398,-1.1816206
SIG-26027-0734,SMMS,Signal equipment defect,High,13.667312,7.697673,0.019592268,1.185047,0.0008417389,-1.227718
SIG-26027-0735,SMMS,Track circuit testing,High,12.783935,4.957495,-0.0154707115,1.057702,-0.0012830478,-1.2159498
SIG-26027-0736,SMMS,Signal failure,High,13.79211,9.738599,-0.012098043,0.6424993,0.00015574695,-1.1987813
SIG-26027-0737,SMMS,Signal failure,Medium,-0.65835905,-0.78347737,-0.014349683,-1.1207582,-0.0017713514,-1.1815349
SIG-26027-0738,SMMS,Interlocking inspection,Medium,0.21846275,2.8330157,-0.025332978,-1.0683448,-0.00047748588,-1.1818507
SIG-26027-0739,SMMS,Signal equipment defect,Medium,0.21866874,2.8327649,-0.025068304,-1.0684084,-0.0015569683,-1.1809272
SIG-26027-0740,SMMS,Point machine inspection,High,13.793887,9.835675,0.010009021,0.55089116,0.006268202,3.866483
SIG-26027-0741,SMMS,Interlocking inspection,Medium,-0.7876752,-1.1117351,-0.01402939,-1.1381621,0.007761296,-1.1939651
SIG-26027-0742,SMMS,Preventive S&T maintenance,Medium,0.18408982,4.96957,0.009745835,-1.620562,-0.0009172869,-1.1697322
SIG-26027-0743,SMMS,Track circuit testing,Medium,-0.06595044,1.744692,-0.016693853,-1.124061,0.0039030218,3.813973
SIG-26027-0744,SMMS,Preventive S&T maintenance,Low,-15.301379,-3.9036987,-0.10761499,-3.7591093,-0.00086211093,-1.1512816
SIG-26027-0745,SMMS,Point machine inspection,High,13.795807,9.7410145,-0.020182874,0.64210176,-2.1946056e-05,-1.1962332
SIG-26027-0746,SMMS,Axle counter issue,High,13.107621,5.8739095,-0.021106757,1.0628605,-0.00078116346,-1.2344266
SIG-26027-0747,SMMS,Point machine inspection,Medium,0.014930625,1.9056128,-0.02289331,-1.0821668,0.0002828921,-1.1882501
SIG-26027-0748,SMMS,Track circuit testing,Medium,-0.39980105,0.28089902,0.0073790206,-1.0882185,-0.0009776573,-1.1908942
SIG-26027-0749,SMMS,Signal failure,Medium,-0.88578916,-1.3869958,0.01358655,-1.1208259,0.00067270343,-1.1904596
SIG-26027-0750,SMMS,Interlocking inspection,High,13.607105,7.215954,0.014698381,1.1357034,-0.000496038,-1.223267
SIG-26027-0751,SMMS,Axle counter issue,Medium,0.18371549,4.135856,0.007956442,-1.7649821,-0.00019414937,-1.1695936
SIG-26027-0752,SMMS,Point machine inspection,Critical,24.628092,10.8683405,-0.02595288,2.4234817,-0.006218227,-0.8979679
SIG-26027-0753,SMMS,Signal failure,High,12.721195,4.9682317,0.019100782,1.0675334,-0.001457856,-1.2147827
SIG-26027-0754,SMMS,Axle counter issue,Low,-16.219212,-6.5906606,-0.06974041,-3.9246159,0.0010212548,-1.1473755
SIG-26027-0755,SMMS,Track circuit testing,Medium,0.18173882,4.134709,0.0039996565,-1.7646481,0.00610111,-1.1708547
SIG-26027-0756,SMMS,Signal equipment defect,High,12.418074,4.1934404,0.012700244,1.1238055,0.00011119439,-1.2207909
SIG-26027-0757,SMMS,Signal failure,Low,-15.33058,-3.847339,-0.1005469,-3.7246122,-0.0016787271,-1.1379396
SIG-26027-0758,SMMS,Signal equipment defect,Medium,-0.23868142,0.793873,-0.017311012,-1.0849673,0.0005852561,-1.1824199
SIG-26027-0759,SMMS,Signal failure,Low,-15.339044,-1.9334639,-0.10605613,-4.313548,0.00029717427,-1.1303813
SIG-26027-0760,SMMS,Axle counter issue,Low,-15.37883,-1.6693498,-0.10363321,-4.310165,0.00047203168,-1.1378866
SIG-26027-0761,SMMS,Signal failure,High,13.6065035,7.2168517,0.014335865,1.1327841,0.00064200675,-1.2258643
SIG-26027-0762,SMMS,Axle counter issue,Medium,0.18374972,4.135328,0.007474042,-1.7652521,-0.0024928043,-1.1672412
SIG-26027-0763,SMMS,Preventive S&T maintenance,High,12.428433,4.194996,0.022840196,1.1167616,0.0034088264,-1.2111373
SIG-26027-0764,SMMS,Track circuit testing,High,12.554763,4.4366612,-0.021884603,1.0867685,-0.00014360157,-1.218027
SIG-26027-0765,SMMS,Interlocking inspection,Medium,0.25485912,4.4187317,-0.044684373,-1.7148939,0.0031969522,3.7858334
SIG-26027-0766,SMMS,Axle counter issue,Low,-15.4548645,-4.335124,-0.09470838,-3.821226,0.0006909786,-1.1420596
SIG-26027-0767,SMMS,Track circuit testing,High,13.395439,6.4650073,0.01384738,1.0996172,7.7002805e-05,-1.2231966
SIG-26027-0768,SMMS,Interlocking inspection,Medium,-0.47089112,-0.029968511,-0.015562885,-1.0997074,-0.0004689477,-1.1830637
SIG-26027-0769,SMMS,Signal equipment defect,Medium,-0.22331767,1.069118,0.008388234,-1.0975138,0.00051135395,-1.2047961
SIG-26027-0770,SMMS,Signal failure,Medium,-0.78008693,-1.3397247,-0.030866751,-1.1837782,-0.0003980498,3.7968104
SIG-26027-0771,SMMS,Axle counter issue,Low,-15.31512,-1.9803358,-0.104196884,-4.3450546,-0.0004569562,-1.1403884
SIG-26027-0772,SMMS,Interlocking inspection,Low,-15.319912,-2.5223305,-0.105760865,-4.4604673,-0.0008659318,-1.1402028
SIG-26027-0773,SMMS,Track circuit testing,High,13.656102,7.6933613,0.010418889,1.1914995,-0.00039579128,-1.2301407
SIG-26027-0774,SMMS,Axle counter issue,Medium,-0.11435068,1.3657933,0.0021811952,-1.0745571,-0.00025544106,-1.1784861
SIG-26027-0775,SMMS,Track circuit testing,High,13.545958,6.6303973,0.01037125,1.0520192,0.0018675973,3.7630978
SIG-26027-0776,SMMS,Signal failure,Medium,-0.91141635,-2.0250149,-0.02200734,-1.092749,-0.0015354311,-1.1886934
SIG-26027-0777,SMMS,Track circuit testing,Low,-15.378956,-1.6693032,-0.10470906,-4.314218,0.0013877299,-1.1322422
SIG-26027-0778,SMMS,Point machine inspection,Low,-16.817577,-8.466354,-0.07469582,-3.988845,0.0002730459,-1.1404425
SIG-26027-0779,SMMS,Signal equipment defect,Low,-16.596674,-7.71697,-0.08735214,-3.9350991,-0.00096567435,-1.140328
SIG-26027-0780,SMMS,Axle counter issue,Medium,-0.56424415,-0.4025642,-0.028562233,-1.1216027,0.0005677415,-1.1767571
SIG-26027-0781,SMMS,Axle counter issue,Medium,0.26028648,4.644848,-0.024473514,-1.6118728,-0.0019899418,-1.1569797
SIG-26027-0782,SMMS,Track circuit testing,High,13.729315,9.747705,0.020426719,0.65049773,0.003310285,-1.1983141
SIG-26027-0783,SMMS,Preventive S&T maintenance,Low,-16.662924,-8.717821,-0.053283866,-4.1572185,-0.0046853316,3.7718592
SIG-26027-0784,SMMS,Interlocking inspection,Medium,-0.9018897,-1.6347421,0.012040763,-1.1512096,0.005603716,3.792709
SIG-26027-0785,SMMS,Signal equipment defect,Low,-16.82191,-8.46064,-0.0646805,-3.987962,0.00046182142,-1.1542612
SIG-26027-0786,SMMS,Signal failure,Medium,-0.22352272,0.84003526,-0.036366817,-1.1470201,0.00096708845,3.7850044
SIG-26027-0787,SMMS,Track circuit testing,Medium,0.23775946,4.1197643,-0.016905447,-1.7625307,-0.00077498954,-1.164312
SIG-26027-0788,SMMS,Point machine inspection,Medium,-0.78498214,-1.1107489,-0.014337567,-1.1361694,-0.0005153769,-1.1928489
SIG-26027-0789,SMMS,Interlocking inspection,Critical,24.24245,9.996025,0.01538846,2.3726163,3.3312932e-05,-0.94161266
SIG-26027-0790,SMMS,Axle counter issue,Low,-15.638821,-4.896377,-0.08840089,-3.7911272,0.0005256441,-1.1563413
SIG-26027-0791,SMMS,Signal failure,High,12.686348,4.718109,-0.017785672,1.0251148,0.0013468227,3.7917888
SIG-26027-0792,SMMS,Point machine inspection,Low,-16.821808,-8.460854,-0.064572066,-3.987962,0.00046182142,-1.1542612
SIG-26027-0793,SMMS,Interlocking inspection,Low,-16.651001,-8.412639,-0.01677197,-4.093379,-0.009664385,3.8074033
SIG-26027-0794,SMMS,Axle counter issue,Medium,0.2596628,4.64737,-0.02490847,-1.6110648,0.002145332,-1.1568265
SIG-26027-0795,SMMS,Preventive S&T maintenance,Low,-16.435263,-6.9157424,-0.14429687,-3.9110723,-0.0011775295,-1.1317549
SIG-26027-0796,SMMS,Point machine inspection,Medium,0.20856953,2.8325896,-0.015967786,-1.0658917,0.00056164426,-1.1843901
SIG-26027-0797,SMMS,Interlocking inspection,Low,-15.301214,-3.9032438,-0.1084244,-3.758785,0.0009992742,-1.1519248
SIG-26027-0798,SMMS,Signal failure,High,12.488619,4.443609,0.01998603,1.09988,-0.0017009985,-1.2170204
SIG-26027-0799,SMMS,Signal failure,Critical,24.640068,11.795056,-0.021488205,2.5491898,0.019942537,-0.88429016
SIG-26027-0800,SMMS,Interlocking inspection,Low,-16.766548,-8.759419,-0.07009376,-4.0593977,-0.0015579234,-1.1396148
SIG-26027-0801,SMMS,Track circuit testing,Medium,-0.78885853,-2.5514343,-0.004761529,-0.97702616,-0.00043352335,-1.1910839
SIG-26027-0802,SMMS,Preventive S&T maintenance,Medium,-0.77536273,-1.1149765,-0.028275415,-1.1407242,0.00068141776,-1.1908798
SIG-26027-0803,SMMS,Point machine inspection,High,13.734415,7.6892266,-0.022384169,1.1764954,-0.0012109776,-1.2253414
SIG-26027-0804,SMMS,Point machine inspection,Low,-15.814215,-5.7544456,-0.08283377,-3.965716,-0.0034599197,3.7217407
SIG-26027-0805,SMMS,Axle counter issue,Critical,24.628458,10.630219,-0.025691628,2.3909621,0.0044788467,-0.92366976
SIG-26027-0806,SMMS,Signal failure,Low,-15.347463,-2.4707448,-0.101512805,-4.4279795,3.3429595e-05,-1.1343395
SIG-26027-0807,SMMS,Signal equipment defect,Medium,-0.5966477,-0.3688878,-0.010208199,-1.1644856,0.0005174283,3.7770872
SIG-26027-0808,SMMS,Interlocking inspection,Low,-16.724947,-7.9258995,-0.08082482,-3.907028,-0.0018633369,-1.1479698
SIG-26027-0809,SMMS,Interlocking inspection,High,13.107621,5.874316,-0.021106757,1.0620273,-0.00035485285,-1.2344266
SIG-26027-0810,SMMS,Interlocking inspection,Low,-16.762888,-8.148725,-0.09141476,-3.8918376,-0.0015366813,-1.1381019
SIG-26027-0811,SMMS,Track circuit testing,Medium,-0.051193878,1.33982,-0.037464544,-1.0775263,0.0001306608,-1.1755302
SIG-26027-0812,SMMS,Signal failure,Low,-15.423745,-4.4033685,-0.109740436,-3.858848,0.018359492,-1.1471982
SIG-26027-0813,SMMS,Interlocking inspection,High,13.682467,8.272423,0.012967047,0.90925306,6.538273e-05,-1.2192231
SIG-26027-0814,SMMS,Signal equipment defect,Medium,0.21844906,2.8320572,-0.02510122,-1.0683609,0.00080979534,-1.1823816
SIG-26027-0815,SMMS,Signal equipment defect,Medium,-0.8826268,-1.7040048,-0.025881596,-1.0958803,-0.0018172056,-1.1835569
SIG-26027-0816,SMMS,Track circuit testing,High,13.829301,9.278143,-0.03616425,0.4940492,0.005502368,3.7043579
SIG-26027-0817,SMMS,Interlocking inspection,High,12.722162,4.971633,0.015034117,1.0648016,-0.0014427007,-1.2155325
SIG-26027-0818,SMMS,Axle counter issue,Low,-15.217526,-3.968404,-0.10238238,-3.8387287,-0.003400628,3.8035915
SIG-26027-0819,SMMS,Point machine inspection,High,12.793233,5.1896152,0.014911935,1.0618826,-0.0012833617,-1.2114509
SIG-26027-0820,SMMS,Track circuit testing,Medium,0.2601482,4.645576,-0.024743808,-1.6121329,-0.000526258,-1.1568968
SIG-26027-0821,SMMS,Preventive S&T maintenance,Medium,-0.26978412,0.4941586,-0.031212004,-1.07245,-0.00041987438,-1.1848496
SIG-26027-0822,SMMS,Point machine inspection,Medium,-0.6297409,-0.5431852,0.005444458,-1.1230701,0.00045861478,-1.1760602
SIG-26027-0823,SMMS,Track circuit testing,High,13.783497,9.528902,0.009111687,0.5163121,0.008766388,3.7730634
SIG-26027-0824,SMMS,Axle counter issue,High,13.484231,6.4391046,0.015694272,1.0616417,0.0029981881,3.7338545
SIG-26027-0825,SMMS,Interlocking inspection,Medium,0.2597159,4.6478477,-0.024927778,-1.6109005,0.0013041468,-1.156661
SIG-26027-0826,SMMS,Preventive S&T maintenance,High,13.556432,6.863257,0.011883951,1.0672637,0.0017308528,3.7477682
SIG-26027-0827,SMMS,Signal failure,Medium,0.23381951,4.162677,-0.023203002,-1.7884734,0.0005333755,3.8052108
SIG-26027-0828,SMMS,Point machine inspection,Medium,0.022340538,1.9748865,-0.03658314,-1.1387076,0.003572048,3.8049586
SIG-26027-0829,SMMS,Axle counter issue,Low,-15.555459,-4.6441007,-0.09639934,-3.7857425,-0.0017644268,-1.1455009
SIG-26027-0830,SMMS,Point machine inspection,Medium,-0.88265693,-1.7039245,-0.025902284,-1.0961221,-0.0010031079,-1.1841582
SIG-26027-0831,SMMS,Point machine inspection,High,12.961403,5.483945,-0.022160929,1.0622236,-0.0014665436,-1.2102714
SIG-26027-0832,SMMS,Track circuit testing,Medium,-0.63255835,-0.5429111,0.010970623,-1.1260998,0.006806185,-1.1765234
SIG-26027-0833,SMMS,Interlocking inspection,Medium,0.24757583,4.1603003,-0.044664465,-1.7886853,0.0035625037,3.7976964
SIG-26027-0834,SMMS,Point machine inspection,Low,-16.164967,-6.371316,-0.0689631,-3.8973331,-0.00081927894,-1.1482576
SIG-26027-0835,SMMS,Point machine inspection,Low,-16.82367,-8.460743,-0.06670493,-3.9893131,-0.0020098214,-1.1465555
SIG-26027-0836,SMMS,Preventive S&T maintenance,Low,-16.282429,-6.3905845,-0.13676736,-3.8335004,0.0010516257,-1.1616433
SIG-26027-0837,SMMS,Point machine inspection,Medium,0.18428765,4.1356363,0.0037017066,-1.7637979,0.0006498484,-1.169432
SIG-26027-0838,SMMS,Interlocking inspection,Medium,-0.0513248,1.3396745,-0.03776522,-1.0778189,0.0009621504,-1.1754922
SIG-26027-0839,SMMS,Axle counter issue,Medium,-0.62978756,-0.5417202,0.010914958,-1.124424,-0.00013446005,-1.1751646
SIG-26027-0840,SMMS,Interlocking inspection,Low,-16.277357,-6.3952084,-0.1449408,-3.8309515,-0.0018680472,-1.1548951
SIG-26027-0841,SMMS,Interlocking inspection,Medium,-0.114380985,1.3658442,0.0016486362,-1.074692,-0.0009845145,-1.1783035
SIG-26027-0842,SMMS,Signal equipment defect,Low,-15.335758,-4.0034795,-0.103172034,-3.78041,0.0014267678,-1.1365477
SIG-26027-0843,SMMS,Axle counter issue,Medium,-0.39978537,0.281025,0.0073912106,-1.0883538,-0.0018108062,-1.1900797
SIG-26027-0844,SMMS,Point machine inspection,Medium,-0.83872676,-1.0951226,0.004898014,-1.1391103,-0.0017940291,-1.1921926
SIG-26027-0845,SMMS,Signal failure,Low,-15.313548,-2.5296035,-0.10711516,-4.4672017,0.018157655,-1.1469603
SIG-26027-0846,SMMS,Axle counter issue,Low,-15.301516,-2.7703478,-0.10571241,-4.547569,-0.0009271417,-1.1338369
SIG-26027-0847,SMMS,Axle counter issue,Low,-16.440762,-6.9106293,-0.1372927,-3.9113545,-0.0014530217,-1.1378152
SIG-26027-0848,SMMS,Interlocking inspection,Medium,-0.8216681,-1.4099104,-0.027740538,-1.121366,-0.00057777594,-1.1880301
SIG-26027-0849,SMMS,Preventive S&T maintenance,High,13.605536,7.2154493,0.021100245,1.1374996,-0.0010385033,-1.2240549
SIG-26027-0850,SMMS,Signal failure,Medium,-0.22420366,1.0696597,0.013026486,-1.0993215,0.00023500474,-1.2042723
SIG-26027-0851,SMMS,Signal failure,Medium,0.08984817,2.283661,-0.0217621,-1.1452626,0.0017384093,3.8187175
SIG-26027-0852,SMMS,Axle counter issue,High,13.667878,7.6971445,0.019771013,1.1868287,-0.0014274115,-1.225604
SIG-26027-0853,SMMS,Signal equipment defect,Medium,-0.7784723,-2.525805,-0.0372234,-1.0257413,-0.00011226062,3.7479055
SIG-26027-0854,SMMS,Track circuit testing,High,12.787738,4.9612956,-0.02269822,1.0545723,-0.00072623865,-1.2137544
SIG-26027-0855,SMMS,Point machine inspection,Medium,-0.0993767,1.6932892,0.0032883226,-1.0817977,0.0012896647,-1.1907228
SIG-26027-0856,SMMS,Track circuit testing,Low,-15.341795,-4.001093,-0.099381775,-3.7781649,-0.0016418085,-1.137218
SIG-26027-0857,SMMS,Signal equipment defect,Medium,-0.8425418,-2.5449765,0.0056966436,-0.9780143,-0.0023584254,-1.1901135
SIG-26027-0858,SMMS,Preventive S&T maintenance,Low,-16.593607,-7.8705335,-0.06458203,-4.0201683,0.0005584719,3.7935896
SIG-26027-0859,SMMS,Preventive S&T maintenance,Medium,0.18476461,4.969523,0.0054866252,-1.6200119,-0.0015858234,-1.168249
SIG-26027-0860,SMMS,Track circuit testing,High,13.741896,7.7484164,0.010265138,1.1230087,0.006606866,3.797738
SIG-26027-0861,SMMS,Signal failure,Medium,-0.91125464,-2.0252964,-0.021842841,-1.0925908,-0.00018095288,-1.19025
SIG-26027-0862,SMMS,Signal failure,Low,-15.35647,-1.716917,-0.104239345,-4.343728,-0.0018652569,-1.1411322
SIG-26027-0863,SMMS,Interlocking inspection,Critical,24.446527,10.22651,-0.018903676,2.3649142,-0.0026515657,-0.9406116
SIG-26027-0864,SMMS,Point machine inspection,Medium,-0.94602036,-1.6827077,0.009456793,-1.0932614,-2.602248e-06,-1.1875867
SIG-26027-0865,SMMS,Axle counter issue,High,13.77156,9.720494,-0.010915343,0.64437205,-0.002889707,-1.1912649
SIG-26027-0866,SMMS,Signal failure,Medium,0.06369768,2.3172932,0.016646309,-1.1494075,6.781225e-05,3.8339214
SIG-26027-0867,SMMS,Signal equipment defect,Medium,-0.15981379,1.0436469,-0.031168804,-1.1002115,-0.00022937208,-1.2019219
SIG-26027-0868,SMMS,Signal failure,Low,-15.339619,-1.9347149,-0.10956015,-4.3119755,-0.0030439785,-1.1257205
SIG-26027-0869,SMMS,Point machine inspection,Critical,24.550692,10.6278515,0.015547159,2.419255,-0.0012025108,-0.9239717
SIG-26027-0870,SMMS,Preventive S&T maintenance,High,13.709362,8.479482,0.019802246,0.95643455,-0.0041818474,-1.2254621
SIG-26027-0871,SMMS,Point machine inspection,Low,-16.485636,-7.1275206,-0.14620656,-3.8064356,0.001151088,-1.1448376
SIG-26027-0872,SMMS,Signal equipment defect,Low,-16.655214,-7.6650777,-0.086948775,-3.8693097,-0.001609744,-1.1363387
SIG-26027-0873,SMMS,Track circuit testing,High,13.707861,8.476939,0.02079992,0.95427454,-0.0046100477,-1.2194571
SIG-26027-0874,SMMS,Signal failure,Medium,0.21849588,2.8326478,-0.025337892,-1.0693372,0.000116892916,-1.1811132
SIG-26027-0875,SMMS,Signal failure,High,13.474556,6.860073,0.014229658,1.1035376,-0.001023348,-1.2275276
SIG-26027-0876,SMMS,Signal failure,High,12.431997,4.197208,0.01433786,1.1155323,1.9811741e-05,-1.2190909
SIG-26027-0877,SMMS,Point machine inspection,Medium,-0.91128,-2.0246825,-0.022012431,-1.0934596,-0.0006317329,-1.1893497
SIG-26027-0878,SMMS,Point machine inspection,Critical,24.366547,10.232634,0.01723531,2.3909268,-0.006364819,-0.9279298
SIG-26027-0879,SMMS,Preventive S&T maintenance,Medium,0.024372494,1.9781882,-0.037654284,-1.1403039,0.002100881,3.8037636
SIG-26027-0880,SMMS,Axle counter issue,Low,-16.599081,-7.389461,-0.1545824,-3.8430061,0.0013190501,-1.1326252
SIG-26027-0881,SMMS,Track circuit testing,Medium,-0.5755552,-0.55872345,-0.014360768,-1.1205063,-0.0019559585,-1.1737975
SIG-26027-0882,SMMS,Axle counter issue,Low,-15.61375,-4.964152,-0.10823818,-3.8256872,-0.0006183958,-1.1586293
SIG-26027-0883,SMMS,Signal equipment defect,Medium,-0.62411135,-0.5365448,0.014521149,-1.1754748,7.130135e-05,3.7607918
SIG-26027-0884,SMMS,Interlocking inspection,Medium,0.08974258,2.2836974,-0.021746796,-1.1444625,0.0014001698,3.8183093
SIG-26027-0885,SMMS,Axle counter issue,Medium,-0.09616781,1.3689972,-0.015695706,-1.129705,0.0020199812,3.7758617
SIG-26027-0886,SMMS,Signal failure,Medium,-0.2923957,0.81549287,0.0082933735,-1.0851525,0.00051135395,-1.1831145
SIG-26027-0887,SMMS,Interlocking inspection,Low,-16.817905,-8.463984,-0.0747059,-3.9883199,-0.00042669332,-1.1405973
SIG-26027-0888,SMMS,Signal failure,Medium,0.18410437,4.9694695,0.010278345,-1.620356,-0.00020119468,-1.1699067
SIG-26027-0889,SMMS,Preventive S&T maintenance,Medium,-0.33674002,0.3536956,0.015208838,-1.1381091,0.0005126497,3.8129954
SIG-26027-0890,SMMS,Preventive S&T maintenance,High,13.695783,8.471071,0.010599813,0.95895296,-0.0014881808,-1.2246027
SIG-26027-0891,SMMS,Interlocking inspection,Medium,-0.9112863,-2.0253224,-0.02179277,-1.0923078,-0.0018777025,-1.1888291
SIG-26027-0892,SMMS,Interlocking inspection,High,13.029892,5.880019,0.013930725,1.0792036,-0.00019849557,-1.2372022
SIG-26027-0893,SMMS,Track circuit testing,Medium,-0.83876204,-1.0951186,0.0052054795,-1.13872,-0.00017905654,-1.193281
SIG-26027-0894,SMMS,Axle counter issue,Medium,-0.77522063,-1.1148123,-0.028436748,-1.1397076,-0.00054717605,-1.1908125
SIG-26027-0895,SMMS,Point machine inspection,Low,-15.301342,-3.9035664,-0.10755273,-3.7586625,-0.0012357512,-1.1515872
SIG-26027-0896,SMMS,Signal equipment defect,Medium,-0.39978537,0.281025,0.0073912106,-1.0883538,-0.0018108062,-1.1900797
SIG-26027-0897,SMMS,Point machine inspection,High,13.734427,7.6892653,-0.0223892,1.1765106,-0.0012724493,-1.2253414
SIG-26027-0898,SMMS,Point machine inspection,Medium,-0.83140564,-1.4059353,-0.013651558,-1.1180613,-0.0016512577,-1.1886533
SIG-26027-0899,SMMS,Signal equipment defect,Medium,-0.46131882,-0.03491266,-0.029285887,-1.1033722,0.0008116547,-1.1815192
SIG-26027-0900,SMMS,Track circuit testing,High,13.605545,7.214137,0.014927988,1.1297059,-0.006202971,-1.217526
SIG-26027-0901,SMMS,Signal equipment defect,Medium,0.089192614,2.1969824,-0.030920587,-1.0894115,0.007605914,-1.1900179
SIG-26027-0902,SMMS,Signal failure,Medium,0.2355226,5.4791446,-0.012098896,-1.7248505,-0.0034853576,-1.1714234
SIG-26027-0903,SMMS,Signal equipment defect,Low,-16.613914,-8.107117,-0.019077826,-4.005569,-0.009824401,3.7986581
SIG-26027-0904,SMMS,Interlocking inspection,Low,-16.009605,-5.9111624,-0.13281968,-3.841243,0.0012264146,-1.1489291
SIG-26027-0905,SMMS,Point machine inspection,Medium,-0.8425418,-2.5450542,0.005706283,-0.9781306,-0.002173819,-1.1901135
SIG-26027-0906,SMMS,Signal equipment defect,Medium,0.206464,2.8912885,-0.022196228,-1.1245903,0.0009809519,3.8007722
SIG-26027-0907,SMMS,Point machine inspection,Medium,-0.29222837,0.3405507,-0.033604927,-1.1390986,0.0015983151,3.8089845
SIG-26027-0908,SMMS,Axle counter issue,High,13.656079,7.693773,0.010334146,1.1906328,0.0007946039,-1.2307683
SIG-26027-0909,SMMS,Track circuit testing,Low,-15.655001,-5.1073837,-0.081983924,-3.8068902,-0.00137954,-1.1652849
SIG-26027-0910,SMMS,Signal failure,High,13.540244,6.8523736,-0.02093471,1.0944339,-0.00047953546,-1.225944
SIG-26027-0911,SMMS,Axle counter issue,Low,-16.758615,-8.510592,-0.06862045,-4.05087,-5.1212965e-06,-1.1405604
SIG-26027-0912,SMMS,Point machine inspection,Medium,0.24469776,5.481062,-0.022301096,-1.7271336,0.00030709978,-1.1704546
SIG-26027-0913,SMMS,Axle counter issue,Medium,-0.8823943,-1.9582617,-0.031351708,-1.131713,-0.0010040399,3.7913475
SIG-26027-0914,SMMS,Track circuit testing,High,13.4076395,6.4696035,0.016257979,1.0913357,-4.4764623e-05,-1.2213379
SIG-26027-0915,SMMS,Signal equipment defect,Medium,0.2597937,4.6475153,-0.024607783,-1.6107723,0.0013138427,-1.1568649
SIG-26027-0916,SMMS,Interlocking inspection,Critical,23.954987,10.973239,0.013174018,2.6646209,0.0039808564,3.9425118
SIG-26027-0917,SMMS,Point machine inspection,Low,-16.164824,-6.37155,-0.06953259,-3.8988008,-0.0007877722,-1.1485455
SIG-26027-0918,SMMS,Signal equipment defect,High,13.190665,6.1502857,0.020255791,1.0760895,-0.00092935003,-1.2130635
SIG-26027-0919,SMMS,Axle counter issue,Low,-16.591545,-7.8704553,-0.06440685,-4.0248733,0.0032342682,3.7946544
SIG-26027-0920,SMMS,Signal equipment defect,Low,-15.300928,-2.7705126,-0.105557695,-4.5504847,0.0011120635,-1.1345713
SIG-26027-0921,SMMS,Point machine inspection,Critical,24.626923,10.86577,-0.017510226,2.4256475,-0.0020617351,-0.9138904
SIG-26027-0922,SMMS,Signal failure,Low,-16.440016,-6.9104137,-0.13904625,-3.9117675,-4.0713385e-06,-1.1367096
SIG-26027-0923,SMMS,Interlocking inspection,Medium,0.2561212,5.0004773,-0.022565607,-1.6687152,0.00117268,3.7923717
SIG-26027-0924,SMMS,Point machine inspection,Medium,-0.2801142,0.49831092,-0.017356707,-1.06924,0.00027520742,-1.1864973
SIG-26027-0925,SMMS,Track circuit testing,Low,-16.137968,-6.11844,-0.1307685,-3.8668406,0.0003432638,-1.1496212
SIG-26027-0926,SMMS,Interlocking inspection,High,12.792747,5.186064,0.019524086,1.0654101,-0.00023578625,-1.2089885
SIG-26027-0927,SMMS,Point machine inspection,Low,-15.34064,-4.0009084,-0.097828604,-3.7755742,0.00038865308,-1.1447335
SIG-26027-0928,SMMS,Axle counter issue,Medium,-0.3460394,0.26015246,-0.016984675,-1.087765,-0.0018549892,-1.1894902
SIG-26027-0929,SMMS,Point machine inspection,Low,-15.655001,-5.1073837,-0.082061745,-3.8066988,-0.0014237936,-1.1653545
SIG-26027-0930,SMMS,Signal failure,High,13.68177,8.271864,0.0197815,0.9125651,0.0013998024,-1.2201864
SIG-26027-0931,SMMS,Signal equipment defect,Medium,-0.038530435,1.9280187,0.0074120066,-1.0846639,-0.0018706546,-1.1876888
SIG-26027-0932,SMMS,Point machine inspection,Medium,-0.92657834,-1.9437995,0.011260071,-1.1360296,-0.00051572756,3.8004172
SIG-26027-0933,SMMS,Signal failure,Medium,-0.91128,-2.0246825,-0.022012431,-1.0934596,-0.0006317329,-1.1893497
SIG-26027-0934,SMMS,Preventive S&T maintenance,High,13.011265,5.7422285,0.019057602,1.0718433,-5.991986e-05,-1.2293984
SIG-26027-0935,SMMS,Signal equipment defect,Medium,-0.97525454,-2.00637,0.014351371,-1.0911553,-0.0019066695,-1.1927271
SIG-26027-0936,SMMS,Preventive S&T maintenance,Critical,24.446527,10.22651,-0.018929347,2.364852,-0.0025272768,-0.9406481
SIG-26027-0937,SMMS,Signal equipment defect,High,12.527577,4.668799,0.018962558,1.0674337,-0.0013205943,-1.2403243
SIG-26027-0938,SMMS,Track circuit testing,High,13.459842,6.6119814,0.016316911,1.0868444,-0.0007445141,-1.2296827
SIG-26027-0939,SMMS,Track circuit testing,High,12.4309435,4.1967754,0.02164569,1.1192353,-0.0013006697,-1.2171457
SIG-26027-0940,SMMS,Preventive S&T maintenance,High,13.668008,7.6953187,0.012886363,1.181501,-0.0031506082,-1.2257195
SIG-26027-0941,SMMS,Track circuit testing,Low,-15.170999,-2.0908344,-0.061136577,-4.608444,0.0056347176,3.8546164
SIG-26027-0942,SMMS,Preventive S&T maintenance,High,12.5955515,4.416906,-0.032600623,1.0576969,0.005706305,3.727212
SIG-26027-0943,SMMS,Track circuit testing,Low,-16.766945,-8.143689,-0.08524727,-3.8901608,0.0023943135,-1.1508621
SIG-26027-0944,SMMS,Preventive S&T maintenance,High,12.48919,4.4467216,0.0154907135,1.0959331,0.0016601096,-1.2199756
SIG-26027-0945,SMMS,Axle counter issue,Low,-15.628349,-5.193592,-0.11996606,-3.852474,0.0009431386,-1.1755124
SIG-26027-0946,SMMS,Interlocking inspection,Medium,-0.58299416,-0.37036878,-0.030980598,-1.1648201,0.0034849516,3.7727919
SIG-26027-0947,SMMS,Interlocking inspection,Medium,-0.6278289,-0.38123858,0.005332859,-1.1206554,-0.0018963382,-1.1771033
SIG-26027-0948,SMMS,Point machine inspection,Low,-16.605219,-7.3841877,-0.14812747,-3.8422735,-0.0014311224,-1.1375531
SIG-26027-0949,SMMS,Preventive S&T maintenance,Medium,-0.8922653,-1.6988591,-0.011098945,-1.0924046,-0.0015657255,-1.1876395
SIG-26027-0950,SMMS,Track circuit testing,Low,-16.005375,-5.9146614,-0.14256868,-3.842701,0.0018900256,-1.1377649
SIG-26027-0951,SMMS,Preventive S&T maintenance,Medium,-0.67761606,-0.7284336,0.014725906,-1.1790272,0.00044359072,3.787403
SIG-26027-0952,SMMS,Point machine inspection,Low,-15.474658,-4.8081565,-0.06390197,-3.845051,-0.00087801064,3.8479795
SIG-26027-0953,SMMS,Signal equipment defect,Medium,0.21866748,2.8324304,-0.025412397,-1.0684832,0.00040438861,-1.182134
SIG-26027-0954,SMMS,Axle counter issue,Medium,-0.7734299,-2.545335,-0.0071094604,-0.9749162,0.00065711857,-1.1827193
SIG-26027-0955,SMMS,Interlocking inspection,Low,-16.013151,-6.100531,-0.06804709,-3.9348948,0.020690557,-1.158842
SIG-26027-0956,SMMS,Signal failure,Low,-15.312923,-4.0579348,-0.10753177,-3.8108308,-0.0018056486,-1.1511827
SIG-26027-0957,SMMS,Track circuit testing,Medium,-0.06069341,1.3443336,-0.023719477,-1.0752379,-0.001025127,-1.1758898
SIG-26027-0958,SMMS,Signal equipment defect,Medium,0.24314736,4.381446,-0.027287196,-1.6920335,-0.0032373024,-1.1568255
SIG-26027-0959,SMMS,Track circuit testing,High,13.744605,8.2614765,-0.014852286,0.903281,-0.00017214754,-1.2220988
SIG-26027-0960,SMMS,Signal equipment defect,High,13.71033,8.480107,0.012862,0.953588,-0.004265813,-1.2264252
SIG-26027-0961,SMMS,Point machine inspection,Medium,-0.5645373,-0.40165418,-0.028823983,-1.1213931,-0.0004650415,-1.1762892
SIG-26027-0962,SMMS,Axle counter issue,Medium,-0.8434485,-2.5427783,0.012320376,-0.97894394,0.00091494387,-1.1933426
SIG-26027-0963,SMMS,Signal failure,High,13.711849,9.53882,0.0126247145,0.61966646,-0.004230785,-1.1854396
SIG-26027-0964,SMMS,Preventive S&T maintenance,Medium,0.23838405,4.9560666,-0.011809313,-1.6176383,-0.0015862123,-1.1681617
SIG-26027-0965,SMMS,Signal equipment defect,High,12.815276,5.136061,-0.030130574,1.0233071,0.005563609,3.7096372
SIG-26027-0966,SMMS,Signal failure,Medium,-0.15975474,1.0434312,-0.03131999,-1.1006624,0.00041769206,-1.2018104
SIG-26027-0967,SMMS,Interlocking inspection,Low,-16.724283,-7.925812,-0.08103329,-3.9084547,0.00088076526,-1.1484848
SIG-26027-0968,SMMS,Axle counter issue,Medium,0.08204765,2.202193,-0.017146101,-1.0838296,-0.00047184812,-1.1916271
SIG-26027-0969,SMMS,Signal equipment defect,High,13.5368,6.8491116,-0.012849092,1.0967355,-0.0016363561,-1.2266263
SIG-26027-0970,SMMS,Axle counter issue,Medium,-0.09935956,1.6939906,0.0076485253,-1.0837754,-0.00013736048,-1.189663
SIG-26027-0971,SMMS,Point machine inspection,Medium,-0.5657935,-0.5627415,-0.028441684,-1.1241931,-0.00049027754,-1.1731743
SIG-26027-0972,SMMS,Track circuit testing,Low,-16.164967,-6.3712916,-0.0689631,-3.8973389,-0.0008380307,-1.1482576
SIG-26027-0973,SMMS,Axle counter issue,Medium,-0.09950562,1.6939306,0.007855342,-1.084794,0.0009056916,-1.1896883
SIG-26027-0974,SMMS,Signal equipment defect,Medium,-0.33384582,0.51951206,0.012306142,-1.0719032,4.1994266e-05,-1.1864394
SIG-26027-0975,SMMS,Track circuit testing,High,13.729803,9.746496,0.020820497,0.654539,0.00011485998,-1.1959519
SIG-26027-0976,SMMS,Point machine inspection,Medium,-0.050792802,1.3399042,-0.037292812,-1.0775789,-0.0010556467,-1.1749488
SIG-26027-0977,SMMS,Signal equipment defect,Low,-16.165155,-6.371604,-0.0691454,-3.8994138,-0.0010892118,-1.1476347
SIG-26027-0978,SMMS,Point machine inspection,High,13.696141,7.461255,-0.013152043,1.1357803,-0.001029968,-1.2226309
SIG-26027-0979,SMMS,Point machine inspection,Low,-16.439003,-6.910525,-0.13526829,-3.9100034,0.001018621,-1.1455208
SIG-26027-0980,SMMS,Signal equipment defect,Medium,-0.78885853,-2.551399,-0.004761529,-0.97703403,-0.0004608871,-1.1910839
SIG-26027-0981,SMMS,Track circuit testing,Low,-15.335617,-2.172194,-0.10459503,-4.385623,-0.001521018,-1.1337122
SIG-26027-0982,SMMS,Signal failure,Low,-15.329352,-2.7184105,-0.101333775,-4.5154037,0.0005316398,-1.1284083
SIG-26027-0983,SMMS,Interlocking inspection,Low,-16.60349,-7.3840957,-0.14628191,-3.8404639,0.0005915447,-1.1450511
SIG-26027-0984,SMMS,Signal equipment defect,High,12.81496,5.1357713,-0.03039108,1.0205575,0.0013124674,3.7069619
SIG-26027-0985,SMMS,Axle counter issue,Medium,-0.8425563,-2.5447617,0.005705076,-0.9782172,-0.0019265908,-1.190551
SIG-26027-0986,SMMS,Axle counter issue,Critical,24.564703,10.8775425,0.016116159,2.4351482,0.0037707163,-0.91511863
SIG-26027-0987,SMMS,Signal equipment defect,Medium,-0.01720144,1.995666,0.01822418,-1.1410755,0.0004536682,3.810939
SIG-26027-0988,SMMS,Signal equipment defect,Medium,-0.2703526,0.49395487,-0.03145938,-1.0727835,0.0005445822,-1.184461
SIG-26027-0989,SMMS,Track circuit testing,Medium,-0.27002993,0.49451795,-0.031216877,-1.0727305,-0.00052271964,-1.1845748
SIG-26027-0990,SMMS,Axle counter issue,Low,-16.336979,-6.6094017,-0.13766438,-3.859104,0.00092813047,-1.1595421
SIG-26027-0991,SMMS,Point machine inspection,Low,-15.333776,-2.1721494,-0.10222463,-4.3863635,-0.001727942,-1.1370155
SIG-26027-0992,SMMS,Axle counter issue,Medium,-0.8434485,-2.5427783,0.012308276,-0.9788778,0.000865538,-1.1933472
SIG-26027-0993,SMMS,Point machine inspection,High,13.772168,8.475357,-0.01276777,0.9476937,0.0024357869,-1.2284193
SIG-26027-0994,SMMS,Point machine inspection,High,12.397876,4.1912627,0.012688318,1.1287818,0.011598919,-1.2133029
SIG-26027-0995,SMMS,Signal failure,Low,-15.3405285,-4.0010753,-0.09746417,-3.775615,0.00014674426,-1.1447595
SIG-26027-0996,SMMS,Point machine inspection,High,13.82929,9.524189,-0.0363289,0.506782,0.0053165,3.7617512
SIG-26027-0997,SMMS,Signal failure,Low,-15.429937,-4.3964467,-0.108538754,-3.8547354,7.57122e-05,-1.1406146
SIG-26027-0998,SMMS,Interlocking inspection,Low,-15.33242,-2.172423,-0.10018262,-4.383649,-2.7924312e-05,-1.1445569
SIG-26027-0999,SMMS,Track circuit testing,Medium,0.09182189,2.1982267,-0.03135583,-1.0886103,-0.0010424999,-1.187406
SIG-26027-1000,SMMS,Point machine inspection,Low,-16.766937,-8.143433,-0.081537195,-3.891772,0.00028227436,-1.1511128
SIG-26027-1001,SMMS,Signal equipment defect,Low,-16.659039,-7.6598907,-0.07794497,-3.8681304,0.000342898,-1.149845
SIG-26027-1002,SMMS,Preventive S&T maintenance,High,13.4076395,6.4692698,0.016189126,1.0920513,-0.00091419474,-1.2207817
SIG-26027-1003,SMMS,Signal failure,High,12.793195,4.9280877,-0.032760814,1.0248102,0.006217527,3.7171555
SIG-26027-1004,SMMS,Axle counter issue,Low,-15.379633,-1.6697717,-0.10494592,-4.313973,-0.00017856872,-1.1308897
SIG-26027-1005,SMMS,Signal failure,High,13.525769,6.601774,-0.021130096,1.0783103,-0.000115118455,-1.2318422
SIG-26027-1006,SMMS,Preventive S&T maintenance,Medium,-0.24164185,0.55871177,-0.033326354,-1.1233646,3.494439e-05,3.7942379
SIG-26027-1007,SMMS,Axle counter issue,High,13.69614,7.4621453,-0.0129651455,1.1334127,0.00086945563,-1.2232392
SIG-26027-1008,SMMS,Interlocking inspection,Low,-16.282139,-6.3908043,-0.13667616,-3.833767,0.0014781337,-1.1619661
SIG-26027-1009,SMMS,Point machine inspection,Low,-16.486654,-7.127972,-0.14739196,-3.8090966,0.0010654572,-1.1380891
SIG-26027-1010,SMMS,Interlocking inspection,Medium,-0.2288226,0.7899782,-0.031138558,-1.0880109,-0.00037556194,-1.1800841
SIG-26027-1011,SMMS,Signal equipment defect,Medium,-0.5250599,-0.011333512,0.011242389,-1.1034801,-0.0018764168,-1.1813464
SIG-26027-1012,SMMS,Signal failure,Medium,0.025129622,1.901192,-0.036699515,-1.0858015,-0.001963284,-1.1838734
SIG-26027-1013,SMMS,Track circuit testing,Medium,-0.8829548,-1.7046037,-0.025836527,-1.0960277,0.0011470602,-1.1854917
SIG-26027-1014,SMMS,Axle counter issue,Medium,-0.8314296,-1.4058639,-0.013618263,-1.1179017,-0.00047845807,-1.1900665
SIG-26027-1015,SMMS,Track circuit testing,Medium,-0.7778357,-1.116134,-0.027812064,-1.1415759,0.007749662,-1.1921322
SIG-26027-1016,SMMS,Track circuit testing,Medium,-0.630799,-0.3811807,0.011717667,-1.1226071,0.006114,-1.1796049
SIG-26027-1017,SMMS,Interlocking inspection,Medium,0.24520035,5.4791307,-0.021941794,-1.7285297,-0.0033001758,-1.1694893
SIG-26027-1018,SMMS,Interlocking inspection,Critical,24.62795,11.499523,-0.017326852,2.4867437,-0.006521973,-0.8940824
SIG-26027-1019,SMMS,Interlocking inspection,Low,-16.654924,-7.665008,-0.08738268,-3.8691058,-0.0011296548,-1.1369497
SIG-26027-1020,SMMS,Point machine inspection,Medium,-0.44068748,0.034243282,0.012150626,-1.1586878,0.00076944754,3.7927003
SIG-26027-1021,SMMS,Signal equipment defect,Medium,0.2553046,5.0008416,-0.022789162,-1.668176,0.0009691361,3.7927098
SIG-26027-1022,SMMS,Signal equipment defect,Medium,0.24330159,4.383918,-0.027292287,-1.6920632,-0.00019057664,-1.1573436
SIG-26027-1023,SMMS,Preventive S&T maintenance,Medium,-0.045175437,1.6720634,-0.02272423,-1.0812894,-0.00064494595,-1.188816
SIG-26027-1024,SMMS,Signal equipment defect,Medium,-0.64858955,-0.7878726,-0.02802765,-1.1242378,-0.0016862818,-1.1797717
SIG-26027-1025,SMMS,Preventive S&T maintenance,High,13.77039,9.5317,-0.012280622,0.6098546,0.0032461965,-1.180878
SIG-26027-1026,SMMS,Signal failure,Low,-15.312466,-4.0578303,-0.10760397,-3.8121984,-0.0006393145,-1.1514705
SIG-26027-1027,SMMS,Signal equipment defect,Medium,0.25315404,5.518752,-0.023878958,-1.7864342,0.0030706816,3.7784922
SIG-26027-1028,SMMS,Signal equipment defect,Medium,0.2431724,4.38222,-0.027300457,-1.6921014,-0.0028303002,-1.1579508
SIG-26027-1029,SMMS,Axle counter issue,High,13.459203,6.6087236,0.020349305,1.0899829,-0.0005787026,-1.2315222
SIG-26027-1030,SMMS,Axle counter issue,Low,-16.276688,-6.395274,-0.14482868,-3.8326578,0.0012975906,-1.1557181
SIG-26027-1031,SMMS,Signal failure,High,13.668328,7.697967,0.012849128,1.1832186,-0.0005447694,-1.228309
SIG-26027-1032,SMMS,Track circuit testing,High,13.667319,7.697612,0.019649088,1.185472,0.0004140502,-1.2277192
SIG-26027-1033,SMMS,Point machine inspection,Medium,0.24520035,5.4791307,-0.021941794,-1.7285297,-0.0033001758,-1.1694893
SIG-26027-1034,SMMS,Axle counter issue,High,13.783908,9.281421,0.00909619,0.50377864,0.00998899,3.7156477
SIG-26027-1035,SMMS,Preventive S&T maintenance,Low,-15.893487,-5.8913364,-0.065737225,-3.9091737,-0.0008134562,-1.1306984
SIG-26027-1036,SMMS,Track circuit testing,High,13.670754,8.267693,0.010656461,0.9191224,-0.00091564754,-1.2235845
SIG-26027-1037,SMMS,Point machine inspection,High,13.69599,7.4613457,-0.0129598165,1.1355697,-0.0021934933,-1.2213888
SIG-26027-1038,SMMS,Point machine inspection,High,13.711368,9.355414,0.012192304,0.61558086,-0.00023265112,-1.1865727
SIG-26027-1039,SMMS,Axle counter issue,Medium,-0.5844261,-0.5498626,-0.030835476,-1.1708041,0.0035619705,3.7576826
SIG-26027-1040,SMMS,Interlocking inspection,High,13.681913,8.272157,0.019817775,0.91246897,-0.00013215837,-1.2205957
SIG-26027-1041,SMMS,Interlocking inspection,Low,-15.336367,-4.003288,-0.10389652,-3.7788103,-0.0014662032,-1.1354675
SIG-26027-1042,SMMS,Track circuit testing,Medium,-0.5743329,-0.39769557,-0.015024397,-1.118912,0.00055131497,-1.1778144
SIG-26027-1043,SMMS,Interlocking inspection,Medium,-0.050956536,1.3402969,-0.03752715,-1.0776579,-0.0004718987,-1.1754482
SIG-26027-1044,SMMS,Point machine inspection,Medium,-0.64908785,-0.78766096,-0.028518673,-1.1244198,0.00025387766,-1.1807526
SIG-26027-1045,SMMS,Axle counter issue,High,13.772168,8.47507,-0.0127854915,0.9482545,0.0015341209,-1.2277746
SIG-26027-1046,SMMS,Interlocking inspection,Low,-15.820955,-5.4221654,-0.13254125,-3.82356,0.0006027112,-1.1374259
SIG-26027-1047,SMMS,Signal failure,Low,-16.603498,-7.3841085,-0.14602953,-3.840261,0.00018311305,-1.1450771
SIG-26027-1048,SMMS,Track circuit testing,Medium,-0.71305037,-0.7669303,0.0111210095,-1.1246051,0.0012801473,-1.1834834
SIG-26027-1049,SMMS,Preventive S&T maintenance,Medium,-0.843178,-2.5427086,0.012274674,-0.98001826,0.0013067626,-1.192955
SIG-26027-1050,SMMS,Signal equipment defect,Medium,-0.26984566,0.49411437,-0.03093246,-1.0727859,-0.0016527881,-1.1834543
SIG-26027-1051,SMMS,Signal equipment defect,Medium,0.21143511,5.0070696,0.017244764,-1.6698021,7.1565104e-05,3.7982922
SIG-26027-1052,SMMS,Signal failure,Medium,-0.3338483,0.5192629,0.012249465,-1.071851,0.0002964726,-1.1864375
SIG-26027-1053,SMMS,Track circuit testing,Low,-15.324363,-3.8497312,-0.104329586,-3.7271795,0.0018532755,-1.137592
SIG-26027-1054,SMMS,Interlocking inspection,Medium,-0.03761763,1.6665329,-0.036838356,-1.0862169,0.005539292,-1.187518
SIG-26027-1055,SMMS,Track circuit testing,Medium,0.20891409,5.522455,0.017761888,-1.7861592,0.0019149224,3.784731
SIG-26027-1056,SMMS,Signal failure,Medium,-0.11439954,1.3657928,0.0021585857,-1.0746596,-1.917432e-05,-1.1785481
SIG-26027-1057,SMMS,Point machine inspection,Low,-16.481562,-7.132643,-0.15574603,-3.8068516,-0.0010527627,-1.1316286
SIG-26027-1058,SMMS,Track circuit testing,Medium,-0.5246712,-0.011874276,0.0064443205,-1.1014075,-0.00013262744,-1.183322
SIG-26027-1059,SMMS,Track circuit testing,Medium,0.18180004,5.4964204,0.006248686,-1.724754,0.0019423853,-1.1730268
SIG-26027-1060,SMMS,Preventive S&T maintenance,Medium,0.2451168,3.1001632,-0.0277548,-1.0429295,-0.0020360346,-1.1704184
SIG-26027-1061,SMMS,Preventive S&T maintenance,Medium,0.19679429,4.662209,0.0057725324,-1.6099054,-0.003568605,-1.1606545
SIG-26027-1062,SMMS,Preventive S&T maintenance,High,13.667878,7.697149,0.019780653,1.1867137,-0.0013264425,-1.225604
SIG-26027-1063,SMMS,Track circuit testing,Medium,0.02798138,2.2161002,0.0047981027,-1.0863116,-0.0014163494,-1.1960528
SIG-26027-1064,SMMS,Signal equipment defect,High,13.011843,5.745628,0.01503831,1.0682338,-0.0008154426,-1.226594
SIG-26027-1065,SMMS,Preventive S&T maintenance,Medium,0.18128864,5.4936934,0.010470691,-1.7276304,-0.0036050992,-1.1719348
SIG-26027-1066,SMMS,Point machine inspection,Medium,-0.8856464,-1.3874042,0.0135320565,-1.1201208,0.00026278914,-1.1904343
SIG-26027-1067,SMMS,Axle counter issue,Medium,0.17933784,4.401116,0.008078069,-1.6912847,0.00024469363,-1.1655625
SIG-26027-1068,SMMS,Signal failure,High,12.779309,5.1872797,0.014903854,1.0704169,-0.0011892348,-1.2128696
SIG-26027-1069,SMMS,Signal equipment defect,Critical,23.813992,10.280001,0.01305793,2.5749853,0.014337856,3.8599021
SIG-26027-1070,SMMS,Point machine inspection,Medium,-0.22379792,1.069564,0.012627312,-1.1002179,-0.001610751,-1.2026346
SIG-26027-1071,SMMS,Signal failure,High,12.721124,4.9686255,0.0191587,1.0663358,-0.00055569806,-1.2148666
SIG-26027-1072,SMMS,Interlocking inspection,Critical,24.56449,11.227443,0.017624395,2.4662757,0.00015960608,-0.9015601
SIG-26027-1073,SMMS,Interlocking inspection,Medium,-0.47111142,-0.029985353,-0.015718056,-1.1008857,0.00055131497,-1.1825136
SIG-26027-1074,SMMS,Point machine inspection,High,13.699289,9.346574,0.009963575,0.6222997,-0.0046072816,-1.1883534
SIG-26027-1075,SMMS,Preventive S&T maintenance,Critical,24.24173,9.996015,0.015563114,2.373808,-0.0006554648,-0.9415628
SIG-26027-1076,SMMS,Track circuit testing,Medium,-0.974959,-2.0076766,0.008788589,-1.0904782,0.0013067612,-1.1946881
SIG-26027-1077,SMMS,Signal failure,Medium,-0.5755697,-0.55851746,-0.0143475095,-1.1207101,-0.0015192966,-1.1742351
SIG-26027-1078,SMMS,Signal failure,Medium,-0.114342436,1.3657821,0.0017541809,-1.0753549,-0.0015159235,-1.1771913
SIG-26027-1079,SMMS,Preventive S&T maintenance,Low,-15.4726515,-4.808991,-0.06411458,-3.846983,-0.0072081867,3.8444242
SIG-26027-1080,SMMS,Signal failure,Medium,0.24475808,3.1221676,-0.046423435,-1.0978303,0.0034911495,3.7631423
SIG-26027-1081,SMMS,Track circuit testing,Low,-16.335848,-6.60967,-0.13514693,-3.856003,0.00012640441,-1.1665695
SIG-26027-1082,SMMS,Point machine inspection,High,13.710448,9.543153,0.019103758,0.62124026,0.00026165004,-1.186199
SIG-26027-1083,SMMS,Signal equipment defect,High,13.670538,8.267901,0.010610043,0.91813415,0.0015566675,-1.2234523
SIG-26027-1084,SMMS,Axle counter issue,Critical,24.546955,10.628259,0.017351372,2.4206522,-0.0009068984,-0.9241345
SIG-26027-1085,SMMS,Signal equipment defect,Medium,0.18463749,4.969677,0.005424361,-1.6196167,-0.0019197533,-1.1682749
SIG-26027-1086,SMMS,Track circuit testing,Low,-15.325324,-2.7207298,-0.10839997,-4.5169206,-0.0017536604,-1.1192479
SIG-26027-1087,SMMS,Interlocking inspection,High,13.469287,6.4558306,-0.013760789,1.0835482,0.00077984156,-1.2224556
SIG-26027-1088,SMMS,Track circuit testing,Medium,0.18208553,3.1199856,0.0050145136,-1.0404756,-0.0017992253,-1.179192
SIG-26027-1089,SMMS,Interlocking inspection,High,13.460583,6.6116548,0.016225403,1.0884576,-0.0015535989,-1.2305303
SIG-26027-1090,SMMS,Point machine inspection,Medium,0.18410787,4.9695096,0.009761996,-1.6204839,-0.0009749649,-1.1697261
SIG-26027-1091,SMMS,Point machine inspection,Low,-15.893278,-5.8910713,-0.066015966,-3.9082897,-0.0010072432,-1.1315852
SIG-26027-1092,SMMS,Interlocking inspection,High,13.62193,7.4655395,0.012187136,1.1478821,-0.0029156853,-1.221435
SIG-26027-1093,SMMS,Signal failure,High,13.071413,5.756704,0.016048936,1.047389,0.0029981881,3.7647681
SIG-26027-1094,SMMS,Point machine inspection,Medium,-0.045127284,1.6719697,-0.022677744,-1.0813291,-0.0016653518,-1.1877567
SIG-26027-1095,SMMS,Point machine inspection,Medium,0.20804374,4.1959085,0.017083568,-1.7942227,0.00049961667,3.8201694
SIG-26027-1096,SMMS,Signal equipment defect,High,13.074005,5.7315545,-0.015197022,1.0629979,-0.0011747021,-1.2306434
SIG-26027-1097,SMMS,Preventive S&T maintenance,Medium,0.20625667,2.5764945,-0.04297569,-1.133308,0.0009318357,3.7987597
SIG-26027-1098,SMMS,Preventive S&T maintenance,High,12.7838545,4.9578896,-0.015388003,1.0566564,-0.0006707361,-1.2159121
SIG-26027-1099,SMMS,Axle counter issue,Low,-16.281343,-6.390351,-0.13562079,-3.8299813,0.00017902379,-1.1681043
SIG-26027-1100,SMMS,Signal equipment defect,High,12.961403,5.4840226,-0.022170568,1.062211,-0.0015222483,-1.2102714
SIG-26027-1101,SMMS,Track circuit testing,Medium,-0.77372295,-2.5443265,-0.0075176302,-0.9744976,-0.00027570504,-1.1825128
SIG-26027-1102,SMMS,Preventive S&T maintenance,Critical,24.551237,10.627449,0.015435687,2.4176357,-0.0016056515,-0.9257778
SIG-26027-1103,SMMS,Interlocking inspection,Medium,-0.78498214,-1.1107454,-0.014488612,-1.1360567,-0.00045466961,-1.1928749
SIG-26027-1104,SMMS,Signal equipment defect,Low,-15.324309,-2.7204103,-0.10787857,-4.5197453,0.0014191399,-1.1200968
SIG-26027-1105,SMMS,Interlocking inspection,Medium,-0.82162005,-1.4102836,-0.027383223,-1.121583,-0.00011159738,-1.1883112
SIG-26027-1106,SMMS,Interlocking inspection,Medium,0.1816052,3.1197963,0.0055371025,-1.03975,0.00057557557,-1.1809512
SIG-26027-1107,SMMS,Interlocking inspection,Low,-15.218589,-2.4629261,-0.10597332,-4.607282,-0.0077079213,3.7865155
SIG-26027-1108,SMMS,Signal failure,Medium,-0.8825293,-1.7041997,-0.025846668,-1.0957028,-0.00029846033,-1.1851901
SIG-26027-1109,SMMS,Signal equipment defect,Medium,-0.11483351,1.3660221,0.006213441,-1.0769205,-0.0014203063,-1.1771965
SIG-26027-1110,SMMS,Signal equipment defect,Low,-16.487072,-7.3556247,-0.070249245,-3.904897,-0.00093434943,-1.1247474
SIG-26027-1111,SMMS,Preventive S&T maintenance,Low,-15.330722,-2.7183444,-0.103139125,-4.5182343,-0.0012148954,-1.1207192
SIG-26027-1112,SMMS,Point machine inspection,Medium,-0.09886711,1.6937153,0.0032804084,-1.0818454,-0.00025557828,-1.1900568
SIG-26027-1113,SMMS,Axle counter issue,Medium,-0.26978412,0.49415508,-0.031060953,-1.0725628,-0.0004805816,-1.1848236
SIG-26027-1114,SMMS,Signal failure,Medium,-0.8392045,-1.0939131,0.011113097,-1.1401818,-2.6789177e-05,-1.1928055
SIG-26027-1115,SMMS,Interlocking inspection,Medium,-0.05090838,1.3401989,-0.03748066,-1.0777018,-0.0014841267,-1.1743888
SIG-26027-1116,SMMS,Track circuit testing,Low,-15.197996,-2.1178243,-0.09718017,-4.555779,-0.0034553767,3.8256767
SIG-26027-1117,SMMS,Interlocking inspection,Low,-16.76667,-8.759909,-0.069553204,-4.059852,8.8033645e-05,-1.139389
SIG-26027-1118,SMMS,Axle counter issue,High,13.710305,9.545448,0.019155046,0.62110376,0.004450983,-1.1857835
SIG-26027-1119,SMMS,Axle counter issue,Medium,-0.842572,-2.5448403,0.005676723,-0.9780984,-0.0010986653,-1.191375
SIG-26027-1120,SMMS,Signal failure,High,12.708591,4.969296,0.014869483,1.0731744,-0.0015955599,-1.2148943
SIG-26027-1121,SMMS,Point machine inspection,High,13.69995,7.4639444,-0.021018505,1.1349567,-0.0009368971,-1.2205306
SIG-26027-1122,SMMS,Preventive S&T maintenance,Medium,-0.22875504,0.78949404,-0.031073682,-1.0883808,0.0005736221,-1.1803116
SIG-26027-1123,SMMS,Interlocking inspection,High,12.992058,5.7434797,0.016075766,1.0747349,0.01266431,-1.2220935
SIG-26027-1124,SMMS,Preventive S&T maintenance,High,13.474556,6.860073,0.014229658,1.1035376,-0.001023348,-1.2275276
SIG-26027-1125,SMMS,Point machine inspection,Medium,0.23476936,3.100688,-0.017478466,-1.0407856,0.0013267533,-1.1746416
SIG-26027-1126,SMMS,Preventive S&T maintenance,High,13.670547,8.26824,0.010423178,0.9180065,0.00078141136,-1.2242732
SIG-26027-1127,SMMS,Axle counter issue,High,12.58966,4.658421,-0.0153897675,1.055773,-0.0012481221,-1.2379152
SIG-26027-1128,SMMS,Signal equipment defect,Medium,-0.04746621,1.6708124,-0.022693986,-1.0830107,0.005580827,-1.1898082
SIG-26027-1129,SMMS,Signal equipment defect,Medium,-0.7751512,-1.1151456,-0.028095447,-1.1396383,-0.00049009203,-1.191016
SIG-26027-1130,SMMS,Signal equipment defect,Medium,-0.46112183,-0.03449057,-0.029252972,-1.1031581,-0.0016862818,-1.1798875
SIG-26027-1131,SMMS,Point machine inspection,Medium,0.23825693,4.9561176,-0.011854851,-1.6173398,-0.0017369599,-1.1681877
SIG-26027-1132,SMMS,Signal failure,High,13.407488,6.4693604,0.016223349,1.0920163,-0.0023856813,-1.219249
SIG-26027-1133,SMMS,Interlocking inspection,Low,-15.347478,-2.4706626,-0.10165156,-4.4283013,0.00059284957,-1.1345049
SIG-26027-1134,SMMS,Signal equipment defect,Medium,-0.8387283,-1.0950493,0.004898014,-1.1391122,-0.0018572352,-1.1921992
SIG-26027-1135,SMMS,Track circuit testing,Medium,-0.17012322,1.0479203,-0.017415298,-1.096977,0.00014444743,-1.2037156
SIG-26027-1136,SMMS,Point machine inspection,High,13.779852,9.27853,0.01382766,0.51034343,0.0028386742,3.7189927
SIG-26027-1137,SMMS,Preventive S&T maintenance,High,13.790115,9.832618,0.015158456,0.55658436,0.004039231,3.8691018
SIG-26027-1138,SMMS,Interlocking inspection,Medium,-0.7120905,-0.76782864,0.0054183835,-1.1234596,-0.00024858385,-1.1832957
SIG-26027-1139,SMMS,Track circuit testing,Low,-16.0217,-6.100832,-0.065823995,-3.9337714,-0.0007212463,-1.1308931
SIG-26027-1140,SMMS,Signal failure,Low,-16.659832,-7.660343,-0.079045914,-3.8716173,0.0014150733,-1.1437329
SIG-26027-1141,SMMS,Signal equipment defect,Medium,0.24507669,5.4790754,-0.021977695,-1.7283763,-0.003212457,-1.1695153
SIG-26027-1142,SMMS,Track circuit testing,Medium,-0.5788224,-0.36578685,-0.03150159,-1.1689193,0.0009267234,3.7712173
SIG-26027-1143,SMMS,Axle counter issue,Medium,0.18425174,4.136013,0.0037600615,-1.7634974,-0.00026102824,-1.1692202
SIG-26027-1144,SMMS,Signal equipment defect,Medium,-0.5250753,-0.011260932,0.011724195,-1.1030084,-0.0002811849,-1.1827593
SIG-26027-1145,SMMS,Preventive S&T maintenance,High,12.528885,4.6732435,0.016225185,1.0647734,-0.0015535989,-1.2390838
SIG-26027-1146,SMMS,Interlocking inspection,Medium,-0.08709346,1.7651544,0.016286427,-1.1314238,0.0018159489,3.814623
SIG-26027-1147,SMMS,Track circuit testing,High,13.745205,8.260748,-0.0142850075,0.90527046,5.8176964e-05,-1.2203119
SIG-26027-1148,SMMS,Interlocking inspection,Low,-15.379242,-1.6686792,-0.10707322,-4.313457,0.0014747991,-1.1310644
SIG-26027-1149,SMMS,Interlocking inspection,Low,-15.211336,-1.9158946,-0.09780297,-4.4907928,-0.0037226283,3.7955058
SIG-26027-1150,SMMS,Axle counter issue,Low,-15.822007,-5.6768003,-0.07257909,-3.8711925,-0.00085844507,-1.1185695
SIG-26027-1151,SMMS,Preventive S&T maintenance,High,13.1555395,5.9164925,0.010533368,1.0361185,0.0056876475,3.7755396
SIG-26027-1152,SMMS,Signal failure,High,12.417993,4.1929784,0.012853591,1.1240107,0.0011307575,-1.220062
SIG-26027-1153,SMMS,Track circuit testing,Low,-15.908254,-5.687267,-0.1301576,-3.8244553,0.0010939474,-1.1270642
SIG-26027-1154,SMMS,Axle counter issue,Low,-16.351418,-7.118841,-0.058911227,-3.9464219,-0.00808645,3.77727
SIG-26027-1155,SMMS,Point machine inspection,High,13.107153,5.8722854,-0.020993538,1.0611808,-0.0026816379,-1.2316341
SIG-26027-1156,SMMS,Point machine inspection,Low,-16.762346,-8.149122,-0.09030668,-3.894038,0.0016000479,-1.1389381
SIG-26027-1157,SMMS,Point machine inspection,High,13.695994,7.4616914,-0.012786319,1.1335722,0.0016366708,-1.222182
SIG-26027-1158,SMMS,Signal equipment defect,Medium,0.20888025,5.5231004,0.011820368,-1.7898294,0.0010405418,3.783948
SIG-26027-1159,SMMS,Signal failure,High,13.26397,6.1009545,0.01061207,1.0344671,0.0016112411,3.7092602
SIG-26027-1160,SMMS,Signal equipment defect,Medium,-0.8429942,-2.5432703,0.012280758,-0.97916955,-0.000366201,-1.1917588
SIG-26027-1161,SMMS,Signal equipment defect,High,12.493562,4.186599,-0.012815672,1.1079015,0.00035404295,-1.2188386
SIG-26027-1162,SMMS,Interlocking inspection,Low,-15.378911,-1.6692108,-0.10388163,-4.3098345,0.0001404546,-1.1376952
SIG-26027-1163,SMMS,Preventive S&T maintenance,High,13.633522,7.471728,0.02119337,1.1451491,-0.0010822915,-1.2207547
SIG-26027-1164,SMMS,Interlocking inspection,Medium,-0.2240474,1.0692545,0.012967463,-1.0994756,0.0009229163,-1.2044982
SIG-26027-1165,SMMS,Track circuit testing,Medium,-0.019188529,1.9957838,0.012828547,-1.1414104,0.0026377344,3.8112683
SIG-26027-1166,SMMS,Signal failure,Low,-16.630808,-8.459623,-0.05086595,-4.167572,-0.0046677548,3.781467
SIG-26027-1167,SMMS,Track circuit testing,Low,-16.604239,-7.3845854,-0.14739747,-3.8435228,0.0010409198,-1.1387379
SIG-26027-1168,SMMS,Point machine inspection,Medium,0.24315748,4.383831,-0.02732039,-1.6920003,0.0013668304,-1.1587048
SIG-26027-1169,SMMS,Axle counter issue,Medium,0.02532438,1.9014682,-0.036552742,-1.0855595,-0.00039777264,-1.1862985
SIG-26027-1170,SMMS,Interlocking inspection,Low,-16.596462,-7.7167053,-0.087621525,-3.9342055,-0.0011875206,-1.1412054
SIG-26027-1171,SMMS,Signal equipment defect,Medium,0.09175834,2.198218,-0.031044014,-1.0875447,-0.0015365278,-1.1882168
SIG-26027-1172,SMMS,Preventive S&T maintenance,Low,-15.319737,-2.5222957,-0.10578866,-4.4630847,-0.0011124654,-1.1399058
SIG-26027-1173,SMMS,Preventive S&T maintenance,Low,-16.817905,-8.463984,-0.0747059,-3.9883199,-0.00042669332,-1.1405973
SIG-26027-1174,SMMS,Signal failure,High,12.89507,5.4945726,0.015047818,1.0698587,-0.0007445141,-1.2101828
SIG-26027-1175,SMMS,Preventive S&T maintenance,Low,-15.555459,-4.6441402,-0.09639234,-3.7857654,-0.0017348627,-1.1454748
SIG-26027-1176,SMMS,Point machine inspection,Low,-15.820001,-5.422413,-0.12891401,-3.8216562,0.00091708975,-1.1453335
SIG-26027-1177,SMMS,Point machine inspection,Medium,0.1962461,4.6619935,0.010608231,-1.6109365,-0.0014544345,-1.1623504
SIG-26027-1178,SMMS,Signal failure,Medium,0.23537937,3.1012535,-0.017519843,-1.0402023,-0.00047207758,-1.17456
SIG-26027-1179,SMMS,Preventive S&T maintenance,Low,-16.723196,-7.9257817,-0.07862064,-3.9055836,0.00016450496,-1.1555196
SIG-26027-1180,SMMS,Axle counter issue,High,13.029842,5.8799944,0.013819459,1.0795269,0.00028952598,-1.237829
SIG-26027-1181,SMMS,Track circuit testing,Medium,-0.16963048,1.0479959,-0.017300624,-1.0968406,-0.0005147215,-1.2038761
SIG-26027-1182,SMMS,Track circuit testing,Medium,-0.7125914,-0.7663923,0.010580585,-1.1248947,-0.00092181197,-1.1826409
SIG-26027-1183,SMMS,Point machine inspection,Medium,-0.8314594,-1.4058851,-0.013600535,-1.1181693,-9.996347e-05,-1.1901442
SIG-26027-1184,SMMS,Signal equipment defect,Low,-16.021685,-6.1007648,-0.066365615,-3.9347727,-0.001623933,-1.1309191
SIG-26027-1185,SMMS,Preventive S&T maintenance,High,13.539988,6.8522534,-0.020740548,1.0935786,0.0017442727,-1.225566
SIG-26027-1186,SMMS,Track circuit testing,Low,-15.90926,-5.6869197,-0.13377549,-3.826247,0.0006027112,-1.1191504
SIG-26027-1187,SMMS,Signal equipment defect,Critical,24.561327,11.508123,0.0176776,2.4990282,-0.011517147,-0.88080573
SIG-26027-1188,SMMS,Preventive S&T maintenance,Medium,-0.8430088,-2.5430932,0.011782144,-0.9794613,-0.0019066695,-1.1907834
SIG-26027-1189,SMMS,Signal failure,Low,-15.555354,-4.644353,-0.096283905,-3.7857654,-0.0017348627,-1.1454748
SIG-26027-1190,SMMS,Preventive S&T maintenance,Low,-16.762293,-8.14886,-0.09029495,-3.8938234,0.0008582984,-1.138737
SIG-26027-1191,SMMS,Track circuit testing,Medium,-0.29291448,0.8161655,0.012388992,-1.0872451,-0.0009894177,-1.1822302
SIG-26027-1192,SMMS,Signal failure,High,13.711368,9.355821,0.012192304,0.61474776,0.00019365938,-1.1865727
SIG-26027-1193,SMMS,Axle counter issue,Medium,-0.16650085,1.2025752,0.013550498,-1.1523367,0.0005185521,3.857991
SIG-26027-1194,SMMS,Track circuit testing,High,13.540253,6.852355,-0.02096952,1.0944568,-0.00044541614,-1.2259562
SIG-26027-1195,SMMS,Signal failure,Medium,0.02777044,2.2156115,0.005265554,-1.0860027,0.00092472037,-1.1972777
SIG-26027-1196,SMMS,Axle counter issue,Medium,-0.77520424,-1.1151887,-0.027991753,-1.1398062,-0.0016992171,-1.1896467
SIG-26027-1197,SMMS,Preventive S&T maintenance,Medium,-0.7127736,-0.7669518,0.011064201,-1.1246923,0.0009170356,-1.1832306
SIG-26027-1198,SMMS,Track circuit testing,Low,-15.4548645,-4.3351417,-0.094720975,-3.821212,0.0007163512,-1.142069
SIG-26027-1199,SMMS,Signal equipment defect,Medium,-0.5657857,-0.56319636,-0.028029095,-1.1241021,-0.0016862818,-1.1720344
SIG-26027-1200,SMMS,Axle counter issue,Medium,0.23756397,4.955423,-0.011960163,-1.618455,0.0008034861,-1.1681209
SIG-26027-1201,SMMS,Signal failure,High,12.793191,5.1898465,0.01503728,1.0610458,0.001454948,-1.2121009
SIG-26027-1202,SMMS,Preventive S&T maintenance,Medium,0.15517902,2.847014,0.0022219713,-1.065549,-0.0009242456,-1.1897169
SIG-26027-1203,SMMS,Preventive S&T maintenance,Low,-15.333883,-1.9407659,-0.10737491,-4.3158193,0.016488712,-1.1378325
SIG-26027-1204,SMMS,Point machine inspection,Critical,24.311913,9.989727,-0.01879634,2.3466005,-0.0062614414,-0.9318575
SIG-26027-1205,SMMS,Interlocking inspection,Critical,24.08439,9.365388,-0.026759814,2.332598,-0.00070182735,-0.9831127
SIG-26027-1206,SMMS,Preventive S&T maintenance,Low,-16.354624,-7.1179757,-0.05881196,-3.9429195,-0.0031540012,3.7805812
SIG-26027-1207,SMMS,Preventive S&T maintenance,Medium,-0.098843254,1.6937783,0.0027774596,-1.0823456,-0.0017896814,-1.1887994
SIG-26027-1208,SMMS,Track circuit testing,Low,-15.324309,-2.7204103,-0.10787857,-4.5197453,0.0014191399,-1.1200968
SIG-26027-1209,SMMS,Axle counter issue,Medium,-0.84259003,-2.544915,0.006012541,-0.97785556,-0.00014414571,-1.1916226
SIG-26027-1210,SMMS,Signal failure,Medium,-0.88520116,-1.3888223,0.006977462,-1.1188504,-0.0009582302,-1.1899858
SIG-26027-1211,SMMS,Point machine inspection,Medium,-0.5251237,-0.011176992,0.011192282,-1.103249,-0.0009136339,-1.1825827
SIG-26027-1212,SMMS,Track circuit testing,Medium,0.18202128,3.1199124,0.005489542,-1.0401776,7.8311925e-05,-1.1805114
SIG-26027-1213,SMMS,Signal failure,High,13.030306,5.879565,0.013811812,1.0801277,-0.0013169178,-1.2350035
SIG-26027-1214,SMMS,Track circuit testing,Low,-16.132359,-6.506319,-0.04947853,-3.9346626,-0.0017562736,3.852663
SIG-26027-1215,SMMS,Track circuit testing,Medium,-0.33631152,0.25613225,-0.031050436,-1.0914177,-0.0004045681,-1.1888647
SIG-26027-1216,SMMS,Interlocking inspection,Medium,0.23533466,5.4812603,-0.012080154,-1.7237592,0.00030107683,-1.1727628
SIG-26027-1217,SMMS,Interlocking inspection,Critical,24.56373,11.22694,0.017648801,2.468953,-0.0012670977,-0.9015762
SIG-26027-1218,SMMS,Signal failure,Medium,-0.2929223,0.81615525,0.013014051,-1.0878837,-6.375695e-05,-1.1819311
SIG-26027-1219,SMMS,Axle counter issue,Low,-15.975309,-6.098232,-0.059113953,-3.9664056,-0.004663195,3.7863307
SIG-26027-1220,SMMS,Track circuit testing,Low,-16.660904,-7.981419,-0.08681379,-3.9722736,-0.00096567435,-1.1443835
SIG-26027-1221,SMMS,Axle counter issue,High,13.011265,5.7422285,0.019036079,1.0717618,4.315353e-05,-1.2293984
SIG-26027-1222,SMMS,Interlocking inspection,Low,-15.455642,-4.3345766,-0.09825241,-3.8244057,0.0016688241,-1.1347277
SIG-26027-1223,SMMS,Signal failure,High,13.151471,5.914518,0.015674613,1.0416585,0.0024688013,3.7785215
SIG-26027-1224,SMMS,Axle counter issue,Medium,0.1817338,5.4936624,0.0061606746,-1.7264255,-0.0031316378,-1.1719824
SIG-26027-1225,SMMS,Track circuit testing,High,13.07793,5.7349234,-0.022299396,1.0608112,-0.0014012961,-1.228425
SIG-26027-1226,SMMS,Interlocking inspection,Critical,24.632532,11.756712,-0.016512936,2.5386982,-0.020263238,-0.87778276
SIG-26027-1227,SMMS,Preventive S&T maintenance,High,12.474685,4.165648,0.015908368,1.0966389,0.0055764457,3.7351694
SIG-26027-1228,SMMS,Interlocking inspection,Low,-15.472805,-4.8086386,-0.065435715,-3.8453686,-0.008049983,3.8447738
SIG-26027-1229,SMMS,Preventive S&T maintenance,Low,-16.810766,-8.708166,-0.078464754,-4.001578,0.030969588,-1.1910145
SIG-26027-1230,SMMS,Signal equipment defect,Low,-15.655001,-5.1073837,-0.081983924,-3.8068902,-0.00137954,-1.1652849
SIG-26027-1231,SMMS,Interlocking inspection,Medium,0.2353532,5.479058,-0.012165121,-1.7243297,-0.002605443,-1.1725025
SIG-26027-1232,SMMS,Axle counter issue,Medium,0.18476461,4.9696217,0.005460259,-1.6198002,-0.0018699749,-1.168249
SIG-26027-1233,SMMS,Interlocking inspection,Medium,-0.5661389,-0.5631474,-0.02827686,-1.1242135,-0.0001501309,-1.1729076
SIG-26027-1234,SMMS,Signal failure,High,13.516361,6.43527,-0.0148324035,1.0494257,0.0013660133,3.7315493
SIG-26027-1235,SMMS,Signal failure,Medium,-0.11435068,1.3657933,0.0021811952,-1.0745571,-0.00025544106,-1.1784861
SIG-26027-1236,SMMS,Signal equipment defect,High,13.460171,6.6121483,0.016265834,1.087275,-0.0005943158,-1.2322721
SIG-26027-1237,SMMS,Track circuit testing,Medium,-0.64874816,-0.7873342,-0.028242221,-1.1245234,-0.0012709087,-1.1800668
SIG-26027-1238,SMMS,Signal failure,Critical,24.564606,11.2293415,0.016216053,2.465745,0.0027990013,-0.9026902
SIG-26027-1239,SMMS,Interlocking inspection,Medium,-0.7982356,-1.340113,-0.009929314,-1.181293,-0.000344504,3.8021326
SIG-26027-1240,SMMS,Signal failure,Medium,-0.7125703,-0.76640147,0.011204424,-1.1257106,-0.00060813926,-1.1815816
SIG-26027-1241,SMMS,Signal failure,Medium,0.2543671,4.6512313,-0.016636396,-1.670878,0.0037175429,3.769427
SIG-26027-1242,SMMS,Signal failure,Low,-15.30135,-3.9035845,-0.107560635,-3.758655,-0.0012147444,-1.1515813
SIG-26027-1243,SMMS,Track circuit testing,High,13.107621,5.873914,-0.021081086,1.0629267,-0.0009136304,-1.2343901
SIG-26027-1244,SMMS,Axle counter issue,Medium,0.18085755,2.511857,-0.014017914,-1.0735986,0.00058706006,-1.1871679
SIG-26027-1245,SMMS,Interlocking inspection,Low,-16.605116,-7.3844113,-0.14809686,-3.842093,-0.0014530217,-1.1376227
SIG-26027-1246,SMMS,Point machine inspection,High,13.525818,6.601786,-0.021184508,1.0782745,-0.00072623865,-1.231202
SIG-26027-1247,SMMS,Interlocking inspection,Medium,-0.26978412,0.4941586,-0.031191917,-1.0724577,-0.0004523863,-1.1848295
SIG-26027-1248,SMMS,Interlocking inspection,Medium,-0.16962224,1.0479288,-0.017317941,-1.0968325,-0.0018596937,-1.2024632
SIG-26027-1249,SMMS,Interlocking inspection,Medium,0.15208803,2.8458328,0.0026652557,-1.0671859,0.0074244514,-1.1914078
SIG-26027-1250,SMMS,Point machine inspection,Low,-16.724297,-7.9257317,-0.08103329,-3.908471,0.00083030993,-1.1484858
SIG-26027-1251,SMMS,Point machine inspection,Low,-16.647945,-7.973514,-0.088763766,-3.971417,0.027870856,-1.191637
SIG-26027-1252,SMMS,Signal failure,High,13.190705,6.1506505,0.020344278,1.0752244,-0.0006279458,-1.2129927
SIG-26027-1253,SMMS,Signal failure,Medium,-0.62929505,-0.5431222,0.005413966,-1.1232936,-0.00029782703,-1.1755583
SIG-26027-1254,SMMS,Signal failure,Medium,-0.653815,-0.7401454,-0.009898936,-1.1737102,0.0022007695,3.7891905
SIG-26027-1255,SMMS,Axle counter issue,Medium,0.2528457,5.520195,-0.02384923,-1.7872145,0.0026585571,3.7785215
SIG-26027-1256,SMMS,Signal failure,High,13.6060095,7.215334,0.021294147,1.1376464,-0.001416528,-1.2225325
SIG-26027-1257,SMMS,Signal failure,Medium,0.015401494,1.905876,-0.022857307,-1.0819675,-0.0007108021,-1.1882263
SIG-26027-1258,SMMS,Point machine inspection,Low,-15.469952,-4.808153,-0.05268927,-3.8933048,0.00242433,3.8688087
SIG-26027-1259,SMMS,Axle counter issue,Medium,0.1815521,3.1194978,0.005525377,-1.0399275,0.0012801207,-1.1811152
SIG-26027-1260,SMMS,Interlocking inspection,Low,-16.13369,-6.1229167,-0.13996601,-3.869154,0.0011974184,-1.1374136
SIG-26027-1261,SMMS,Signal failure,Medium,-0.22889188,0.79005754,-0.031117253,-1.087969,-0.0005536788,-1.1799793
SIG-26027-1262,SMMS,Point machine inspection,Medium,-0.8287414,-1.327958,0.011432399,-1.1851288,0.0035323908,3.803534
SIG-26027-1263,SMMS,Signal equipment defect,Medium,-0.65862584,-0.7838957,-0.014277891,-1.1210384,0.0008232886,-1.183236
SIG-26027-1264,SMMS,Interlocking inspection,Medium,-0.8824597,-1.7044421,-0.025976684,-1.0963428,0.00051161676,-1.1850576
SIG-26027-1265,SMMS,Signal equipment defect,Low,-16.139795,-6.11853,-0.13294783,-3.8683934,-0.0014668532,-1.1421655
SIG-26027-1266,SMMS,Signal failure,Medium,0.24741916,4.1192274,-0.027237605,-1.7662749,-0.00047748588,-1.1613961
SIG-26027-1267,SMMS,Point machine inspection,Medium,0.18412353,4.968946,0.0097959405,-1.620641,-0.002475835,-1.1675544
SIG-26027-1268,SMMS,Preventive S&T maintenance,Medium,-0.8314594,-1.4058851,-0.013608768,-1.1180282,-0.00023279084,-1.1901442
SIG-26027-1269,SMMS,Point machine inspection,High,12.793112,5.189985,0.014969416,1.0608667,5.830879e-05,-1.2120823
SIG-26027-1270,SMMS,Point machine inspection,Medium,-0.46113473,-0.034284018,-0.029249353,-1.1032476,-0.0013630193,-1.1803185
SIG-26027-1271,SMMS,Point machine inspection,Medium,-0.045127083,1.6719794,-0.022816671,-1.0811927,-0.0004111409,-1.1890185
SIG-26027-1272,SMMS,Interlocking inspection,Medium,0.081999294,2.2022843,-0.017204706,-1.0838096,-0.000653124,-1.1914507
SIG-26027-1273,SMMS,Preventive S&T maintenance,Medium,0.15476246,2.8465006,0.0027741184,-1.06509,0.0008662802,-1.1903955
SIG-26027-1274,SMMS,Interlocking inspection,High,13.104416,5.8704324,-0.0133688385,1.0661712,-0.00038698243,-1.2347397
SIG-26027-1275,SMMS,Signal failure,Low,-16.818127,-8.466421,-0.07418562,-3.9875588,-0.0021908842,-1.1405103
SIG-26027-1276,SMMS,Point machine inspection,Medium,-0.64859736,-0.7874144,-0.028571196,-1.1242985,-0.00039319368,-1.1809114
SIG-26027-1277,SMMS,Axle counter issue,Medium,-0.91367775,-2.0255957,-0.021897182,-1.0940791,0.0074404995,-1.1918104
SIG-26027-1278,SMMS,Axle counter issue,Medium,-0.40000147,0.2804,0.007846474,-1.0880942,0.00091886823,-1.1914902
SIG-26027-1279,SMMS,Axle counter issue,Low,-15.4295,-4.3964887,-0.10828164,-3.85492,0.001080883,-1.1407349
SIG-26027-1280,SMMS,Track circuit testing,High,13.540255,6.8517866,-0.02089311,1.095678,-0.001082111,-1.2260514
SIG-26027-1281,SMMS,Preventive S&T maintenance,Medium,-0.88265693,-1.7038321,-0.025918443,-1.0959395,-0.0006237922,-1.1847966
SIG-26027-1282,SMMS,Signal failure,Medium,-0.22901951,0.79033285,-0.03131928,-1.0882778,-0.0009613834,-1.1792083
SIG-26027-1283,SMMS,Point machine inspection,Medium,0.23349465,4.382591,-0.017097797,-1.6885896,-0.0029145135,-1.1605327
SIG-26027-1284,SMMS,Axle counter issue,High,13.473067,6.4590273,-0.020888856,1.0827576,-0.0022451563,-1.2184904
SIG-26027-1285,SMMS,Axle counter issue,Medium,-0.9748256,-2.0082097,0.008778462,-1.0896525,-0.00030624206,-1.19349
SIG-26027-1286,SMMS,Signal failure,Low,-15.654121,-5.107099,-0.0823362,-3.807707,0.0011094115,-1.1664134
SIG-26027-1287,SMMS,Signal failure,Medium,-0.22935271,0.7900695,-0.03156179,-1.0881444,0.00025975824,-1.1797235
SIG-26027-1288,SMMS,Signal failure,Medium,-0.23868142,0.793808,-0.017311012,-1.0850323,0.00071534765,-1.1824199
SIG-26027-1289,SMMS,Axle counter issue,Medium,0.24812977,4.9556255,-0.021557307,-1.6206068,-0.00052004645,-1.1675555
SIG-26027-1290,SMMS,Signal equipment defect,Medium,-0.24383573,0.55683964,-0.03339038,-1.1219419,0.0021355066,3.794844
SIG-26027-1291,SMMS,Preventive S&T maintenance,High,13.190664,6.1506195,0.020303117,1.0752927,4.315353e-05,-1.2136196
SIG-26027-1292,SMMS,Interlocking inspection,Low,-15.330025,-3.8469589,-0.10086381,-3.7260547,0.0010149197,-1.1384556
SIG-26027-1293,SMMS,Axle counter issue,Medium,-0.29247996,0.8160005,0.007824183,-1.0852729,-0.0009246838,-1.182705
SIG-26027-1294,SMMS,Track circuit testing,Medium,-0.2924318,0.8157773,0.007853742,-1.0852395,-0.0020707406,-1.1814468
SIG-26027-1295,SMMS,Interlocking inspection,Medium,0.21814758,2.8326912,-0.025559334,-1.0683286,0.00025201833,-1.1817306
SIG-26027-1296,SMMS,Signal equipment defect,Medium,-0.71254474,-0.7679561,0.0054218094,-1.1232058,0.0005774349,-1.1837976
SIG-26027-1297,SMMS,Signal failure,Medium,0.015383448,1.9059328,-0.023019882,-1.081939,-0.0003480029,-1.1884936
SIG-26027-1298,SMMS,Signal failure,Medium,0.18177949,5.493685,0.006174072,-1.7265779,-0.0035068018,-1.1715366
SIG-26027-1299,SMMS,Preventive S&T maintenance,Low,-15.38015,-1.6699399,-0.10822787,-4.3137875,-0.0013856034,-1.1259037
SIG-26027-1300,SMMS,Signal equipment defect,High,12.721124,4.9686255,0.0191587,1.0664107,-0.0006245866,-1.2148726
SIG-26027-1301,SMMS,Track circuit testing,Low,-15.555,-4.644239,-0.095909715,-3.7876816,-0.0007301472,-1.1454049
SIG-26027-1302,SMMS,Preventive S&T maintenance,Medium,0.2087259,2.832629,-0.015900925,-1.0656962,-0.00047207758,-1.1838143
SIG-26027-1303,SMMS,Signal equipment defect,Low,-16.603357,-7.384347,-0.14609812,-3.8408003,0.0011784519,-1.1453649
SIG-26027-1304,SMMS,Signal failure,Medium,-0.5657642,-0.56324744,-0.028373186,-1.1244406,0.00041181137,-1.1734208
SIG-26027-1305,SMMS,Preventive S&T maintenance,Low,-16.660578,-7.9814982,-0.08651349,-3.972272,0.0013784989,-1.1459254
SIG-26027-1306,SMMS,Point machine inspection,Medium,0.23279837,4.384025,-0.017150017,-1.6890574,0.0021785244,-1.1607248
SIG-26027-1307,SMMS,Preventive S&T maintenance,High,12.768764,5.135666,0.010201358,1.0311457,0.005283426,3.7120929
SIG-26027-1308,SMMS,Track circuit testing,Low,-16.440172,-6.9104385,-0.13899496,-3.9120526,0.0008688122,-1.1371671
SIG-26027-1309,SMMS,Preventive S&T maintenance,Critical,23.655018,9.560631,0.010696258,2.5317156,0.0086465785,3.8769622
SIG-26027-1310,SMMS,Point machine inspection,Medium,-0.5659229,-0.56278217,-0.028185023,-1.124699,-0.001372087,-1.1718727
SIG-26027-1311,SMMS,Track circuit testing,Low,-15.34373,-2.4726908,-0.108520314,-4.4294043,-0.0020237763,-1.1256399
SIG-26027-1312,SMMS,Point machine inspection,High,13.772374,8.470683,-0.012903048,0.9475341,-0.003369354,-1.2277725
SIG-26027-1313,SMMS,Interlocking inspection,Medium,0.21841809,2.8329175,-0.025636064,-1.0694159,0.0005281259,-1.1813396
SIG-26027-1314,SMMS,Preventive S&T maintenance,High,13.073787,5.731363,-0.014939751,1.0621053,0.001023913,-1.2302309
SIG-26027-1315,SMMS,Preventive S&T maintenance,Medium,-0.39632255,0.017583609,-0.031186277,-1.1552935,0.0016747859,3.7876656
SIG-26027-1316,SMMS,Track circuit testing,Medium,-0.5741611,-0.39759123,-0.014927826,-1.1177177,-0.00064204546,-1.178188
SIG-26027-1317,SMMS,Signal equipment defect,Medium,0.21849588,2.8325858,-0.025316069,-1.0692877,0.0005378218,-1.1815435
SIG-26027-1318,SMMS,Signal failure,Medium,0.18171576,5.493723,0.0061445134,-1.7263087,-0.002640001,-1.1726176
SIG-26027-1319,SMMS,Interlocking inspection,Medium,-0.22883283,0.78982586,-0.031393677,-1.088509,0.00056392635,-1.1801077
SIG-26027-1320,SMMS,Signal failure,Low,-16.281355,-6.3902693,-0.13543525,-3.8306892,0.0008800388,-1.1683495
SIG-26027-1321,SMMS,Interlocking inspection,Medium,0.20852268,2.832039,-0.015735546,-1.0649478,0.0008214293,-1.1852279
SIG-26027-1322,SMMS,Signal failure,High,13.605614,7.216162,0.021274315,1.1352955,0.002376948,-1.224666
SIG-26027-1323,SMMS,Axle counter issue,High,12.796825,5.1293807,-0.0149290785,1.0276686,0.0050637634,3.7157073
SIG-26027-1324,SMMS,Signal failure,Medium,-0.8425417,-2.544915,0.006208635,-0.9779234,-0.00039513683,-1.1915485
SIG-26027-1325,SMMS,Point machine inspection,High,13.201454,5.91986,-0.029801803,1.0261331,0.0050277696,3.7738001
SIG-26027-1326,SMMS,Point machine inspection,Low,-15.735095,-5.414553,-0.07385286,-3.8685052,-0.00085844507,-1.1304358
SIG-26027-1327,SMMS,Axle counter issue,Medium,-0.8832526,-1.9582617,-0.031092504,-1.1325713,-6.719128e-05,3.7918682
SIG-26027-1328,SMMS,Point machine inspection,Critical,24.632532,11.756634,-0.016512936,2.5387008,-0.020187601,-0.87778276
SIG-26027-1329,SMMS,Signal failure,Low,-16.009731,-5.9108877,-0.13275109,-3.8409371,0.0004127911,-1.1486413
SIG-26027-1330,SMMS,Point machine inspection,Low,-15.325229,-3.8495927,-0.10555707,-3.7237556,-0.0020496473,-1.1365136
SIG-26027-1331,SMMS,Preventive S&T maintenance,High,12.787164,4.9612317,-0.022534262,1.0536942,-0.0008093006,-1.2107561
SIG-26027-1332,SMMS,Point machine inspection,Medium,-0.65381575,-0.7401384,-0.009899678,-1.173704,0.002189052,3.7891905
SIG-26027-1333,SMMS,Track circuit testing,Medium,0.18080854,2.512364,-0.014150028,-1.0732298,-0.0011447611,-1.186131
SIG-26027-1334,SMMS,Interlocking inspection,High,13.709995,8.478066,0.012900129,0.9519278,-0.0049510407,-1.2249578
SIG-26027-1335,SMMS,Signal equipment defect,Low,-16.021685,-6.1007648,-0.066365615,-3.9347727,-0.001623933,-1.1309191
SIG-26027-1336,SMMS,Interlocking inspection,Medium,-0.5278946,-0.01236806,0.011583765,-1.1045858,0.006806185,-1.1842026
SIG-26027-1337,SMMS,Point machine inspection,High,13.406721,6.4662275,0.020330442,1.0939112,-0.0006094711,-1.2199609
SIG-26027-1338,SMMS,Signal equipment defect,Medium,-0.7751512,-1.1151456,-0.028095447,-1.1396383,-0.00049009203,-1.191016
SIG-26027-1339,SMMS,Signal equipment defect,Medium,0.08475261,2.283646,-0.022250079,-1.1421309,0.0035485749,3.819373
SIG-26027-1340,SMMS,Track circuit testing,Medium,-0.7736747,-2.5444589,-0.0073343753,-0.9746036,-0.0017663136,-1.181015
SIG-26027-1341,SMMS,Axle counter issue,Medium,-0.5643434,-0.40212238,-0.028559308,-1.1211871,-0.001761918,-1.1751882
SIG-26027-1342,SMMS,Preventive S&T maintenance,Medium,-0.63566715,-0.7397499,-0.030837115,-1.1761892,0.0021355066,3.7838676
SIG-26027-1343,SMMS,Signal equipment defect,Medium,-0.050674003,1.3393781,-0.037286576,-1.0776701,0.00042523505,-1.1759372
SIG-26027-1344,SMMS,Signal failure,High,13.075888,5.760286,0.010269874,1.0392436,0.0016112411,3.7612038
SIG-26027-1345,SMMS,Preventive S&T maintenance,Low,-16.704489,-8.195686,-0.08745117,-3.9541335,0.00074604666,-1.1378497
SIG-26027-1346,SMMS,Track circuit testing,High,13.071339,5.7299795,-0.0140895555,1.0607122,0.0032802068,-1.2245303
SIG-26027-1347,SMMS,Axle counter issue,Low,-15.301605,-2.7704165,-0.10586502,-4.5501723,3.703136e-05,-1.1342734
SIG-26027-1348,SMMS,Interlocking inspection,Low,-15.654858,-5.107538,-0.08196501,-3.8064928,-0.0017969388,-1.1652733
SIG-26027-1349,SMMS,Signal failure,Low,-15.33242,-2.1724188,-0.10050691,-4.383467,0.000110720124,-1.1445569
SIG-26027-1350,SMMS,Signal failure,Medium,-0.2857847,0.5715752,0.015592219,-1.123652,0.00044359072,3.7978396
SIG-26027-1351,SMMS,Interlocking inspection,Medium,0.2452468,3.1003947,-0.027570555,-1.0425766,-0.0006272748,-1.172726
SIG-26027-1352,SMMS,Point machine inspection,Low,-15.429937,-4.396492,-0.10851758,-3.8550084,0.0003520381,-1.1405935
SIG-26027-1353,SMMS,Axle counter issue,Low,-15.348818,-2.4704957,-0.10353523,-4.430776,-0.0015805988,-1.126798
SIG-26027-1354,SMMS,Point machine inspection,Medium,-0.24073455,0.8388283,-0.014202129,-1.1428865,0.00069735246,3.790433
SIG-26027-1355,SMMS,Point machine inspection,Medium,0.2430984,4.3833017,-0.027105542,-1.691086,0.0016615671,-1.159541
SIG-26027-1356,SMMS,Track circuit testing,High,12.894857,5.4909487,0.019123774,1.0742723,-0.0016000295,-1.210534
SIG-26027-1357,SMMS,Point machine inspection,Medium,-0.40085757,0.2803994,0.012428968,-1.0909007,0.0012120127,-1.1899695
SIG-26027-1358,SMMS,Axle counter issue,Low,-15.319116,-2.5227306,-0.10561787,-4.4635963,0.0013612739,-1.1408756
SIG-26027-1359,SMMS,Axle counter issue,Medium,-0.62931395,-0.5430498,0.0055438606,-1.1243333,-0.000554501,-1.1744456
SIG-26027-1360,SMMS,Track circuit testing,Low,-16.281202,-6.390558,-0.13536508,-3.8308396,0.0011372565,-1.1683921
SIG-26027-1361,SMMS,Point machine inspection,High,13.733811,7.6901016,-0.022454765,1.1744657,0.0008255893,-1.2273939
SIG-26027-1362,SMMS,Track circuit testing,Medium,0.17933024,5.494107,0.0063407663,-1.7271087,0.0072857663,-1.1743369
SIG-26027-1363,SMMS,Preventive S&T maintenance,High,13.26434,6.0994315,0.010525178,1.0358201,0.005767812,3.711407
SIG-26027-1364,SMMS,Interlocking inspection,Medium,-0.2796081,0.49849892,-0.017290384,-1.0693622,-0.0016169994,-1.1852434
SIG-26027-1365,SMMS,Preventive S&T maintenance,Medium,0.08197332,2.2022488,-0.017251806,-1.0848402,-0.00046253362,-1.1905017
SIG-26027-1366,SMMS,Signal equipment defect,Medium,-0.921276,-2.0240374,-0.0119239455,-1.0899949,0.00096006994,-1.1951439
SIG-26027-1367,SMMS,Point machine inspection,Medium,0.02798138,2.2161925,0.0047819405,-1.0861291,-0.0010370337,-1.1966912
SIG-26027-1368,SMMS,Signal failure,Critical,24.24168,9.995488,0.015563052,2.375022,-0.0012436187,-0.94161314
SIG-26027-1369,SMMS,Interlocking inspection,Medium,0.18096335,3.1157012,0.0057704574,-1.0413909,0.00050432875,-1.181322
SIG-26027-1370,SMMS,Signal failure,High,12.497969,4.189558,-0.020355506,1.1063787,-9.491685e-05,-1.216695
SIG-26027-1371,SMMS,Preventive S&T maintenance,Low,-15.634657,-4.8999166,-0.0959774,-3.7919521,-0.0012041264,-1.1468325
SIG-26027-1372,SMMS,Interlocking inspection,Critical,24.014277,9.363821,0.017311972,2.3455124,-0.0051384703,-0.98289055
SIG-26027-1373,SMMS,Signal equipment defect,Medium,-0.6278747,-0.38113865,0.0053206687,-1.120559,-0.0014116163,-1.1777265
SIG-26027-1374,SMMS,Point machine inspection,Medium,-0.9115142,-2.0244377,-0.022360526,-1.093537,0.0009387403,-1.1905053
SIG-26027-1375,SMMS,Signal equipment defect,High,13.473186,6.8575044,0.021275347,1.102802,-0.0030011279,-1.2233472
SIG-26027-1376,SMMS,Preventive S&T maintenance,High,12.590047,4.6580973,-0.01536798,1.057423,-0.0023382271,-1.2401246
SIG-26027-1377,SMMS,Preventive S&T maintenance,Medium,-0.56585747,-0.56281054,-0.028243667,-1.1244875,-0.0015278857,-1.1719072
SIG-26027-1378,SMMS,Interlocking inspection,Low,-15.553868,-4.6437407,-0.094453566,-3.784332,0.0004433191,-1.1530164
SIG-26027-1379,SMMS,Interlocking inspection,High,13.733978,7.689634,-0.02252162,1.1755917,-0.00056519854,-1.2267597
SIG-26027-1380,SMMS,Point machine inspection,Medium,-0.566284,-0.56280565,-0.02855115,-1.1242971,0.00011723708,-1.1730138
SIG-26027-1381,SMMS,Preventive S&T maintenance,Low,-15.647652,-5.407387,-0.052532773,-4.0199456,0.0010203718,3.7474654
SIG-26027-1382,SMMS,Interlocking inspection,Medium,-0.83919364,-1.0936363,0.011205652,-1.140807,7.2099734e-05,-1.1926596
SIG-26027-1383,SMMS,Point machine inspection,Low,-16.35256,-7.118519,-0.058682583,-3.9477642,0.00019353828,3.7817822
SIG-26027-1384,SMMS,Signal equipment defect,Medium,-0.6583892,-0.78327227,-0.014396167,-1.1207055,-0.000713125,-1.1827747
SIG-26027-1385,SMMS,Signal failure,Low,-16.487394,-7.12762,-0.1482053,-3.8077204,-0.0014530217,-1.1370956
SIG-26027-1386,SMMS,Track circuit testing,Medium,-0.34601,0.25971076,-0.016882885,-1.0882505,0.0005793755,-1.1911287
SIG-26027-1387,SMMS,Preventive S&T maintenance,High,13.633522,7.4718204,0.021144643,1.1451693,-0.001104369,-1.2207967
SIG-26027-1388,SMMS,Preventive S&T maintenance,Low,-16.165155,-6.3716764,-0.06914786,-3.8994439,-0.0009836605,-1.147635
SIG-26027-1389,SMMS,Interlocking inspection,High,12.779189,5.187276,0.014848444,1.0702884,-0.0007262925,-1.2130244
SIG-26027-1390,SMMS,Signal equipment defect,High,13.699081,9.541823,0.009796726,0.6265456,0.003832592,-1.1898705
SIG-26027-1391,SMMS,Point machine inspection,Critical,24.23885,9.9953785,0.015524144,2.3729675,-0.0056730104,-0.9303063
SIG-26027-1392,SMMS,Interlocking inspection,Low,-16.660263,-7.660112,-0.07938417,-3.8717475,-0.00074129266,-1.1422596
SIG-26027-1393,SMMS,Axle counter issue,Medium,0.2451246,5.481171,-0.022310298,-1.7280427,-0.00027734274,-1.169488
SIG-26027-1394,SMMS,Axle counter issue,High,12.722056,4.9720135,0.015119519,1.0636004,-0.0005188507,-1.2156148
SIG-26027-1395,SMMS,Point machine inspection,Low,-15.904314,-5.690495,-0.13819206,-3.824623,-0.0014754424,-1.1170068
SIG-26027-1396,SMMS,Track circuit testing,Medium,-0.8584346,-1.6474544,-0.0335232,-1.1488583,0.0050876606,3.7853415
SIG-26027-1397,SMMS,Signal equipment defect,Medium,-0.4404117,0.032751307,0.012060961,-1.1566911,0.0004406092,3.792338
SIG-26027-1398,SMMS,Point machine inspection,Medium,0.21846275,2.8330157,-0.025332978,-1.0683448,-0.00047748588,-1.1818507
SIG-26027-1399,SMMS,Point machine inspection,Low,-16.281252,-6.390482,-0.13532682,-3.8306093,0.0007206997,-1.1682698
SIG-26027-1400,SMMS,Track circuit testing,High,13.71052,9.350495,0.019023273,0.61718625,-0.0048759026,-1.1852806
SIG-26027-1401,SMMS,Preventive S&T maintenance,Medium,-0.7125914,-0.7663964,0.0109164035,-1.1245598,-0.00013446005,-1.182902
SIG-26027-1402,SMMS,Signal equipment defect,Critical,23.961952,10.971256,0.01194565,2.6634634,0.00079532014,3.94151
SIG-26027-1403,SMMS,Signal equipment defect,Medium,-0.03530081,1.6676275,-0.036366034,-1.0848857,-0.00105169,-1.1861421
SIG-26027-1404,SMMS,Axle counter issue,Medium,-0.40023792,0.2810808,0.011855234,-1.0901642,-0.0017908849,-1.1896234
SIG-26027-1405,SMMS,Axle counter issue,Medium,0.20632435,3.155478,0.019411985,-1.1008037,0.00044114274,3.785947
SIG-26027-1406,SMMS,Interlocking inspection,Medium,-0.0352551,1.6676443,-0.03633209,-1.0850604,-0.001397756,-1.1857178
SIG-26027-1407,SMMS,Signal equipment defect,Medium,-0.15995947,1.044018,-0.031240584,-1.1005219,-0.000469746,-1.201525
SIG-26027-1408,SMMS,Signal failure,Medium,-0.23877443,0.79442966,-0.017527753,-1.0857409,-0.0010229743,-1.1802851
SIG-26027-1409,SMMS,Signal failure,Medium,-0.34601,0.25971076,-0.01690406,-1.0880233,0.00039446037,-1.1911498
SIG-26027-1410,SMMS,Signal equipment defect,High,12.432471,4.1969647,0.014672456,1.1173985,-0.00041296743,-1.2166455
SIG-26027-1411,SMMS,Track circuit testing,Medium,-0.29246193,0.81593984,0.007840346,-1.0853899,-0.0014163209,-1.1820699
SIG-26027-1412,SMMS,Axle counter issue,Low,-16.219212,-6.5906606,-0.06974041,-3.9246159,0.0010212548,-1.1473755
SIG-26027-1413,SMMS,Axle counter issue,Critical,24.045773,9.220151,-0.026857624,2.3384323,-0.005274096,-0.97075766
SIG-26027-1414,SMMS,Interlocking inspection,High,13.077661,5.734976,-0.022155898,1.0605351,-0.0021819498,-1.2272944
SIG-26027-1415,SMMS,Signal failure,Medium,0.24762389,4.1186595,-0.027317025,-1.7663964,0.00037127128,-1.1616814
SIG-26027-1416,SMMS,Signal equipment defect,Medium,0.18127671,5.4957504,0.01097774,-1.726145,0.00027113003,-1.1731703
SIG-26027-1417,SMMS,Signal failure,Low,-16.822792,-8.460958,-0.06600555,-3.9906635,-0.00013753351,-1.147087
SIG-26027-1418,SMMS,Preventive S&T maintenance,Medium,0.15478681,2.8470654,0.006629593,-1.0672657,-0.0020177707,-1.1889414
SIG-26027-1419,SMMS,Track circuit testing,Low,-16.164824,-6.37155,-0.06953259,-3.8988008,-0.0007877722,-1.1485455
SIG-26027-1420,SMMS,Signal equipment defect,Medium,0.19064707,2.5080419,-0.027824152,-1.0766001,-0.00055187475,-1.1847273
SIG-26027-1421,SMMS,Signal equipment defect,Medium,0.2452691,3.1006956,-0.027952822,-1.042733,-0.000502722,-1.1726352
SIG-26027-1422,SMMS,Signal failure,Medium,-0.71305037,-0.7669303,0.0111210095,-1.1246051,0.0012801473,-1.1834834
SIG-26027-1423,SMMS,Preventive S&T maintenance,Medium,0.25119868,5.514677,-0.02343374,-1.784078,0.0029535345,3.7794619
SIG-26027-1424,SMMS,Preventive S&T maintenance,Medium,-0.7121389,-0.76771677,0.0048696613,-1.1236725,-0.00091997936,-1.1831192
SIG-26027-1425,SMMS,Point machine inspection,Medium,-0.3364457,0.25616103,-0.030911166,-1.0915715,-0.00095667894,-1.1881927
SIG-26027-1426,SMMS,Signal equipment defect,High,13.744654,8.2614765,-0.014765221,0.90325594,-0.0003430714,-1.2220383
SIG-26027-1427,SMMS,Point machine inspection,Medium,0.1879711,2.577163,-0.020983012,-1.1310226,0.00118697,3.8048828
SIG-26027-1428,SMMS,Signal equipment defect,Medium,-0.9459667,-1.6827344,0.008952634,-1.0935589,-0.0019427672,-1.1860646
SIG-26027-1429,SMMS,Point machine inspection,Low,-16.605074,-7.3843813,-0.14812165,-3.8418906,-0.0017864449,-1.1375356
SIG-26027-1430,SMMS,Track circuit testing,Medium,-0.5246712,-0.011958214,0.0064443205,-1.1014382,-2.8361146e-05,-1.1833117
SIG-26027-1431,SMMS,Track circuit testing,Low,-15.638834,-4.896171,-0.08811852,-3.7914429,0.00038623385,-1.156362
SIG-26027-1432,SMMS,Point machine inspection,Medium,0.1812992,5.495394,0.0064635254,-1.7250108,0.00076852384,-1.1732961
SIG-26027-1433,SMMS,Preventive S&T maintenance,Medium,0.24329811,4.382055,-0.027481727,-1.6918356,-0.0017776656,-1.159049
SIG-26027-1434,SMMS,Preventive S&T maintenance,Medium,-0.1598957,1.0438712,-0.031194093,-1.1007552,-0.0014365219,-1.2002883
SIG-26027-1435,SMMS,Signal equipment defect,Medium,-0.03541637,1.667996,-0.036517993,-1.0851946,-0.0014298407,-1.1855562
SIG-26027-1436,SMMS,Point machine inspection,Medium,0.24756484,4.1188955,-0.027019415,-1.766079,-0.0005695968,-1.161532
SIG-26027-1437,SMMS,Axle counter issue,Medium,-0.57934076,-0.54972595,-0.030345237,-1.174186,0.0019603146,3.7569547
SIG-26027-1438,SMMS,Point machine inspection,Medium,0.20674169,5.0051064,0.017626146,-1.6669687,0.004047154,3.7999794
SIG-26027-1439,SMMS,Axle counter issue,Medium,-0.24567768,0.83884454,-0.014695071,-1.1417282,0.0035443779,3.7918475
SIG-26027-1440,SMMS,Signal failure,Medium,-0.23862642,0.79428005,-0.017409185,-1.084658,-0.0017177721,-1.18079
SIG-26027-1441,SMMS,Track circuit testing,Medium,-0.060633734,1.34372,-0.0236009,-1.0740573,-0.002215629,-1.1754448
SIG-26027-1442,SMMS,Signal equipment defect,Medium,0.24534689,3.1003673,-0.027629336,-1.0426015,-0.0005034955,-1.1728389
SIG-26027-1443,SMMS,Interlocking inspection,Medium,-0.7984583,-1.340113,-0.010157635,-1.1814841,8.4433974e-05,3.8023458
SIG-26027-1444,SMMS,Point machine inspection,Critical,24.080471,9.361859,-0.018887514,2.3327646,-0.00093540957,-0.98651737
SIG-26027-1445,SMMS,Track circuit testing,Medium,0.19062346,2.508334,-0.027992235,-1.0770252,-0.0014138845,-1.1835407
SIG-26027-1446,SMMS,Signal failure,Medium,0.20881891,2.8320978,-0.015726719,-1.0649245,0.00039260098,-1.1851861
SIG-26027-1447,SMMS,Point machine inspection,Medium,-0.9211142,-2.0246441,-0.011712342,-1.0892259,-3.655739e-05,-1.1946828
SIG-26027-1448,SMMS,Axle counter issue,Medium,-0.80294305,-1.3401945,-0.009985907,-1.1792326,0.0051859096,3.8047214
SIG-26027-1449,SMMS,Preventive S&T maintenance,Low,-16.724947,-7.925914,-0.08065838,-3.9071326,-0.0019107965,-1.1479698
SIG-26027-1450,SMMS,Axle counter issue,Medium,-0.7121036,-0.7677248,0.004898014,-1.1237278,-0.0017476002,-1.1822917
SIG-26027-1451,SMMS,Track circuit testing,Medium,-0.62852746,-0.38031322,0.0114990445,-1.1214619,0.0009170356,-1.178473
SIG-26027-1452,SMMS,Axle counter issue,Medium,-0.7713508,-1.0117401,0.010949884,-1.1940993,-0.0003646743,3.8195693
SIG-26027-1453,SMMS,Track circuit testing,Medium,-0.33631805,0.25588578,-0.030855551,-1.0911521,-0.00025203128,-1.1892248
SIG-26027-1454,SMMS,Signal failure,Low,-15.319921,-2.5223143,-0.106302485,-4.461199,-0.001962844,-1.1402287
SIG-26027-1455,SMMS,Preventive S&T maintenance,Medium,-0.6283272,-0.37981418,0.011031591,-1.1217811,-0.0014134491,-1.1772482
SIG-26027-1456,SMMS,Point machine inspection,Low,-16.138071,-6.1182275,-0.13087693,-3.8668406,0.0003432638,-1.1496212
SIG-26027-1457,SMMS,Point machine inspection,Medium,-0.15991129,1.0438771,-0.031203734,-1.1005259,-0.0016465788,-1.2002883
SIG-26027-1458,SMMS,Signal equipment defect,Medium,0.23819661,4.956036,-0.012038111,-1.6170887,-0.000343498,-1.1695081
SIG-26027-1459,SMMS,Point machine inspection,Medium,-0.77367914,-2.5441754,-0.007376131,-0.97554874,0.0005275075,-1.1826001
SIG-26027-1460,SMMS,Signal failure,Critical,24.018398,9.371992,0.017410485,2.3433363,0.0011438191,-0.98515475
SIG-26027-1461,SMMS,Preventive S&T maintenance,Medium,0.082047455,2.2022605,-0.017167855,-1.0837411,-0.0018419572,-1.1903914
SIG-26027-1462,SMMS,Signal equipment defect,Medium,0.23298152,4.384481,-0.017195154,-1.6875777,0.0009884792,-1.161608
SIG-26027-1463,SMMS,Track circuit testing,Medium,-0.035278503,1.6679286,-0.03674829,-1.0848471,-0.00049317797,-1.1866803
SIG-26027-1464,SMMS,Axle counter issue,High,13.63332,7.4720316,0.021273661,1.1435478,0.0015884504,-1.2204417
SIG-26027-1465,SMMS,Axle counter issue,Low,-16.462555,-7.3749123,-0.058791023,-3.9628892,-6.09072e-05,3.7808826
SIG-26027-1466,SMMS,Track circuit testing,High,12.815248,5.136061,-0.03012087,1.0232787,0.0056106136,3.7096372
SIG-26027-1467,SMMS,Track circuit testing,Low,-15.34341,-4.3177886,-0.074226074,-3.8867838,-0.007993847,3.7884278
SIG-26027-1468,SMMS,Point machine inspection,Low,-15.256123,-1.6446351,-0.09108598,-4.4905477,0.004059836,3.8029335
SIG-26027-1469,SMMS,Preventive S&T maintenance,Low,-15.301379,-2.7703438,-0.105748236,-4.5503235,-0.00087309093,-1.133627
SIG-26027-1470,SMMS,Signal equipment defect,Medium,-0.57415104,-0.3976979,-0.014844424,-1.117925,-0.00015787865,-1.1784517
SIG-26027-1471,SMMS,Interlocking inspection,High,12.787729,4.961294,-0.022643808,1.054472,-0.0006823699,-1.2137423
SIG-26027-1472,SMMS,Track circuit testing,High,12.874209,5.4891663,0.020126412,1.0788165,0.012633134,-1.2045778
SIG-26027-1473,SMMS,Signal failure,Critical,24.08439,9.365406,-0.02675046,2.3326254,-0.0007657021,-0.98310333
SIG-26027-1474,SMMS,Track circuit testing,Low,-16.138178,-6.118222,-0.13088055,-3.866557,0.00016127998,-1.1496198
SIG-26027-1475,SMMS,Point machine inspection,Low,-15.635699,-4.90399,-0.09174951,-3.7938733,0.012857426,-1.1567317
SIG-26027-1476,SMMS,Signal failure,Low,-15.528832,-4.7048063,-0.10871073,-3.81584,0.00092037604,-1.153253
SIG-26027-1477,SMMS,Point machine inspection,Medium,0.1812992,5.4954886,0.0064997193,-1.7250769,0.0006991098,-1.1732914
SIG-26027-1478,SMMS,Point machine inspection,Medium,-0.5643117,-0.40208,-0.028627105,-1.1212326,-0.0003814425,-1.1765296
SIG-26027-1479,SMMS,Signal failure,Medium,-0.44326237,0.030016113,0.015194938,-1.1540968,0.0026189212,3.7919428
SIG-26027-1480,SMMS,Point machine inspection,High,13.670366,7.212986,0.011787879,1.0899867,0.0062039415,3.74715
SIG-26027-1481,SMMS,Preventive S&T maintenance,Low,-16.010876,-5.910599,-0.13659158,-3.8431966,0.0012033153,-1.1411242
SIG-26027-1482,SMMS,Track circuit testing,High,13.667858,7.20293,-0.012757651,1.1245161,-0.0029050938,-1.2232078
SIG-26027-1483,SMMS,Signal failure,Medium,0.15491393,2.8470144,0.0067014964,-1.0677791,-0.0016784327,-1.1889155
SIG-26027-1484,SMMS,Signal failure,Medium,0.09188956,2.1972818,-0.030812563,-1.0873716,-0.0021186012,-1.1872339
SIG-26027-1485,SMMS,Track circuit testing,Medium,-0.97497123,-2.0076766,0.008788589,-1.0904903,0.0013295237,-1.1946863
SIG-26027-1486,SMMS,Signal equipment defect,Low,-16.336643,-6.610148,-0.13652658,-3.8595064,0.0014919654,-1.1604313
SIG-26027-1487,SMMS,Point machine inspection,Medium,-0.22786415,0.84104997,-0.037746336,-1.1450713,0.003523148,3.7852042
SIG-26027-1488,SMMS,Track circuit testing,Medium,0.12429007,2.5254626,0.008847618,-1.0763817,0.0059581785,-1.1936839
SIG-26027-1489,SMMS,Preventive S&T maintenance,High,13.191631,6.1540375,0.016264375,1.0724404,-0.00049483584,-1.2137411
SIG-26027-1490,SMMS,Preventive S&T maintenance,Low,-15.2579365,-1.6487848,-0.091132805,-4.485198,-0.003718175,3.7982306
SIG-26027-1491,SMMS,Point machine inspection,Medium,-0.26741648,0.8587717,0.015961738,-1.1483209,0.00050794525,3.791103
SIG-26027-1492,SMMS,Preventive S&T maintenance,Medium,-0.8396737,-1.094103,0.0111210095,-1.1399876,0.0014590891,-1.1938349
SIG-26027-1493,SMMS,Signal equipment defect,High,13.6344185,7.47292,0.014410163,1.1408949,-0.00015136044,-1.2219757
SIG-26027-1494,SMMS,Point machine inspection,Medium,0.23320518,4.3840003,-0.01702601,-1.6877252,0.001673201,-1.1620567
SIG-26027-1495,SMMS,Axle counter issue,Critical,24.315046,9.989326,-0.018903676,2.349123,-0.001995637,-0.94311875
SIG-26027-1496,SMMS,Interlocking inspection,High,12.594466,4.661275,-0.02251908,1.0555143,-0.0014130734,-1.2377442
SIG-26027-1497,SMMS,Axle counter issue,Critical,24.003195,9.368202,0.017408667,2.360574,0.00014329387,-0.9853532
SIG-26027-1498,SMMS,Axle counter issue,Medium,-0.9464431,-1.6810066,0.015512104,-1.0943365,-0.00030093957,-1.1877098
SIG-26027-1499,SMMS,Signal equipment defect,Medium,-0.9113325,-2.024976,-0.022180557,-1.0925984,-0.0002726387,-1.1900562
SIG-26027-1500,SMMS,Preventive S&T maintenance,Low,-16.596712,-7.7168565,-0.08721744,-3.9345646,-0.0013993543,-1.1406372
SIG-26027-1501,SMMS,Signal equipment defect,Medium,0.18137942,3.115723,0.005686703,-1.0417522,7.647933e-05,-1.1808866
SIG-26027-1502,SMMS,Axle counter issue,Medium,-0.94848454,-1.683581,0.009655271,-1.0943183,0.0061458694,-1.1895404
SIG-26027-1503,SMMS,Signal equipment defect,Medium,-0.12197499,1.3905011,0.012537782,-1.134697,0.001491714,3.777789
SIG-26027-1504,SMMS,Point machine inspection,Medium,-0.838752,-1.0952371,0.0053742505,-1.1390157,3.3742097e-05,-1.1932584
SIG-26027-1505,SMMS,Track circuit testing,High,13.710034,9.542745,0.019181725,0.62020653,-0.00011458271,-1.1836033
SIG-26027-1506,SMMS,Interlocking inspection,Medium,0.20875183,2.8326612,-0.015853819,-1.0646698,-0.0006544899,-1.1847633
SIG-26027-1507,SMMS,Axle counter issue,Critical,24.554161,10.871092,0.015688933,2.4498148,-0.0012761662,-0.9118552
SIG-26027-1508,SMMS,Track circuit testing,Medium,-0.52463746,-0.011804861,0.0061368546,-1.1017997,-0.0018108062,-1.1822401
SIG-26027-1509,SMMS,Interlocking inspection,High,13.741485,7.749882,0.010258069,1.1233128,0.0052501187,3.79774
SIG-26027-1510,SMMS,Preventive S&T maintenance,Low,-16.817291,-8.46665,-0.07365475,-3.989033,0.000116059186,-1.1411287
SIG-26027-1511,SMMS,Signal failure,High,13.730145,7.686673,-0.014735603,1.1771225,-0.0008483177,-1.2290004
SIG-26027-1512,SMMS,Interlocking inspection,Critical,24.639418,11.769109,-0.021509057,2.542458,-0.007769949,-0.8840061
SIG-26027-1513,SMMS,Track circuit testing,Medium,-0.975874,-2.0065267,0.014925099,-1.0918547,0.0016207687,-1.1941599
SIG-26027-1514,SMMS,Interlocking inspection,Low,-16.322817,-6.891783,-0.068725824,-3.9783204,-0.0013826257,-1.1251
SIG-26027-1515,SMMS,Preventive S&T maintenance,Low,-16.704323,-8.195903,-0.08700087,-3.9538379,-0.0009929546,-1.1381587
SIG-26027-1516,SMMS,Preventive S&T maintenance,Low,-15.2204685,-3.9672294,-0.102201305,-3.8380244,-0.0017076394,3.8041322
SIG-26027-1517,SMMS,Signal failure,High,13.7759,8.4758005,-0.022516908,0.94632703,0.0035467036,-1.2244304
SIG-26027-1518,SMMS,Signal failure,Critical,24.553675,10.870684,0.015784305,2.4508953,-0.0015919706,-0.9118257
SIG-26027-1519,SMMS,Signal failure,High,12.418115,4.1934514,0.012728165,1.1237255,-0.0005147556,-1.2201641
SIG-26027-1520,SMMS,Point machine inspection,Medium,-0.15978187,1.0439285,-0.031363692,-1.1004597,-0.00045806327,-1.2015637
SIG-26027-1521,SMMS,Axle counter issue,Medium,-0.8391197,-1.0942894,0.011049778,-1.140127,0.00041853072,-1.1929512
SIG-26027-1522,SMMS,Signal failure,Medium,0.21864215,2.8320599,-0.025064684,-1.0682278,-0.0021281452,-1.1798086
SIG-26027-1523,SMMS,Track circuit testing,Medium,0.24331808,4.381814,-0.027072625,-1.6920178,-0.002745806,-1.1580867
SIG-26027-1524,SMMS,Track circuit testing,High,13.041075,5.881168,0.020331036,1.0739857,0.00018298806,-1.2352707
SIG-26027-1525,SMMS,Signal failure,Low,-16.439003,-6.9105287,-0.13529396,-3.9100697,0.001151088,-1.1455573
SIG-26027-1526,SMMS,Signal failure,Medium,0.24527675,5.480926,-0.021848604,-1.7268361,-0.00014702482,-1.1708173
SIG-26027-1527,SMMS,Axle counter issue,Low,-15.649313,-5.110442,-0.0879727,-3.8052447,-0.001922886,-1.1630286
SIG-26027-1528,SMMS,Preventive S&T maintenance,Low,-15.822561,-5.676996,-0.07229568,-3.8714657,4.332067e-05,-1.1187289
SIG-26027-1529,SMMS,Preventive S&T maintenance,Medium,-0.22381458,1.0697023,0.013016359,-1.0994364,-0.00025921492,-1.2040848
SIG-26027-1530,SMMS,Signal equipment defect,Low,-16.322859,-6.891788,-0.068965845,-3.9786441,-0.0010753802,-1.1248001
SIG-26027-1531,SMMS,Point machine inspection,Medium,-0.6278361,-0.38131765,0.0053963307,-1.1208065,-0.0017483908,-1.1770774
SIG-26027-1532,SMMS,Signal failure,Medium,-0.099493355,1.6939077,0.007855342,-1.0847818,0.0009038576,-1.1896882
SIG-26027-1533,SMMS,Interlocking inspection,High,13.776812,9.539251,-0.021531845,0.61071014,0.0041489373,-1.1851673
SIG-26027-1534,SMMS,Track circuit testing,Medium,0.024856994,1.9009448,-0.036655977,-1.0855818,0.00056196266,-1.1861417
SIG-26027-1535,SMMS,Preventive S&T maintenance,Low,-15.554858,-4.6443076,-0.09566268,-3.7873433,0.0011170396,-1.1465554
SIG-26027-1536,SMMS,Point machine inspection,High,13.77618,8.476044,-0.022824721,0.9468403,0.0016706442,-1.2248449
SIG-26027-1537,SMMS,Track circuit testing,Medium,-0.7736892,-2.5442574,-0.0073211147,-0.974683,-0.0014498993,-1.1814526
SIG-26027-1538,SMMS,Axle counter issue,Low,-16.28296,-6.3906584,-0.13736382,-3.8321245,-0.0014668532,-1.1606499
SIG-26027-1539,SMMS,Signal failure,Medium,-0.8856356,-1.3872104,0.0130489385,-1.1201854,-0.001459878,-1.1895612
SIG-26027-1540,SMMS,Axle counter issue,Medium,0.18428765,4.1356363,0.0037017066,-1.7637979,0.0006498484,-1.169432
SIG-26027-1541,SMMS,Interlocking inspection,Low,-15.640329,-4.8970203,-0.08984938,-3.793226,-0.001271031,-1.1488436
SIG-26027-1542,SMMS,Signal equipment defect,Low,-15.301052,-3.9034824,-0.10815306,-3.758429,-0.0006393145,-1.1521921
SIG-26027-1543,SMMS,Point machine inspection,Medium,-0.8218018,-1.4100703,-0.027580917,-1.1224014,0.0006604892,-1.1880994
SIG-26027-1544,SMMS,Interlocking inspection,Medium,-0.24167368,0.55839497,-0.03284515,-1.1244949,0.00092870067,3.7943418
SIG-26027-1545,SMMS,Signal equipment defect,Low,-15.455596,-4.335127,-0.09588717,-3.8251448,0.0011731752,-1.1353534
SIG-26027-1546,SMMS,Signal failure,High,13.103663,5.8705964,-0.013737756,1.0649662,-0.0021620481,-1.2352484
SIG-26027-1547,SMMS,Signal equipment defect,High,13.787923,7.749529,-0.032463588,1.1148864,0.0026080331,3.7949057
SIG-26027-1548,SMMS,Signal equipment defect,High,13.104288,5.8704834,-0.013752428,1.0654392,-0.0015680427,-1.2349683
SIG-26027-1549,SMMS,Signal equipment defect,Medium,-0.838752,-1.0952483,0.0054021724,-1.1389707,-2.602248e-06,-1.1932838
SIG-26027-1550,SMMS,Signal equipment defect,High,12.778908,5.1874666,0.014927984,1.0692714,-0.00060280424,-1.2105567
SIG-26027-1551,SMMS,Signal failure,Low,-15.61375,-4.964183,-0.108211815,-3.8259332,-0.00036826724,-1.1586293
SIG-26027-1552,SMMS,Signal failure,High,13.71086,9.538097,0.019191014,0.62165195,-0.0051648268,-1.1847048
SIG-26027-1553,SMMS,Point machine inspection,Medium,0.1817338,5.4936624,0.0061606746,-1.7262306,-0.0026976787,-1.1726114
SIG-26027-1554,SMMS,Interlocking inspection,High,13.263377,6.0983834,0.011733894,1.032458,0.0012832425,3.706078
SIG-26027-1555,SMMS,Signal equipment defect,Low,-16.658947,-7.6600223,-0.07769655,-3.8685398,0.00081697846,-1.1501162
SIG-26027-1556,SMMS,Signal equipment defect,Medium,-0.23870014,0.7943526,-0.017397197,-1.0844979,-0.0004841216,-1.1821946
SIG-26027-1557,SMMS,Axle counter issue,Low,-15.332719,-2.172274,-0.101517394,-4.3882318,0.0016648667,-1.1388284
SIG-26027-1558,SMMS,Point machine inspection,Low,-16.138037,-6.118429,-0.13094914,-3.8671086,0.0011372565,-1.1499076
SIG-26027-1559,SMMS,Signal failure,Medium,-0.4022732,0.27976447,0.00809385,-1.0893062,0.006004131,-1.1927042
SIG-26027-1560,SMMS,Axle counter issue,Low,-16.486929,-7.355823,-0.07081873,-3.906502,-0.0008013043,-1.1250353
SIG-26027-1561,SMMS,Axle counter issue,Medium,0.2247485,2.8918993,-0.04296904,-1.1270574,0.0009292342,3.7921293
SIG-26027-1562,SMMS,Signal equipment defect,Critical,24.249193,9.999044,0.017443614,2.3597937,-0.0054352367,-0.9303418
SIG-26027-1563,SMMS,Preventive S&T maintenance,Medium,-0.921276,-2.0240374,-0.0119239455,-1.0899949,0.00096006994,-1.1951439
SIG-26027-1564,SMMS,Axle counter issue,Critical,24.561792,11.227802,0.013220324,2.4668036,-0.005637294,-0.8906608
SIG-26027-1565,SMMS,Point machine inspection,Low,-15.909184,-5.6875153,-0.13149434,-3.8274486,0.0015672913,-1.1206745
SIG-26027-1566,SMMS,Signal equipment defect,Medium,-0.27965382,0.49858502,-0.017320711,-1.069246,-0.0011418606,-1.1858449
SIG-26027-1567,SMMS,Signal equipment defect,Medium,0.15478681,2.8469918,0.0066392324,-1.067378,-0.0018411654,-1.1889414
SIG-26027-1568,SMMS,Signal equipment defect,High,13.407718,6.4694653,0.016304318,1.0914333,0.001454948,-1.2213565
SIG-26027-1569,SMMS,Axle counter issue,Medium,-0.62833506,-0.3798596,0.011547941,-1.1214628,-0.0001922901,-1.1780579
SIG-26027-1570,SMMS,Signal failure,Medium,-0.15984778,1.0440074,-0.031515554,-1.1016438,-0.001044304,-1.1996547
SIG-26027-1571,SMMS,Axle counter issue,Low,-16.767056,-8.143276,-0.08164925,-3.8915284,0.00011575135,-1.1511128
SIG-26027-1572,SMMS,Interlocking inspection,Medium,-0.050741557,1.3398647,-0.03732078,-1.0776044,-0.0001942678,-1.1757684
SIG-26027-1573,SMMS,Preventive S&T maintenance,Medium,0.21852307,2.8330922,-0.025296135,-1.0684894,-0.0015658268,-1.1807913
SIG-26027-1574,SMMS,Signal equipment defect,Medium,0.2528783,5.520195,-0.023847455,-1.7873774,0.0028104773,3.7784982
SIG-26027-1575,SMMS,Axle counter issue,Low,-15.8220415,-5.6766024,-0.07253256,-3.870991,-0.0015199706,-1.1183196
SIG-26027-1576,SMMS,Axle counter issue,Low,-15.661812,-5.412642,-0.068312265,-3.9615366,-0.0036197426,3.780538
SIG-26027-1577,SMMS,Preventive S&T maintenance,Medium,-0.44084314,0.030006014,0.015010873,-1.1551081,0.00044359072,3.7906823
SIG-26027-1578,SMMS,Track circuit testing,Low,-15.228669,-1.6485271,-0.06072269,-4.468289,0.036538403,3.830586
SIG-26027-1579,SMMS,Preventive S&T maintenance,Medium,0.09175834,2.1982136,-0.031044014,-1.0874201,-0.0016567752,-1.1882168
SIG-26027-1580,SMMS,Track circuit testing,High,13.631981,7.468225,0.015518901,1.1383811,0.0013096356,-1.2159787
SIG-26027-1581,SMMS,Track circuit testing,Low,-15.338875,-1.9327966,-0.10587298,-4.3123627,-0.00092916895,-1.1297585
SIG-26027-1582,SMMS,Track circuit testing,Medium,-0.8922352,-1.699085,-0.011098945,-1.0925606,-0.0016512577,-1.1872021
SIG-26027-1583,SMMS,Preventive S&T maintenance,High,13.70007,7.463909,-0.020969776,1.1350243,-0.0012565623,-1.2204125
SIG-26027-1584,SMMS,Signal failure,Critical,24.003845,9.368659,0.015450855,2.3568122,-0.0049714665,-0.9737813
SIG-26027-1585,SMMS,Point machine inspection,Medium,-0.8168635,-2.5101378,0.017771283,-1.0320541,0.00015680563,3.7738287
SIG-26027-1586,SMMS,Signal failure,High,12.696219,4.9674497,0.0148731675,1.0741765,0.007351434,-1.2109091
SIG-26027-1587,SMMS,Track circuit testing,Critical,24.548883,10.869516,0.016460214,2.4509492,-0.005604337,-0.90073514
SIG-26027-1588,SMMS,Interlocking inspection,High,13.670634,8.267689,0.010601053,0.918994,-0.00045270554,-1.2237393
SIG-26027-1589,SMMS,Point machine inspection,High,13.775629,8.475716,-0.022536863,0.94586146,0.0021504925,-1.2221946
SIG-26027-1590,SMMS,Signal failure,High,13.710873,9.350698,0.019168448,0.6167935,-0.0048238724,-1.1837966
SIG-26027-1591,SMMS,Preventive S&T maintenance,Low,-16.599436,-7.389147,-0.15570776,-3.8410738,-0.0013099806,-1.1321132
SIG-26027-1592,SMMS,Axle counter issue,Medium,0.18378681,4.1359906,0.0037996818,-1.7633201,0.00050616136,-1.1697176
SIG-26027-1593,SMMS,Axle counter issue,Medium,-0.09932358,1.6936824,0.003336241,-1.0816864,0.0005157053,-1.1905543
SIG-26027-1594,SMMS,Axle counter issue,High,13.179421,6.1490693,0.013957851,1.0809344,0.0010374752,-1.2153826
SIG-26027-1595,SMMS,Signal failure,Low,-16.719444,-7.931038,-0.0877135,-3.9066432,-0.0017109766,-1.1419791
SIG-26027-1596,SMMS,Preventive S&T maintenance,Low,-16.439053,-6.910453,-0.1352557,-3.9099195,0.0008938703,-1.1455147
SIG-26027-1597,SMMS,Signal failure,Medium,-0.16037998,1.0430856,-0.031132821,-1.1018853,0.0013529805,-1.200739
SIG-26027-1598,SMMS,Interlocking inspection,High,12.48919,4.4467216,0.015482782,1.0959251,0.001675971,-1.2199756
SIG-26027-1599,SMMS,Point machine inspection,Low,-16.724493,-7.9259977,-0.0803422,-3.9089448,-0.0008586214,-1.1479
SIG-26027-1600,SMMS,Preventive S&T maintenance,Medium,-0.6296925,-0.5422799,0.011069509,-1.1249009,0.00077996677,-1.1752919
SIG-26027-1601,SMMS,Interlocking inspection,High,12.787339,4.9612317,-0.022534262,1.0538703,-0.0011371397,-1.2107805
SIG-26027-1602,SMMS,Interlocking inspection,High,13.711841,9.5387335,0.012250767,0.61881816,-0.0052865916,-1.1856681
SIG-26027-1603,SMMS,Signal failure,Medium,0.1907839,2.5074782,-0.027801763,-1.0767848,0.0003905111,-1.1850805
SIG-26027-1604,SMMS,Track circuit testing,Medium,0.20845188,5.5232906,0.017705237,-1.7879794,0.0010435232,3.785172
SIG-26027-1605,SMMS,Track circuit testing,Medium,0.19628653,4.662004,0.010636154,-1.6107341,-0.0017978688,-1.1622884
SIG-26027-1606,SMMS,Preventive S&T maintenance,Critical,24.554585,11.5044985,0.015735583,2.512364,-0.006091582,-0.89205635
SIG-26027-1607,SMMS,Axle counter issue,Medium,-0.035270695,1.667664,-0.036345348,-1.0848291,-0.0016199838,-1.1857178
SIG-26027-1608,SMMS,Axle counter issue,Medium,-0.89225084,-1.6990651,-0.011112203,-1.0923296,-0.0018734855,-1.1872021
SIG-26027-1609,SMMS,Interlocking inspection,Medium,-0.16960666,1.0479184,-0.017317941,-1.0970756,-0.0016217039,-1.2024632
SIG-26027-1610,SMMS,Axle counter issue,Medium,0.24492143,5.4811764,-0.022144914,-1.727027,0.0016125309,-1.1709018
SIG-26027-1611,SMMS,Preventive S&T maintenance,Medium,-0.8824494,-1.7042896,-0.025721565,-1.0958446,-0.00042787165,-1.1850339
SIG-26027-1612,SMMS,Track circuit testing,High,13.2571335,6.1432724,-0.020896843,1.0632464,0.0009634808,-1.2122456
SIG-26027-1613,SMMS,Axle counter issue,Medium,-0.892281,-1.6989851,-0.011132889,-1.0922477,-0.0007543308,-1.1884323
SIG-26027-1614,SMMS,Point machine inspection,Medium,-0.3361706,0.2552092,-0.03066557,-1.0917665,0.00077290303,-1.1892959
SIG-26027-1615,SMMS,Point machine inspection,High,13.516211,6.4371047,-0.014995972,1.0501362,0.0018017598,3.733007
SIG-26027-1616,SMMS,Interlocking inspection,Low,-16.431496,-6.910617,-0.1389351,-3.9122527,0.020282762,-1.1649383
SIG-26027-1617,SMMS,Track circuit testing,Low,-16.50287,-7.660873,-0.05284632,-4.0523076,-0.0007665354,3.7859008
SIG-26027-1618,SMMS,Interlocking inspection,Medium,-0.27965382,0.49867746,-0.01732752,-1.069054,-0.00079060433,-1.1864738
SIG-26027-1619,SMMS,Track circuit testing,Medium,-0.33585745,0.5179411,0.007897392,-1.0706816,0.006102969,-1.1884646
SIG-26027-1620,SMMS,Preventive S&T maintenance,Medium,-0.64908785,-0.7874819,-0.028549705,-1.1244328,0.00011723708,-1.1807511
SIG-26027-1621,SMMS,Signal failure,Critical,24.1442,9.821421,0.01723531,2.3586383,-0.0058255293,-0.93390757
SIG-26027-1622,SMMS,Signal failure,Low,-15.325244,-2.7208555,-0.10819051,-4.5170712,-0.0014874997,-1.1195287
SIG-26027-1623,SMMS,Signal equipment defect,Low,-15.3802,-1.6692156,-0.10551686,-4.312787,-0.0014049119,-1.1302668
SIG-26027-1624,SMMS,Interlocking inspection,Medium,-0.03865301,1.9279503,0.007866485,-1.0844016,8.602329e-05,-1.188978
SIG-26027-1625,SMMS,Point machine inspection,Medium,-0.41484883,0.019050729,-0.010673538,-1.151636,8.8490146e-05,3.792403
SIG-26027-1626,SMMS,Axle counter issue,High,13.029921,5.8798556,0.01388732,1.079706,0.0016861651,-1.2378476
SIG-26027-1627,SMMS,Axle counter issue,Critical,24.570704,11.767597,0.012905327,2.5531158,-0.014092848,-0.87617075
SIG-26027-1628,SMMS,Interlocking inspection,Medium,0.12680277,2.5265384,0.008219746,-1.0753909,-0.0019241122,-1.1909443
SIG-26027-1629,SMMS,Point machine inspection,Low,-16.139692,-6.1187315,-0.13276157,-3.868574,-0.001444954,-1.1420959
SIG-26027-1630,SMMS,Signal equipment defect,Medium,0.1962466,4.662106,0.010103646,-1.6109655,-0.00246517,-1.162112
SIG-26027-1631,SMMS,Track circuit testing,Medium,-0.22920753,0.7899044,-0.031318527,-1.088076,-0.00013980042,-1.1796159
SIG-26027-1632,SMMS,Signal equipment defect,High,13.040116,5.879243,0.02089524,1.0715373,-0.0058467146,-1.2272404
SIG-26027-1633,SMMS,Signal failure,Medium,0.15476246,2.8468843,0.0028103115,-1.0651543,0.00050616136,-1.1903908
SIG-26027-1634,SMMS,Axle counter issue,Low,-15.820826,-5.422321,-0.1312222,-3.8241158,0.0011331554,-1.138693
SIG-26027-1635,SMMS,Interlocking inspection,Low,-16.767927,-8.143439,-0.08547015,-3.893696,-0.00014958106,-1.1424747
SIG-26027-1636,SMMS,Signal equipment defect,High,13.557248,6.8622,0.009659289,1.0700384,0.006370797,3.752673
SIG-26027-1637,SMMS,Axle counter issue,Low,-15.429642,-4.396416,-0.108543426,-3.8552444,-0.00078106456,-1.1395718
SIG-26027-1638,SMMS,Preventive S&T maintenance,Low,-16.660809,-7.9809647,-0.08754284,-3.9718692,0.0008146645,-1.1450362
SIG-26027-1639,SMMS,Preventive S&T maintenance,Medium,0.1906767,2.5083027,-0.027959958,-1.0770217,-0.0015060279,-1.1835063
SIG-26027-1640,SMMS,Axle counter issue,Low,-16.486813,-7.355624,-0.07117613,-3.9065697,0.0010212548,-1.1254001
SIG-26027-1641,SMMS,Interlocking inspection,Low,-15.455642,-4.3345995,-0.096933745,-3.825009,0.0010358484,-1.1347871
SIG-26027-1642,SMMS,Signal equipment defect,Medium,0.18311957,4.135346,0.008047772,-1.7659998,0.0012101533,-1.1689665
SIG-26027-1643,SMMS,Interlocking inspection,Medium,0.028415348,2.2159965,0.00091811566,-1.0846213,0.00019340734,-1.1966432
SIG-26027-1644,SMMS,Preventive S&T maintenance,High,13.782838,9.526357,0.011080789,0.513563,0.0028384998,3.7680132
SIG-26027-1645,SMMS,Track circuit testing,Medium,0.18144022,3.1158245,0.005233432,-1.0420432,-0.0018331637,-1.1795893
SIG-26027-1646,SMMS,Interlocking inspection,Low,-16.434387,-6.9154577,-0.14464912,-3.911888,0.0013114221,-1.1328833
SIG-26027-1647,SMMS,Signal failure,Medium,-0.33399144,0.5195716,0.012332986,-1.0727499,0.00096523465,-1.1864566
SIG-26027-1648,SMMS,Preventive S&T maintenance,Medium,0.12633803,2.526514,0.008756773,-1.0749514,0.0005138727,-1.1926773
SIG-26027-1649,SMMS,Signal failure,Low,-15.351771,-1.7236825,-0.10500134,-4.3436303,0.014889654,-1.1494982
SIG-26027-1650,SMMS,Signal failure,Low,-16.723127,-7.9260426,-0.07866718,-3.9058833,0.0009499073,-1.1557626
SIG-26027-1651,SMMS,Signal equipment defect,Medium,-0.62978756,-0.5417202,0.01057914,-1.124763,-0.0009136339,-1.1749035
SIG-26027-1652,SMMS,Point machine inspection,High,13.6959915,7.4612722,-0.0129598165,1.1355716,-0.0021302872,-1.2213823
SIG-26027-1653,SMMS,Signal failure,Low,-15.191214,-2.4319026,-0.061768115,-4.6550994,0.0015781751,3.8218486
SIG-26027-1654,SMMS,Track circuit testing,Medium,0.26024604,4.644838,-0.024464019,-1.6120094,-0.0017336893,-1.1570574
SIG-26027-1655,SMMS,Preventive S&T maintenance,Medium,0.24759856,4.118272,-0.026969312,-1.7661579,-0.0021281452,-1.1593541
SIG-26027-1656,SMMS,Signal failure,Critical,24.462748,10.38066,0.012952008,2.388825,-0.0029230507,-0.93569505
SIG-26027-1657,SMMS,Track circuit testing,Medium,-0.16845714,1.2007995,0.014156974,-1.1499245,0.0026335376,3.858811
SIG-26027-1658,SMMS,Signal failure,Low,-16.7667,-8.756914,-0.070012495,-4.060621,-0.00021178242,-1.1391139
SIG-26027-1659,SMMS,Axle counter issue,Low,-15.640396,-4.8966694,-0.09002097,-3.7928472,-0.0017818232,-1.1488259
SIG-26027-1660,SMMS,Track circuit testing,Low,-15.555497,-4.644239,-0.096289225,-3.786177,-0.001271031,-1.1454926
SIG-26027-1661,SMMS,Point machine inspection,Low,-15.628235,-5.193754,-0.11965646,-3.8519676,-0.0009526677,-1.1757373
SIG-26027-1662,SMMS,Axle counter issue,High,13.670267,8.265198,0.0106367245,0.91723675,-0.0030088983,-1.221272
SIG-26027-1663,SMMS,Signal equipment defect,Medium,-0.88711214,-1.9601313,-0.03141499,-1.1297535,0.0024459676,3.7925882
SIG-26027-1664,SMMS,Signal equipment defect,Medium,-0.8830848,-1.7046192,-0.025810692,-1.097306,0.0014587159,-1.1844057
SIG-26027-1665,SMMS,Point machine inspection,High,12.998384,5.7431154,0.014830774,1.0780774,0.0015099862,-1.231643
SIG-26027-1666,SMMS,Interlocking inspection,High,13.793789,9.835343,0.009873206,0.54994434,0.002909111,3.8649356
SIG-26027-1667,SMMS,Point machine inspection,Medium,-0.26988426,0.494186,-0.030998684,-1.0727295,-0.0010487895,-1.1840818
SIG-26027-1668,SMMS,Preventive S&T maintenance,Medium,-0.5659229,-0.56278217,-0.028211389,-1.1244841,-0.0015606774,-1.1718727
SIG-26027-1669,SMMS,Signal equipment defect,High,13.733953,7.689362,-0.022602063,1.1762985,-0.00075524644,-1.2269002
SIG-26027-1670,SMMS,Preventive S&T maintenance,Medium,0.091745436,2.19754,-0.031030755,-1.0875657,-0.001963284,-1.1870916
SIG-26027-1671,SMMS,Signal equipment defect,Medium,-0.62933505,-0.5430447,0.005204034,-1.1232018,-0.00013262744,-1.175643
SIG-26027-1672,SMMS,Preventive S&T maintenance,High,13.710355,9.355315,0.019121913,0.6172659,0.00021656363,-1.1852849
SIG-26027-1673,SMMS,Track circuit testing,Medium,-0.16985273,1.0479904,-0.017461,-1.0980514,0.000536267,-1.203328
SIG-26027-1674,SMMS,Preventive S&T maintenance,Medium,-0.5643434,-0.40212238,-0.028559308,-1.1211871,-0.001761918,-1.1751882
SIG-26027-1675,SMMS,Axle counter issue,Medium,-0.2237702,1.0693153,0.01295304,-1.0995276,0.0004708404,-1.2043178
SIG-26027-1676,SMMS,Axle counter issue,High,12.528058,4.668654,0.019530406,1.0687066,-0.0008055695,-1.23857
SIG-26027-1677,SMMS,Point machine inspection,Low,-16.821962,-8.459884,-0.06463318,-3.989283,0.0010222733,-1.1542552
SIG-26027-1678,SMMS,Point machine inspection,Medium,0.18408647,4.9693856,0.010245121,-1.6205659,0.00020699984,-1.1699703
SIG-26027-1679,SMMS,Interlocking inspection,Low,-15.3479805,-2.470403,-0.10387693,-4.4321513,0.000811251,-1.1270509
SIG-26027-1680,SMMS,Signal failure,Medium,0.2351089,5.512573,-0.0059903776,-1.783734,0.0027071377,3.7842326
SIG-26027-1681,SMMS,Signal equipment defect,Medium,0.26028648,4.644848,-0.024473514,-1.6118728,-0.0019899418,-1.1569797
SIG-26027-1682,SMMS,Signal failure,Medium,-0.92105603,-2.024595,-0.01179053,-1.088838,-0.0019428404,-1.1931945
SIG-26027-1683,SMMS,Interlocking inspection,Low,-16.592476,-8.15489,-0.06367037,-4.0760264,-0.0010513355,3.7752547
SIG-26027-1684,SMMS,Preventive S&T maintenance,Low,-15.182493,-1.889904,-0.070392564,-4.538783,0.00047742826,3.821808
SIG-26027-1685,SMMS,Signal equipment defect,Medium,0.12727089,2.5266306,0.0038320504,-1.0740361,-0.0017896814,-1.1906389
SIG-26027-1686,SMMS,Preventive S&T maintenance,Medium,0.25809535,4.646139,-0.024136858,-1.6126984,0.008530372,-1.1577563
SIG-26027-1687,SMMS,Signal equipment defect,Medium,0.24507323,5.479108,-0.021977695,-1.7283436,-0.0032743183,-1.1695153
SIG-26027-1688,SMMS,Axle counter issue,Medium,0.2600311,4.64527,-0.024670396,-1.6120629,-0.0020113203,-1.1567371
SIG-26027-1689,SMMS,Axle counter issue,High,13.670448,7.2053423,-0.019799989,1.1231593,-0.0027290662,-1.2164017
SIG-26027-1690,SMMS,Signal equipment defect,High,13.795349,9.738474,-0.020014614,0.640185,-0.0025912472,-1.1935811
SIG-26027-1691,SMMS,Preventive S&T maintenance,Medium,0.10749899,2.2860506,-0.04481508,-1.1467329,0.0006033003,3.8112948
SIG-26027-1692,SMMS,Point machine inspection,Medium,-0.5643434,-0.4021267,-0.028523412,-1.1213706,-0.0016359525,-1.1751622
SIG-26027-1693,SMMS,Signal failure,High,13.257329,6.143706,-0.021127889,1.0633821,-0.0007192887,-1.21266
SIG-26027-1694,SMMS,Axle counter issue,Critical,24.451576,10.379847,0.015532245,2.399421,-0.005288228,-0.92264694
SIG-26027-1695,SMMS,Point machine inspection,Critical,24.150934,9.821384,0.015560225,2.3585835,-0.0014687642,-0.9450776
SIG-26027-1696,SMMS,Track circuit testing,High,13.556649,6.8616447,0.009492728,1.0670062,0.002617162,3.750236
SIG-26027-1697,SMMS,Signal failure,Low,-15.343579,-2.4726546,-0.10765258,-4.4315267,-0.001278215,-1.1253148
SIG-26027-1698,SMMS,Signal equipment defect,Medium,-0.03858873,1.9280238,0.0074132136,-1.0847213,-0.00176976,-1.1876805
SIG-26027-1699,SMMS,Axle counter issue,High,13.041076,5.880845,0.020255791,1.0747375,-0.00075317116,-1.2346892
SIG-26027-1700,SMMS,Signal equipment defect,High,12.722091,4.972027,0.015118923,1.063631,-0.0005943158,-1.2156167
SIG-26027-1701,SMMS,Signal failure,Low,-15.314503,-1.9797497,-0.10504742,-4.344812,0.001443512,-1.1415306
SIG-26027-1702,SMMS,Signal equipment defect,Medium,-0.39980105,0.28089902,0.0073790206,-1.0882185,-0.0009776573,-1.1908942
SIG-26027-1703,SMMS,Point machine inspection,Medium,-0.04519603,1.6718285,-0.022609197,-1.0817465,0.00020424038,-1.1890678
SIG-26027-1704,SMMS,Axle counter issue,Medium,-0.24432577,0.559915,-0.03445344,-1.1229063,0.0021125039,3.7943091
SIG-26027-1705,SMMS,Signal equipment defect,High,13.72917,9.746614,0.020444874,0.6533335,-0.0017262698,-1.1964607
SIG-26027-1706,SMMS,Interlocking inspection,High,13.771072,8.468904,-0.012202709,0.9438716,-0.008408186,-1.2199062
SIG-26027-1707,SMMS,Track circuit testing,Medium,0.15521894,2.8469164,0.0027544785,-1.0653135,-0.00026512225,-1.1898935
SIG-26027-1708,SMMS,Preventive S&T maintenance,Low,-15.329352,-2.7184105,-0.101333775,-4.5154834,0.0006909786,-1.1284881
SIG-26027-1709,SMMS,Axle counter issue,Medium,-0.52510566,-0.011186257,0.011192282,-1.1031835,-0.0009847132,-1.1825861
SIG-26027-1710,SMMS,Signal equipment defect,Medium,-0.57555515,-0.55867445,-0.014339012,-1.1206514,-0.0004689477,-1.1752107
SIG-26027-1711,SMMS,Axle counter issue,Medium,-0.22427106,1.0695748,0.013035995,-1.0992109,0.0005814829,-1.2045867
SIG-26027-1712,SMMS,Interlocking inspection,Low,-15.338008,-1.9330907,-0.10621469,-4.314384,0.00085630873,-1.1310468
SIG-26027-1713,SMMS,Interlocking inspection,Medium,-0.05076269,1.3399408,-0.037272125,-1.0773934,-0.0017528428,-1.1745245
SIG-26027-1714,SMMS,Preventive S&T maintenance,Low,-15.339632,-1.9345081,-0.10923225,-4.3124614,-0.0030853557,-1.1257154
SIG-26027-1715,SMMS,Axle counter issue,Medium,0.24527052,3.1008127,-0.027722523,-1.0432937,-0.0014150795,-1.1715109
SIG-26027-1716,SMMS,Signal equipment defect,Low,-16.83035,-8.709874,-0.0695162,-4.001422,-0.002063452,-1.1514539
SIG-26027-1717,SMMS,Track circuit testing,Medium,0.2088156,2.8326354,-0.01580733,-1.0649551,-0.0015125421,-1.183704
SIG-26027-1718,SMMS,Signal equipment defect,Medium,0.20968446,5.0050364,0.011677137,-1.6693298,0.0026385055,3.798101
SIG-26027-1719,SMMS,Preventive S&T maintenance,High,13.681779,8.27207,0.019757692,0.9128928,0.0003777059,-1.221248
SIG-26027-1720,SMMS,Signal failure,Low,-15.528812,-4.704838,-0.107798,-3.8144047,-0.00042980548,-1.1532047
SIG-26027-1721,SMMS,Axle counter issue,Low,-16.82452,-8.715841,-0.07802969,-3.9985416,-0.0016577296,-1.1460892
SIG-26027-1722,SMMS,Track circuit testing,Medium,-0.77520424,-1.115314,-0.028011283,-1.1400902,-0.0012799745,-1.1896371
SIG-26027-1723,SMMS,Signal failure,Medium,-0.037539817,1.666433,-0.036456652,-1.0864244,0.005569193,-1.1876998
SIG-26027-1724,SMMS,Point machine inspection,High,13.594195,7.21166,0.011984428,1.1421205,-0.0022173133,-1.2251525
SIG-26027-1725,SMMS,Axle counter issue,Medium,-0.7956054,-2.5123773,-0.0017812272,-1.025372,0.007796399,3.7766855
SIG-26027-1726,SMMS,Track circuit testing,Critical,24.564228,11.230419,0.016188484,2.4662654,0.0036469498,-0.90473664
SIG-26027-1727,SMMS,Preventive S&T maintenance,Low,-15.909904,-5.6875725,-0.13200398,-3.8258455,-0.0014886233,-1.1192889
SIG-26027-1728,SMMS,Track circuit testing,Low,-15.33013,-3.8467686,-0.10097224,-3.7260547,0.0010358484,-1.1384537
SIG-26027-1729,SMMS,Preventive S&T maintenance,High,13.469194,6.455339,-0.01367271,1.0843295,0.001023913,-1.2214204
SIG-26027-1730,SMMS,Interlocking inspection,Medium,0.12725545,2.5265572,0.00435121,-1.0735542,-0.00025148428,-1.1918964
SIG-26027-1731,SMMS,Point machine inspection,Low,-16.758804,-8.512439,-0.068839915,-4.0529184,-0.0015266285,-1.1401821
SIG-26027-1732,SMMS,Signal failure,Medium,-0.6487352,-0.7874668,-0.028255481,-1.1243213,-0.0017707765,-1.179636
SIG-26027-1733,SMMS,Axle counter issue,Critical,24.63653,11.760218,-0.024314364,2.5372639,-0.020170165,-0.8730957
SIG-26027-1734,SMMS,Signal equipment defect,Medium,-0.6011325,-0.37097245,-0.0100364685,-1.1622343,0.0036155165,3.7781348
SIG-26027-1735,SMMS,Signal failure,Medium,0.21804227,2.8320825,-0.025225228,-1.0696931,0.0013151194,-1.1810497
SIG-26027-1736,SMMS,Preventive S&T maintenance,Medium,-0.57609886,-0.55921614,-0.014429175,-1.1209196,0.0009797523,-1.1752155
SIG-26027-1737,SMMS,Interlocking inspection,Low,-15.306301,-2.2286396,-0.10348383,-4.4201775,0.01677302,-1.1556964
SIG-26027-1738,SMMS,Axle counter issue,Medium,0.23559277,3.1012166,-0.017396156,-1.0398585,-0.0012557419,-1.1744196
SIG-26027-1739,SMMS,Preventive S&T maintenance,Low,-16.129124,-6.1179166,-0.13369565,-3.8737166,0.02607374,-1.1692636
SIG-26027-1740,SMMS,Point machine inspection,Critical,24.38381,10.236224,0.017350148,2.3772545,-0.0013393066,-0.93914247
SIG-26027-1741,SMMS,Point machine inspection,High,13.041762,5.884531,0.01635105,1.0706373,-0.0006377496,-1.2327744
SIG-26027-1742,SMMS,Signal equipment defect,Medium,0.17934527,4.4005756,0.003536444,-1.6888694,0.0022234635,-1.1671464
SIG-26027-1743,SMMS,Signal equipment defect,Medium,-0.7125812,-0.7665264,0.011113097,-1.1248105,4.1994266e-05,-1.1829047
SIG-26027-1744,SMMS,Axle counter issue,Medium,-0.33640775,0.25572425,-0.030910414,-1.0923703,0.00056920765,-1.1885215
SIG-26027-1745,SMMS,Axle counter issue,High,12.793233,5.1897078,0.014863208,1.0619029,-0.0013054392,-1.2114929
SIG-26027-1746,SMMS,Preventive S&T maintenance,Low,-15.31977,-2.5222938,-0.105796695,-4.4631,-0.0010595948,-1.1399039
SIG-26027-1747,SMMS,Interlocking inspection,High,12.956972,5.4807315,-0.015004796,1.0641212,-0.0023382271,-1.2126516
SIG-26027-1748,SMMS,Signal equipment defect,Low,-16.011332,-5.9112306,-0.13481838,-3.8423808,-0.0016742002,-1.1411
SIG-26027-1749,SMMS,Interlocking inspection,Medium,-0.89682335,-1.6365484,0.011948009,-1.1548882,0.0010525988,3.7902157
SIG-26027-1750,SMMS,Axle counter issue,Low,-15.378815,-1.6694077,-0.10349444,-4.3098187,-0.00013609532,-1.1377212
SIG-26027-1751,SMMS,Track circuit testing,Medium,-0.46133757,-0.034109663,-0.029820733,-1.1044109,0.00055951177,-1.1804782
SIG-26027-1752,SMMS,Signal equipment defect,Low,-16.481714,-7.1322303,-0.15567382,-3.8066075,-0.0019234717,-1.1313356
SIG-26027-1753,SMMS,Preventive S&T maintenance,Medium,0.058572866,2.3152156,0.022608133,-1.1452348,0.004046383,3.8365402
SIG-26027-1754,SMMS,Signal equipment defect,Low,-16.337526,-6.6097593,-0.13734749,-3.8576612,-0.0017864449,-1.1590279
SIG-26027-1755,SMMS,Axle counter issue,High,13.783187,8.314086,-0.017607013,0.85262597,0.002384151,3.8048692
SIG-26027-1756,SMMS,Interlocking inspection,Medium,0.025269637,1.9018146,-0.036667235,-1.0859543,-0.0015060279,-1.1849726
SIG-26027-1757,SMMS,Point machine inspection,Critical,24.55851,10.630904,0.01734319,2.4048543,-0.005926461,-0.9127101
SIG-26027-1758,SMMS,Axle counter issue,Low,-16.758522,-8.511516,-0.069151685,-4.053458,-0.0010894582,-1.1409703
SIG-26027-1759,SMMS,Track circuit testing,High,13.52582,6.6014853,-0.021066174,1.0791067,-0.0013246599,-1.2312554
SIG-26027-1760,SMMS,Axle counter issue,Medium,-0.5648417,-0.40180993,-0.029081361,-1.1213796,0.00011723708,-1.1761676
SIG-26027-1761,SMMS,Point machine inspection,Critical,24.624094,10.865638,-0.017474797,2.4236393,-0.0065162946,-0.9026551
SIG-26027-1762,SMMS,Track circuit testing,Medium,-0.57411283,-0.3976752,-0.015000182,-1.1177034,-0.0003718639,-1.1783645
SIG-26027-1763,SMMS,Signal equipment defect,Medium,-0.11485156,1.3660829,0.0061972807,-1.0768037,-0.0009286692,-1.1778315
SIG-26027-1764,SMMS,Point machine inspection,Medium,0.19654109,4.664315,0.006236226,-1.6084304,0.0021086987,-1.1623709
SIG-26027-1765,SMMS,Signal equipment defect,Medium,-0.099184245,1.6939112,0.007399917,-1.0843416,-0.0019579716,-1.1883172
SIG-26027-1766,SMMS,Signal equipment defect,Medium,0.24820748,4.95572,-0.021434011,-1.6211214,-0.0014931413,-1.1663634
SIG-26027-1767,SMMS,Point machine inspection,High,13.66736,7.6973195,0.019677008,1.1859975,-0.0005147754,-1.2270923
SIG-26027-1768,SMMS,Signal equipment defect,Medium,0.24806042,4.955938,-0.022013465,-1.6207268,-0.0003915892,-1.1673516
SIG-26027-1769,SMMS,Signal equipment defect,Medium,0.026534567,1.9796836,-0.037109055,-1.1430705,0.001088721,3.8033402
SIG-26027-1770,SMMS,Track circuit testing,Medium,0.21864215,2.8320599,-0.025064684,-1.0682278,-0.0021281452,-1.1798086
SIG-26027-1771,SMMS,Signal failure,High,13.829458,8.560204,-0.03745849,0.89747804,0.00368321,3.819956
SIG-26027-1772,SMMS,Interlocking inspection,High,13.7335205,7.6895633,-0.022335337,1.1741434,0.0001356119,-1.2241093
SIG-26027-1773,SMMS,Preventive S&T maintenance,Medium,0.19678235,4.6620283,0.0063013313,-1.6095684,-0.0017919422,-1.161912
SIG-26027-1774,SMMS,Axle counter issue,Medium,-0.39995465,0.28086218,0.007905499,-1.08897,0.0009207682,-1.1911848
SIG-26027-1775,SMMS,Preventive S&T maintenance,Medium,-0.39680427,0.020580225,-0.03224104,-1.1564023,0.0019156116,3.7870734
SIG-26027-1776,SMMS,Track circuit testing,Medium,-0.5662063,-0.5631375,-0.028231159,-1.124169,0.00012693292,-1.1732174
SIG-26027-1777,SMMS,Signal failure,Low,-15.815877,-5.426009,-0.13676842,-3.822312,-0.0008471718,-1.1355857
SIG-26027-1778,SMMS,Axle counter issue,Medium,-0.63433146,-0.7378779,-0.0305195,-1.1784382,0.0009457942,3.7837822
SIG-26027-1779,SMMS,Axle counter issue,Medium,-0.39977092,0.28081045,0.0073827785,-1.0881506,-0.002242641,-1.1896421
SIG-26027-1780,SMMS,Point machine inspection,Medium,-0.16965237,1.0480044,-0.017348269,-1.0969595,-0.0011465651,-1.2030646
SIG-26027-1781,SMMS,Preventive S&T maintenance,Low,-16.481703,-7.132412,-0.15567744,-3.8062756,-0.0020774473,-1.1313407
SIG-26027-1782,SMMS,Signal equipment defect,Medium,-0.7735752,-2.5444329,-0.0074766064,-0.9748092,-0.00019064876,-1.182368
SIG-26027-1783,SMMS,Interlocking inspection,Low,-16.314352,-6.902556,-0.089402355,-4.056897,0.004121477,3.7574952
SIG-26027-1784,SMMS,Track circuit testing,Medium,-0.099776104,1.6938604,0.007901044,-1.0837197,0.0005138727,-1.1900759
SIG-26027-1785,SMMS,Preventive S&T maintenance,High,13.406793,6.465834,0.020245638,1.0950818,-0.001457856,-1.2198769
SIG-26027-1786,SMMS,Track circuit testing,High,13.539666,6.849872,-0.020805562,1.0922818,-0.0030321202,-1.2229569
SIG-26027-1787,SMMS,Interlocking inspection,Medium,0.028433908,2.2161207,0.00043215498,-1.0847371,-0.0014145168,-1.1957693
SIG-26027-1788,SMMS,Signal equipment defect,High,12.7872715,4.9612417,-0.02248856,1.0539149,-0.00086007593,-1.2110903
SIG-26027-1789,SMMS,Preventive S&T maintenance,High,13.077342,5.7353334,-0.022260576,1.0590019,-0.0008597558,-1.2254536
SIG-26027-1790,SMMS,Signal equipment defect,Medium,-0.06085486,1.7451423,-0.01619057,-1.1273791,0.0020540878,3.813091
SIG-26027-1791,SMMS,Track circuit testing,Low,-15.338123,-1.9341213,-0.10395539,-4.3104057,-0.00081224774,-1.1372129
SIG-26027-1792,SMMS,Signal equipment defect,Critical,24.220694,9.812704,-0.0187294,2.3321176,-0.0020981426,-0.94465315
SIG-26027-1793,SMMS,Signal equipment defect,Low,-15.910008,-5.6874394,-0.13210368,-3.8260155,-0.001247287,-1.1192892
SIG-26027-1794,SMMS,Track circuit testing,High,13.525354,6.601264,-0.020943813,1.0776281,-0.0004327308,-1.2285393
SIG-26027-1795,SMMS,Axle counter issue,Medium,-0.88201654,-1.9602097,-0.030918065,-1.1330351,0.0009213308,3.7918804
SIG-26027-1796,SMMS,Track circuit testing,High,13.718091,9.742563,0.011186266,0.65859663,-0.00015084681,-1.2008123
SIG-26027-1797,SMMS,Signal equipment defect,Medium,0.24529803,3.1003551,-0.0275903,-1.0429382,-6.7027584e-05,-1.1729167
SIG-26027-1798,SMMS,Point machine inspection,High,13.475157,6.8599806,0.014698381,1.104473,-0.000496038,-1.225523
SIG-26027-1799,SMMS,Interlocking inspection,High,13.670927,7.213007,0.009641922,1.0913185,0.006365152,3.7506576
SIG-26027-1800,SMMS,Track circuit testing,Medium,-0.08344987,1.371315,-0.039250586,-1.1297663,0.003496737,3.7699265
SIG-26027-1801,SMMS,Signal failure,Medium,0.09182189,2.198202,-0.03133447,-1.0883815,-0.00048386335,-1.1881897
SIG-26027-1802,SMMS,Axle counter issue,Medium,0.18144022,3.1159024,0.00526933,-1.0422254,-0.0017908358,-1.1795634
SIG-26027-1803,SMMS,Signal equipment defect,Critical,23.964922,9.222389,0.017340904,2.3668694,-0.004867681,-0.9728277
SIG-26027-1804,SMMS,Track circuit testing,Medium,0.2556158,4.4141994,-0.043653715,-1.712948,0.0034604545,3.7863677
SIG-26027-1805,SMMS,Signal equipment defect,Low,-16.464499,-7.374552,-0.058959827,-3.9580097,-0.0032235135,3.7795627
SIG-26027-1806,SMMS,Signal equipment defect,High,13.395441,6.4646893,0.013930663,1.1001918,-0.0008587594,-1.2226008
SIG-26027-1807,SMMS,Track circuit testing,High,12.957124,5.4806447,-0.015197022,1.064336,-0.0011828801,-1.2138937
SIG-26027-1808,SMMS,Axle counter issue,Medium,-0.77157354,-1.0117401,0.0107339695,-1.1943152,7.6673874e-05,3.8197825
SIG-26027-1809,SMMS,Track circuit testing,Low,-15.640396,-4.896709,-0.09006095,-3.7928143,-0.0017348627,-1.1488259
SIG-26027-1810,SMMS,Preventive S&T maintenance,Low,-15.630202,-4.907399,-0.097117,-3.7934096,0.013111019,-1.1541699
SIG-26027-1811,SMMS,Signal failure,Medium,-0.34601,0.2596914,-0.01690406,-1.0880427,0.00043314105,-1.1911498
SIG-26027-1812,SMMS,Signal equipment defect,High,13.540255,6.8517866,-0.02089311,1.095678,-0.001082111,-1.2260514
SIG-26027-1813,SMMS,Point machine inspection,Medium,-0.7120989,-0.76781845,0.0054021724,-1.1234411,-0.00025267786,-1.1832957
SIG-26027-1814,SMMS,Preventive S&T maintenance,Critical,24.550907,11.504132,0.015822794,2.5115225,-0.010761511,-0.88075
SIG-26027-1815,SMMS,Preventive S&T maintenance,Low,-16.331787,-6.6147356,-0.14482515,-3.8567646,-0.0014693198,-1.1535258
SIG-26027-1816,SMMS,Signal equipment defect,High,12.514349,4.669731,0.014620949,1.0722388,-0.0023251788,-1.2406324
SIG-26027-1817,SMMS,Track circuit testing,Medium,0.091745436,2.19754,-0.031030755,-1.0875657,-0.001963284,-1.1870916
SIG-26027-1818,SMMS,Interlocking inspection,Medium,-0.77538854,-1.1147376,-0.028292324,-1.1397673,-0.00057437207,-1.1907768
SIG-26027-1819,SMMS,Track circuit testing,Medium,-0.524661,-0.011976256,0.0066410135,-1.1015412,-0.00019045746,-1.1832355
SIG-26027-1820,SMMS,Interlocking inspection,Low,-15.893278,-5.891099,-0.066003375,-3.9083078,-0.0009831955,-1.1315758
SIG-26027-1821,SMMS,Interlocking inspection,High,12.70471,4.7247405,-0.032791074,1.0216373,0.0056106136,3.787429
SIG-26027-1822,SMMS,Signal equipment defect,High,13.744725,8.26091,-0.014826615,0.9045888,-0.001080952,-1.2220759
SIG-26027-1823,SMMS,Track circuit testing,Medium,0.23537043,5.478421,-0.012131176,-1.7244847,-0.0040431065,-1.1703242
SIG-26027-1824,SMMS,Axle counter issue,Medium,0.18137994,3.1158345,0.0051821177,-1.0417811,-0.0009342563,-1.1806482
SIG-26027-1825,SMMS,Signal failure,Medium,-0.26979256,0.49415708,-0.031036153,-1.0726182,-0.0004436629,-1.1848236
SIG-26027-1826,SMMS,Axle counter issue,Low,-16.596703,-7.7168784,-0.08722264,-3.934587,-0.001358285,-1.1406372
SIG-26027-1827,SMMS,Track circuit testing,Medium,0.091873884,2.1978452,-0.03084651,-1.0872147,-0.00061773084,-1.1894057
SIG-26027-1828,SMMS,Interlocking inspection,Low,-15.554799,-4.6439934,-0.09660082,-3.7872076,0.0009797129,-1.1459891
SIG-26027-1829,SMMS,Point machine inspection,Medium,-0.8319118,-1.4057417,-0.013752534,-1.1179131,0.00028030397,-1.1903194
SIG-26027-1830,SMMS,Axle counter issue,High,13.462399,6.8555613,0.01210328,1.1112548,-0.000750894,-1.2293835
SIG-26027-1831,SMMS,Preventive S&T maintenance,Medium,-0.4149133,0.018674249,-0.010194103,-1.1528172,0.0010249726,3.7926092
SIG-26027-1832,SMMS,Preventive S&T maintenance,Medium,-0.8216454,-1.4100311,-0.027531449,-1.1222234,-0.00034011493,-1.1875218
SIG-26027-1833,SMMS,Signal failure,High,12.514072,4.6699686,0.015001096,1.071118,-0.00083314383,-1.2397826
SIG-26027-1834,SMMS,Preventive S&T maintenance,Low,-15.990398,-6.286357,-0.04447768,-3.975429,0.000326675,3.807881
SIG-26027-1835,SMMS,Signal equipment defect,Medium,0.1963069,4.662174,0.010145319,-1.6111115,-0.0035486838,-1.1610531
SIG-26027-1836,SMMS,Axle counter issue,Medium,0.18420288,4.136012,0.0037159284,-1.7636812,7.8311925e-05,-1.1692822
SIG-26027-1837,SMMS,Point machine inspection,Low,-15.6283245,-5.193631,-0.11907972,-3.8508115,-0.0006015602,-1.175466
SIG-26027-1838,SMMS,Point machine inspection,Medium,-0.03523362,1.6670488,-0.03632688,-1.0851297,0.0003987373,-1.1868757
SIG-26027-1839,SMMS,Interlocking inspection,Medium,0.12720661,2.5265458,0.004334999,-1.0736932,5.1511535e-05,-1.1919838
SIG-26027-1840,SMMS,Signal equipment defect,Medium,0.18078998,2.5123134,-0.0140827885,-1.0733459,-0.00012783965,-1.1870298
SIG-26027-1841,SMMS,Point machine inspection,Medium,0.18797152,2.577163,-0.020984787,-1.1308265,0.000990496,3.8048847
SIG-26027-1842,SMMS,Axle counter issue,High,12.527577,4.6687064,0.019011285,1.0674933,-0.001457856,-1.2402025
SIG-26027-1843,SMMS,Signal equipment defect,High,13.513656,6.6000834,-0.019989008,1.0801381,0.008362605,-1.2243352
SIG-26027-1844,SMMS,Point machine inspection,Medium,-0.5659229,-0.56288093,-0.028185023,-1.1246958,-0.0012765259,-1.1718727
SIG-26027-1845,SMMS,Point machine inspection,High,13.73002,7.6871157,-0.01431675,1.1753653,0.0023191217,-1.2295834
SIG-26027-1846,SMMS,Signal failure,Medium,0.1267945,2.526547,0.008700942,-1.0751102,-0.0002574109,-1.1921798
SIG-26027-1847,SMMS,Signal failure,Medium,-0.29262608,0.8159364,0.008366821,-1.0859568,0.0009057202,-1.1829914
SIG-26027-1848,SMMS,Preventive S&T maintenance,Medium,-0.045175437,1.6720634,-0.022870643,-1.0811789,-0.0003480029,-1.189077
SIG-26027-1849,SMMS,Track circuit testing,Medium,-0.7784723,-2.525805,-0.0372234,-1.0257413,-0.00011226062,3.7479055
SIG-26027-1850,SMMS,Point machine inspection,High,13.734074,7.6893253,-0.022576392,1.176389,-0.0009878809,-1.2268671
SIG-26027-1851,SMMS,Preventive S&T maintenance,Low,-15.197868,-2.1176372,-0.09713438,-4.555606,-0.0039519714,3.825639
SIG-26027-1852,SMMS,Interlocking inspection,Medium,-0.33339614,0.5191137,0.007608361,-1.0698068,0.00031105086,-1.1868918
SIG-26027-1853,SMMS,Axle counter issue,High,13.69599,7.4613457,-0.0129598165,1.1355697,-0.0021934933,-1.2213888
SIG-26027-1854,SMMS,Axle counter issue,Medium,0.02813862,2.2160773,0.0048691514,-1.086426,-0.0019579716,-1.195603
SIG-26027-1855,SMMS,Interlocking inspection,Medium,-0.5643219,-0.4023349,-0.028882224,-1.1218333,0.00076320715,-1.1765535
SIG-26027-1856,SMMS,Interlocking inspection,Medium,-0.77354586,-1.0135293,0.0113321,-1.1919165,0.0022277352,3.820618
SIG-26027-1857,SMMS,Axle counter issue,Low,-15.182453,-1.9157112,-0.06790679,-4.4733567,0.03698815,3.8276024
SIG-26027-1858,SMMS,Interlocking inspection,Medium,-0.83939683,-1.0943502,0.011064201,-1.1400748,0.00087060663,-1.1931314
SIG-26027-1859,SMMS,Point machine inspection,Medium,0.24802007,4.95569,-0.02166281,-1.6205719,-0.0002504268,-1.1677098
SIG-26027-1860,SMMS,Track circuit testing,Medium,0.26024055,4.644908,-0.024405718,-1.6121569,-0.0029533051,-1.1558136
SIG-26027-1861,SMMS,Signal equipment defect,Low,-16.758595,-8.512762,-0.06865845,-4.0526752,0.00016356431,-1.1408304
SIG-26027-1862,SMMS,Track circuit testing,Medium,-0.11435068,1.3658171,0.002164386,-1.0745333,-0.00028620954,-1.1784861
SIG-26027-1863,SMMS,Axle counter issue,Medium,-0.6486378,-0.78766227,-0.02822055,-1.124144,-0.00025203128,-1.1812693
SIG-26027-1864,SMMS,Preventive S&T maintenance,High,12.894857,5.4909444,0.019114135,1.0743873,-0.0017009985,-1.210534
SIG-26027-1865,SMMS,Preventive S&T maintenance,High,12.524682,4.165809,-0.032405555,1.0765349,0.0013127076,3.7214196
SIG-26027-1866,SMMS,Signal equipment defect,Low,-15.554671,-4.644315,-0.09567991,-3.7876098,0.0015435474,-1.1468782
SIG-26027-1867,SMMS,Preventive S&T maintenance,Low,-15.330416,-2.7185867,-0.10264651,-4.519228,0.00017720163,-1.1216726
SIG-26027-1868,SMMS,Preventive S&T maintenance,Low,-16.369667,-7.0994353,-0.070509665,-3.8723369,-3.2005606e-05,-1.1246308
SIG-26027-1869,SMMS,Signal equipment defect,High,12.774699,4.9215846,-0.017745707,1.0292455,0.0013468227,3.7211595
SIG-26027-1870,SMMS,Preventive S&T maintenance,Medium,0.17913465,4.400566,0.007937846,-1.6902664,0.0017698687,-1.1672117
SIG-26027-1871,SMMS,Track circuit testing,Medium,-0.842572,-2.5448878,0.0056928857,-0.9780819,-0.0010934417,-1.1913656
SIG-26027-1872,SMMS,Preventive S&T maintenance,Medium,0.015450498,1.9053041,-0.022725193,-1.0825964,0.00071715174,-1.1886344
SIG-26027-1873,SMMS,Preventive S&T maintenance,High,12.894302,5.4908533,0.01910276,1.0732589,0.00097604515,-1.2117046
SIG-26027-1874,SMMS,Signal failure,Low,-15.528806,-4.7047844,-0.1083672,-3.815192,-0.0014969027,-1.1532307
SIG-26027-1875,SMMS,Signal failure,High,13.668846,7.697776,0.012840403,1.1838673,-0.0014104081,-1.226567
SIG-26027-1876,SMMS,Track circuit testing,Low,-15.628316,-5.193623,-0.11907972,-3.8508115,-0.0006183958,-1.175466
SIG-26027-1877,SMMS,Preventive S&T maintenance,Medium,-0.17012322,1.0477413,-0.017384265,-1.096964,0.00028108803,-1.2037171
SIG-26027-1878,SMMS,Signal equipment defect,High,12.72114,4.9681315,0.01924428,1.0672482,-0.0024047436,-1.2135385
SIG-26027-1879,SMMS,Signal failure,Critical,24.447792,10.379925,0.017254727,2.4015932,-0.005344166,-0.9227776
SIG-26027-1880,SMMS,Point machine inspection,Medium,0.15477484,2.8468857,0.0071366373,-1.0669066,-0.00026286082,-1.1901768
SIG-26027-1881,SMMS,Track circuit testing,Low,-15.319062,-2.5222902,-0.106579974,-4.4629498,0.00092713797,-1.1406187
SIG-26027-1882,SMMS,Preventive S&T maintenance,Medium,0.1837337,4.1355977,0.0037517638,-1.7634311,0.0012801207,-1.1698861
SIG-26027-1883,SMMS,Signal failure,Medium,-0.9114802,-2.0248582,-0.022203859,-1.0924073,-0.00027570504,-1.1901911
SIG-26027-1884,SMMS,Point machine inspection,High,12.858343,5.1794405,-0.02218384,1.0510887,-0.0007234354,-1.2077221
SIG-26027-1885,SMMS,Preventive S&T maintenance,Critical,24.373161,10.232672,0.015563052,2.3908179,-0.0019077258,-0.9391061
SIG-26027-1886,SMMS,Signal equipment defect,Medium,-0.2671938,0.8587717,0.016177649,-1.148105,6.659686e-05,3.7908897
SIG-26027-1887,SMMS,Interlocking inspection,Medium,0.24501294,5.4791007,-0.02217059,-1.72798,-0.0020574618,-1.1708357
SIG-26027-1888,SMMS,Signal equipment defect,High,12.774913,4.920039,-0.017534634,1.0310338,0.0056641595,3.7225904
SIG-26027-1889,SMMS,Preventive S&T maintenance,Low,-16.332037,-6.6148806,-0.14440468,-3.8572538,-0.0014959334,-1.1530372
SIG-26027-1890,SMMS,Signal equipment defect,Medium,0.08950211,2.1969824,-0.030920587,-1.0891019,0.0070394287,-1.1900705
SIG-26027-1891,SMMS,Signal equipment defect,Medium,0.24760519,4.119139,-0.027382033,-1.7661545,-0.0005131914,-1.161435
SIG-26027-1892,SMMS,Interlocking inspection,Low,-16.82854,-8.709238,-0.06741383,-4.0011315,0.00078740384,-1.1591432
SIG-26027-1893,SMMS,Preventive S&T maintenance,Low,-16.485636,-7.1275206,-0.14620656,-3.8064356,0.001151088,-1.1448376
SIG-26027-1894,SMMS,Axle counter issue,Medium,-0.5844261,-0.5498293,-0.030842166,-1.1708041,0.0035353194,3.7576826
SIG-26027-1895,SMMS,Point machine inspection,Medium,-0.47321987,-0.031374793,-0.015687237,-1.1010631,0.005617606,-1.1839353
SIG-26027-1896,SMMS,Interlocking inspection,High,13.6060095,7.215408,0.021284508,1.13763,-0.0014642312,-1.2225325
SIG-26027-1897,SMMS,Signal failure,Low,-15.816167,-5.426009,-0.13617371,-3.8225586,-0.0015049853,-1.1349851
SIG-26027-1898,SMMS,Signal equipment defect,Medium,-0.08921471,1.768508,0.013995676,-1.1292937,0.0026260172,3.8168287
SIG-26027-1899,SMMS,Preventive S&T maintenance,High,12.65392,4.72702,0.016549362,1.0359122,0.0022240533,3.795025
SIG-26027-1900,SMMS,Signal equipment defect,High,13.828979,8.557917,-0.03743861,0.8960564,0.004622913,3.8190587
SIG-26027-1901,SMMS,Track circuit testing,Medium,0.12680292,2.5265367,0.008717152,-1.0751287,-0.00025331686,-1.1921798
SIG-26027-1902,SMMS,Point machine inspection,Low,-16.660717,-7.659955,-0.07986679,-3.8697722,-0.0018633369,-1.1423295
SIG-26027-1903,SMMS,Axle counter issue,Low,-16.485685,-7.1274624,-0.14618088,-3.8062716,0.0009192426,-1.1448045
SIG-26027-1904,SMMS,Signal failure,High,13.041076,5.880845,0.020196911,1.0749688,-0.0009620117,-1.2346528
SIG-26027-1905,SMMS,Signal failure,Medium,-0.7754406,-1.1146219,-0.0286128,-1.1408697,0.0006839108,-1.1906765
SIG-26027-1906,SMMS,Point machine inspection,Low,-15.429546,-4.3959394,-0.10927251,-3.8548398,0.0009783455,-1.1402262
SIG-26027-1907,SMMS,Signal equipment defect,Medium,-0.88563275,-1.3869709,0.01365661,-1.1208471,-0.00046640195,-1.1895505
SIG-26027-1908,SMMS,Signal failure,High,12.555296,4.436142,-0.021284586,1.0883528,-0.00018593867,-1.2157375
SIG-26027-1909,SMMS,Signal failure,Medium,-0.461168,-0.03405482,-0.029623037,-1.1035719,-7.486417e-05,-1.1811048
SIG-26027-1910,SMMS,Interlocking inspection,Low,-16.824661,-8.713509,-0.07792639,-3.9994068,-0.0005605078,-1.1455569
SIG-26027-1911,SMMS,Preventive S&T maintenance,High,13.011726,5.741767,0.019123774,1.0729241,-0.001478592,-1.2272835
SIG-26027-1912,SMMS,Axle counter issue,Critical,24.626856,11.2239485,-0.016166741,2.454607,0.0039331345,-0.9055032
SIG-26027-1913,SMMS,Track circuit testing,Low,-16.486898,-7.127747,-0.14774747,-3.8094933,-0.0006644008,-1.1369386
SIG-26027-1914,SMMS,Preventive S&T maintenance,Critical,24.02015,11.595043,-0.039044283,2.742917,-0.000769125,3.985692
SIG-26027-1915,SMMS,Axle counter issue,Medium,0.027973624,2.2161365,0.005407003,-1.086772,-6.195289e-05,-1.1963923
SIG-26027-1916,SMMS,Interlocking inspection,Low,-15.379295,-1.6692578,-0.10856956,-4.3151445,0.0015076043,-1.1272819
SIG-26027-1917,SMMS,Interlocking inspection,Medium,-0.4413159,0.03179519,0.014589198,-1.156526,0.0005262382,3.791123
SIG-26027-1918,SMMS,Signal failure,High,13.536287,6.8497753,-0.0128601035,1.0940855,0.0013154949,-1.228912
SIG-26027-1919,SMMS,Interlocking inspection,Medium,0.1269299,2.5264661,0.00828201,-1.0757848,-0.00167382,-1.1909184
SIG-26027-1920,SMMS,Track circuit testing,Medium,-0.71212083,-0.76777744,0.004885824,-1.1237893,-0.0014116163,-1.182484
SIG-26027-1921,SMMS,Track circuit testing,Medium,-0.33376107,0.5191298,0.012242823,-1.0718547,0.00049807713,-1.186583
SIG-26027-1922,SMMS,Preventive S&T maintenance,Low,-15.628475,-5.193914,-0.11911448,-3.8523436,-0.0012593749,-1.175195
SIG-26027-1923,SMMS,Signal equipment defect,High,13.779726,9.527049,0.013546094,0.5249048,0.008492088,3.7780037
SIG-26027-1924,SMMS,Signal failure,Low,-16.00984,-5.9107347,-0.13313827,-3.8406832,0.0004782805,-1.1486154
SIG-26027-1925,SMMS,Point machine inspection,Critical,24.007524,9.361465,0.015409698,2.3551867,-0.0064763157,-0.9831655
SIG-26027-1926,SMMS,Signal equipment defect,High,13.030318,5.879664,0.013267696,1.0804123,-0.0012107724,-1.2349609
SIG-26027-1927,SMMS,Signal equipment defect,Medium,0.19051944,2.508317,-0.02802618,-1.076909,-0.0009595794,-1.1839565
SIG-26027-1928,SMMS,Preventive S&T maintenance,High,13.540165,6.852465,-0.02083351,1.0933294,0.0013105584,-1.2267442
SIG-26027-1929,SMMS,Axle counter issue,High,13.457586,6.608222,0.021432735,1.0888287,-0.00045168668,-1.224309
SIG-26027-1930,SMMS,Signal failure,Low,-16.818169,-8.466437,-0.074354135,-3.9876833,-0.0017562285,-1.1405975
SIG-26027-1931,SMMS,Axle counter issue,High,13.773189,9.346865,-0.013376144,0.60755795,0.0002618445,-1.1863972
SIG-26027-1932,SMMS,Preventive S&T maintenance,Medium,-0.23873043,0.7944725,-0.017449938,-1.0844063,-0.0007953088,-1.1820118
SIG-26027-1933,SMMS,Interlocking inspection,Low,-16.33581,-6.6096888,-0.13532394,-3.8565788,0.001151088,-1.1668572
SIG-26027-1934,SMMS,Signal failure,Low,-16.21948,-6.5904455,-0.069310814,-3.924304,-0.001672013,-1.1467175
SIG-26027-1935,SMMS,Point machine inspection,Medium,-0.15995947,1.044014,-0.031386994,-1.1004155,-0.00016462502,-1.201786
SIG-26027-1936,SMMS,Interlocking inspection,Low,-15.356302,-1.7168969,-0.103731304,-4.3453207,-0.0012628476,-1.1408353
SIG-26027-1937,SMMS,Interlocking inspection,Low,-16.655066,-7.664801,-0.08763837,-3.8683763,-0.0019589863,-1.1366618
SIG-26027-1938,SMMS,Interlocking inspection,High,12.764339,5.132459,0.016046546,1.0382514,0.0027116798,3.7137482
SIG-26027-1939,SMMS,Axle counter issue,Medium,-0.8391663,-1.0938781,0.011112497,-1.1400408,-0.00032761402,-1.1927181
SIG-26027-1940,SMMS,Track circuit testing,High,13.699289,9.534266,0.00998614,0.6266988,-0.0048754686,-1.1891818
SIG-26027-1941,SMMS,Track circuit testing,Medium,-0.83870536,-1.0952556,0.0049351198,-1.138922,-0.0023646029,-1.1917357
SIG-26027-1942,SMMS,Track circuit testing,Medium,-0.26999977,0.49435994,-0.031186547,-1.0727999,-0.0015861695,-1.1833444
SIG-26027-1943,SMMS,Track circuit testing,Medium,0.091904014,2.1978083,-0.030816182,-1.0873365,-0.0015722805,-1.1883525
SIG-26027-1944,SMMS,Axle counter issue,Medium,-0.16027462,1.0436941,-0.031466927,-1.1005057,0.00025975824,-1.201405
SIG-26027-1945,SMMS,Signal failure,Medium,-0.5643512,-0.40174568,-0.028971896,-1.1212754,-0.00049027754,-1.1763281
SIG-26027-1946,SMMS,Signal failure,High,12.793233,5.189614,0.014863208,1.0619231,-0.0012313811,-1.2114929
SIG-26027-1947,SMMS,Interlocking inspection,Low,-15.62822,-5.1936283,-0.11962253,-3.85185,-0.0014894427,-1.1754935
SIG-26027-1948,SMMS,Signal failure,High,13.667878,7.697149,0.019780653,1.1867137,-0.0013264425,-1.225604
SIG-26027-1949,SMMS,Preventive S&T maintenance,Medium,0.02509435,1.9018015,-0.036896035,-1.0856485,-5.855471e-05,-1.1863089
SIG-26027-1950,SMMS,Axle counter issue,High,12.489586,4.446518,0.015411421,1.0969801,-0.0016083592,-1.2175883
