request_id,request_date,department,section,section_code,km,defect_type,priority,severity_score,duration_minutes,required_resource,due_date,scenario,status
SIG-26027-0001,2026-10-02,SMMS,Kharagpur–Gidni,KGP-GID,209.327,Signal failure,High,87,75,Signal Testing Team,2026-10-05,resource_shortage,Open
SIG-26027-0002,2026-10-02,SMMS,Mecheda–Panskura,MCA-PKU,119.641,Interlocking inspection,Medium,64,45,S&T Crew,2026-10-09,heavy_train_traffic,Open
SIG-26027-0003,2026-10-02,SMMS,Howrah–Santragachi,HWH-SRC,1.701,Signal failure,Medium,54,90,Signal Testing Team,2026-10-09,normal,Planned
SIG-26027-0004,2026-10-02,SMMS,Mecheda–Panskura,MCA-PKU,123.532,Signal failure,High,86,105,S&T Crew,2026-10-05,heavy_train_traffic,Open
SIG-26027-0005,2026-10-02,SMMS,Kharagpur–Gidni,KGP-GID,180.951,Axle counter issue,High,80,105,Telecom Maintenance Team,2026-10-05,high_conflict,Open
SIG-26027-0006,2026-10-02,SMMS,Mecheda–Panskura,MCA-PKU,116.643,Signal equipment defect,Low,30,50,Telecom Maintenance Team,2026-10-16,heavy_train_traffic,Under Review
SIG-26027-0007,2026-10-02,SMMS,Panskura–Kharagpur,PKU-KGP,130.055,Axle counter issue,Low,22,50,Signal Testing Team,2026-10-16,high_defect_load,Open
SIG-26027-0008,2026-10-02,SMMS,Mecheda–Panskura,MCA-PKU,121.606,Point machine inspection,Low,36,50,Signal Testing Team,2026-10-16,mixed_realistic,Planned
SIG-26027-0009,2026-10-02,SMMS,Kharagpur–Gidni,KGP-GID,173.962,Signal equipment defect,Medium,61,75,Signal Testing Team,2026-10-09,heavy_train_traffic,Open
SIG-26027-0010,2026-10-02,SMMS,Mecheda–Panskura,MCA-PKU,124.99,Preventive S&T maintenance,Low,41,20,S&T Crew,2026-10-16,normal,Planned
SIG-26027-0011,2026-10-02,SMMS,Mecheda–Panskura,MCA-PKU,118.04,Signal equipment defect,Critical,93,120,Signal Testing Team,2026-10-03,critical_defect,Open
SIG-26027-0012,2026-10-02,SMMS,Panskura–Kharagpur,PKU-KGP,151.043,Signal equipment defect,Low,26,65,Telecom Maintenance Team,2026-10-16,heavy_train_traffic,Under Review
SIG-26027-0013,2026-10-02,SMMS,Panskura–Kharagpur,PKU-KGP,145.656,Point machine inspection,High,80,45,S&T Crew,2026-10-05,high_conflict,Open
SIG-26027-0014,2026-10-02,SMMS,Santragachi–Panskura,SRC-PKU,71.08,Interlocking inspection,High,77,45,Point Machine Team,2026-10-05,mixed_realistic,Under Review
SIG-26027-0015,2026-10-02,SMMS,Santragachi–Panskura,SRC-PKU,109.74,Interlocking inspection,High,73,45,Signal Testing Team,2026-10-05,high_conflict,Planned
SIG-26027-0016,2026-10-02,SMMS,Howrah–Santragachi,HWH-SRC,4.449,Signal failure,Low,27,65,Point Machine Team,2026-10-16,high_defect_load,Open
SIG-26027-0017,2026-10-02,SMMS,Panskura–Kharagpur,PKU-KGP,138.6,Axle counter issue,Medium,69,75,Point Machine Team,2026-10-09,normal,Open
SIG-26027-0018,2026-10-02,SMMS,Howrah–Santragachi,HWH-SRC,4.944,Preventive S&T maintenance,Medium,55,90,Signal Testing Team,2026-10-09,critical_defect,Open
SIG-26027-0019,2026-10-02,SMMS,Howrah–Santragachi,HWH-SRC,8.827,Point machine inspection,Low,22,50,S&T Crew,2026-10-16,resource_shortage,Open
SIG-26027-0020,2026-10-02,SMMS,Panskura–Kharagpur,PKU-KGP,148.699,Track circuit testing,Medium,65,60,Telecom Maintenance Team,2026-10-09,resource_shortage,Open
SIG-26027-0021,2026-10-02,SMMS,Kharagpur–Gidni,KGP-GID,185.426,Interlocking inspection,Medium,52,60,Telecom Maintenance Team,2026-10-09,critical_defect,Open
SIG-26027-0022,2026-10-02,SMMS,Santragachi–Panskura,SRC-PKU,19.993,Signal equipment defect,High,80,60,S&T Crew,2026-10-05,critical_defect,Planned
SIG-26027-0023,2026-10-02,SMMS,Howrah–Santragachi,HWH-SRC,1.663,Track circuit testing,Medium,53,90,Telecom Maintenance Team,2026-10-09,normal,Planned
SIG-26027-0024,2026-10-02,SMMS,Howrah–Santragachi,HWH-SRC,8.155,Signal equipment defect,Medium,59,45,S&T Crew,2026-10-09,mixed_realistic,Planned
SIG-26027-0025,2026-10-02,SMMS,Panskura–Kharagpur,PKU-KGP,128.745,Point machine inspection,Medium,56,90,Signal Testing Team,2026-10-09,heavy_train_traffic,Open
SIG-26027-0026,2026-10-02,SMMS,Panskura–Kharagpur,PKU-KGP,140.699,Signal equipment defect,Medium,47,75,S&T Crew,2026-10-09,resource_shortage,Open
SIG-26027-0027,2026-10-02,SMMS,Panskura–Kharagpur,PKU-KGP,144.986,Track circuit testing,High,74,90,Point Machine Team,2026-10-05,resource_shortage,Open
SIG-26027-0028,2026-10-02,SMMS,Mecheda–Panskura,MCA-PKU,115.269,Point machine inspection,Low,30,50,Signal Testing Team,2026-10-16,high_defect_load,Planned
SIG-26027-0029,2026-10-02,SMMS,Kharagpur–Gidni,KGP-GID,192.169,Signal failure,Low,34,35,Point Machine Team,2026-10-16,resource_shortage,Open
SIG-26027-0030,2026-10-02,SMMS,Mecheda–Panskura,MCA-PKU,124.247,Signal equipment defect,Medium,61,45,Point Machine Team,2026-10-09,normal,Open
SIG-26027-0031,2026-10-02,SMMS,Howrah–Santragachi,HWH-SRC,3.693,Preventive S&T maintenance,High,89,90,S&T Crew,2026-10-05,critical_defect,Open
SIG-26027-0032,2026-10-02,SMMS,Kharagpur–Gidni,KGP-GID,204.846,Signal equipment defect,Medium,56,75,S&T Crew,2026-10-09,heavy_train_traffic,Open
SIG-26027-0033,2026-10-02,SMMS,Panskura–Kharagpur,PKU-KGP,158.088,Signal failure,Medium,45,45,Telecom Maintenance Team,2026-10-09,cross_department_cluster,Under Review
SIG-26027-0034,2026-10-02,SMMS,Kharagpur–Gidni,KGP-GID,188.06,Interlocking inspection,High,78,105,Signal Testing Team,2026-10-05,high_conflict,Open
SIG-26027-0035,2026-10-02,SMMS,Mecheda–Panskura,MCA-PKU,117.133,Signal equipment defect,Medium,66,45,Point Machine Team,2026-10-09,high_defect_load,Under Review
SIG-26027-0036,2026-10-02,SMMS,Howrah–Santragachi,HWH-SRC,5.961,Axle counter issue,Low,28,35,Point Machine Team,2026-10-16,high_defect_load,Under Review
SIG-26027-0037,2026-10-02,SMMS,Howrah–Santragachi,HWH-SRC,9.993,Point machine inspection,Medium,45,90,Telecom Maintenance Team,2026-10-09,heavy_train_traffic,Open
SIG-26027-0038,2026-10-02,SMMS,Mecheda–Panskura,MCA-PKU,122.709,Point machine inspection,High,73,60,Telecom Maintenance Team,2026-10-05,mixed_realistic,Open
SIG-26027-0039,2026-10-02,SMMS,Kharagpur–Gidni,KGP-GID,188.809,Signal equipment defect,Low,28,20,S&T Crew,2026-10-16,high_defect_load,Under Review
SIG-26027-0040,2026-10-02,SMMS,Mecheda–Panskura,MCA-PKU,124.565,Point machine inspection,Medium,56,90,Telecom Maintenance Team,2026-10-09,mixed_realistic,Open
SIG-26027-0041,2026-10-02,SMMS,Panskura–Kharagpur,PKU-KGP,158.365,Axle counter issue,Medium,58,60,S&T Crew,2026-10-09,cross_department_cluster,Open
SIG-26027-0042,2026-10-02,SMMS,Howrah–Santragachi,HWH-SRC,8.096,Signal equipment defect,Medium,65,75,Signal Testing Team,2026-10-09,normal,Planned
SIG-26027-0043,2026-10-02,SMMS,Howrah–Santragachi,HWH-SRC,3.617,Signal equipment defect,Medium,51,30,S&T Crew,2026-10-09,heavy_train_traffic,Open
SIG-26027-0044,2026-10-02,SMMS,Santragachi–Panskura,SRC-PKU,102.909,Interlocking inspection,Low,26,50,Point Machine Team,2026-10-16,heavy_train_traffic,Open
SIG-26027-0045,2026-10-02,SMMS,Kharagpur–Gidni,KGP-GID,202.147,Track circuit testing,High,87,105,Point Machine Team,2026-10-05,critical_defect,Under Review
SIG-26027-0046,2026-10-02,SMMS,Howrah–Santragachi,HWH-SRC,3.702,Track circuit testing,High,73,45,Telecom Maintenance Team,2026-10-05,normal,Under Review
SIG-26027-0047,2026-10-02,SMMS,Howrah–Santragachi,HWH-SRC,10.026,Track circuit testing,Low,24,35,Signal Testing Team,2026-10-16,high_defect_load,Planned
SIG-26027-0048,2026-10-02,SMMS,Panskura–Kharagpur,PKU-KGP,131.876,Interlocking inspection,High,88,75,Signal Testing Team,2026-10-05,normal,Open
SIG-26027-0049,2026-10-02,SMMS,Kharagpur–Gidni,KGP-GID,193.423,Track circuit testing,Low,30,50,Telecom Maintenance Team,2026-10-16,critical_defect,Open
SIG-26027-0050,2026-10-02,SMMS,Panskura–Kharagpur,PKU-KGP,164.172,Signal equipment defect,Low,31,50,Point Machine Team,2026-10-16,cross_department_cluster,Open
SIG-26027-0051,2026-10-02,SMMS,Panskura–Kharagpur,PKU-KGP,137.905,Signal failure,Medium,57,45,Signal Testing Team,2026-10-09,high_defect_load,Under Review
SIG-26027-0052,2026-10-02,SMMS,Panskura–Kharagpur,PKU-KGP,158.152,Axle counter issue,High,73,45,Point Machine Team,2026-10-05,cross_department_cluster,Open
SIG-26027-0053,2026-10-02,SMMS,Mecheda–Panskura,MCA-PKU,119.004,Axle counter issue,Medium,52,60,Point Machine Team,2026-10-09,critical_defect,Open
SIG-26027-0054,2026-10-02,SMMS,Panskura–Kharagpur,PKU-KGP,156.323,Signal equipment defect,Medium,49,75,Telecom Maintenance Team,2026-10-09,critical_defect,Open
SIG-26027-0055,2026-10-02,SMMS,Kharagpur–Gidni,KGP-GID,187.11,Signal equipment defect,Medium,65,60,Point Machine Team,2026-10-09,resource_shortage,Open
SIG-26027-0056,2026-10-02,SMMS,Mecheda–Panskura,MCA-PKU,118.758,Track circuit testing,Medium,55,60,S&T Crew,2026-10-09,normal,Open
SIG-26027-0057,2026-10-02,SMMS,Santragachi–Panskura,SRC-PKU,33.575,Track circuit testing,Medium,66,30,Telecom Maintenance Team,2026-10-09,normal,Open
SIG-26027-0058,2026-10-02,SMMS,Santragachi–Panskura,SRC-PKU,35.01,Signal equipment defect,Low,23,65,Signal Testing Team,2026-10-16,critical_defect,Under Review
SIG-26027-0059,2026-10-02,SMMS,Panskura–Kharagpur,PKU-KGP,164.441,Signal equipment defect,Medium,50,45,S&T Crew,2026-10-09,cross_department_cluster,Open
SIG-26027-0060,2026-10-02,SMMS,Panskura–Kharagpur,PKU-KGP,155.298,Interlocking inspection,High,88,105,S&T Crew,2026-10-05,high_conflict,Planned
SIG-26027-0061,2026-10-02,SMMS,Howrah–Santragachi,HWH-SRC,1.673,Track circuit testing,High,75,60,Point Machine Team,2026-10-05,resource_shortage,Open
SIG-26027-0062,2026-10-02,SMMS,Santragachi–Panskura,SRC-PKU,60.652,Interlocking inspection,Medium,45,90,Signal Testing Team,2026-10-09,critical_defect,Open
SIG-26027-0063,2026-10-02,SMMS,Kharagpur–Gidni,KGP-GID,206.158,Track circuit testing,Medium,48,90,Point Machine Team,2026-10-09,heavy_train_traffic,Open
SIG-26027-0064,2026-10-02,SMMS,Mecheda–Panskura,MCA-PKU,123.951,Preventive S&T maintenance,Medium,54,30,Point Machine Team,2026-10-09,normal,Open
SIG-26027-0065,2026-10-02,SMMS,Kharagpur–Gidni,KGP-GID,184.831,Point machine inspection,High,86,75,S&T Crew,2026-10-05,high_defect_load,Open
SIG-26027-0066,2026-10-03,SMMS,Kharagpur–Gidni,KGP-GID,197.693,Preventive S&T maintenance,Medium,49,45,Signal Testing Team,2026-10-10,heavy_train_traffic,Under Review
SIG-26027-0067,2026-10-03,SMMS,Panskura–Kharagpur,PKU-KGP,164.106,Point machine inspection,Medium,45,30,Point Machine Team,2026-10-10,cross_department_cluster,Open
SIG-26027-0068,2026-10-03,SMMS,Panskura–Kharagpur,PKU-KGP,135.888,Point machine inspection,High,74,45,S&T Crew,2026-10-06,heavy_train_traffic,Open
SIG-26027-0069,2026-10-03,SMMS,Kharagpur–Gidni,KGP-GID,190.308,Signal failure,Medium,50,30,S&T Crew,2026-10-10,high_conflict,Open
SIG-26027-0070,2026-10-03,SMMS,Panskura–Kharagpur,PKU-KGP,165.859,Point machine inspection,Medium,57,75,S&T Crew,2026-10-10,critical_defect,Open
SIG-26027-0071,2026-10-03,SMMS,Mecheda–Panskura,MCA-PKU,122.35,Axle counter issue,Medium,53,30,S&T Crew,2026-10-10,critical_defect,Open
SIG-26027-0072,2026-10-03,SMMS,Panskura–Kharagpur,PKU-KGP,150.9,Preventive S&T maintenance,Medium,47,60,Point Machine Team,2026-10-10,normal,Planned
SIG-26027-0073,2026-10-03,SMMS,Mecheda–Panskura,MCA-PKU,122.175,Track circuit testing,Low,41,20,Telecom Maintenance Team,2026-10-17,heavy_train_traffic,Open
SIG-26027-0074,2026-10-03,SMMS,Kharagpur–Gidni,KGP-GID,209.856,Signal failure,High,87,75,Point Machine Team,2026-10-06,resource_shortage,Under Review
SIG-26027-0075,2026-10-03,SMMS,Howrah–Santragachi,HWH-SRC,1.824,Signal equipment defect,Low,39,50,S&T Crew,2026-10-17,high_conflict,Open
SIG-26027-0076,2026-10-03,SMMS,Panskura–Kharagpur,PKU-KGP,142.855,Interlocking inspection,Medium,67,30,S&T Crew,2026-10-10,cross_department_cluster,Under Review
SIG-26027-0077,2026-10-03,SMMS,Santragachi–Panskura,SRC-PKU,24.481,Point machine inspection,Medium,63,45,Telecom Maintenance Team,2026-10-10,resource_shortage,Open
SIG-26027-0078,2026-10-03,SMMS,Kharagpur–Gidni,KGP-GID,204.174,Signal failure,Medium,47,75,Point Machine Team,2026-10-10,normal,Under Review
SIG-26027-0079,2026-10-03,SMMS,Santragachi–Panskura,SRC-PKU,13.321,Axle counter issue,High,74,60,Signal Testing Team,2026-10-06,mixed_realistic,Open
SIG-26027-0080,2026-10-03,SMMS,Santragachi–Panskura,SRC-PKU,108.158,Axle counter issue,Medium,60,45,S&T Crew,2026-10-10,critical_defect,Open
SIG-26027-0081,2026-10-03,SMMS,Howrah–Santragachi,HWH-SRC,1.557,Track circuit testing,High,70,45,Point Machine Team,2026-10-06,high_conflict,Open
SIG-26027-0082,2026-10-03,SMMS,Mecheda–Panskura,MCA-PKU,116.407,Axle counter issue,Medium,61,90,Signal Testing Team,2026-10-10,high_conflict,Planned
SIG-26027-0083,2026-10-03,SMMS,Mecheda–Panskura,MCA-PKU,117.716,Preventive S&T maintenance,Low,38,65,Signal Testing Team,2026-10-17,mixed_realistic,Under Review
SIG-26027-0084,2026-10-03,SMMS,Panskura–Kharagpur,PKU-KGP,142.178,Interlocking inspection,High,88,45,Telecom Maintenance Team,2026-10-06,cross_department_cluster,Under Review
SIG-26027-0085,2026-10-03,SMMS,Howrah–Santragachi,HWH-SRC,8.692,Signal equipment defect,Medium,62,45,Telecom Maintenance Team,2026-10-10,high_conflict,Planned
SIG-26027-0086,2026-10-03,SMMS,Mecheda–Panskura,MCA-PKU,118.917,Preventive S&T maintenance,High,80,75,S&T Crew,2026-10-06,mixed_realistic,Under Review
SIG-26027-0087,2026-10-03,SMMS,Howrah–Santragachi,HWH-SRC,2.658,Interlocking inspection,Low,35,50,Signal Testing Team,2026-10-17,resource_shortage,Open
SIG-26027-0088,2026-10-03,SMMS,Howrah–Santragachi,HWH-SRC,1.344,Point machine inspection,Low,36,50,S&T Crew,2026-10-17,resource_shortage,Open
SIG-26027-0089,2026-10-03,SMMS,Kharagpur–Gidni,KGP-GID,179.43,Track circuit testing,Medium,62,60,Signal Testing Team,2026-10-10,critical_defect,Open
SIG-26027-0090,2026-10-03,SMMS,Howrah–Santragachi,HWH-SRC,10.507,Axle counter issue,High,81,45,Point Machine Team,2026-10-06,high_defect_load,Open
SIG-26027-0091,2026-10-03,SMMS,Panskura–Kharagpur,PKU-KGP,131.26,Preventive S&T maintenance,Low,26,65,Point Machine Team,2026-10-17,mixed_realistic,Planned
SIG-26027-0092,2026-10-03,SMMS,Howrah–Santragachi,HWH-SRC,7.395,Track circuit testing,Medium,56,75,Point Machine Team,2026-10-10,heavy_train_traffic,Under Review
SIG-26027-0093,2026-10-03,SMMS,Kharagpur–Gidni,KGP-GID,213.953,Track circuit testing,Medium,48,45,S&T Crew,2026-10-10,high_conflict,Under Review
SIG-26027-0094,2026-10-03,SMMS,Howrah–Santragachi,HWH-SRC,6.555,Signal equipment defect,High,80,45,Signal Testing Team,2026-10-06,resource_shortage,Planned
SIG-26027-0095,2026-10-03,SMMS,Howrah–Santragachi,HWH-SRC,4.871,Signal failure,High,74,75,Point Machine Team,2026-10-06,resource_shortage,Open
SIG-26027-0096,2026-10-03,SMMS,Kharagpur–Gidni,KGP-GID,183.967,Signal equipment defect,Low,43,50,Telecom Maintenance Team,2026-10-17,resource_shortage,Open
SIG-26027-0097,2026-10-03,SMMS,Panskura–Kharagpur,PKU-KGP,149.056,Axle counter issue,Low,41,35,S&T Crew,2026-10-17,critical_defect,Planned
SIG-26027-0098,2026-10-03,SMMS,Santragachi–Panskura,SRC-PKU,24.169,Axle counter issue,Medium,55,60,Telecom Maintenance Team,2026-10-10,heavy_train_traffic,Open
SIG-26027-0099,2026-10-03,SMMS,Mecheda–Panskura,MCA-PKU,123.148,Signal equipment defect,Medium,54,75,Point Machine Team,2026-10-10,high_conflict,Open
SIG-26027-0100,2026-10-03,SMMS,Panskura–Kharagpur,PKU-KGP,159.935,Preventive S&T maintenance,High,82,60,Telecom Maintenance Team,2026-10-06,high_defect_load,Open
SIG-26027-0101,2026-10-03,SMMS,Mecheda–Panskura,MCA-PKU,123.536,Preventive S&T maintenance,High,85,75,Signal Testing Team,2026-10-06,critical_defect,Open
SIG-26027-0102,2026-10-03,SMMS,Santragachi–Panskura,SRC-PKU,76.229,Signal equipment defect,Critical,94,75,Point Machine Team,2026-10-04,high_conflict,Open
SIG-26027-0103,2026-10-03,SMMS,Howrah–Santragachi,HWH-SRC,11.131,Track circuit testing,Medium,65,90,S&T Crew,2026-10-10,high_conflict,Open
SIG-26027-0104,2026-10-03,SMMS,Panskura–Kharagpur,PKU-KGP,158.09,Track circuit testing,Low,39,35,Point Machine Team,2026-10-17,cross_department_cluster,Open
SIG-26027-0105,2026-10-03,SMMS,Santragachi–Panskura,SRC-PKU,81.728,Interlocking inspection,High,87,105,S&T Crew,2026-10-06,normal,Planned
SIG-26027-0106,2026-10-03,SMMS,Panskura–Kharagpur,PKU-KGP,163.778,Track circuit testing,Medium,64,75,Point Machine Team,2026-10-10,resource_shortage,Planned
SIG-26027-0107,2026-10-03,SMMS,Mecheda–Panskura,MCA-PKU,120.128,Axle counter issue,Medium,62,75,Signal Testing Team,2026-10-10,normal,Open
SIG-26027-0108,2026-10-03,SMMS,Santragachi–Panskura,SRC-PKU,49.912,Signal equipment defect,Low,21,50,Signal Testing Team,2026-10-17,resource_shortage,Open
SIG-26027-0109,2026-10-03,SMMS,Panskura–Kharagpur,PKU-KGP,141.546,Preventive S&T maintenance,High,82,75,Signal Testing Team,2026-10-06,high_conflict,Open
SIG-26027-0110,2026-10-03,SMMS,Mecheda–Panskura,MCA-PKU,118.151,Signal failure,Medium,45,30,Point Machine Team,2026-10-10,cross_department_cluster,Planned
SIG-26027-0111,2026-10-03,SMMS,Santragachi–Panskura,SRC-PKU,40.566,Track circuit testing,Critical,91,45,S&T Crew,2026-10-04,critical_defect,Open
SIG-26027-0112,2026-10-03,SMMS,Mecheda–Panskura,MCA-PKU,116.441,Signal failure,Medium,56,30,Signal Testing Team,2026-10-10,high_defect_load,Open
SIG-26027-0113,2026-10-03,SMMS,Kharagpur–Gidni,KGP-GID,178.381,Interlocking inspection,Critical,98,105,Point Machine Team,2026-10-04,normal,Open
SIG-26027-0114,2026-10-03,SMMS,Kharagpur–Gidni,KGP-GID,172.542,Interlocking inspection,High,81,45,S&T Crew,2026-10-06,critical_defect,Open
SIG-26027-0115,2026-10-03,SMMS,Panskura–Kharagpur,PKU-KGP,132.217,Preventive S&T maintenance,Medium,65,30,S&T Crew,2026-10-10,mixed_realistic,Open
SIG-26027-0116,2026-10-03,SMMS,Mecheda–Panskura,MCA-PKU,116.599,Signal equipment defect,Medium,51,75,Telecom Maintenance Team,2026-10-10,mixed_realistic,Open
SIG-26027-0117,2026-10-03,SMMS,Panskura–Kharagpur,PKU-KGP,133.203,Axle counter issue,Medium,51,30,Point Machine Team,2026-10-10,normal,Open
SIG-26027-0118,2026-10-03,SMMS,Howrah–Santragachi,HWH-SRC,9.511,Signal equipment defect,Medium,65,60,S&T Crew,2026-10-10,heavy_train_traffic,Open
SIG-26027-0119,2026-10-03,SMMS,Mecheda–Panskura,MCA-PKU,123.354,Preventive S&T maintenance,Medium,54,30,S&T Crew,2026-10-10,resource_shortage,Open
SIG-26027-0120,2026-10-03,SMMS,Panskura–Kharagpur,PKU-KGP,164.585,Signal equipment defect,Medium,62,45,Telecom Maintenance Team,2026-10-10,cross_department_cluster,Open
SIG-26027-0121,2026-10-03,SMMS,Panskura–Kharagpur,PKU-KGP,141.07,Axle counter issue,Medium,45,60,Telecom Maintenance Team,2026-10-10,normal,Open
SIG-26027-0122,2026-10-03,SMMS,Santragachi–Panskura,SRC-PKU,36.944,Track circuit testing,Critical,98,75,Signal Testing Team,2026-10-04,mixed_realistic,Under Review
SIG-26027-0123,2026-10-03,SMMS,Howrah–Santragachi,HWH-SRC,6.079,Interlocking inspection,Low,44,65,Signal Testing Team,2026-10-17,high_conflict,Open
SIG-26027-0124,2026-10-03,SMMS,Howrah–Santragachi,HWH-SRC,1.639,Track circuit testing,Medium,68,75,S&T Crew,2026-10-10,critical_defect,Open
SIG-26027-0125,2026-10-03,SMMS,Santragachi–Panskura,SRC-PKU,78.233,Signal equipment defect,Medium,46,30,Telecom Maintenance Team,2026-10-10,resource_shortage,Open
SIG-26027-0126,2026-10-03,SMMS,Panskura–Kharagpur,PKU-KGP,142.281,Track circuit testing,Medium,60,90,Telecom Maintenance Team,2026-10-10,cross_department_cluster,Open
SIG-26027-0127,2026-10-03,SMMS,Panskura–Kharagpur,PKU-KGP,165.291,Point machine inspection,High,77,105,Point Machine Team,2026-10-06,heavy_train_traffic,Open
SIG-26027-0128,2026-10-03,SMMS,Kharagpur–Gidni,KGP-GID,198.17,Signal failure,Medium,49,75,S&T Crew,2026-10-10,resource_shortage,Under Review
SIG-26027-0129,2026-10-03,SMMS,Santragachi–Panskura,SRC-PKU,66.897,Signal equipment defect,Medium,55,30,Point Machine Team,2026-10-10,critical_defect,Open
SIG-26027-0130,2026-10-03,SMMS,Panskura–Kharagpur,PKU-KGP,165.766,Signal equipment defect,Low,42,35,Point Machine Team,2026-10-17,critical_defect,Under Review
SIG-26027-0131,2026-10-04,SMMS,Panskura–Kharagpur,PKU-KGP,157.697,Preventive S&T maintenance,Medium,64,30,Telecom Maintenance Team,2026-10-11,cross_department_cluster,Open
SIG-26027-0132,2026-10-04,SMMS,Howrah–Santragachi,HWH-SRC,9.346,Track circuit testing,Medium,46,30,Point Machine Team,2026-10-11,high_conflict,Open
SIG-26027-0133,2026-10-04,SMMS,Mecheda–Panskura,MCA-PKU,117.992,Point machine inspection,Medium,58,90,S&T Crew,2026-10-11,cross_department_cluster,Open
SIG-26027-0134,2026-10-04,SMMS,Mecheda–Panskura,MCA-PKU,118.512,Interlocking inspection,Medium,62,45,Telecom Maintenance Team,2026-10-11,cross_department_cluster,Planned
SIG-26027-0135,2026-10-04,SMMS,Mecheda–Panskura,MCA-PKU,116.452,Axle counter issue,Medium,59,75,Telecom Maintenance Team,2026-10-11,high_conflict,Open
SIG-26027-0136,2026-10-04,SMMS,Santragachi–Panskura,SRC-PKU,65.876,Signal equipment defect,Medium,68,90,Point Machine Team,2026-10-11,high_conflict,Open
SIG-26027-0137,2026-10-04,SMMS,Santragachi–Panskura,SRC-PKU,13.582,Signal equipment defect,High,78,105,S&T Crew,2026-10-07,critical_defect,Open
SIG-26027-0138,2026-10-04,SMMS,Mecheda–Panskura,MCA-PKU,118.157,Point machine inspection,Low,28,50,Point Machine Team,2026-10-18,cross_department_cluster,Open
SIG-26027-0139,2026-10-04,SMMS,Panskura–Kharagpur,PKU-KGP,139.034,Preventive S&T maintenance,Low,43,20,Telecom Maintenance Team,2026-10-18,critical_defect,Under Review
SIG-26027-0140,2026-10-04,SMMS,Panskura–Kharagpur,PKU-KGP,157.185,Track circuit testing,High,75,60,Signal Testing Team,2026-10-07,high_conflict,Planned
SIG-26027-0141,2026-10-04,SMMS,Kharagpur–Gidni,KGP-GID,188.137,Interlocking inspection,Low,20,50,S&T Crew,2026-10-18,heavy_train_traffic,Open
SIG-26027-0142,2026-10-04,SMMS,Mecheda–Panskura,MCA-PKU,115.424,Signal equipment defect,Low,27,50,Telecom Maintenance Team,2026-10-18,heavy_train_traffic,Open
SIG-26027-0143,2026-10-04,SMMS,Mecheda–Panskura,MCA-PKU,117.464,Preventive S&T maintenance,High,72,60,S&T Crew,2026-10-07,high_conflict,Under Review
SIG-26027-0144,2026-10-04,SMMS,Mecheda–Panskura,MCA-PKU,119.687,Signal equipment defect,High,82,90,Telecom Maintenance Team,2026-10-07,high_conflict,Under Review
SIG-26027-0145,2026-10-04,SMMS,Panskura–Kharagpur,PKU-KGP,139.24,Point machine inspection,High,82,75,Signal Testing Team,2026-10-07,mixed_realistic,Open
SIG-26027-0146,2026-10-04,SMMS,Panskura–Kharagpur,PKU-KGP,142.674,Signal equipment defect,Medium,66,75,Point Machine Team,2026-10-11,cross_department_cluster,Open
SIG-26027-0147,2026-10-04,SMMS,Kharagpur–Gidni,KGP-GID,174.119,Axle counter issue,Low,36,20,Signal Testing Team,2026-10-18,critical_defect,Open
SIG-26027-0148,2026-10-04,SMMS,Santragachi–Panskura,SRC-PKU,48.742,Interlocking inspection,Medium,55,60,Telecom Maintenance Team,2026-10-11,resource_shortage,Open
SIG-26027-0149,2026-10-04,SMMS,Kharagpur–Gidni,KGP-GID,179.92,Signal failure,Medium,48,60,Signal Testing Team,2026-10-11,high_defect_load,Open
SIG-26027-0150,2026-10-04,SMMS,Mecheda–Panskura,MCA-PKU,117.741,Point machine inspection,Critical,92,75,Telecom Maintenance Team,2026-10-05,mixed_realistic,Open
SIG-26027-0151,2026-10-04,SMMS,Kharagpur–Gidni,KGP-GID,172.349,Preventive S&T maintenance,Medium,63,30,S&T Crew,2026-10-11,high_defect_load,Open
SIG-26027-0152,2026-10-04,SMMS,Santragachi–Panskura,SRC-PKU,47.005,Track circuit testing,Low,39,65,Point Machine Team,2026-10-18,heavy_train_traffic,Open
SIG-26027-0153,2026-10-04,SMMS,Panskura–Kharagpur,PKU-KGP,158.434,Interlocking inspection,Medium,67,45,Telecom Maintenance Team,2026-10-11,normal,Under Review
SIG-26027-0154,2026-10-04,SMMS,Mecheda–Panskura,MCA-PKU,119.515,Axle counter issue,Medium,63,60,S&T Crew,2026-10-11,normal,Open
SIG-26027-0155,2026-10-04,SMMS,Kharagpur–Gidni,KGP-GID,176.894,Track circuit testing,Medium,50,60,Signal Testing Team,2026-10-11,critical_defect,Open
SIG-26027-0156,2026-10-04,SMMS,Mecheda–Panskura,MCA-PKU,124.324,Track circuit testing,Critical,98,75,Telecom Maintenance Team,2026-10-05,normal,Open
SIG-26027-0157,2026-10-04,SMMS,Mecheda–Panskura,MCA-PKU,119.144,Interlocking inspection,Critical,90,60,Signal Testing Team,2026-10-05,mixed_realistic,Open
SIG-26027-0158,2026-10-04,SMMS,Mecheda–Panskura,MCA-PKU,115.527,Track circuit testing,High,73,105,Point Machine Team,2026-10-07,resource_shortage,Open
SIG-26027-0159,2026-10-04,SMMS,Howrah–Santragachi,HWH-SRC,5.433,Track circuit testing,High,72,60,S&T Crew,2026-10-07,high_conflict,Open
SIG-26027-0160,2026-10-04,SMMS,Mecheda–Panskura,MCA-PKU,121.056,Point machine inspection,Low,40,50,Point Machine Team,2026-10-18,resource_shortage,Open
SIG-26027-0161,2026-10-04,SMMS,Santragachi–Panskura,SRC-PKU,77.55,Preventive S&T maintenance,Low,43,65,Telecom Maintenance Team,2026-10-18,normal,Open
SIG-26027-0162,2026-10-04,SMMS,Kharagpur–Gidni,KGP-GID,178.938,Signal failure,Medium,61,30,S&T Crew,2026-10-11,heavy_train_traffic,Under Review
SIG-26027-0163,2026-10-04,SMMS,Santragachi–Panskura,SRC-PKU,43.72,Signal equipment defect,High,75,75,Point Machine Team,2026-10-07,high_conflict,Under Review
SIG-26027-0164,2026-10-04,SMMS,Panskura–Kharagpur,PKU-KGP,126.797,Signal equipment defect,High,85,75,Telecom Maintenance Team,2026-10-07,high_defect_load,Open
SIG-26027-0165,2026-10-04,SMMS,Kharagpur–Gidni,KGP-GID,207.758,Interlocking inspection,Low,28,20,Point Machine Team,2026-10-18,heavy_train_traffic,Under Review
SIG-26027-0166,2026-10-04,SMMS,Howrah–Santragachi,HWH-SRC,7.028,Point machine inspection,Low,27,50,S&T Crew,2026-10-18,high_defect_load,Open
SIG-26027-0167,2026-10-04,SMMS,Howrah–Santragachi,HWH-SRC,4.784,Interlocking inspection,Low,32,20,Telecom Maintenance Team,2026-10-18,resource_shortage,Open
SIG-26027-0168,2026-10-04,SMMS,Panskura–Kharagpur,PKU-KGP,136.16,Track circuit testing,High,80,75,S&T Crew,2026-10-07,critical_defect,Under Review
SIG-26027-0169,2026-10-04,SMMS,Mecheda–Panskura,MCA-PKU,118.596,Point machine inspection,Medium,48,60,Signal Testing Team,2026-10-11,cross_department_cluster,Open
SIG-26027-0170,2026-10-04,SMMS,Panskura–Kharagpur,PKU-KGP,153.204,Preventive S&T maintenance,Low,33,50,Signal Testing Team,2026-10-18,mixed_realistic,Under Review
SIG-26027-0171,2026-10-04,SMMS,Mecheda–Panskura,MCA-PKU,118.23,Point machine inspection,High,87,45,Signal Testing Team,2026-10-07,cross_department_cluster,Open
SIG-26027-0172,2026-10-04,SMMS,Santragachi–Panskura,SRC-PKU,44.978,Point machine inspection,Medium,56,90,Telecom Maintenance Team,2026-10-11,high_defect_load,Under Review
SIG-26027-0173,2026-10-04,SMMS,Mecheda–Panskura,MCA-PKU,117.55,Interlocking inspection,Low,25,35,S&T Crew,2026-10-18,high_defect_load,Open
SIG-26027-0174,2026-10-04,SMMS,Kharagpur–Gidni,KGP-GID,207.208,Interlocking inspection,Medium,65,30,Telecom Maintenance Team,2026-10-11,normal,Open
SIG-26027-0175,2026-10-04,SMMS,Kharagpur–Gidni,KGP-GID,207.218,Signal failure,Critical,94,90,S&T Crew,2026-10-05,resource_shortage,Open
SIG-26027-0176,2026-10-04,SMMS,Kharagpur–Gidni,KGP-GID,204.287,Interlocking inspection,Medium,51,30,Point Machine Team,2026-10-11,high_defect_load,Open
SIG-26027-0177,2026-10-04,SMMS,Panskura–Kharagpur,PKU-KGP,169.182,Interlocking inspection,Medium,69,60,Signal Testing Team,2026-10-11,heavy_train_traffic,Under Review
SIG-26027-0178,2026-10-04,SMMS,Howrah–Santragachi,HWH-SRC,5.729,Preventive S&T maintenance,Medium,66,45,S&T Crew,2026-10-11,high_defect_load,Under Review
SIG-26027-0179,2026-10-04,SMMS,Mecheda–Panskura,MCA-PKU,118.397,Preventive S&T maintenance,High,74,105,Point Machine Team,2026-10-07,cross_department_cluster,Open
SIG-26027-0180,2026-10-04,SMMS,Mecheda–Panskura,MCA-PKU,116.145,Interlocking inspection,Medium,50,60,Point Machine Team,2026-10-11,mixed_realistic,Open
SIG-26027-0181,2026-10-04,SMMS,Santragachi–Panskura,SRC-PKU,106.268,Point machine inspection,High,84,60,Telecom Maintenance Team,2026-10-07,critical_defect,Open
SIG-26027-0182,2026-10-04,SMMS,Howrah–Santragachi,HWH-SRC,8.146,Track circuit testing,Low,27,35,Telecom Maintenance Team,2026-10-18,high_defect_load,Open
SIG-26027-0183,2026-10-04,SMMS,Kharagpur–Gidni,KGP-GID,204.659,Signal equipment defect,Medium,65,30,Signal Testing Team,2026-10-11,high_defect_load,Planned
SIG-26027-0184,2026-10-04,SMMS,Mecheda–Panskura,MCA-PKU,121.982,Axle counter issue,Low,27,20,Point Machine Team,2026-10-18,high_defect_load,Open
SIG-26027-0185,2026-10-04,SMMS,Panskura–Kharagpur,PKU-KGP,142.778,Axle counter issue,High,73,105,S&T Crew,2026-10-07,cross_department_cluster,Under Review
SIG-26027-0186,2026-10-04,SMMS,Panskura–Kharagpur,PKU-KGP,163.917,Axle counter issue,High,87,105,Point Machine Team,2026-10-07,cross_department_cluster,Open
SIG-26027-0187,2026-10-04,SMMS,Mecheda–Panskura,MCA-PKU,118.785,Track circuit testing,Medium,65,90,S&T Crew,2026-10-11,normal,Open
SIG-26027-0188,2026-10-04,SMMS,Mecheda–Panskura,MCA-PKU,118.355,Interlocking inspection,Medium,52,60,Point Machine Team,2026-10-11,heavy_train_traffic,Under Review
SIG-26027-0189,2026-10-04,SMMS,Howrah–Santragachi,HWH-SRC,1.608,Axle counter issue,High,83,90,Signal Testing Team,2026-10-07,high_defect_load,Open
SIG-26027-0190,2026-10-04,SMMS,Panskura–Kharagpur,PKU-KGP,158.36,Preventive S&T maintenance,Low,38,35,Point Machine Team,2026-10-18,cross_department_cluster,Open
SIG-26027-0191,2026-10-04,SMMS,Santragachi–Panskura,SRC-PKU,86.608,Signal equipment defect,High,83,45,S&T Crew,2026-10-07,high_conflict,Open
SIG-26027-0192,2026-10-04,SMMS,Kharagpur–Gidni,KGP-GID,206.401,Signal failure,Low,20,35,Point Machine Team,2026-10-18,high_defect_load,Open
SIG-26027-0193,2026-10-04,SMMS,Panskura–Kharagpur,PKU-KGP,164.46,Track circuit testing,Medium,64,60,Telecom Maintenance Team,2026-10-11,cross_department_cluster,Planned
SIG-26027-0194,2026-10-04,SMMS,Kharagpur–Gidni,KGP-GID,172.989,Point machine inspection,Medium,65,45,Telecom Maintenance Team,2026-10-11,normal,Open
SIG-26027-0195,2026-10-04,SMMS,Santragachi–Panskura,SRC-PKU,28.93,Preventive S&T maintenance,High,82,105,Telecom Maintenance Team,2026-10-07,high_defect_load,Under Review
SIG-26027-0196,2026-10-05,SMMS,Panskura–Kharagpur,PKU-KGP,158.285,Signal failure,Medium,52,45,Point Machine Team,2026-10-12,cross_department_cluster,Open
SIG-26027-0197,2026-10-05,SMMS,Mecheda–Panskura,MCA-PKU,120.69,Interlocking inspection,High,83,45,Point Machine Team,2026-10-08,high_defect_load,Open
SIG-26027-0198,2026-10-05,SMMS,Mecheda–Panskura,MCA-PKU,124.319,Interlocking inspection,Low,42,20,Point Machine Team,2026-10-19,critical_defect,Open
SIG-26027-0199,2026-10-05,SMMS,Kharagpur–Gidni,KGP-GID,206.992,Axle counter issue,Medium,52,75,S&T Crew,2026-10-12,high_defect_load,Open
SIG-26027-0200,2026-10-05,SMMS,Mecheda–Panskura,MCA-PKU,118.461,Signal failure,Medium,50,45,Telecom Maintenance Team,2026-10-12,cross_department_cluster,Open
SIG-26027-0201,2026-10-05,SMMS,Howrah–Santragachi,HWH-SRC,8.399,Signal failure,High,87,105,S&T Crew,2026-10-08,critical_defect,Under Review
SIG-26027-0202,2026-10-05,SMMS,Howrah–Santragachi,HWH-SRC,9.874,Interlocking inspection,Medium,52,30,Point Machine Team,2026-10-12,high_conflict,Open
SIG-26027-0203,2026-10-05,SMMS,Mecheda–Panskura,MCA-PKU,124.818,Point machine inspection,High,83,105,Point Machine Team,2026-10-08,heavy_train_traffic,Open
SIG-26027-0204,2026-10-05,SMMS,Santragachi–Panskura,SRC-PKU,104.169,Signal equipment defect,Medium,50,60,S&T Crew,2026-10-12,normal,Planned
SIG-26027-0205,2026-10-05,SMMS,Panskura–Kharagpur,PKU-KGP,137.535,Point machine inspection,Medium,69,45,Point Machine Team,2026-10-12,mixed_realistic,Open
SIG-26027-0206,2026-10-05,SMMS,Panskura–Kharagpur,PKU-KGP,145.84,Signal failure,High,85,60,Signal Testing Team,2026-10-08,high_conflict,Under Review
SIG-26027-0207,2026-10-05,SMMS,Howrah–Santragachi,HWH-SRC,11.617,Preventive S&T maintenance,Critical,99,45,Telecom Maintenance Team,2026-10-06,critical_defect,Open
SIG-26027-0208,2026-10-05,SMMS,Panskura–Kharagpur,PKU-KGP,158.251,Signal failure,High,70,105,Signal Testing Team,2026-10-08,normal,Open
SIG-26027-0209,2026-10-05,SMMS,Mecheda–Panskura,MCA-PKU,119.419,Track circuit testing,Critical,95,45,Point Machine Team,2026-10-06,normal,Under Review
SIG-26027-0210,2026-10-05,SMMS,Santragachi–Panskura,SRC-PKU,79.948,Axle counter issue,Medium,50,90,Signal Testing Team,2026-10-12,critical_defect,Open
SIG-26027-0211,2026-10-05,SMMS,Panskura–Kharagpur,PKU-KGP,139.742,Preventive S&T maintenance,Medium,58,60,S&T Crew,2026-10-12,heavy_train_traffic,Under Review
SIG-26027-0212,2026-10-05,SMMS,Howrah–Santragachi,HWH-SRC,1.838,Point machine inspection,Low,41,35,Signal Testing Team,2026-10-19,heavy_train_traffic,Planned
SIG-26027-0213,2026-10-05,SMMS,Panskura–Kharagpur,PKU-KGP,157.822,Interlocking inspection,Low,38,35,Telecom Maintenance Team,2026-10-19,cross_department_cluster,Open
SIG-26027-0214,2026-10-05,SMMS,Santragachi–Panskura,SRC-PKU,30.996,Preventive S&T maintenance,Low,35,35,Point Machine Team,2026-10-19,mixed_realistic,Open
SIG-26027-0215,2026-10-05,SMMS,Santragachi–Panskura,SRC-PKU,113.686,Signal equipment defect,Medium,46,30,Telecom Maintenance Team,2026-10-12,mixed_realistic,Open
SIG-26027-0216,2026-10-05,SMMS,Santragachi–Panskura,SRC-PKU,17.753,Preventive S&T maintenance,Medium,56,75,Telecom Maintenance Team,2026-10-12,critical_defect,Open
SIG-26027-0217,2026-10-05,SMMS,Panskura–Kharagpur,PKU-KGP,157.995,Interlocking inspection,Low,43,35,S&T Crew,2026-10-19,cross_department_cluster,Open
SIG-26027-0218,2026-10-05,SMMS,Santragachi–Panskura,SRC-PKU,77.534,Track circuit testing,Low,38,65,Signal Testing Team,2026-10-19,resource_shortage,Under Review
SIG-26027-0219,2026-10-05,SMMS,Mecheda–Panskura,MCA-PKU,117.944,Axle counter issue,Medium,59,75,Point Machine Team,2026-10-12,cross_department_cluster,Open
SIG-26027-0220,2026-10-05,SMMS,Panskura–Kharagpur,PKU-KGP,164.664,Track circuit testing,Low,33,20,Telecom Maintenance Team,2026-10-19,cross_department_cluster,Under Review
SIG-26027-0221,2026-10-05,SMMS,Panskura–Kharagpur,PKU-KGP,132.206,Point machine inspection,High,79,105,Point Machine Team,2026-10-08,heavy_train_traffic,Open
SIG-26027-0222,2026-10-05,SMMS,Panskura–Kharagpur,PKU-KGP,134.183,Interlocking inspection,Medium,63,90,Signal Testing Team,2026-10-12,heavy_train_traffic,Under Review
SIG-26027-0223,2026-10-05,SMMS,Mecheda–Panskura,MCA-PKU,119.746,Signal failure,Medium,48,75,S&T Crew,2026-10-12,heavy_train_traffic,Under Review
SIG-26027-0224,2026-10-05,SMMS,Panskura–Kharagpur,PKU-KGP,167.208,Signal equipment defect,High,71,75,Signal Testing Team,2026-10-08,high_conflict,Open
SIG-26027-0225,2026-10-05,SMMS,Kharagpur–Gidni,KGP-GID,211.12,Axle counter issue,Medium,54,90,Point Machine Team,2026-10-12,high_conflict,Planned
SIG-26027-0226,2026-10-05,SMMS,Panskura–Kharagpur,PKU-KGP,164.499,Signal failure,Medium,51,60,Signal Testing Team,2026-10-12,cross_department_cluster,Open
SIG-26027-0227,2026-10-05,SMMS,Mecheda–Panskura,MCA-PKU,118.55,Preventive S&T maintenance,Medium,52,90,Point Machine Team,2026-10-12,cross_department_cluster,Under Review
SIG-26027-0228,2026-10-05,SMMS,Kharagpur–Gidni,KGP-GID,190.323,Signal failure,Low,43,50,S&T Crew,2026-10-19,high_defect_load,Open
SIG-26027-0229,2026-10-05,SMMS,Panskura–Kharagpur,PKU-KGP,142.143,Interlocking inspection,Medium,69,75,Telecom Maintenance Team,2026-10-12,cross_department_cluster,Planned
SIG-26027-0230,2026-10-05,SMMS,Kharagpur–Gidni,KGP-GID,184.055,Preventive S&T maintenance,Medium,66,60,Telecom Maintenance Team,2026-10-12,normal,Open
SIG-26027-0231,2026-10-05,SMMS,Panskura–Kharagpur,PKU-KGP,142.843,Preventive S&T maintenance,Medium,58,45,Point Machine Team,2026-10-12,cross_department_cluster,Open
SIG-26027-0232,2026-10-05,SMMS,Mecheda–Panskura,MCA-PKU,124.143,Axle counter issue,Low,42,50,S&T Crew,2026-10-19,resource_shortage,Open
SIG-26027-0233,2026-10-05,SMMS,Kharagpur–Gidni,KGP-GID,174.527,Track circuit testing,Medium,46,90,Point Machine Team,2026-10-12,resource_shortage,Open
SIG-26027-0234,2026-10-05,SMMS,Howrah–Santragachi,HWH-SRC,10.046,Signal failure,High,86,60,S&T Crew,2026-10-08,high_defect_load,Planned
SIG-26027-0235,2026-10-05,SMMS,Howrah–Santragachi,HWH-SRC,3.615,Signal failure,High,79,45,S&T Crew,2026-10-08,high_defect_load,Open
SIG-26027-0236,2026-10-05,SMMS,Kharagpur–Gidni,KGP-GID,186.332,Interlocking inspection,Critical,93,105,Point Machine Team,2026-10-06,heavy_train_traffic,Under Review
SIG-26027-0237,2026-10-05,SMMS,Kharagpur–Gidni,KGP-GID,186.418,Preventive S&T maintenance,Medium,62,75,Point Machine Team,2026-10-12,normal,Open
SIG-26027-0238,2026-10-05,SMMS,Kharagpur–Gidni,KGP-GID,198.184,Track circuit testing,Medium,62,90,Telecom Maintenance Team,2026-10-12,mixed_realistic,Open
SIG-26027-0239,2026-10-05,SMMS,Santragachi–Panskura,SRC-PKU,106.016,Point machine inspection,Medium,47,90,Point Machine Team,2026-10-12,heavy_train_traffic,Open
SIG-26027-0240,2026-10-05,SMMS,Howrah–Santragachi,HWH-SRC,1.972,Signal failure,High,72,75,S&T Crew,2026-10-08,resource_shortage,Open
SIG-26027-0241,2026-10-05,SMMS,Panskura–Kharagpur,PKU-KGP,131.068,Preventive S&T maintenance,Low,25,65,S&T Crew,2026-10-19,critical_defect,Open
SIG-26027-0242,2026-10-05,SMMS,Mecheda–Panskura,MCA-PKU,115.939,Preventive S&T maintenance,Medium,64,30,S&T Crew,2026-10-12,resource_shortage,Open
SIG-26027-0243,2026-10-05,SMMS,Panskura–Kharagpur,PKU-KGP,142.557,Signal failure,Low,37,65,S&T Crew,2026-10-19,cross_department_cluster,Open
SIG-26027-0244,2026-10-05,SMMS,Santragachi–Panskura,SRC-PKU,32.382,Point machine inspection,Medium,54,30,Telecom Maintenance Team,2026-10-12,normal,Open
SIG-26027-0245,2026-10-05,SMMS,Santragachi–Panskura,SRC-PKU,12.669,Track circuit testing,Medium,54,60,Signal Testing Team,2026-10-12,critical_defect,Open
SIG-26027-0246,2026-10-05,SMMS,Howrah–Santragachi,HWH-SRC,6.505,Signal equipment defect,Low,21,50,S&T Crew,2026-10-19,high_conflict,Planned
SIG-26027-0247,2026-10-05,SMMS,Santragachi–Panskura,SRC-PKU,98.15,Interlocking inspection,High,70,105,Telecom Maintenance Team,2026-10-08,high_defect_load,Open
SIG-26027-0248,2026-10-05,SMMS,Kharagpur–Gidni,KGP-GID,201.336,Point machine inspection,Low,23,65,S&T Crew,2026-10-19,high_conflict,Open
SIG-26027-0249,2026-10-05,SMMS,Howrah–Santragachi,HWH-SRC,10.356,Axle counter issue,Medium,61,60,Point Machine Team,2026-10-12,high_defect_load,Under Review
SIG-26027-0250,2026-10-05,SMMS,Panskura–Kharagpur,PKU-KGP,164.215,Axle counter issue,Medium,61,45,S&T Crew,2026-10-12,cross_department_cluster,Open
SIG-26027-0251,2026-10-05,SMMS,Howrah–Santragachi,HWH-SRC,2.773,Point machine inspection,High,86,45,Telecom Maintenance Team,2026-10-08,resource_shortage,Open
SIG-26027-0252,2026-10-05,SMMS,Santragachi–Panskura,SRC-PKU,65.317,Preventive S&T maintenance,Critical,95,105,Signal Testing Team,2026-10-06,normal,Open
SIG-26027-0253,2026-10-05,SMMS,Santragachi–Panskura,SRC-PKU,39.515,Preventive S&T maintenance,Medium,48,30,Point Machine Team,2026-10-12,resource_shortage,Open
SIG-26027-0254,2026-10-05,SMMS,Kharagpur–Gidni,KGP-GID,188.168,Signal equipment defect,Medium,63,90,S&T Crew,2026-10-12,high_conflict,Open
SIG-26027-0255,2026-10-05,SMMS,Santragachi–Panskura,SRC-PKU,92.029,Preventive S&T maintenance,Medium,57,45,S&T Crew,2026-10-12,high_defect_load,Open
SIG-26027-0256,2026-10-05,SMMS,Howrah–Santragachi,HWH-SRC,4.194,Axle counter issue,Medium,49,75,Telecom Maintenance Team,2026-10-12,resource_shortage,Open
SIG-26027-0257,2026-10-05,SMMS,Mecheda–Panskura,MCA-PKU,122.67,Axle counter issue,Low,30,20,Signal Testing Team,2026-10-19,normal,Open
SIG-26027-0258,2026-10-05,SMMS,Kharagpur–Gidni,KGP-GID,212.509,Signal failure,High,81,90,S&T Crew,2026-10-08,high_conflict,Open
SIG-26027-0259,2026-10-05,SMMS,Panskura–Kharagpur,PKU-KGP,134.626,Interlocking inspection,Critical,96,105,Point Machine Team,2026-10-06,critical_defect,Open
SIG-26027-0260,2026-10-05,SMMS,Santragachi–Panskura,SRC-PKU,39.31,Point machine inspection,Medium,56,30,Telecom Maintenance Team,2026-10-12,heavy_train_traffic,Planned
SIG-26027-0261,2026-10-06,SMMS,Mecheda–Panskura,MCA-PKU,117.859,Point machine inspection,Medium,52,45,Point Machine Team,2026-10-13,cross_department_cluster,Planned
SIG-26027-0262,2026-10-06,SMMS,Howrah–Santragachi,HWH-SRC,1.633,Preventive S&T maintenance,Low,37,65,S&T Crew,2026-10-20,high_conflict,Planned
SIG-26027-0263,2026-10-06,SMMS,Panskura–Kharagpur,PKU-KGP,128.628,Preventive S&T maintenance,High,88,75,Telecom Maintenance Team,2026-10-09,resource_shortage,Under Review
SIG-26027-0264,2026-10-06,SMMS,Panskura–Kharagpur,PKU-KGP,142.837,Signal equipment defect,High,87,105,Telecom Maintenance Team,2026-10-09,cross_department_cluster,Open
SIG-26027-0265,2026-10-06,SMMS,Mecheda–Panskura,MCA-PKU,118.405,Signal equipment defect,Low,30,20,Signal Testing Team,2026-10-20,cross_department_cluster,Under Review
SIG-26027-0266,2026-10-06,SMMS,Mecheda–Panskura,MCA-PKU,116.99,Signal equipment defect,Medium,63,45,Telecom Maintenance Team,2026-10-13,normal,Open
SIG-26027-0267,2026-10-06,SMMS,Santragachi–Panskura,SRC-PKU,74.861,Signal failure,Medium,67,90,Point Machine Team,2026-10-13,normal,Planned
SIG-26027-0268,2026-10-06,SMMS,Panskura–Kharagpur,PKU-KGP,158.236,Axle counter issue,Medium,69,60,S&T Crew,2026-10-13,cross_department_cluster,Open
SIG-26027-0269,2026-10-06,SMMS,Panskura–Kharagpur,PKU-KGP,130.834,Axle counter issue,High,76,75,Telecom Maintenance Team,2026-10-09,normal,Open
SIG-26027-0270,2026-10-06,SMMS,Panskura–Kharagpur,PKU-KGP,157.804,Axle counter issue,Low,22,50,S&T Crew,2026-10-20,cross_department_cluster,Open
SIG-26027-0271,2026-10-06,SMMS,Santragachi–Panskura,SRC-PKU,93.104,Interlocking inspection,High,77,75,Point Machine Team,2026-10-09,heavy_train_traffic,Open
SIG-26027-0272,2026-10-06,SMMS,Kharagpur–Gidni,KGP-GID,214.244,Track circuit testing,High,78,60,Point Machine Team,2026-10-09,high_conflict,Open
SIG-26027-0273,2026-10-06,SMMS,Kharagpur–Gidni,KGP-GID,193.461,Point machine inspection,Critical,90,90,Signal Testing Team,2026-10-07,high_defect_load,Open
SIG-26027-0274,2026-10-06,SMMS,Panskura–Kharagpur,PKU-KGP,162.91,Signal equipment defect,Low,29,20,S&T Crew,2026-10-20,resource_shortage,Open
SIG-26027-0275,2026-10-06,SMMS,Kharagpur–Gidni,KGP-GID,214.397,Point machine inspection,Medium,50,90,Signal Testing Team,2026-10-13,critical_defect,Open
SIG-26027-0276,2026-10-06,SMMS,Panskura–Kharagpur,PKU-KGP,151.919,Axle counter issue,Medium,52,60,Telecom Maintenance Team,2026-10-13,mixed_realistic,Open
SIG-26027-0277,2026-10-06,SMMS,Howrah–Santragachi,HWH-SRC,7.164,Signal failure,High,81,90,Telecom Maintenance Team,2026-10-09,high_defect_load,Under Review
SIG-26027-0278,2026-10-06,SMMS,Howrah–Santragachi,HWH-SRC,7.448,Preventive S&T maintenance,Low,38,65,S&T Crew,2026-10-20,high_conflict,Open
SIG-26027-0279,2026-10-06,SMMS,Mecheda–Panskura,MCA-PKU,117.687,Signal equipment defect,High,76,60,S&T Crew,2026-10-09,resource_shortage,Open
SIG-26027-0280,2026-10-06,SMMS,Mecheda–Panskura,MCA-PKU,116.817,Interlocking inspection,Medium,53,45,Telecom Maintenance Team,2026-10-13,high_defect_load,Open
SIG-26027-0281,2026-10-06,SMMS,Mecheda–Panskura,MCA-PKU,123.118,Signal equipment defect,High,88,45,Signal Testing Team,2026-10-09,normal,Under Review
SIG-26027-0282,2026-10-06,SMMS,Panskura–Kharagpur,PKU-KGP,140.725,Signal equipment defect,Low,36,65,S&T Crew,2026-10-20,high_conflict,Planned
SIG-26027-0283,2026-10-06,SMMS,Howrah–Santragachi,HWH-SRC,5.921,Preventive S&T maintenance,Medium,59,60,Signal Testing Team,2026-10-13,normal,Open
SIG-26027-0284,2026-10-06,SMMS,Santragachi–Panskura,SRC-PKU,23.189,Track circuit testing,High,77,90,Signal Testing Team,2026-10-09,high_defect_load,Open
SIG-26027-0285,2026-10-06,SMMS,Panskura–Kharagpur,PKU-KGP,142.149,Interlocking inspection,High,72,75,Point Machine Team,2026-10-09,cross_department_cluster,Open
SIG-26027-0286,2026-10-06,SMMS,Kharagpur–Gidni,KGP-GID,202.646,Point machine inspection,Medium,46,75,Telecom Maintenance Team,2026-10-13,mixed_realistic,Open
SIG-26027-0287,2026-10-06,SMMS,Santragachi–Panskura,SRC-PKU,35.704,Signal failure,Medium,57,90,S&T Crew,2026-10-13,mixed_realistic,Open
SIG-26027-0288,2026-10-06,SMMS,Panskura–Kharagpur,PKU-KGP,142.194,Point machine inspection,Low,33,35,Signal Testing Team,2026-10-20,cross_department_cluster,Open
SIG-26027-0289,2026-10-06,SMMS,Panskura–Kharagpur,PKU-KGP,148.207,Interlocking inspection,Medium,65,60,Point Machine Team,2026-10-13,high_defect_load,Planned
SIG-26027-0290,2026-10-06,SMMS,Santragachi–Panskura,SRC-PKU,61.09,Signal equipment defect,High,89,75,Point Machine Team,2026-10-09,critical_defect,Open
SIG-26027-0291,2026-10-06,SMMS,Santragachi–Panskura,SRC-PKU,62.245,Signal failure,Medium,55,90,Point Machine Team,2026-10-13,high_conflict,Open
SIG-26027-0292,2026-10-06,SMMS,Panskura–Kharagpur,PKU-KGP,142.264,Signal equipment defect,High,71,105,Signal Testing Team,2026-10-09,high_conflict,Open
SIG-26027-0293,2026-10-06,SMMS,Santragachi–Panskura,SRC-PKU,30.174,Point machine inspection,Low,41,65,Point Machine Team,2026-10-20,mixed_realistic,Under Review
SIG-26027-0294,2026-10-06,SMMS,Panskura–Kharagpur,PKU-KGP,161.613,Signal equipment defect,Medium,62,60,Telecom Maintenance Team,2026-10-13,critical_defect,Open
SIG-26027-0295,2026-10-06,SMMS,Mecheda–Panskura,MCA-PKU,122.044,Interlocking inspection,Low,41,50,Telecom Maintenance Team,2026-10-20,heavy_train_traffic,Open
SIG-26027-0296,2026-10-06,SMMS,Santragachi–Panskura,SRC-PKU,23.474,Point machine inspection,Medium,50,75,Signal Testing Team,2026-10-13,high_defect_load,Open
SIG-26027-0297,2026-10-06,SMMS,Santragachi–Panskura,SRC-PKU,38.937,Signal failure,High,84,60,S&T Crew,2026-10-09,heavy_train_traffic,Open
SIG-26027-0298,2026-10-06,SMMS,Howrah–Santragachi,HWH-SRC,10.47,Interlocking inspection,Low,21,50,Signal Testing Team,2026-10-20,critical_defect,Open
SIG-26027-0299,2026-10-06,SMMS,Howrah–Santragachi,HWH-SRC,7.416,Point machine inspection,Medium,52,30,Telecom Maintenance Team,2026-10-13,resource_shortage,Under Review
SIG-26027-0300,2026-10-06,SMMS,Panskura–Kharagpur,PKU-KGP,163.997,Preventive S&T maintenance,High,87,90,Signal Testing Team,2026-10-09,cross_department_cluster,Under Review
SIG-26027-0301,2026-10-06,SMMS,Mecheda–Panskura,MCA-PKU,120.16,Signal equipment defect,Medium,60,90,Point Machine Team,2026-10-13,critical_defect,Planned
SIG-26027-0302,2026-10-06,SMMS,Howrah–Santragachi,HWH-SRC,11.733,Point machine inspection,Medium,60,75,Point Machine Team,2026-10-13,high_defect_load,Open
SIG-26027-0303,2026-10-06,SMMS,Kharagpur–Gidni,KGP-GID,210.151,Signal equipment defect,Medium,56,75,Signal Testing Team,2026-10-13,heavy_train_traffic,Open
SIG-26027-0304,2026-10-06,SMMS,Santragachi–Panskura,SRC-PKU,22.697,Point machine inspection,High,86,45,S&T Crew,2026-10-09,critical_defect,Planned
SIG-26027-0305,2026-10-06,SMMS,Panskura–Kharagpur,PKU-KGP,152.069,Signal failure,Medium,59,60,Point Machine Team,2026-10-13,high_conflict,Open
SIG-26027-0306,2026-10-06,SMMS,Panskura–Kharagpur,PKU-KGP,145.732,Point machine inspection,Low,40,20,Point Machine Team,2026-10-20,heavy_train_traffic,Open
SIG-26027-0307,2026-10-06,SMMS,Panskura–Kharagpur,PKU-KGP,158.094,Axle counter issue,Critical,100,60,Telecom Maintenance Team,2026-10-07,cross_department_cluster,Under Review
SIG-26027-0308,2026-10-06,SMMS,Howrah–Santragachi,HWH-SRC,8.361,Track circuit testing,Low,43,35,S&T Crew,2026-10-20,critical_defect,Under Review
SIG-26027-0309,2026-10-06,SMMS,Panskura–Kharagpur,PKU-KGP,158.241,Signal failure,Low,40,50,Telecom Maintenance Team,2026-10-20,cross_department_cluster,Open
SIG-26027-0310,2026-10-06,SMMS,Santragachi–Panskura,SRC-PKU,112.528,Axle counter issue,Critical,96,45,Point Machine Team,2026-10-07,mixed_realistic,Under Review
SIG-26027-0311,2026-10-06,SMMS,Kharagpur–Gidni,KGP-GID,190.103,Point machine inspection,High,79,90,Telecom Maintenance Team,2026-10-09,critical_defect,Open
SIG-26027-0312,2026-10-06,SMMS,Panskura–Kharagpur,PKU-KGP,158.118,Signal equipment defect,High,82,45,S&T Crew,2026-10-09,cross_department_cluster,Planned
SIG-26027-0313,2026-10-06,SMMS,Howrah–Santragachi,HWH-SRC,7.132,Preventive S&T maintenance,Low,22,65,Signal Testing Team,2026-10-20,high_conflict,Open
SIG-26027-0314,2026-10-06,SMMS,Panskura–Kharagpur,PKU-KGP,150.099,Axle counter issue,Medium,52,75,S&T Crew,2026-10-13,high_conflict,Open
SIG-26027-0315,2026-10-06,SMMS,Panskura–Kharagpur,PKU-KGP,158.046,Preventive S&T maintenance,Medium,46,75,S&T Crew,2026-10-13,cross_department_cluster,Open
SIG-26027-0316,2026-10-06,SMMS,Panskura–Kharagpur,PKU-KGP,158.29,Axle counter issue,Medium,51,90,S&T Crew,2026-10-13,cross_department_cluster,Open
SIG-26027-0317,2026-10-06,SMMS,Mecheda–Panskura,MCA-PKU,116.492,Point machine inspection,Low,28,35,Telecom Maintenance Team,2026-10-20,heavy_train_traffic,Open
SIG-26027-0318,2026-10-06,SMMS,Santragachi–Panskura,SRC-PKU,95.128,Track circuit testing,Medium,52,75,S&T Crew,2026-10-13,resource_shortage,Open
SIG-26027-0319,2026-10-06,SMMS,Kharagpur–Gidni,KGP-GID,170.864,Point machine inspection,Low,24,65,Signal Testing Team,2026-10-20,high_conflict,Open
SIG-26027-0320,2026-10-06,SMMS,Santragachi–Panskura,SRC-PKU,18.547,Point machine inspection,Medium,56,90,Signal Testing Team,2026-10-13,normal,Open
SIG-26027-0321,2026-10-06,SMMS,Mecheda–Panskura,MCA-PKU,118.057,Interlocking inspection,Medium,51,60,Signal Testing Team,2026-10-13,cross_department_cluster,Under Review
SIG-26027-0322,2026-10-06,SMMS,Mecheda–Panskura,MCA-PKU,120.591,Point machine inspection,High,84,60,Point Machine Team,2026-10-09,high_conflict,Open
SIG-26027-0323,2026-10-06,SMMS,Mecheda–Panskura,MCA-PKU,117.998,Track circuit testing,Medium,62,45,Point Machine Team,2026-10-13,cross_department_cluster,Planned
SIG-26027-0324,2026-10-06,SMMS,Panskura–Kharagpur,PKU-KGP,166.333,Preventive S&T maintenance,Medium,47,75,Signal Testing Team,2026-10-13,critical_defect,Open
SIG-26027-0325,2026-10-06,SMMS,Santragachi–Panskura,SRC-PKU,22.039,Point machine inspection,Medium,52,90,Point Machine Team,2026-10-13,high_defect_load,Under Review
SIG-26027-0326,2026-10-07,SMMS,Kharagpur–Gidni,KGP-GID,181.066,Track circuit testing,Low,23,50,Telecom Maintenance Team,2026-10-21,critical_defect,Open
SIG-26027-0327,2026-10-07,SMMS,Kharagpur–Gidni,KGP-GID,191.157,Preventive S&T maintenance,Medium,53,60,Signal Testing Team,2026-10-14,mixed_realistic,Planned
SIG-26027-0328,2026-10-07,SMMS,Howrah–Santragachi,HWH-SRC,8.412,Axle counter issue,Medium,45,60,Point Machine Team,2026-10-14,mixed_realistic,Open
SIG-26027-0329,2026-10-07,SMMS,Kharagpur–Gidni,KGP-GID,184.121,Preventive S&T maintenance,Medium,64,75,Telecom Maintenance Team,2026-10-14,resource_shortage,Open
SIG-26027-0330,2026-10-07,SMMS,Howrah–Santragachi,HWH-SRC,8.097,Signal equipment defect,Low,44,50,S&T Crew,2026-10-21,mixed_realistic,Open
SIG-26027-0331,2026-10-07,SMMS,Mecheda–Panskura,MCA-PKU,117.911,Interlocking inspection,High,89,75,Point Machine Team,2026-10-10,cross_department_cluster,Under Review
SIG-26027-0332,2026-10-07,SMMS,Santragachi–Panskura,SRC-PKU,13.034,Preventive S&T maintenance,High,82,75,Telecom Maintenance Team,2026-10-10,high_conflict,Open
SIG-26027-0333,2026-10-07,SMMS,Panskura–Kharagpur,PKU-KGP,157.628,Point machine inspection,High,75,60,Signal Testing Team,2026-10-10,critical_defect,Planned
SIG-26027-0334,2026-10-07,SMMS,Mecheda–Panskura,MCA-PKU,118.269,Preventive S&T maintenance,Medium,49,90,Telecom Maintenance Team,2026-10-14,cross_department_cluster,Open
SIG-26027-0335,2026-10-07,SMMS,Howrah–Santragachi,HWH-SRC,3.498,Point machine inspection,High,85,45,Point Machine Team,2026-10-10,normal,Open
SIG-26027-0336,2026-10-07,SMMS,Santragachi–Panskura,SRC-PKU,76.814,Signal equipment defect,Low,43,50,S&T Crew,2026-10-21,resource_shortage,Under Review
SIG-26027-0337,2026-10-07,SMMS,Howrah–Santragachi,HWH-SRC,0.13,Axle counter issue,Medium,47,75,Point Machine Team,2026-10-14,mixed_realistic,Open
SIG-26027-0338,2026-10-07,SMMS,Mecheda–Panskura,MCA-PKU,123.109,Preventive S&T maintenance,Low,21,35,Signal Testing Team,2026-10-21,high_defect_load,Planned
SIG-26027-0339,2026-10-07,SMMS,Mecheda–Panskura,MCA-PKU,122.053,Preventive S&T maintenance,Critical,90,60,Telecom Maintenance Team,2026-10-08,mixed_realistic,Open
SIG-26027-0340,2026-10-07,SMMS,Mecheda–Panskura,MCA-PKU,124.416,Signal equipment defect,Medium,62,30,Signal Testing Team,2026-10-14,normal,Open
SIG-26027-0341,2026-10-07,SMMS,Kharagpur–Gidni,KGP-GID,207.145,Interlocking inspection,Low,38,65,Signal Testing Team,2026-10-21,critical_defect,Open
SIG-26027-0342,2026-10-07,SMMS,Panskura–Kharagpur,PKU-KGP,163.926,Interlocking inspection,High,84,90,S&T Crew,2026-10-10,cross_department_cluster,Planned
SIG-26027-0343,2026-10-07,SMMS,Mecheda–Panskura,MCA-PKU,118.211,Interlocking inspection,High,85,75,Signal Testing Team,2026-10-10,cross_department_cluster,Open
SIG-26027-0344,2026-10-07,SMMS,Mecheda–Panskura,MCA-PKU,119.727,Signal failure,Medium,52,45,Signal Testing Team,2026-10-14,high_conflict,Open
SIG-26027-0345,2026-10-07,SMMS,Kharagpur–Gidni,KGP-GID,212.459,Signal failure,Low,41,65,S&T Crew,2026-10-21,normal,Open
SIG-26027-0346,2026-10-07,SMMS,Santragachi–Panskura,SRC-PKU,84.056,Signal failure,Medium,52,60,S&T Crew,2026-10-14,critical_defect,Open
SIG-26027-0347,2026-10-07,SMMS,Kharagpur–Gidni,KGP-GID,191.553,Signal equipment defect,Medium,62,75,Telecom Maintenance Team,2026-10-14,mixed_realistic,Open
SIG-26027-0348,2026-10-07,SMMS,Panskura–Kharagpur,PKU-KGP,142.631,Preventive S&T maintenance,Low,42,50,Signal Testing Team,2026-10-21,cross_department_cluster,Open
SIG-26027-0349,2026-10-07,SMMS,Mecheda–Panskura,MCA-PKU,117.934,Preventive S&T maintenance,High,71,90,Telecom Maintenance Team,2026-10-10,cross_department_cluster,Under Review
SIG-26027-0350,2026-10-07,SMMS,Kharagpur–Gidni,KGP-GID,183.66,Preventive S&T maintenance,Low,26,20,Signal Testing Team,2026-10-21,high_conflict,Open
SIG-26027-0351,2026-10-07,SMMS,Santragachi–Panskura,SRC-PKU,104.524,Point machine inspection,Critical,98,120,Telecom Maintenance Team,2026-10-08,critical_defect,Open
SIG-26027-0352,2026-10-07,SMMS,Mecheda–Panskura,MCA-PKU,115.492,Signal failure,Medium,52,60,Telecom Maintenance Team,2026-10-14,normal,Planned
SIG-26027-0353,2026-10-07,SMMS,Mecheda–Panskura,MCA-PKU,118.165,Interlocking inspection,High,74,75,S&T Crew,2026-10-10,cross_department_cluster,Open
SIG-26027-0354,2026-10-07,SMMS,Santragachi–Panskura,SRC-PKU,12.473,Signal failure,Low,35,20,Telecom Maintenance Team,2026-10-21,normal,Under Review
SIG-26027-0355,2026-10-07,SMMS,Santragachi–Panskura,SRC-PKU,111.987,Signal failure,High,86,105,Signal Testing Team,2026-10-10,mixed_realistic,Open
SIG-26027-0356,2026-10-07,SMMS,Panskura–Kharagpur,PKU-KGP,142.593,Interlocking inspection,Low,34,65,Signal Testing Team,2026-10-21,cross_department_cluster,Under Review
SIG-26027-0357,2026-10-07,SMMS,Santragachi–Panskura,SRC-PKU,105.638,Signal failure,Critical,94,75,S&T Crew,2026-10-08,heavy_train_traffic,Open
SIG-26027-0358,2026-10-07,SMMS,Mecheda–Panskura,MCA-PKU,124.338,Interlocking inspection,High,74,75,Signal Testing Team,2026-10-10,resource_shortage,Under Review
SIG-26027-0359,2026-10-07,SMMS,Santragachi–Panskura,SRC-PKU,12.866,Signal equipment defect,High,87,105,S&T Crew,2026-10-10,high_conflict,Open
SIG-26027-0360,2026-10-07,SMMS,Mecheda–Panskura,MCA-PKU,118.623,Interlocking inspection,Low,33,20,Signal Testing Team,2026-10-21,high_defect_load,Open
SIG-26027-0361,2026-10-07,SMMS,Mecheda–Panskura,MCA-PKU,119.384,Signal failure,Low,34,20,Telecom Maintenance Team,2026-10-21,mixed_realistic,Open
SIG-26027-0362,2026-10-07,SMMS,Panskura–Kharagpur,PKU-KGP,127.318,Point machine inspection,Low,23,65,Telecom Maintenance Team,2026-10-21,high_defect_load,Open
SIG-26027-0363,2026-10-07,SMMS,Kharagpur–Gidni,KGP-GID,184.359,Track circuit testing,Medium,45,90,S&T Crew,2026-10-14,resource_shortage,Open
SIG-26027-0364,2026-10-07,SMMS,Mecheda–Panskura,MCA-PKU,118.284,Interlocking inspection,High,76,45,Point Machine Team,2026-10-10,mixed_realistic,Under Review
SIG-26027-0365,2026-10-07,SMMS,Kharagpur–Gidni,KGP-GID,206.701,Axle counter issue,High,71,45,Signal Testing Team,2026-10-10,high_conflict,Open
SIG-26027-0366,2026-10-07,SMMS,Panskura–Kharagpur,PKU-KGP,161.931,Point machine inspection,High,72,60,Point Machine Team,2026-10-10,mixed_realistic,Open
SIG-26027-0367,2026-10-07,SMMS,Panskura–Kharagpur,PKU-KGP,136.789,Signal equipment defect,Low,42,35,S&T Crew,2026-10-21,high_conflict,Open
SIG-26027-0368,2026-10-07,SMMS,Kharagpur–Gidni,KGP-GID,185.549,Axle counter issue,Medium,47,45,Point Machine Team,2026-10-14,normal,Under Review
SIG-26027-0369,2026-10-07,SMMS,Mecheda–Panskura,MCA-PKU,121.231,Signal failure,Low,32,65,Point Machine Team,2026-10-21,heavy_train_traffic,Planned
SIG-26027-0370,2026-10-07,SMMS,Kharagpur–Gidni,KGP-GID,197.033,Track circuit testing,Low,33,50,Signal Testing Team,2026-10-21,resource_shortage,Planned
SIG-26027-0371,2026-10-07,SMMS,Panskura–Kharagpur,PKU-KGP,140.538,Track circuit testing,Low,36,20,Telecom Maintenance Team,2026-10-21,mixed_realistic,Open
SIG-26027-0372,2026-10-07,SMMS,Mecheda–Panskura,MCA-PKU,118.347,Preventive S&T maintenance,Medium,46,30,Telecom Maintenance Team,2026-10-14,resource_shortage,Under Review
SIG-26027-0373,2026-10-07,SMMS,Mecheda–Panskura,MCA-PKU,115.143,Interlocking inspection,Low,38,65,Telecom Maintenance Team,2026-10-21,normal,Under Review
SIG-26027-0374,2026-10-07,SMMS,Mecheda–Panskura,MCA-PKU,121.805,Signal failure,Low,24,65,S&T Crew,2026-10-21,high_defect_load,Under Review
SIG-26027-0375,2026-10-07,SMMS,Mecheda–Panskura,MCA-PKU,119.546,Signal equipment defect,Low,36,50,Point Machine Team,2026-10-21,normal,Planned
SIG-26027-0376,2026-10-07,SMMS,Kharagpur–Gidni,KGP-GID,182.933,Track circuit testing,Medium,65,45,Telecom Maintenance Team,2026-10-14,high_conflict,Open
SIG-26027-0377,2026-10-07,SMMS,Mecheda–Panskura,MCA-PKU,115.363,Point machine inspection,High,86,60,Signal Testing Team,2026-10-10,mixed_realistic,Planned
SIG-26027-0378,2026-10-07,SMMS,Mecheda–Panskura,MCA-PKU,117.979,Preventive S&T maintenance,Low,29,50,S&T Crew,2026-10-21,cross_department_cluster,Open
SIG-26027-0379,2026-10-07,SMMS,Santragachi–Panskura,SRC-PKU,40.698,Preventive S&T maintenance,High,89,45,Signal Testing Team,2026-10-10,normal,Open
SIG-26027-0380,2026-10-07,SMMS,Mecheda–Panskura,MCA-PKU,123.207,Preventive S&T maintenance,Medium,47,60,Signal Testing Team,2026-10-14,high_conflict,Open
SIG-26027-0381,2026-10-07,SMMS,Kharagpur–Gidni,KGP-GID,173.99,Interlocking inspection,Medium,55,30,Telecom Maintenance Team,2026-10-14,high_defect_load,Open
SIG-26027-0382,2026-10-07,SMMS,Panskura–Kharagpur,PKU-KGP,143.615,Point machine inspection,Low,40,35,Signal Testing Team,2026-10-21,high_conflict,Under Review
SIG-26027-0383,2026-10-07,SMMS,Howrah–Santragachi,HWH-SRC,8.565,Signal failure,Medium,64,30,Telecom Maintenance Team,2026-10-14,heavy_train_traffic,Planned
SIG-26027-0384,2026-10-07,SMMS,Kharagpur–Gidni,KGP-GID,182.062,Signal failure,High,82,45,Point Machine Team,2026-10-10,normal,Planned
SIG-26027-0385,2026-10-07,SMMS,Mecheda–Panskura,MCA-PKU,117.823,Axle counter issue,Medium,65,30,Point Machine Team,2026-10-14,resource_shortage,Planned
SIG-26027-0386,2026-10-07,SMMS,Howrah–Santragachi,HWH-SRC,0.031,Point machine inspection,Critical,93,60,Telecom Maintenance Team,2026-10-08,normal,Open
SIG-26027-0387,2026-10-07,SMMS,Panskura–Kharagpur,PKU-KGP,142.181,Interlocking inspection,High,89,75,Point Machine Team,2026-10-10,cross_department_cluster,Open
SIG-26027-0388,2026-10-07,SMMS,Mecheda–Panskura,MCA-PKU,122.628,Signal failure,Medium,57,90,Signal Testing Team,2026-10-14,heavy_train_traffic,Under Review
SIG-26027-0389,2026-10-07,SMMS,Mecheda–Panskura,MCA-PKU,118.061,Interlocking inspection,Low,23,50,Signal Testing Team,2026-10-21,cross_department_cluster,Open
SIG-26027-0390,2026-10-07,SMMS,Santragachi–Panskura,SRC-PKU,104.642,Track circuit testing,High,74,105,S&T Crew,2026-10-10,heavy_train_traffic,Open
SIG-26027-0391,2026-10-08,SMMS,Panskura–Kharagpur,PKU-KGP,158.331,Signal equipment defect,High,71,105,Signal Testing Team,2026-10-11,cross_department_cluster,Under Review
SIG-26027-0392,2026-10-08,SMMS,Mecheda–Panskura,MCA-PKU,115.337,Axle counter issue,Medium,69,60,Point Machine Team,2026-10-15,resource_shortage,Open
SIG-26027-0393,2026-10-08,SMMS,Panskura–Kharagpur,PKU-KGP,142.785,Point machine inspection,Medium,53,45,Telecom Maintenance Team,2026-10-15,heavy_train_traffic,Under Review
SIG-26027-0394,2026-10-08,SMMS,Howrah–Santragachi,HWH-SRC,4.613,Signal equipment defect,Medium,49,45,S&T Crew,2026-10-15,critical_defect,Open
SIG-26027-0395,2026-10-08,SMMS,Panskura–Kharagpur,PKU-KGP,165.68,Interlocking inspection,Medium,51,30,Signal Testing Team,2026-10-15,critical_defect,Under Review
SIG-26027-0396,2026-10-08,SMMS,Kharagpur–Gidni,KGP-GID,206.155,Signal equipment defect,Low,27,20,Telecom Maintenance Team,2026-10-22,normal,Planned
SIG-26027-0397,2026-10-08,SMMS,Panskura–Kharagpur,PKU-KGP,142.681,Signal failure,High,74,105,Point Machine Team,2026-10-11,cross_department_cluster,Open
SIG-26027-0398,2026-10-08,SMMS,Mecheda–Panskura,MCA-PKU,123.103,Preventive S&T maintenance,Medium,65,45,Signal Testing Team,2026-10-15,normal,Under Review
SIG-26027-0399,2026-10-08,SMMS,Howrah–Santragachi,HWH-SRC,4.484,Track circuit testing,Critical,92,120,Point Machine Team,2026-10-09,normal,Open
SIG-26027-0400,2026-10-08,SMMS,Kharagpur–Gidni,KGP-GID,207.393,Point machine inspection,Low,38,20,Signal Testing Team,2026-10-22,resource_shortage,Under Review
SIG-26027-0401,2026-10-08,SMMS,Panskura–Kharagpur,PKU-KGP,136.343,Track circuit testing,Medium,67,75,S&T Crew,2026-10-15,resource_shortage,Open
SIG-26027-0402,2026-10-08,SMMS,Howrah–Santragachi,HWH-SRC,11.43,Axle counter issue,Medium,62,45,Point Machine Team,2026-10-15,critical_defect,Open
SIG-26027-0403,2026-10-08,SMMS,Mecheda–Panskura,MCA-PKU,118.144,Axle counter issue,Medium,61,90,Telecom Maintenance Team,2026-10-15,high_conflict,Under Review
SIG-26027-0404,2026-10-08,SMMS,Panskura–Kharagpur,PKU-KGP,143.133,Interlocking inspection,Medium,66,75,Signal Testing Team,2026-10-15,heavy_train_traffic,Open
SIG-26027-0405,2026-10-08,SMMS,Panskura–Kharagpur,PKU-KGP,168.414,Axle counter issue,Medium,59,90,S&T Crew,2026-10-15,high_conflict,Open
SIG-26027-0406,2026-10-08,SMMS,Mecheda–Panskura,MCA-PKU,118.41,Signal equipment defect,Medium,68,60,Signal Testing Team,2026-10-15,cross_department_cluster,Open
SIG-26027-0407,2026-10-08,SMMS,Panskura–Kharagpur,PKU-KGP,130.706,Track circuit testing,Critical,90,60,S&T Crew,2026-10-09,high_conflict,Open
SIG-26027-0408,2026-10-08,SMMS,Panskura–Kharagpur,PKU-KGP,164.415,Interlocking inspection,Low,26,20,Telecom Maintenance Team,2026-10-22,cross_department_cluster,Open
SIG-26027-0409,2026-10-08,SMMS,Kharagpur–Gidni,KGP-GID,186.049,Interlocking inspection,High,78,45,S&T Crew,2026-10-11,resource_shortage,Open
SIG-26027-0410,2026-10-08,SMMS,Howrah–Santragachi,HWH-SRC,6.885,Track circuit testing,High,72,90,Signal Testing Team,2026-10-11,normal,Planned
SIG-26027-0411,2026-10-08,SMMS,Santragachi–Panskura,SRC-PKU,54.765,Interlocking inspection,Medium,66,60,Signal Testing Team,2026-10-15,mixed_realistic,Under Review
SIG-26027-0412,2026-10-08,SMMS,Santragachi–Panskura,SRC-PKU,25.982,Interlocking inspection,Low,30,65,Signal Testing Team,2026-10-22,heavy_train_traffic,Open
SIG-26027-0413,2026-10-08,SMMS,Mecheda–Panskura,MCA-PKU,118.161,Track circuit testing,Medium,64,90,Point Machine Team,2026-10-15,heavy_train_traffic,Open
SIG-26027-0414,2026-10-08,SMMS,Panskura–Kharagpur,PKU-KGP,164.081,Signal equipment defect,Medium,53,60,Point Machine Team,2026-10-15,cross_department_cluster,Open
SIG-26027-0415,2026-10-08,SMMS,Howrah–Santragachi,HWH-SRC,8.416,Preventive S&T maintenance,Low,30,35,S&T Crew,2026-10-22,heavy_train_traffic,Open
SIG-26027-0416,2026-10-08,SMMS,Kharagpur–Gidni,KGP-GID,209.16,Axle counter issue,Critical,96,60,Signal Testing Team,2026-10-09,mixed_realistic,Open
SIG-26027-0417,2026-10-08,SMMS,Santragachi–Panskura,SRC-PKU,85.596,Track circuit testing,High,84,45,S&T Crew,2026-10-11,high_defect_load,Open
SIG-26027-0418,2026-10-08,SMMS,Kharagpur–Gidni,KGP-GID,195.269,Signal failure,Medium,60,90,Signal Testing Team,2026-10-15,mixed_realistic,Open
SIG-26027-0419,2026-10-08,SMMS,Mecheda–Panskura,MCA-PKU,118.387,Point machine inspection,High,82,60,Telecom Maintenance Team,2026-10-11,cross_department_cluster,Open
SIG-26027-0420,2026-10-08,SMMS,Santragachi–Panskura,SRC-PKU,102.313,Interlocking inspection,Medium,50,60,S&T Crew,2026-10-15,normal,Open
SIG-26027-0421,2026-10-08,SMMS,Panskura–Kharagpur,PKU-KGP,164.616,Signal failure,Medium,60,30,S&T Crew,2026-10-15,normal,Under Review
SIG-26027-0422,2026-10-08,SMMS,Panskura–Kharagpur,PKU-KGP,164.055,Preventive S&T maintenance,Low,23,50,Point Machine Team,2026-10-22,cross_department_cluster,Open
SIG-26027-0423,2026-10-08,SMMS,Howrah–Santragachi,HWH-SRC,8.434,Point machine inspection,Medium,69,30,S&T Crew,2026-10-15,high_conflict,Open
SIG-26027-0424,2026-10-08,SMMS,Santragachi–Panskura,SRC-PKU,105.812,Point machine inspection,High,81,90,Telecom Maintenance Team,2026-10-11,critical_defect,Open
SIG-26027-0425,2026-10-08,SMMS,Mecheda–Panskura,MCA-PKU,118.006,Track circuit testing,Medium,64,45,S&T Crew,2026-10-15,cross_department_cluster,Planned
SIG-26027-0426,2026-10-08,SMMS,Panskura–Kharagpur,PKU-KGP,157.833,Signal equipment defect,Medium,67,75,Point Machine Team,2026-10-15,cross_department_cluster,Open
SIG-26027-0427,2026-10-08,SMMS,Panskura–Kharagpur,PKU-KGP,156.866,Point machine inspection,Medium,46,45,S&T Crew,2026-10-15,mixed_realistic,Open
SIG-26027-0428,2026-10-08,SMMS,Panskura–Kharagpur,PKU-KGP,157.736,Interlocking inspection,Medium,67,75,S&T Crew,2026-10-15,cross_department_cluster,Planned
SIG-26027-0429,2026-10-08,SMMS,Panskura–Kharagpur,PKU-KGP,134.392,Signal equipment defect,Low,35,50,S&T Crew,2026-10-22,normal,Under Review
SIG-26027-0430,2026-10-08,SMMS,Panskura–Kharagpur,PKU-KGP,131.647,Signal failure,High,77,105,Point Machine Team,2026-10-11,high_defect_load,Open
SIG-26027-0431,2026-10-08,SMMS,Kharagpur–Gidni,KGP-GID,189.223,Signal equipment defect,High,85,105,Point Machine Team,2026-10-11,high_conflict,Under Review
SIG-26027-0432,2026-10-08,SMMS,Howrah–Santragachi,HWH-SRC,1.941,Interlocking inspection,Medium,50,60,S&T Crew,2026-10-15,critical_defect,Planned
SIG-26027-0433,2026-10-08,SMMS,Santragachi–Panskura,SRC-PKU,27.543,Interlocking inspection,Critical,97,45,Point Machine Team,2026-10-09,high_defect_load,Open
SIG-26027-0434,2026-10-08,SMMS,Howrah–Santragachi,HWH-SRC,0.269,Track circuit testing,High,78,75,Telecom Maintenance Team,2026-10-11,high_conflict,Under Review
SIG-26027-0435,2026-10-08,SMMS,Kharagpur–Gidni,KGP-GID,184.063,Axle counter issue,Medium,49,75,Signal Testing Team,2026-10-15,resource_shortage,Under Review
SIG-26027-0436,2026-10-08,SMMS,Kharagpur–Gidni,KGP-GID,204.066,Signal equipment defect,Low,29,20,Signal Testing Team,2026-10-22,mixed_realistic,Under Review
SIG-26027-0437,2026-10-08,SMMS,Howrah–Santragachi,HWH-SRC,0.413,Interlocking inspection,Low,37,65,Signal Testing Team,2026-10-22,critical_defect,Open
SIG-26027-0438,2026-10-08,SMMS,Panskura–Kharagpur,PKU-KGP,152.028,Point machine inspection,Medium,60,30,Point Machine Team,2026-10-15,resource_shortage,Under Review
SIG-26027-0439,2026-10-08,SMMS,Howrah–Santragachi,HWH-SRC,4.376,Signal equipment defect,Medium,62,30,Point Machine Team,2026-10-15,resource_shortage,Under Review
SIG-26027-0440,2026-10-08,SMMS,Panskura–Kharagpur,PKU-KGP,168.143,Axle counter issue,Low,29,20,Signal Testing Team,2026-10-22,high_defect_load,Open
SIG-26027-0441,2026-10-08,SMMS,Panskura–Kharagpur,PKU-KGP,142.53,Preventive S&T maintenance,Critical,93,75,Point Machine Team,2026-10-09,cross_department_cluster,Planned
SIG-26027-0442,2026-10-08,SMMS,Panskura–Kharagpur,PKU-KGP,129.675,Preventive S&T maintenance,Medium,64,45,Telecom Maintenance Team,2026-10-15,normal,Open
SIG-26027-0443,2026-10-08,SMMS,Howrah–Santragachi,HWH-SRC,11.842,Point machine inspection,Medium,57,90,Signal Testing Team,2026-10-15,mixed_realistic,Open
SIG-26027-0444,2026-10-08,SMMS,Santragachi–Panskura,SRC-PKU,42.405,Axle counter issue,Medium,64,60,S&T Crew,2026-10-15,heavy_train_traffic,Planned
SIG-26027-0445,2026-10-08,SMMS,Mecheda–Panskura,MCA-PKU,123.014,Point machine inspection,Medium,47,90,S&T Crew,2026-10-15,resource_shortage,Under Review
SIG-26027-0446,2026-10-08,SMMS,Panskura–Kharagpur,PKU-KGP,126.967,Signal failure,High,82,75,Telecom Maintenance Team,2026-10-11,high_conflict,Under Review
SIG-26027-0447,2026-10-08,SMMS,Howrah–Santragachi,HWH-SRC,10.95,Point machine inspection,High,73,105,Point Machine Team,2026-10-11,resource_shortage,Open
SIG-26027-0448,2026-10-08,SMMS,Santragachi–Panskura,SRC-PKU,27.029,Track circuit testing,High,84,90,S&T Crew,2026-10-11,heavy_train_traffic,Under Review
SIG-26027-0449,2026-10-08,SMMS,Santragachi–Panskura,SRC-PKU,78.653,Preventive S&T maintenance,Medium,66,30,Telecom Maintenance Team,2026-10-15,heavy_train_traffic,Under Review
SIG-26027-0450,2026-10-08,SMMS,Panskura–Kharagpur,PKU-KGP,164.681,Signal equipment defect,Low,26,50,S&T Crew,2026-10-22,cross_department_cluster,Open
SIG-26027-0451,2026-10-08,SMMS,Kharagpur–Gidni,KGP-GID,195.132,Point machine inspection,Low,29,20,Signal Testing Team,2026-10-22,normal,Planned
SIG-26027-0452,2026-10-08,SMMS,Mecheda–Panskura,MCA-PKU,120.116,Track circuit testing,Medium,48,60,Signal Testing Team,2026-10-15,mixed_realistic,Planned
SIG-26027-0453,2026-10-08,SMMS,Panskura–Kharagpur,PKU-KGP,139.767,Preventive S&T maintenance,Medium,45,45,Point Machine Team,2026-10-15,critical_defect,Open
SIG-26027-0454,2026-10-08,SMMS,Panskura–Kharagpur,PKU-KGP,147.239,Preventive S&T maintenance,Medium,50,45,Signal Testing Team,2026-10-15,mixed_realistic,Open
SIG-26027-0455,2026-10-08,SMMS,Mecheda–Panskura,MCA-PKU,115.384,Track circuit testing,Medium,67,60,Point Machine Team,2026-10-15,high_conflict,Open
SIG-26027-0456,2026-10-09,SMMS,Kharagpur–Gidni,KGP-GID,207.26,Interlocking inspection,Medium,61,30,Point Machine Team,2026-10-16,heavy_train_traffic,Planned
SIG-26027-0457,2026-10-09,SMMS,Howrah–Santragachi,HWH-SRC,5.517,Track circuit testing,High,86,105,S&T Crew,2026-10-12,high_defect_load,Open
SIG-26027-0458,2026-10-09,SMMS,Mecheda–Panskura,MCA-PKU,117.881,Track circuit testing,Medium,65,75,S&T Crew,2026-10-16,normal,Open
SIG-26027-0459,2026-10-09,SMMS,Santragachi–Panskura,SRC-PKU,98.419,Axle counter issue,Low,36,50,Signal Testing Team,2026-10-23,high_conflict,Open
SIG-26027-0460,2026-10-09,SMMS,Santragachi–Panskura,SRC-PKU,44.378,Axle counter issue,Low,24,20,Telecom Maintenance Team,2026-10-23,critical_defect,Open
SIG-26027-0461,2026-10-09,SMMS,Mecheda–Panskura,MCA-PKU,119.505,Signal equipment defect,Low,31,65,Telecom Maintenance Team,2026-10-23,resource_shortage,Open
SIG-26027-0462,2026-10-09,SMMS,Mecheda–Panskura,MCA-PKU,118.232,Signal failure,Medium,62,90,Signal Testing Team,2026-10-16,cross_department_cluster,Open
SIG-26027-0463,2026-10-09,SMMS,Kharagpur–Gidni,KGP-GID,207.901,Axle counter issue,Low,29,20,Point Machine Team,2026-10-23,high_defect_load,Open
SIG-26027-0464,2026-10-09,SMMS,Mecheda–Panskura,MCA-PKU,123.692,Point machine inspection,Medium,60,45,S&T Crew,2026-10-16,normal,Planned
SIG-26027-0465,2026-10-09,SMMS,Kharagpur–Gidni,KGP-GID,186.494,Signal failure,Low,38,65,S&T Crew,2026-10-23,critical_defect,Open
SIG-26027-0466,2026-10-09,SMMS,Santragachi–Panskura,SRC-PKU,63.015,Signal equipment defect,High,75,60,Telecom Maintenance Team,2026-10-12,high_defect_load,Open
SIG-26027-0467,2026-10-09,SMMS,Panskura–Kharagpur,PKU-KGP,142.736,Signal failure,Critical,94,60,Telecom Maintenance Team,2026-10-10,cross_department_cluster,Planned
SIG-26027-0468,2026-10-09,SMMS,Kharagpur–Gidni,KGP-GID,176.765,Axle counter issue,Medium,58,90,Telecom Maintenance Team,2026-10-16,high_conflict,Under Review
SIG-26027-0469,2026-10-09,SMMS,Panskura–Kharagpur,PKU-KGP,164.653,Signal failure,Medium,61,90,S&T Crew,2026-10-16,cross_department_cluster,Open
SIG-26027-0470,2026-10-09,SMMS,Panskura–Kharagpur,PKU-KGP,143.357,Track circuit testing,Low,42,20,Signal Testing Team,2026-10-23,high_conflict,Open
SIG-26027-0471,2026-10-09,SMMS,Santragachi–Panskura,SRC-PKU,70.465,Signal equipment defect,High,87,90,Telecom Maintenance Team,2026-10-12,critical_defect,Open
SIG-26027-0472,2026-10-09,SMMS,Howrah–Santragachi,HWH-SRC,1.984,Signal equipment defect,Medium,45,90,Signal Testing Team,2026-10-16,critical_defect,Open
SIG-26027-0473,2026-10-09,SMMS,Panskura–Kharagpur,PKU-KGP,139.81,Interlocking inspection,Low,40,50,Telecom Maintenance Team,2026-10-23,heavy_train_traffic,Open
SIG-26027-0474,2026-10-09,SMMS,Kharagpur–Gidni,KGP-GID,177.825,Signal equipment defect,Medium,49,60,Telecom Maintenance Team,2026-10-16,critical_defect,Planned
SIG-26027-0475,2026-10-09,SMMS,Panskura–Kharagpur,PKU-KGP,164.229,Signal failure,High,87,60,Telecom Maintenance Team,2026-10-12,cross_department_cluster,Open
SIG-26027-0476,2026-10-09,SMMS,Kharagpur–Gidni,KGP-GID,189.913,Signal failure,Low,33,35,S&T Crew,2026-10-23,heavy_train_traffic,Open
SIG-26027-0477,2026-10-09,SMMS,Mecheda–Panskura,MCA-PKU,121.418,Signal equipment defect,Medium,54,45,Point Machine Team,2026-10-16,high_conflict,Open
SIG-26027-0478,2026-10-09,SMMS,Santragachi–Panskura,SRC-PKU,56.689,Preventive S&T maintenance,Critical,97,120,S&T Crew,2026-10-10,critical_defect,Under Review
SIG-26027-0479,2026-10-09,SMMS,Panskura–Kharagpur,PKU-KGP,159.57,Signal equipment defect,Medium,49,60,Signal Testing Team,2026-10-16,resource_shortage,Open
SIG-26027-0480,2026-10-09,SMMS,Howrah–Santragachi,HWH-SRC,9.452,Interlocking inspection,Low,25,35,S&T Crew,2026-10-23,mixed_realistic,Open
SIG-26027-0481,2026-10-09,SMMS,Santragachi–Panskura,SRC-PKU,98.959,Signal failure,High,70,75,Point Machine Team,2026-10-12,normal,Open
SIG-26027-0482,2026-10-09,SMMS,Howrah–Santragachi,HWH-SRC,9.039,Interlocking inspection,Low,29,65,Telecom Maintenance Team,2026-10-23,critical_defect,Open
SIG-26027-0483,2026-10-09,SMMS,Panskura–Kharagpur,PKU-KGP,159.877,Signal failure,High,71,60,Telecom Maintenance Team,2026-10-12,mixed_realistic,Open
SIG-26027-0484,2026-10-09,SMMS,Mecheda–Panskura,MCA-PKU,124.03,Axle counter issue,High,80,105,Telecom Maintenance Team,2026-10-12,high_defect_load,Under Review
SIG-26027-0485,2026-10-09,SMMS,Kharagpur–Gidni,KGP-GID,193.653,Signal failure,Medium,65,60,Signal Testing Team,2026-10-16,heavy_train_traffic,Open
SIG-26027-0486,2026-10-09,SMMS,Howrah–Santragachi,HWH-SRC,10.883,Axle counter issue,High,80,90,Signal Testing Team,2026-10-12,heavy_train_traffic,Planned
SIG-26027-0487,2026-10-09,SMMS,Panskura–Kharagpur,PKU-KGP,143.025,Point machine inspection,Medium,69,60,S&T Crew,2026-10-16,mixed_realistic,Under Review
SIG-26027-0488,2026-10-09,SMMS,Panskura–Kharagpur,PKU-KGP,164.112,Signal failure,High,75,75,Point Machine Team,2026-10-12,cross_department_cluster,Open
SIG-26027-0489,2026-10-09,SMMS,Mecheda–Panskura,MCA-PKU,118.11,Point machine inspection,Medium,56,90,S&T Crew,2026-10-16,cross_department_cluster,Open
SIG-26027-0490,2026-10-09,SMMS,Santragachi–Panskura,SRC-PKU,73.732,Interlocking inspection,Medium,66,90,S&T Crew,2026-10-16,resource_shortage,Under Review
SIG-26027-0491,2026-10-09,SMMS,Kharagpur–Gidni,KGP-GID,176.961,Track circuit testing,Low,36,50,Signal Testing Team,2026-10-23,heavy_train_traffic,Open
SIG-26027-0492,2026-10-09,SMMS,Kharagpur–Gidni,KGP-GID,198.983,Signal failure,Medium,68,90,Signal Testing Team,2026-10-16,high_defect_load,Open
SIG-26027-0493,2026-10-09,SMMS,Howrah–Santragachi,HWH-SRC,8.774,Interlocking inspection,Low,27,20,S&T Crew,2026-10-23,heavy_train_traffic,Open
SIG-26027-0494,2026-10-09,SMMS,Panskura–Kharagpur,PKU-KGP,147.157,Preventive S&T maintenance,Medium,57,90,Point Machine Team,2026-10-16,heavy_train_traffic,Open
SIG-26027-0495,2026-10-09,SMMS,Panskura–Kharagpur,PKU-KGP,155.007,Interlocking inspection,Low,28,35,Point Machine Team,2026-10-23,mixed_realistic,Planned
SIG-26027-0496,2026-10-09,SMMS,Santragachi–Panskura,SRC-PKU,53.348,Preventive S&T maintenance,High,77,105,Telecom Maintenance Team,2026-10-12,heavy_train_traffic,Under Review
SIG-26027-0497,2026-10-09,SMMS,Santragachi–Panskura,SRC-PKU,75.243,Signal equipment defect,High,71,105,Point Machine Team,2026-10-12,heavy_train_traffic,Open
SIG-26027-0498,2026-10-09,SMMS,Howrah–Santragachi,HWH-SRC,0.048,Interlocking inspection,Critical,98,120,Signal Testing Team,2026-10-10,high_defect_load,Open
SIG-26027-0499,2026-10-09,SMMS,Howrah–Santragachi,HWH-SRC,0.432,Axle counter issue,Medium,45,60,Point Machine Team,2026-10-16,heavy_train_traffic,Open
SIG-26027-0500,2026-10-09,SMMS,Panskura–Kharagpur,PKU-KGP,153.671,Axle counter issue,High,86,60,Point Machine Team,2026-10-12,high_defect_load,Open
SIG-26027-0501,2026-10-09,SMMS,Mecheda–Panskura,MCA-PKU,118.261,Signal equipment defect,Medium,57,45,Telecom Maintenance Team,2026-10-16,cross_department_cluster,Open
SIG-26027-0502,2026-10-09,SMMS,Santragachi–Panskura,SRC-PKU,16.796,Signal equipment defect,Medium,63,30,Telecom Maintenance Team,2026-10-16,high_defect_load,Open
SIG-26027-0503,2026-10-09,SMMS,Mecheda–Panskura,MCA-PKU,122.695,Axle counter issue,Medium,51,30,Signal Testing Team,2026-10-16,high_conflict,Open
SIG-26027-0504,2026-10-09,SMMS,Panskura–Kharagpur,PKU-KGP,158.3,Track circuit testing,Low,43,20,Signal Testing Team,2026-10-23,cross_department_cluster,Under Review
SIG-26027-0505,2026-10-09,SMMS,Mecheda–Panskura,MCA-PKU,118.157,Point machine inspection,Medium,51,45,Telecom Maintenance Team,2026-10-16,critical_defect,Open
SIG-26027-0506,2026-10-09,SMMS,Mecheda–Panskura,MCA-PKU,124.403,Preventive S&T maintenance,Medium,47,90,S&T Crew,2026-10-16,normal,Open
SIG-26027-0507,2026-10-09,SMMS,Kharagpur–Gidni,KGP-GID,170.714,Axle counter issue,Low,20,65,Signal Testing Team,2026-10-23,mixed_realistic,Open
SIG-26027-0508,2026-10-09,SMMS,Howrah–Santragachi,HWH-SRC,1.172,Preventive S&T maintenance,Medium,48,45,Point Machine Team,2026-10-16,resource_shortage,Under Review
SIG-26027-0509,2026-10-09,SMMS,Santragachi–Panskura,SRC-PKU,64.848,Signal failure,Critical,98,45,Signal Testing Team,2026-10-10,high_defect_load,Open
SIG-26027-0510,2026-10-09,SMMS,Santragachi–Panskura,SRC-PKU,46.522,Interlocking inspection,High,77,45,Signal Testing Team,2026-10-12,high_defect_load,Planned
SIG-26027-0511,2026-10-09,SMMS,Santragachi–Panskura,SRC-PKU,33.064,Axle counter issue,High,81,60,Telecom Maintenance Team,2026-10-12,mixed_realistic,Open
SIG-26027-0512,2026-10-09,SMMS,Santragachi–Panskura,SRC-PKU,68.273,Interlocking inspection,Medium,51,90,Signal Testing Team,2026-10-16,normal,Open
SIG-26027-0513,2026-10-09,SMMS,Panskura–Kharagpur,PKU-KGP,157.85,Signal equipment defect,Medium,62,75,Telecom Maintenance Team,2026-10-16,cross_department_cluster,Open
SIG-26027-0514,2026-10-09,SMMS,Mecheda–Panskura,MCA-PKU,118.503,Track circuit testing,Medium,49,60,Point Machine Team,2026-10-16,cross_department_cluster,Under Review
SIG-26027-0515,2026-10-09,SMMS,Panskura–Kharagpur,PKU-KGP,164.436,Signal equipment defect,Medium,55,90,Signal Testing Team,2026-10-16,cross_department_cluster,Open
SIG-26027-0516,2026-10-09,SMMS,Santragachi–Panskura,SRC-PKU,76.017,Signal equipment defect,Medium,45,60,Point Machine Team,2026-10-16,resource_shortage,Open
SIG-26027-0517,2026-10-09,SMMS,Howrah–Santragachi,HWH-SRC,6.976,Signal failure,Medium,54,75,S&T Crew,2026-10-16,resource_shortage,Open
SIG-26027-0518,2026-10-09,SMMS,Kharagpur–Gidni,KGP-GID,196.986,Signal failure,Medium,60,90,Point Machine Team,2026-10-16,heavy_train_traffic,Under Review
SIG-26027-0519,2026-10-09,SMMS,Panskura–Kharagpur,PKU-KGP,157.983,Axle counter issue,High,70,75,Signal Testing Team,2026-10-12,cross_department_cluster,Planned
SIG-26027-0520,2026-10-09,SMMS,Panskura–Kharagpur,PKU-KGP,128.393,Point machine inspection,Medium,62,75,Telecom Maintenance Team,2026-10-16,critical_defect,Under Review
SIG-26027-0521,2026-10-10,SMMS,Kharagpur–Gidni,KGP-GID,190.011,Preventive S&T maintenance,Medium,49,30,Signal Testing Team,2026-10-17,normal,Open
SIG-26027-0522,2026-10-10,SMMS,Panskura–Kharagpur,PKU-KGP,133.876,Track circuit testing,High,82,90,S&T Crew,2026-10-13,mixed_realistic,Open
SIG-26027-0523,2026-10-10,SMMS,Mecheda–Panskura,MCA-PKU,122.334,Signal equipment defect,High,85,75,Telecom Maintenance Team,2026-10-13,heavy_train_traffic,Under Review
SIG-26027-0524,2026-10-10,SMMS,Howrah–Santragachi,HWH-SRC,3.926,Point machine inspection,Medium,47,75,Point Machine Team,2026-10-17,heavy_train_traffic,Open
SIG-26027-0525,2026-10-10,SMMS,Howrah–Santragachi,HWH-SRC,5.902,Signal failure,Low,26,35,Signal Testing Team,2026-10-24,high_conflict,Planned
SIG-26027-0526,2026-10-10,SMMS,Mecheda–Panskura,MCA-PKU,115.002,Point machine inspection,Medium,58,60,Point Machine Team,2026-10-17,normal,Open
SIG-26027-0527,2026-10-10,SMMS,Kharagpur–Gidni,KGP-GID,178.802,Interlocking inspection,Critical,95,120,S&T Crew,2026-10-11,high_conflict,Under Review
SIG-26027-0528,2026-10-10,SMMS,Mecheda–Panskura,MCA-PKU,123.91,Interlocking inspection,High,74,75,Telecom Maintenance Team,2026-10-13,mixed_realistic,Open
SIG-26027-0529,2026-10-10,SMMS,Panskura–Kharagpur,PKU-KGP,169.084,Point machine inspection,Low,36,20,Signal Testing Team,2026-10-24,normal,Open
SIG-26027-0530,2026-10-10,SMMS,Panskura–Kharagpur,PKU-KGP,126.264,Point machine inspection,Low,27,65,Telecom Maintenance Team,2026-10-24,heavy_train_traffic,Open
SIG-26027-0531,2026-10-10,SMMS,Panskura–Kharagpur,PKU-KGP,143.378,Preventive S&T maintenance,Low,44,35,S&T Crew,2026-10-24,high_conflict,Open
SIG-26027-0532,2026-10-10,SMMS,Howrah–Santragachi,HWH-SRC,0.04,Preventive S&T maintenance,Medium,54,90,Point Machine Team,2026-10-17,high_defect_load,Open
SIG-26027-0533,2026-10-10,SMMS,Kharagpur–Gidni,KGP-GID,171.41,Point machine inspection,Low,34,65,Point Machine Team,2026-10-24,high_defect_load,Open
SIG-26027-0534,2026-10-10,SMMS,Kharagpur–Gidni,KGP-GID,171.363,Preventive S&T maintenance,Medium,56,30,S&T Crew,2026-10-17,mixed_realistic,Open
SIG-26027-0535,2026-10-10,SMMS,Kharagpur–Gidni,KGP-GID,170.343,Signal equipment defect,Medium,51,75,Point Machine Team,2026-10-17,heavy_train_traffic,Open
SIG-26027-0536,2026-10-10,SMMS,Panskura–Kharagpur,PKU-KGP,129.307,Track circuit testing,Medium,54,90,Point Machine Team,2026-10-17,high_defect_load,Under Review
SIG-26027-0537,2026-10-10,SMMS,Mecheda–Panskura,MCA-PKU,122.946,Preventive S&T maintenance,High,89,60,Signal Testing Team,2026-10-13,critical_defect,Open
SIG-26027-0538,2026-10-10,SMMS,Kharagpur–Gidni,KGP-GID,203.524,Point machine inspection,Medium,50,60,Point Machine Team,2026-10-17,mixed_realistic,Open
SIG-26027-0539,2026-10-10,SMMS,Mecheda–Panskura,MCA-PKU,117.826,Signal failure,Medium,52,75,Signal Testing Team,2026-10-17,cross_department_cluster,Planned
SIG-26027-0540,2026-10-10,SMMS,Santragachi–Panskura,SRC-PKU,101.23,Signal failure,Critical,93,90,S&T Crew,2026-10-11,high_conflict,Under Review
SIG-26027-0541,2026-10-10,SMMS,Kharagpur–Gidni,KGP-GID,180.447,Preventive S&T maintenance,Low,39,50,S&T Crew,2026-10-24,high_conflict,Planned
SIG-26027-0542,2026-10-10,SMMS,Mecheda–Panskura,MCA-PKU,120.822,Preventive S&T maintenance,Medium,47,90,S&T Crew,2026-10-17,high_conflict,Open
SIG-26027-0543,2026-10-10,SMMS,Santragachi–Panskura,SRC-PKU,72.103,Axle counter issue,Medium,47,75,Signal Testing Team,2026-10-17,heavy_train_traffic,Planned
SIG-26027-0544,2026-10-10,SMMS,Howrah–Santragachi,HWH-SRC,10.085,Axle counter issue,High,74,45,Telecom Maintenance Team,2026-10-13,critical_defect,Planned
SIG-26027-0545,2026-10-10,SMMS,Santragachi–Panskura,SRC-PKU,13.199,Axle counter issue,Low,26,50,Telecom Maintenance Team,2026-10-24,heavy_train_traffic,Planned
SIG-26027-0546,2026-10-10,SMMS,Howrah–Santragachi,HWH-SRC,5.277,Signal failure,Low,35,50,Point Machine Team,2026-10-24,critical_defect,Planned
SIG-26027-0547,2026-10-10,SMMS,Mecheda–Panskura,MCA-PKU,118.455,Preventive S&T maintenance,Low,24,50,Point Machine Team,2026-10-24,cross_department_cluster,Under Review
SIG-26027-0548,2026-10-10,SMMS,Panskura–Kharagpur,PKU-KGP,148.99,Signal equipment defect,Low,41,50,Telecom Maintenance Team,2026-10-24,normal,Planned
SIG-26027-0549,2026-10-10,SMMS,Kharagpur–Gidni,KGP-GID,172.976,Interlocking inspection,Medium,51,60,Point Machine Team,2026-10-17,heavy_train_traffic,Open
SIG-26027-0550,2026-10-10,SMMS,Panskura–Kharagpur,PKU-KGP,157.259,Signal equipment defect,Medium,61,75,Signal Testing Team,2026-10-17,normal,Open
SIG-26027-0551,2026-10-10,SMMS,Howrah–Santragachi,HWH-SRC,0.38,Axle counter issue,Medium,56,45,S&T Crew,2026-10-17,high_conflict,Planned
SIG-26027-0552,2026-10-10,SMMS,Mecheda–Panskura,MCA-PKU,122.988,Interlocking inspection,Medium,56,90,S&T Crew,2026-10-17,resource_shortage,Open
SIG-26027-0553,2026-10-10,SMMS,Kharagpur–Gidni,KGP-GID,195.932,Preventive S&T maintenance,Low,44,50,Point Machine Team,2026-10-24,high_conflict,Open
SIG-26027-0554,2026-10-10,SMMS,Howrah–Santragachi,HWH-SRC,11.638,Axle counter issue,Low,43,50,Signal Testing Team,2026-10-24,mixed_realistic,Open
SIG-26027-0555,2026-10-10,SMMS,Howrah–Santragachi,HWH-SRC,7.613,Track circuit testing,Medium,67,45,Point Machine Team,2026-10-17,high_defect_load,Open
SIG-26027-0556,2026-10-10,SMMS,Mecheda–Panskura,MCA-PKU,118.123,Preventive S&T maintenance,Low,21,50,Signal Testing Team,2026-10-24,cross_department_cluster,Open
SIG-26027-0557,2026-10-10,SMMS,Mecheda–Panskura,MCA-PKU,116.726,Signal failure,Critical,97,45,S&T Crew,2026-10-11,high_defect_load,Under Review
SIG-26027-0558,2026-10-10,SMMS,Mecheda–Panskura,MCA-PKU,120.434,Preventive S&T maintenance,Medium,67,90,Signal Testing Team,2026-10-17,high_conflict,Open
SIG-26027-0559,2026-10-10,SMMS,Kharagpur–Gidni,KGP-GID,177.827,Signal equipment defect,High,71,90,Point Machine Team,2026-10-13,resource_shortage,Open
SIG-26027-0560,2026-10-10,SMMS,Mecheda–Panskura,MCA-PKU,118.469,Interlocking inspection,Medium,63,45,S&T Crew,2026-10-17,cross_department_cluster,Open
SIG-26027-0561,2026-10-10,SMMS,Panskura–Kharagpur,PKU-KGP,167.704,Interlocking inspection,Medium,69,75,Signal Testing Team,2026-10-17,normal,Open
SIG-26027-0562,2026-10-10,SMMS,Mecheda–Panskura,MCA-PKU,119.478,Signal failure,Low,22,20,Telecom Maintenance Team,2026-10-24,high_conflict,Open
SIG-26027-0563,2026-10-10,SMMS,Mecheda–Panskura,MCA-PKU,115.951,Signal failure,Low,39,65,Signal Testing Team,2026-10-24,high_conflict,Planned
SIG-26027-0564,2026-10-10,SMMS,Howrah–Santragachi,HWH-SRC,3.517,Signal failure,Medium,62,30,S&T Crew,2026-10-17,critical_defect,Open
SIG-26027-0565,2026-10-10,SMMS,Panskura–Kharagpur,PKU-KGP,147.412,Point machine inspection,Medium,49,90,S&T Crew,2026-10-17,resource_shortage,Open
SIG-26027-0566,2026-10-10,SMMS,Kharagpur–Gidni,KGP-GID,183.373,Axle counter issue,High,78,75,Telecom Maintenance Team,2026-10-13,mixed_realistic,Under Review
SIG-26027-0567,2026-10-10,SMMS,Howrah–Santragachi,HWH-SRC,10.903,Interlocking inspection,Medium,52,75,S&T Crew,2026-10-17,heavy_train_traffic,Under Review
SIG-26027-0568,2026-10-10,SMMS,Panskura–Kharagpur,PKU-KGP,140.67,Axle counter issue,Medium,45,60,Telecom Maintenance Team,2026-10-17,high_conflict,Under Review
SIG-26027-0569,2026-10-10,SMMS,Howrah–Santragachi,HWH-SRC,1.53,Interlocking inspection,Critical,100,60,Telecom Maintenance Team,2026-10-11,heavy_train_traffic,Open
SIG-26027-0570,2026-10-10,SMMS,Panskura–Kharagpur,PKU-KGP,144.318,Axle counter issue,Medium,60,60,Signal Testing Team,2026-10-17,mixed_realistic,Under Review
SIG-26027-0571,2026-10-10,SMMS,Howrah–Santragachi,HWH-SRC,1.766,Preventive S&T maintenance,Medium,46,75,Point Machine Team,2026-10-17,high_defect_load,Open
SIG-26027-0572,2026-10-10,SMMS,Santragachi–Panskura,SRC-PKU,92.803,Interlocking inspection,Low,22,20,Signal Testing Team,2026-10-24,normal,Open
SIG-26027-0573,2026-10-10,SMMS,Panskura–Kharagpur,PKU-KGP,126.209,Preventive S&T maintenance,High,74,45,S&T Crew,2026-10-13,normal,Open
SIG-26027-0574,2026-10-10,SMMS,Mecheda–Panskura,MCA-PKU,116.334,Signal equipment defect,Low,25,35,Telecom Maintenance Team,2026-10-24,critical_defect,Open
SIG-26027-0575,2026-10-10,SMMS,Howrah–Santragachi,HWH-SRC,2.072,Interlocking inspection,High,84,105,Point Machine Team,2026-10-13,normal,Under Review
SIG-26027-0576,2026-10-10,SMMS,Panskura–Kharagpur,PKU-KGP,142.675,Point machine inspection,Medium,62,75,Signal Testing Team,2026-10-17,heavy_train_traffic,Open
SIG-26027-0577,2026-10-10,SMMS,Santragachi–Panskura,SRC-PKU,49.504,Interlocking inspection,Medium,61,90,S&T Crew,2026-10-17,normal,Open
SIG-26027-0578,2026-10-10,SMMS,Mecheda–Panskura,MCA-PKU,119.7,Axle counter issue,Medium,45,90,Point Machine Team,2026-10-17,critical_defect,Open
SIG-26027-0579,2026-10-10,SMMS,Mecheda–Panskura,MCA-PKU,118.439,Signal failure,Medium,55,45,S&T Crew,2026-10-17,cross_department_cluster,Open
SIG-26027-0580,2026-10-10,SMMS,Kharagpur–Gidni,KGP-GID,171.61,Axle counter issue,Medium,46,30,Telecom Maintenance Team,2026-10-17,mixed_realistic,Open
SIG-26027-0581,2026-10-10,SMMS,Howrah–Santragachi,HWH-SRC,9.645,Signal failure,Medium,64,75,S&T Crew,2026-10-17,high_defect_load,Open
SIG-26027-0582,2026-10-10,SMMS,Panskura–Kharagpur,PKU-KGP,142.16,Axle counter issue,Medium,62,90,S&T Crew,2026-10-17,resource_shortage,Open
SIG-26027-0583,2026-10-10,SMMS,Mecheda–Panskura,MCA-PKU,119.874,Interlocking inspection,Medium,55,75,Point Machine Team,2026-10-17,mixed_realistic,Open
SIG-26027-0584,2026-10-10,SMMS,Howrah–Santragachi,HWH-SRC,8.732,Signal failure,High,78,90,Point Machine Team,2026-10-13,mixed_realistic,Planned
SIG-26027-0585,2026-10-10,SMMS,Howrah–Santragachi,HWH-SRC,5.42,Point machine inspection,High,86,90,S&T Crew,2026-10-13,resource_shortage,Open
SIG-26027-0586,2026-10-11,SMMS,Howrah–Santragachi,HWH-SRC,7.345,Track circuit testing,Low,23,50,Telecom Maintenance Team,2026-10-25,mixed_realistic,Planned
SIG-26027-0587,2026-10-11,SMMS,Panskura–Kharagpur,PKU-KGP,142.23,Signal equipment defect,Medium,56,60,S&T Crew,2026-10-18,cross_department_cluster,Open
SIG-26027-0588,2026-10-11,SMMS,Mecheda–Panskura,MCA-PKU,115.387,Point machine inspection,Medium,54,45,Signal Testing Team,2026-10-18,critical_defect,Open
SIG-26027-0589,2026-10-11,SMMS,Santragachi–Panskura,SRC-PKU,80.922,Signal equipment defect,High,74,105,Signal Testing Team,2026-10-14,resource_shortage,Open
SIG-26027-0590,2026-10-11,SMMS,Panskura–Kharagpur,PKU-KGP,152.43,Signal equipment defect,Medium,52,60,S&T Crew,2026-10-18,high_conflict,Open
SIG-26027-0591,2026-10-11,SMMS,Mecheda–Panskura,MCA-PKU,117.863,Signal equipment defect,High,81,60,S&T Crew,2026-10-14,cross_department_cluster,Open
SIG-26027-0592,2026-10-11,SMMS,Howrah–Santragachi,HWH-SRC,8.935,Interlocking inspection,Low,24,20,Telecom Maintenance Team,2026-10-25,resource_shortage,Open
SIG-26027-0593,2026-10-11,SMMS,Panskura–Kharagpur,PKU-KGP,165.082,Track circuit testing,Medium,59,75,Signal Testing Team,2026-10-18,critical_defect,Open
SIG-26027-0594,2026-10-11,SMMS,Panskura–Kharagpur,PKU-KGP,157.667,Interlocking inspection,Low,28,35,Telecom Maintenance Team,2026-10-25,cross_department_cluster,Open
SIG-26027-0595,2026-10-11,SMMS,Kharagpur–Gidni,KGP-GID,212.289,Preventive S&T maintenance,Low,23,20,Point Machine Team,2026-10-25,normal,Under Review
SIG-26027-0596,2026-10-11,SMMS,Kharagpur–Gidni,KGP-GID,181.301,Point machine inspection,Medium,69,60,Signal Testing Team,2026-10-18,mixed_realistic,Open
SIG-26027-0597,2026-10-11,SMMS,Panskura–Kharagpur,PKU-KGP,149.266,Interlocking inspection,Medium,55,45,Telecom Maintenance Team,2026-10-18,high_defect_load,Open
SIG-26027-0598,2026-10-11,SMMS,Mecheda–Panskura,MCA-PKU,116.097,Axle counter issue,Medium,56,60,Telecom Maintenance Team,2026-10-18,normal,Under Review
SIG-26027-0599,2026-10-11,SMMS,Panskura–Kharagpur,PKU-KGP,142.807,Signal failure,Medium,64,90,Point Machine Team,2026-10-18,cross_department_cluster,Open
SIG-26027-0600,2026-10-11,SMMS,Panskura–Kharagpur,PKU-KGP,164.057,Axle counter issue,Medium,52,75,Point Machine Team,2026-10-18,cross_department_cluster,Open
SIG-26027-0601,2026-10-11,SMMS,Howrah–Santragachi,HWH-SRC,8.693,Point machine inspection,Medium,45,30,S&T Crew,2026-10-18,mixed_realistic,Open
SIG-26027-0602,2026-10-11,SMMS,Panskura–Kharagpur,PKU-KGP,157.701,Axle counter issue,High,82,60,S&T Crew,2026-10-14,cross_department_cluster,Under Review
SIG-26027-0603,2026-10-11,SMMS,Panskura–Kharagpur,PKU-KGP,164.281,Signal failure,Low,33,35,Signal Testing Team,2026-10-25,cross_department_cluster,Open
SIG-26027-0604,2026-10-11,SMMS,Howrah–Santragachi,HWH-SRC,9.39,Axle counter issue,Medium,59,90,Signal Testing Team,2026-10-18,resource_shortage,Under Review
SIG-26027-0605,2026-10-11,SMMS,Kharagpur–Gidni,KGP-GID,202.977,Preventive S&T maintenance,High,86,105,Point Machine Team,2026-10-14,heavy_train_traffic,Open
SIG-26027-0606,2026-10-11,SMMS,Santragachi–Panskura,SRC-PKU,29.05,Interlocking inspection,Medium,46,75,S&T Crew,2026-10-18,resource_shortage,Open
SIG-26027-0607,2026-10-11,SMMS,Panskura–Kharagpur,PKU-KGP,167.067,Signal equipment defect,High,72,60,Telecom Maintenance Team,2026-10-14,critical_defect,Open
SIG-26027-0608,2026-10-11,SMMS,Howrah–Santragachi,HWH-SRC,4.033,Preventive S&T maintenance,High,78,75,S&T Crew,2026-10-14,heavy_train_traffic,Open
SIG-26027-0609,2026-10-11,SMMS,Howrah–Santragachi,HWH-SRC,5.697,Signal failure,Medium,61,30,Telecom Maintenance Team,2026-10-18,resource_shortage,Open
SIG-26027-0610,2026-10-11,SMMS,Mecheda–Panskura,MCA-PKU,115.076,Preventive S&T maintenance,Medium,47,60,Telecom Maintenance Team,2026-10-18,critical_defect,Open
SIG-26027-0611,2026-10-11,SMMS,Mecheda–Panskura,MCA-PKU,123.752,Axle counter issue,High,79,105,S&T Crew,2026-10-14,mixed_realistic,Open
SIG-26027-0612,2026-10-11,SMMS,Panskura–Kharagpur,PKU-KGP,148.124,Axle counter issue,Low,32,35,Point Machine Team,2026-10-25,mixed_realistic,Planned
SIG-26027-0613,2026-10-11,SMMS,Kharagpur–Gidni,KGP-GID,193.281,Interlocking inspection,Low,25,65,S&T Crew,2026-10-25,normal,Open
SIG-26027-0614,2026-10-11,SMMS,Mecheda–Panskura,MCA-PKU,115.507,Signal equipment defect,Medium,56,75,Telecom Maintenance Team,2026-10-18,high_conflict,Under Review
SIG-26027-0615,2026-10-11,SMMS,Howrah–Santragachi,HWH-SRC,5.663,Signal failure,Medium,54,90,Telecom Maintenance Team,2026-10-18,normal,Open
SIG-26027-0616,2026-10-11,SMMS,Panskura–Kharagpur,PKU-KGP,164.289,Interlocking inspection,High,87,105,Signal Testing Team,2026-10-14,cross_department_cluster,Under Review
SIG-26027-0617,2026-10-11,SMMS,Mecheda–Panskura,MCA-PKU,124.096,Track circuit testing,Medium,61,90,Signal Testing Team,2026-10-18,high_defect_load,Open
SIG-26027-0618,2026-10-11,SMMS,Panskura–Kharagpur,PKU-KGP,143.612,Axle counter issue,Medium,64,90,Signal Testing Team,2026-10-18,normal,Open
SIG-26027-0619,2026-10-11,SMMS,Panskura–Kharagpur,PKU-KGP,165.184,Preventive S&T maintenance,Low,41,65,Point Machine Team,2026-10-25,normal,Open
SIG-26027-0620,2026-10-11,SMMS,Mecheda–Panskura,MCA-PKU,116.376,Track circuit testing,Medium,59,45,Point Machine Team,2026-10-18,high_defect_load,Open
SIG-26027-0621,2026-10-11,SMMS,Kharagpur–Gidni,KGP-GID,182.434,Interlocking inspection,Low,27,50,Signal Testing Team,2026-10-25,normal,Under Review
SIG-26027-0622,2026-10-11,SMMS,Mecheda–Panskura,MCA-PKU,115.198,Preventive S&T maintenance,Medium,57,45,Signal Testing Team,2026-10-18,high_defect_load,Open
SIG-26027-0623,2026-10-11,SMMS,Santragachi–Panskura,SRC-PKU,57.917,Point machine inspection,High,80,60,S&T Crew,2026-10-14,normal,Open
SIG-26027-0624,2026-10-11,SMMS,Howrah–Santragachi,HWH-SRC,2.62,Axle counter issue,Medium,50,45,Telecom Maintenance Team,2026-10-18,heavy_train_traffic,Open
SIG-26027-0625,2026-10-11,SMMS,Kharagpur–Gidni,KGP-GID,199.033,Preventive S&T maintenance,Medium,47,45,Telecom Maintenance Team,2026-10-18,heavy_train_traffic,Open
SIG-26027-0626,2026-10-11,SMMS,Panskura–Kharagpur,PKU-KGP,139.439,Point machine inspection,Medium,61,75,Point Machine Team,2026-10-18,heavy_train_traffic,Open
SIG-26027-0627,2026-10-11,SMMS,Santragachi–Panskura,SRC-PKU,100.669,Interlocking inspection,Medium,58,60,Point Machine Team,2026-10-18,heavy_train_traffic,Open
SIG-26027-0628,2026-10-11,SMMS,Santragachi–Panskura,SRC-PKU,16.608,Signal equipment defect,Low,38,65,Telecom Maintenance Team,2026-10-25,critical_defect,Open
SIG-26027-0629,2026-10-11,SMMS,Kharagpur–Gidni,KGP-GID,209.926,Point machine inspection,Medium,52,30,Point Machine Team,2026-10-18,high_conflict,Open
SIG-26027-0630,2026-10-11,SMMS,Mecheda–Panskura,MCA-PKU,117.179,Preventive S&T maintenance,Medium,46,60,S&T Crew,2026-10-18,resource_shortage,Open
SIG-26027-0631,2026-10-11,SMMS,Mecheda–Panskura,MCA-PKU,124.788,Axle counter issue,High,80,105,Signal Testing Team,2026-10-14,high_defect_load,Under Review
SIG-26027-0632,2026-10-11,SMMS,Mecheda–Panskura,MCA-PKU,117.662,Signal equipment defect,Medium,45,30,S&T Crew,2026-10-18,resource_shortage,Open
SIG-26027-0633,2026-10-11,SMMS,Mecheda–Panskura,MCA-PKU,118.785,Preventive S&T maintenance,Medium,46,30,Signal Testing Team,2026-10-18,resource_shortage,Open
SIG-26027-0634,2026-10-11,SMMS,Panskura–Kharagpur,PKU-KGP,150.202,Signal failure,Medium,58,30,Telecom Maintenance Team,2026-10-18,high_conflict,Planned
SIG-26027-0635,2026-10-11,SMMS,Mecheda–Panskura,MCA-PKU,120.808,Point machine inspection,Medium,56,90,Telecom Maintenance Team,2026-10-18,critical_defect,Planned
SIG-26027-0636,2026-10-11,SMMS,Howrah–Santragachi,HWH-SRC,2.886,Signal equipment defect,Medium,58,75,Telecom Maintenance Team,2026-10-18,mixed_realistic,Planned
SIG-26027-0637,2026-10-11,SMMS,Mecheda–Panskura,MCA-PKU,117.984,Interlocking inspection,Medium,68,90,S&T Crew,2026-10-18,cross_department_cluster,Under Review
SIG-26027-0638,2026-10-11,SMMS,Santragachi–Panskura,SRC-PKU,105.262,Point machine inspection,Low,43,65,Signal Testing Team,2026-10-25,resource_shortage,Open
SIG-26027-0639,2026-10-11,SMMS,Mecheda–Panskura,MCA-PKU,122.77,Interlocking inspection,High,78,90,Point Machine Team,2026-10-14,high_conflict,Open
SIG-26027-0640,2026-10-11,SMMS,Mecheda–Panskura,MCA-PKU,118.422,Point machine inspection,High,87,75,S&T Crew,2026-10-14,cross_department_cluster,Open
SIG-26027-0641,2026-10-11,SMMS,Panskura–Kharagpur,PKU-KGP,159.348,Preventive S&T maintenance,High,78,45,Telecom Maintenance Team,2026-10-14,normal,Open
SIG-26027-0642,2026-10-11,SMMS,Panskura–Kharagpur,PKU-KGP,156.61,Preventive S&T maintenance,Low,26,35,Signal Testing Team,2026-10-25,mixed_realistic,Open
SIG-26027-0643,2026-10-11,SMMS,Santragachi–Panskura,SRC-PKU,22.188,Point machine inspection,Medium,49,30,Signal Testing Team,2026-10-18,normal,Open
SIG-26027-0644,2026-10-11,SMMS,Mecheda–Panskura,MCA-PKU,115.676,Track circuit testing,Low,34,50,S&T Crew,2026-10-25,high_defect_load,Open
SIG-26027-0645,2026-10-11,SMMS,Panskura–Kharagpur,PKU-KGP,150.335,Signal failure,Medium,63,45,Signal Testing Team,2026-10-18,critical_defect,Open
SIG-26027-0646,2026-10-11,SMMS,Panskura–Kharagpur,PKU-KGP,138.29,Axle counter issue,Medium,61,90,Signal Testing Team,2026-10-18,normal,Open
SIG-26027-0647,2026-10-11,SMMS,Kharagpur–Gidni,KGP-GID,202.61,Point machine inspection,Medium,68,30,Point Machine Team,2026-10-18,resource_shortage,Open
SIG-26027-0648,2026-10-11,SMMS,Panskura–Kharagpur,PKU-KGP,145.531,Signal failure,Low,20,35,Telecom Maintenance Team,2026-10-25,high_conflict,Open
SIG-26027-0649,2026-10-11,SMMS,Howrah–Santragachi,HWH-SRC,11.205,Signal failure,Low,25,35,Point Machine Team,2026-10-25,resource_shortage,Open
SIG-26027-0650,2026-10-11,SMMS,Mecheda–Panskura,MCA-PKU,123.418,Signal equipment defect,Medium,66,45,Point Machine Team,2026-10-18,heavy_train_traffic,Open
SIG-26027-0651,2026-10-12,SMMS,Panskura–Kharagpur,PKU-KGP,129.607,Preventive S&T maintenance,Medium,61,90,Point Machine Team,2026-10-19,resource_shortage,Planned
SIG-26027-0652,2026-10-12,SMMS,Howrah–Santragachi,HWH-SRC,10.773,Signal equipment defect,Medium,53,90,Point Machine Team,2026-10-19,heavy_train_traffic,Open
SIG-26027-0653,2026-10-12,SMMS,Howrah–Santragachi,HWH-SRC,7.036,Interlocking inspection,Low,39,50,Point Machine Team,2026-10-26,heavy_train_traffic,Open
SIG-26027-0654,2026-10-12,SMMS,Panskura–Kharagpur,PKU-KGP,164.328,Axle counter issue,High,88,105,Point Machine Team,2026-10-15,cross_department_cluster,Open
SIG-26027-0655,2026-10-12,SMMS,Howrah–Santragachi,HWH-SRC,3.626,Point machine inspection,Medium,65,60,Point Machine Team,2026-10-19,critical_defect,Planned
SIG-26027-0656,2026-10-12,SMMS,Kharagpur–Gidni,KGP-GID,179.423,Signal equipment defect,Low,31,35,S&T Crew,2026-10-26,high_defect_load,Open
SIG-26027-0657,2026-10-12,SMMS,Kharagpur–Gidni,KGP-GID,202.32,Track circuit testing,Medium,69,75,Signal Testing Team,2026-10-19,critical_defect,Open
SIG-26027-0658,2026-10-12,SMMS,Mecheda–Panskura,MCA-PKU,117.399,Signal failure,Medium,63,60,Signal Testing Team,2026-10-19,heavy_train_traffic,Open
SIG-26027-0659,2026-10-12,SMMS,Howrah–Santragachi,HWH-SRC,11.565,Point machine inspection,Low,24,20,Point Machine Team,2026-10-26,heavy_train_traffic,Open
SIG-26027-0660,2026-10-12,SMMS,Panskura–Kharagpur,PKU-KGP,142.249,Signal equipment defect,Low,24,35,Point Machine Team,2026-10-26,cross_department_cluster,Planned
SIG-26027-0661,2026-10-12,SMMS,Mecheda–Panskura,MCA-PKU,115.281,Preventive S&T maintenance,Medium,47,45,Telecom Maintenance Team,2026-10-19,heavy_train_traffic,Planned
SIG-26027-0662,2026-10-12,SMMS,Santragachi–Panskura,SRC-PKU,110.313,Interlocking inspection,Critical,98,90,Point Machine Team,2026-10-13,heavy_train_traffic,Open
SIG-26027-0663,2026-10-12,SMMS,Kharagpur–Gidni,KGP-GID,189.733,Preventive S&T maintenance,High,77,90,Point Machine Team,2026-10-15,critical_defect,Open
SIG-26027-0664,2026-10-12,SMMS,Panskura–Kharagpur,PKU-KGP,138.138,Signal failure,Low,26,65,Signal Testing Team,2026-10-26,normal,Planned
SIG-26027-0665,2026-10-12,SMMS,Kharagpur–Gidni,KGP-GID,171.219,Signal failure,Low,42,50,S&T Crew,2026-10-26,mixed_realistic,Open
SIG-26027-0666,2026-10-12,SMMS,Santragachi–Panskura,SRC-PKU,14.071,Track circuit testing,Low,40,35,Signal Testing Team,2026-10-26,high_conflict,Under Review
SIG-26027-0667,2026-10-12,SMMS,Mecheda–Panskura,MCA-PKU,121.058,Axle counter issue,Medium,59,75,Signal Testing Team,2026-10-19,critical_defect,Open
SIG-26027-0668,2026-10-12,SMMS,Mecheda–Panskura,MCA-PKU,122.735,Interlocking inspection,Medium,63,75,Signal Testing Team,2026-10-19,normal,Open
SIG-26027-0669,2026-10-12,SMMS,Panskura–Kharagpur,PKU-KGP,144.034,Signal equipment defect,Low,34,50,Telecom Maintenance Team,2026-10-26,normal,Open
SIG-26027-0670,2026-10-12,SMMS,Kharagpur–Gidni,KGP-GID,181.617,Interlocking inspection,Low,22,50,S&T Crew,2026-10-26,heavy_train_traffic,Open
SIG-26027-0671,2026-10-12,SMMS,Mecheda–Panskura,MCA-PKU,121.461,Interlocking inspection,Low,43,50,Point Machine Team,2026-10-26,resource_shortage,Open
SIG-26027-0672,2026-10-12,SMMS,Kharagpur–Gidni,KGP-GID,205.768,Interlocking inspection,High,85,60,S&T Crew,2026-10-15,resource_shortage,Open
SIG-26027-0673,2026-10-12,SMMS,Panskura–Kharagpur,PKU-KGP,142.152,Axle counter issue,High,74,75,Telecom Maintenance Team,2026-10-15,cross_department_cluster,Open
SIG-26027-0674,2026-10-12,SMMS,Mecheda–Panskura,MCA-PKU,119.037,Axle counter issue,Medium,69,60,Signal Testing Team,2026-10-19,mixed_realistic,Under Review
SIG-26027-0675,2026-10-12,SMMS,Panskura–Kharagpur,PKU-KGP,144.8,Interlocking inspection,Low,40,35,Telecom Maintenance Team,2026-10-26,normal,Open
SIG-26027-0676,2026-10-12,SMMS,Mecheda–Panskura,MCA-PKU,118.553,Track circuit testing,Low,32,65,Point Machine Team,2026-10-26,cross_department_cluster,Open
SIG-26027-0677,2026-10-12,SMMS,Howrah–Santragachi,HWH-SRC,5.508,Axle counter issue,Medium,46,90,Signal Testing Team,2026-10-19,high_defect_load,Open
SIG-26027-0678,2026-10-12,SMMS,Howrah–Santragachi,HWH-SRC,1.506,Track circuit testing,Low,38,65,Signal Testing Team,2026-10-26,high_conflict,Under Review
SIG-26027-0679,2026-10-12,SMMS,Mecheda–Panskura,MCA-PKU,117.182,Signal equipment defect,High,79,90,S&T Crew,2026-10-15,heavy_train_traffic,Open
SIG-26027-0680,2026-10-12,SMMS,Panskura–Kharagpur,PKU-KGP,154.519,Point machine inspection,Medium,66,75,Telecom Maintenance Team,2026-10-19,mixed_realistic,Open
SIG-26027-0681,2026-10-12,SMMS,Mecheda–Panskura,MCA-PKU,122.335,Axle counter issue,Medium,62,30,Signal Testing Team,2026-10-19,mixed_realistic,Under Review
SIG-26027-0682,2026-10-12,SMMS,Mecheda–Panskura,MCA-PKU,116.692,Signal equipment defect,High,72,75,Point Machine Team,2026-10-15,critical_defect,Planned
SIG-26027-0683,2026-10-12,SMMS,Panskura–Kharagpur,PKU-KGP,127.406,Signal equipment defect,Low,43,20,Point Machine Team,2026-10-26,heavy_train_traffic,Planned
SIG-26027-0684,2026-10-12,SMMS,Mecheda–Panskura,MCA-PKU,124.108,Signal equipment defect,Medium,57,45,Telecom Maintenance Team,2026-10-19,high_conflict,Open
SIG-26027-0685,2026-10-12,SMMS,Howrah–Santragachi,HWH-SRC,6.089,Point machine inspection,Medium,56,75,Point Machine Team,2026-10-19,resource_shortage,Under Review
SIG-26027-0686,2026-10-12,SMMS,Panskura–Kharagpur,PKU-KGP,164.596,Point machine inspection,Medium,62,45,Telecom Maintenance Team,2026-10-19,cross_department_cluster,Open
SIG-26027-0687,2026-10-12,SMMS,Mecheda–Panskura,MCA-PKU,116.431,Signal equipment defect,Low,23,50,S&T Crew,2026-10-26,mixed_realistic,Open
SIG-26027-0688,2026-10-12,SMMS,Kharagpur–Gidni,KGP-GID,170.822,Preventive S&T maintenance,Medium,60,30,Signal Testing Team,2026-10-19,high_conflict,Open
SIG-26027-0689,2026-10-12,SMMS,Panskura–Kharagpur,PKU-KGP,127.959,Preventive S&T maintenance,Low,32,20,Signal Testing Team,2026-10-26,normal,Open
SIG-26027-0690,2026-10-12,SMMS,Howrah–Santragachi,HWH-SRC,3.456,Signal equipment defect,Medium,48,60,Signal Testing Team,2026-10-19,high_conflict,Open
SIG-26027-0691,2026-10-12,SMMS,Mecheda–Panskura,MCA-PKU,115.848,Axle counter issue,Medium,50,60,Point Machine Team,2026-10-19,high_conflict,Planned
SIG-26027-0692,2026-10-12,SMMS,Howrah–Santragachi,HWH-SRC,6.955,Track circuit testing,Low,39,65,Signal Testing Team,2026-10-26,normal,Under Review
SIG-26027-0693,2026-10-12,SMMS,Panskura–Kharagpur,PKU-KGP,164.433,Interlocking inspection,Low,32,50,Telecom Maintenance Team,2026-10-26,cross_department_cluster,Under Review
SIG-26027-0694,2026-10-12,SMMS,Mecheda–Panskura,MCA-PKU,123.31,Interlocking inspection,High,71,75,Signal Testing Team,2026-10-15,resource_shortage,Planned
SIG-26027-0695,2026-10-12,SMMS,Panskura–Kharagpur,PKU-KGP,164.593,Track circuit testing,High,80,90,Point Machine Team,2026-10-15,cross_department_cluster,Under Review
SIG-26027-0696,2026-10-12,SMMS,Panskura–Kharagpur,PKU-KGP,144.941,Signal equipment defect,Medium,61,75,Telecom Maintenance Team,2026-10-19,mixed_realistic,Planned
SIG-26027-0697,2026-10-12,SMMS,Panskura–Kharagpur,PKU-KGP,157.74,Interlocking inspection,Medium,57,30,Point Machine Team,2026-10-19,cross_department_cluster,Open
SIG-26027-0698,2026-10-12,SMMS,Kharagpur–Gidni,KGP-GID,199.076,Axle counter issue,Medium,61,60,Signal Testing Team,2026-10-19,resource_shortage,Open
SIG-26027-0699,2026-10-12,SMMS,Santragachi–Panskura,SRC-PKU,43.702,Signal equipment defect,High,81,45,Point Machine Team,2026-10-15,normal,Under Review
SIG-26027-0700,2026-10-12,SMMS,Howrah–Santragachi,HWH-SRC,9.284,Signal equipment defect,Medium,46,75,Signal Testing Team,2026-10-19,mixed_realistic,Open
SIG-26027-0701,2026-10-12,SMMS,Kharagpur–Gidni,KGP-GID,196.391,Point machine inspection,Low,20,50,Point Machine Team,2026-10-26,mixed_realistic,Open
SIG-26027-0702,2026-10-12,SMMS,Mecheda–Panskura,MCA-PKU,119.513,Axle counter issue,High,83,105,Telecom Maintenance Team,2026-10-15,mixed_realistic,Open
SIG-26027-0703,2026-10-12,SMMS,Panskura–Kharagpur,PKU-KGP,146.92,Signal failure,Medium,61,45,Point Machine Team,2026-10-19,resource_shortage,Open
SIG-26027-0704,2026-10-12,SMMS,Howrah–Santragachi,HWH-SRC,7.617,Signal equipment defect,High,83,105,Telecom Maintenance Team,2026-10-15,mixed_realistic,Under Review
SIG-26027-0705,2026-10-12,SMMS,Panskura–Kharagpur,PKU-KGP,142.776,Preventive S&T maintenance,Medium,57,60,Point Machine Team,2026-10-19,cross_department_cluster,Under Review
SIG-26027-0706,2026-10-12,SMMS,Kharagpur–Gidni,KGP-GID,187.812,Axle counter issue,Critical,90,75,Point Machine Team,2026-10-13,heavy_train_traffic,Open
SIG-26027-0707,2026-10-12,SMMS,Howrah–Santragachi,HWH-SRC,2.986,Point machine inspection,High,84,45,S&T Crew,2026-10-15,mixed_realistic,Under Review
SIG-26027-0708,2026-10-12,SMMS,Kharagpur–Gidni,KGP-GID,201.357,Preventive S&T maintenance,Low,31,20,Signal Testing Team,2026-10-26,critical_defect,Planned
SIG-26027-0709,2026-10-12,SMMS,Howrah–Santragachi,HWH-SRC,10.976,Preventive S&T maintenance,Medium,57,75,S&T Crew,2026-10-19,mixed_realistic,Open
SIG-26027-0710,2026-10-12,SMMS,Kharagpur–Gidni,KGP-GID,178.284,Track circuit testing,Medium,66,90,Signal Testing Team,2026-10-19,normal,Open
SIG-26027-0711,2026-10-12,SMMS,Howrah–Santragachi,HWH-SRC,4.052,Track circuit testing,Medium,60,30,S&T Crew,2026-10-19,heavy_train_traffic,Open
SIG-26027-0712,2026-10-12,SMMS,Kharagpur–Gidni,KGP-GID,188.168,Signal failure,Medium,64,60,Point Machine Team,2026-10-19,critical_defect,Under Review
SIG-26027-0713,2026-10-12,SMMS,Howrah–Santragachi,HWH-SRC,11.081,Interlocking inspection,Low,39,20,S&T Crew,2026-10-26,high_conflict,Planned
SIG-26027-0714,2026-10-12,SMMS,Mecheda–Panskura,MCA-PKU,124.888,Interlocking inspection,High,80,90,S&T Crew,2026-10-15,high_defect_load,Under Review
SIG-26027-0715,2026-10-12,SMMS,Howrah–Santragachi,HWH-SRC,9.038,Point machine inspection,High,85,60,Point Machine Team,2026-10-15,normal,Planned
SIG-26027-0716,2026-10-13,SMMS,Panskura–Kharagpur,PKU-KGP,128.448,Axle counter issue,Low,27,20,Telecom Maintenance Team,2026-10-27,high_conflict,Planned
SIG-26027-0717,2026-10-13,SMMS,Santragachi–Panskura,SRC-PKU,92.859,Track circuit testing,High,81,45,Point Machine Team,2026-10-16,resource_shortage,Under Review
SIG-26027-0718,2026-10-13,SMMS,Kharagpur–Gidni,KGP-GID,198.116,Point machine inspection,Medium,51,45,Point Machine Team,2026-10-20,normal,Open
SIG-26027-0719,2026-10-13,SMMS,Panskura–Kharagpur,PKU-KGP,164.013,Preventive S&T maintenance,Medium,62,60,Telecom Maintenance Team,2026-10-20,cross_department_cluster,Open
SIG-26027-0720,2026-10-13,SMMS,Mecheda–Panskura,MCA-PKU,122.493,Preventive S&T maintenance,Medium,45,45,Telecom Maintenance Team,2026-10-20,normal,Under Review
SIG-26027-0721,2026-10-13,SMMS,Mecheda–Panskura,MCA-PKU,117.969,Point machine inspection,High,84,45,S&T Crew,2026-10-16,cross_department_cluster,Planned
SIG-26027-0722,2026-10-13,SMMS,Panskura–Kharagpur,PKU-KGP,162.284,Interlocking inspection,Low,43,20,Signal Testing Team,2026-10-27,mixed_realistic,Open
SIG-26027-0723,2026-10-13,SMMS,Kharagpur–Gidni,KGP-GID,172.135,Track circuit testing,High,86,75,Telecom Maintenance Team,2026-10-16,critical_defect,Open
SIG-26027-0724,2026-10-13,SMMS,Panskura–Kharagpur,PKU-KGP,151.576,Axle counter issue,Medium,54,60,Point Machine Team,2026-10-20,high_defect_load,Under Review
SIG-26027-0725,2026-10-13,SMMS,Panskura–Kharagpur,PKU-KGP,168.461,Point machine inspection,Low,32,50,S&T Crew,2026-10-27,high_conflict,Under Review
SIG-26027-0726,2026-10-13,SMMS,Kharagpur–Gidni,KGP-GID,200.279,Interlocking inspection,Medium,50,45,S&T Crew,2026-10-20,normal,Under Review
SIG-26027-0727,2026-10-13,SMMS,Kharagpur–Gidni,KGP-GID,206.98,Axle counter issue,Low,24,35,Point Machine Team,2026-10-27,high_defect_load,Under Review
SIG-26027-0728,2026-10-13,SMMS,Panskura–Kharagpur,PKU-KGP,146.067,Interlocking inspection,Medium,58,45,Signal Testing Team,2026-10-20,mixed_realistic,Under Review
SIG-26027-0729,2026-10-13,SMMS,Panskura–Kharagpur,PKU-KGP,162.962,Point machine inspection,Medium,60,60,S&T Crew,2026-10-20,critical_defect,Open
SIG-26027-0730,2026-10-13,SMMS,Panskura–Kharagpur,PKU-KGP,141.834,Axle counter issue,Medium,50,45,Signal Testing Team,2026-10-20,high_conflict,Planned
SIG-26027-0731,2026-10-13,SMMS,Santragachi–Panskura,SRC-PKU,85.099,Signal failure,High,84,90,Point Machine Team,2026-10-16,resource_shortage,Open
SIG-26027-0732,2026-10-13,SMMS,Howrah–Santragachi,HWH-SRC,9.442,Interlocking inspection,Medium,60,75,Telecom Maintenance Team,2026-10-20,critical_defect,Open
SIG-26027-0733,2026-10-13,SMMS,Howrah–Santragachi,HWH-SRC,0.348,Signal equipment defect,Medium,53,60,Signal Testing Team,2026-10-20,critical_defect,Open
SIG-26027-0734,2026-10-13,SMMS,Panskura–Kharagpur,PKU-KGP,141.594,Signal equipment defect,High,84,75,Telecom Maintenance Team,2026-10-16,high_conflict,Under Review
SIG-26027-0735,2026-10-13,SMMS,Santragachi–Panskura,SRC-PKU,89.898,Track circuit testing,High,73,60,Signal Testing Team,2026-10-16,resource_shortage,Open
SIG-26027-0736,2026-10-13,SMMS,Mecheda–Panskura,MCA-PKU,118.915,Signal failure,High,89,60,Signal Testing Team,2026-10-16,high_defect_load,Open
SIG-26027-0737,2026-10-13,SMMS,Howrah–Santragachi,HWH-SRC,8.466,Signal failure,Medium,50,60,S&T Crew,2026-10-20,high_conflict,Open
SIG-26027-0738,2026-10-13,SMMS,Santragachi–Panskura,SRC-PKU,112.947,Interlocking inspection,Medium,63,30,Point Machine Team,2026-10-20,critical_defect,Planned
SIG-26027-0739,2026-10-13,SMMS,Howrah–Santragachi,HWH-SRC,6.418,Signal equipment defect,Medium,63,45,Telecom Maintenance Team,2026-10-20,heavy_train_traffic,Planned
SIG-26027-0740,2026-10-13,SMMS,Panskura–Kharagpur,PKU-KGP,142.515,Point machine inspection,High,89,90,Point Machine Team,2026-10-16,cross_department_cluster,Under Review
SIG-26027-0741,2026-10-13,SMMS,Kharagpur–Gidni,KGP-GID,212.107,Interlocking inspection,Medium,49,60,Telecom Maintenance Team,2026-10-20,heavy_train_traffic,Open
SIG-26027-0742,2026-10-13,SMMS,Santragachi–Panskura,SRC-PKU,103.895,Preventive S&T maintenance,Medium,68,75,Point Machine Team,2026-10-20,mixed_realistic,Open
SIG-26027-0743,2026-10-13,SMMS,Panskura–Kharagpur,PKU-KGP,164.295,Track circuit testing,Medium,59,60,Telecom Maintenance Team,2026-10-20,cross_department_cluster,Under Review
SIG-26027-0744,2026-10-13,SMMS,Panskura–Kharagpur,PKU-KGP,137.837,Preventive S&T maintenance,Low,39,65,S&T Crew,2026-10-27,heavy_train_traffic,Under Review
SIG-26027-0745,2026-10-13,SMMS,Mecheda–Panskura,MCA-PKU,122.576,Point machine inspection,High,89,45,Telecom Maintenance Team,2026-10-16,critical_defect,Planned
SIG-26027-0746,2026-10-13,SMMS,Mecheda–Panskura,MCA-PKU,116.923,Axle counter issue,High,77,45,Telecom Maintenance Team,2026-10-16,mixed_realistic,Open
SIG-26027-0747,2026-10-13,SMMS,Kharagpur–Gidni,KGP-GID,174.031,Point machine inspection,Medium,60,60,Telecom Maintenance Team,2026-10-20,heavy_train_traffic,Open
SIG-26027-0748,2026-10-13,SMMS,Santragachi–Panskura,SRC-PKU,69.533,Track circuit testing,Medium,54,90,Signal Testing Team,2026-10-20,resource_shortage,Open
SIG-26027-0749,2026-10-13,SMMS,Kharagpur–Gidni,KGP-GID,195.539,Signal failure,Medium,48,75,Point Machine Team,2026-10-20,critical_defect,Open
SIG-26027-0750,2026-10-13,SMMS,Howrah–Santragachi,HWH-SRC,2.325,Interlocking inspection,High,82,90,Point Machine Team,2026-10-16,high_defect_load,Open
SIG-26027-0751,2026-10-13,SMMS,Mecheda–Panskura,MCA-PKU,124.463,Axle counter issue,Medium,65,75,Telecom Maintenance Team,2026-10-20,heavy_train_traffic,Planned
SIG-26027-0752,2026-10-13,SMMS,Howrah–Santragachi,HWH-SRC,8.363,Point machine inspection,Critical,97,45,Point Machine Team,2026-10-14,normal,Under Review
SIG-26027-0753,2026-10-13,SMMS,Santragachi–Panskura,SRC-PKU,54.408,Signal failure,High,73,75,Signal Testing Team,2026-10-16,heavy_train_traffic,Planned
SIG-26027-0754,2026-10-13,SMMS,Kharagpur–Gidni,KGP-GID,182.591,Axle counter issue,Low,28,65,S&T Crew,2026-10-27,mixed_realistic,Open
SIG-26027-0755,2026-10-13,SMMS,Kharagpur–Gidni,KGP-GID,208.271,Track circuit testing,Medium,65,90,Telecom Maintenance Team,2026-10-20,heavy_train_traffic,Open
SIG-26027-0756,2026-10-13,SMMS,Panskura–Kharagpur,PKU-KGP,137.497,Signal equipment defect,High,70,105,Point Machine Team,2026-10-16,resource_shortage,Planned
SIG-26027-0757,2026-10-13,SMMS,Mecheda–Panskura,MCA-PKU,120.786,Signal failure,Low,39,35,S&T Crew,2026-10-27,mixed_realistic,Under Review
SIG-26027-0758,2026-10-13,SMMS,Panskura–Kharagpur,PKU-KGP,149.534,Signal equipment defect,Medium,56,60,S&T Crew,2026-10-20,high_conflict,Planned
SIG-26027-0759,2026-10-13,SMMS,Panskura–Kharagpur,PKU-KGP,149.217,Signal failure,Low,43,20,S&T Crew,2026-10-27,high_conflict,Open
SIG-26027-0760,2026-10-13,SMMS,Santragachi–Panskura,SRC-PKU,50.884,Axle counter issue,Low,44,20,Point Machine Team,2026-10-27,heavy_train_traffic,Open
SIG-26027-0761,2026-10-13,SMMS,Panskura–Kharagpur,PKU-KGP,134.31,Signal failure,High,82,90,Telecom Maintenance Team,2026-10-16,mixed_realistic,Under Review
SIG-26027-0762,2026-10-13,SMMS,Santragachi–Panskura,SRC-PKU,33.588,Axle counter issue,Medium,65,75,Point Machine Team,2026-10-20,critical_defect,Open
SIG-26027-0763,2026-10-13,SMMS,Kharagpur–Gidni,KGP-GID,209.149,Preventive S&T maintenance,High,70,75,S&T Crew,2026-10-16,resource_shortage,Open
SIG-26027-0764,2026-10-13,SMMS,Panskura–Kharagpur,PKU-KGP,131.228,Track circuit testing,High,71,45,Telecom Maintenance Team,2026-10-16,mixed_realistic,Open
SIG-26027-0765,2026-10-13,SMMS,Panskura–Kharagpur,PKU-KGP,142.374,Interlocking inspection,Medium,66,30,Telecom Maintenance Team,2026-10-20,cross_department_cluster,Open
SIG-26027-0766,2026-10-13,SMMS,Santragachi–Panskura,SRC-PKU,71.841,Axle counter issue,Low,37,20,Signal Testing Team,2026-10-27,mixed_realistic,Open
SIG-26027-0767,2026-10-13,SMMS,Panskura–Kharagpur,PKU-KGP,128.9,Track circuit testing,High,79,105,S&T Crew,2026-10-16,heavy_train_traffic,Open
SIG-26027-0768,2026-10-13,SMMS,Mecheda–Panskura,MCA-PKU,121.863,Interlocking inspection,Medium,53,60,Point Machine Team,2026-10-20,high_conflict,Planned
SIG-26027-0769,2026-10-13,SMMS,Panskura–Kharagpur,PKU-KGP,146.986,Signal equipment defect,Medium,57,90,Point Machine Team,2026-10-20,normal,Open
SIG-26027-0770,2026-10-13,SMMS,Mecheda–Panskura,MCA-PKU,118.413,Signal failure,Medium,48,45,S&T Crew,2026-10-20,cross_department_cluster,Open
SIG-26027-0771,2026-10-13,SMMS,Panskura–Kharagpur,PKU-KGP,127.329,Axle counter issue,Low,43,65,S&T Crew,2026-10-27,heavy_train_traffic,Open
SIG-26027-0772,2026-10-13,SMMS,Howrah–Santragachi,HWH-SRC,2.141,Interlocking inspection,Low,41,65,Signal Testing Team,2026-10-27,resource_shortage,Open
SIG-26027-0773,2026-10-13,SMMS,Mecheda–Panskura,MCA-PKU,124.163,Track circuit testing,High,84,105,S&T Crew,2026-10-16,high_conflict,Under Review
SIG-26027-0774,2026-10-13,SMMS,Mecheda–Panskura,MCA-PKU,121.16,Axle counter issue,Medium,58,90,Signal Testing Team,2026-10-20,heavy_train_traffic,Under Review
SIG-26027-0775,2026-10-13,SMMS,Panskura–Kharagpur,PKU-KGP,164.441,Track circuit testing,High,80,90,Telecom Maintenance Team,2026-10-16,cross_department_cluster,Open
SIG-26027-0776,2026-10-13,SMMS,Howrah–Santragachi,HWH-SRC,11.034,Signal failure,Medium,46,30,Telecom Maintenance Team,2026-10-20,mixed_realistic,Open
SIG-26027-0777,2026-10-13,SMMS,Kharagpur–Gidni,KGP-GID,170.738,Track circuit testing,Low,44,35,Signal Testing Team,2026-10-27,critical_defect,Open
SIG-26027-0778,2026-10-13,SMMS,Kharagpur–Gidni,KGP-GID,192.357,Point machine inspection,Low,21,50,Telecom Maintenance Team,2026-10-27,heavy_train_traffic,Open
SIG-26027-0779,2026-10-13,SMMS,Panskura–Kharagpur,PKU-KGP,140.128,Signal equipment defect,Low,24,65,Telecom Maintenance Team,2026-10-27,heavy_train_traffic,Open
SIG-26027-0780,2026-10-13,SMMS,Panskura–Kharagpur,PKU-KGP,152.714,Axle counter issue,Medium,52,45,Telecom Maintenance Team,2026-10-20,normal,Under Review
SIG-26027-0781,2026-10-14,SMMS,Mecheda–Panskura,MCA-PKU,123.898,Axle counter issue,Medium,67,45,Signal Testing Team,2026-10-21,mixed_realistic,Planned
SIG-26027-0782,2026-10-14,SMMS,Panskura–Kharagpur,PKU-KGP,156.878,Track circuit testing,High,89,75,Signal Testing Team,2026-10-17,critical_defect,Under Review
SIG-26027-0783,2026-10-14,SMMS,Mecheda–Panskura,MCA-PKU,118.441,Preventive S&T maintenance,Low,20,65,Point Machine Team,2026-10-28,cross_department_cluster,Open
SIG-26027-0784,2026-10-14,SMMS,Panskura–Kharagpur,PKU-KGP,164.58,Interlocking inspection,Medium,47,90,Telecom Maintenance Team,2026-10-21,cross_department_cluster,Planned
SIG-26027-0785,2026-10-14,SMMS,Santragachi–Panskura,SRC-PKU,103.603,Signal equipment defect,Low,21,20,Telecom Maintenance Team,2026-10-28,normal,Open
SIG-26027-0786,2026-10-14,SMMS,Mecheda–Panskura,MCA-PKU,118.029,Signal failure,Medium,56,45,Signal Testing Team,2026-10-21,cross_department_cluster,Planned
SIG-26027-0787,2026-10-14,SMMS,Santragachi–Panskura,SRC-PKU,80.004,Track circuit testing,Medium,65,60,Point Machine Team,2026-10-21,critical_defect,Open
SIG-26027-0788,2026-10-14,SMMS,Mecheda–Panskura,MCA-PKU,120.994,Point machine inspection,Medium,49,60,Signal Testing Team,2026-10-21,high_defect_load,Under Review
SIG-26027-0789,2026-10-14,SMMS,Panskura–Kharagpur,PKU-KGP,138.044,Interlocking inspection,Critical,93,105,Signal Testing Team,2026-10-15,normal,Open
SIG-26027-0790,2026-10-14,SMMS,Howrah–Santragachi,HWH-SRC,3.345,Axle counter issue,Low,35,20,S&T Crew,2026-10-28,heavy_train_traffic,Under Review
SIG-26027-0791,2026-10-14,SMMS,Mecheda–Panskura,MCA-PKU,118.258,Signal failure,High,72,60,Point Machine Team,2026-10-17,cross_department_cluster,Open
SIG-26027-0792,2026-10-14,SMMS,Santragachi–Panskura,SRC-PKU,107.919,Point machine inspection,Low,21,35,Signal Testing Team,2026-10-28,critical_defect,Planned
SIG-26027-0793,2026-10-14,SMMS,Mecheda–Panskura,MCA-PKU,118.554,Interlocking inspection,Low,21,35,Telecom Maintenance Team,2026-10-28,cross_department_cluster,Open
SIG-26027-0794,2026-10-14,SMMS,Panskura–Kharagpur,PKU-KGP,169.376,Axle counter issue,Medium,67,30,Telecom Maintenance Team,2026-10-21,normal,Open
SIG-26027-0795,2026-10-14,SMMS,Panskura–Kharagpur,PKU-KGP,135.963,Preventive S&T maintenance,Low,27,50,Point Machine Team,2026-10-28,critical_defect,Open
SIG-26027-0796,2026-10-14,SMMS,Kharagpur–Gidni,KGP-GID,192.633,Point machine inspection,Medium,63,60,Signal Testing Team,2026-10-21,high_defect_load,Open
SIG-26027-0797,2026-10-14,SMMS,Kharagpur–Gidni,KGP-GID,190.366,Interlocking inspection,Low,39,65,Signal Testing Team,2026-10-28,high_defect_load,Open
SIG-26027-0798,2026-10-14,SMMS,Howrah–Santragachi,HWH-SRC,4.145,Signal failure,High,71,75,S&T Crew,2026-10-17,high_conflict,Open
SIG-26027-0799,2026-10-14,SMMS,Panskura–Kharagpur,PKU-KGP,140.696,Signal failure,Critical,100,45,S&T Crew,2026-10-15,mixed_realistic,Open
SIG-26027-0800,2026-10-14,SMMS,Mecheda–Panskura,MCA-PKU,115.352,Interlocking inspection,Low,20,65,S&T Crew,2026-10-28,mixed_realistic,Planned
SIG-26027-0801,2026-10-14,SMMS,Mecheda–Panskura,MCA-PKU,117.49,Track circuit testing,Medium,45,60,Point Machine Team,2026-10-21,mixed_realistic,Planned
SIG-26027-0802,2026-10-14,SMMS,Kharagpur–Gidni,KGP-GID,187.535,Preventive S&T maintenance,Medium,49,45,S&T Crew,2026-10-21,critical_defect,Open
SIG-26027-0803,2026-10-14,SMMS,Howrah–Santragachi,HWH-SRC,10.734,Point machine inspection,High,84,45,Telecom Maintenance Team,2026-10-17,high_conflict,Open
SIG-26027-0804,2026-10-14,SMMS,Panskura–Kharagpur,PKU-KGP,142.275,Point machine inspection,Low,32,20,Signal Testing Team,2026-10-28,cross_department_cluster,Open
SIG-26027-0805,2026-10-14,SMMS,Kharagpur–Gidni,KGP-GID,170.206,Axle counter issue,Critical,96,45,Signal Testing Team,2026-10-15,high_defect_load,Open
SIG-26027-0806,2026-10-14,SMMS,Howrah–Santragachi,HWH-SRC,7.247,Signal failure,Low,41,35,Signal Testing Team,2026-10-28,critical_defect,Under Review
SIG-26027-0807,2026-10-14,SMMS,Mecheda–Panskura,MCA-PKU,117.849,Signal equipment defect,Medium,52,60,S&T Crew,2026-10-21,cross_department_cluster,Open
SIG-26027-0808,2026-10-14,SMMS,Mecheda–Panskura,MCA-PKU,121.142,Interlocking inspection,Low,23,20,Signal Testing Team,2026-10-28,normal,Open
SIG-26027-0809,2026-10-14,SMMS,Mecheda–Panskura,MCA-PKU,117.338,Interlocking inspection,High,77,45,Telecom Maintenance Team,2026-10-17,critical_defect,Under Review
SIG-26027-0810,2026-10-14,SMMS,Santragachi–Panskura,SRC-PKU,53.834,Interlocking inspection,Low,22,50,Point Machine Team,2026-10-28,normal,Planned
SIG-26027-0811,2026-10-14,SMMS,Kharagpur–Gidni,KGP-GID,177.279,Track circuit testing,Medium,58,45,S&T Crew,2026-10-21,high_defect_load,Under Review
SIG-26027-0812,2026-10-14,SMMS,Kharagpur–Gidni,KGP-GID,214.132,Signal failure,Low,37,65,S&T Crew,2026-10-28,high_conflict,Under Review
SIG-26027-0813,2026-10-14,SMMS,Kharagpur–Gidni,KGP-GID,170.683,Interlocking inspection,High,85,90,Telecom Maintenance Team,2026-10-17,heavy_train_traffic,Planned
SIG-26027-0814,2026-10-14,SMMS,Panskura–Kharagpur,PKU-KGP,158.31,Signal equipment defect,Medium,63,45,S&T Crew,2026-10-21,critical_defect,Open
SIG-26027-0815,2026-10-14,SMMS,Howrah–Santragachi,HWH-SRC,4.576,Signal equipment defect,Medium,47,30,S&T Crew,2026-10-21,high_conflict,Under Review
SIG-26027-0816,2026-10-14,SMMS,Panskura–Kharagpur,PKU-KGP,164.648,Track circuit testing,High,87,45,Telecom Maintenance Team,2026-10-17,cross_department_cluster,Open
SIG-26027-0817,2026-10-14,SMMS,Santragachi–Panskura,SRC-PKU,55.018,Interlocking inspection,High,73,90,Signal Testing Team,2026-10-17,high_defect_load,Under Review
SIG-26027-0818,2026-10-14,SMMS,Panskura–Kharagpur,PKU-KGP,142.368,Axle counter issue,Low,38,35,Signal Testing Team,2026-10-28,cross_department_cluster,Open
SIG-26027-0819,2026-10-14,SMMS,Santragachi–Panskura,SRC-PKU,61.033,Point machine inspection,High,74,90,S&T Crew,2026-10-17,heavy_train_traffic,Open
SIG-26027-0820,2026-10-14,SMMS,Panskura–Kharagpur,PKU-KGP,141.961,Track circuit testing,Medium,67,30,Telecom Maintenance Team,2026-10-21,normal,Open
SIG-26027-0821,2026-10-14,SMMS,Mecheda–Panskura,MCA-PKU,118.332,Preventive S&T maintenance,Medium,55,45,Signal Testing Team,2026-10-21,mixed_realistic,Open
SIG-26027-0822,2026-10-14,SMMS,Kharagpur–Gidni,KGP-GID,176.408,Point machine inspection,Medium,51,90,Point Machine Team,2026-10-21,resource_shortage,Open
SIG-26027-0823,2026-10-14,SMMS,Panskura–Kharagpur,PKU-KGP,142.377,Track circuit testing,High,88,90,Telecom Maintenance Team,2026-10-17,cross_department_cluster,Under Review
SIG-26027-0824,2026-10-14,SMMS,Panskura–Kharagpur,PKU-KGP,164.341,Axle counter issue,High,79,105,S&T Crew,2026-10-17,cross_department_cluster,Open
SIG-26027-0825,2026-10-14,SMMS,Kharagpur–Gidni,KGP-GID,177.086,Interlocking inspection,Medium,67,30,Telecom Maintenance Team,2026-10-21,critical_defect,Open
SIG-26027-0826,2026-10-14,SMMS,Mecheda–Panskura,MCA-PKU,118.549,Preventive S&T maintenance,High,81,75,S&T Crew,2026-10-17,cross_department_cluster,Open
SIG-26027-0827,2026-10-14,SMMS,Mecheda–Panskura,MCA-PKU,118.056,Signal failure,Medium,65,60,S&T Crew,2026-10-21,cross_department_cluster,Planned
SIG-26027-0828,2026-10-14,SMMS,Panskura–Kharagpur,PKU-KGP,164.616,Point machine inspection,Medium,60,45,S&T Crew,2026-10-21,cross_department_cluster,Planned
SIG-26027-0829,2026-10-14,SMMS,Mecheda–Panskura,MCA-PKU,118.554,Axle counter issue,Low,36,20,S&T Crew,2026-10-28,critical_defect,Planned
SIG-26027-0830,2026-10-14,SMMS,Santragachi–Panskura,SRC-PKU,44.708,Point machine inspection,Medium,47,30,S&T Crew,2026-10-21,heavy_train_traffic,Open
SIG-26027-0831,2026-10-14,SMMS,Howrah–Santragachi,HWH-SRC,8.381,Point machine inspection,High,75,45,S&T Crew,2026-10-17,mixed_realistic,Planned
SIG-26027-0832,2026-10-14,SMMS,Kharagpur–Gidni,KGP-GID,209.931,Track circuit testing,Medium,51,75,S&T Crew,2026-10-21,resource_shortage,Planned
SIG-26027-0833,2026-10-14,SMMS,Panskura–Kharagpur,PKU-KGP,164.596,Interlocking inspection,Medium,65,45,Signal Testing Team,2026-10-21,cross_department_cluster,Open
SIG-26027-0834,2026-10-14,SMMS,Howrah–Santragachi,HWH-SRC,5.419,Point machine inspection,Low,29,65,Telecom Maintenance Team,2026-10-28,resource_shortage,Open
SIG-26027-0835,2026-10-14,SMMS,Panskura–Kharagpur,PKU-KGP,125.401,Point machine inspection,Low,21,20,Telecom Maintenance Team,2026-10-28,heavy_train_traffic,Under Review
SIG-26027-0836,2026-10-14,SMMS,Panskura–Kharagpur,PKU-KGP,160.184,Preventive S&T maintenance,Low,29,20,Point Machine Team,2026-10-28,mixed_realistic,Planned
SIG-26027-0837,2026-10-14,SMMS,Panskura–Kharagpur,PKU-KGP,151.387,Point machine inspection,Medium,65,90,S&T Crew,2026-10-21,normal,Open
SIG-26027-0838,2026-10-14,SMMS,Panskura–Kharagpur,PKU-KGP,168.004,Interlocking inspection,Medium,58,30,Telecom Maintenance Team,2026-10-21,heavy_train_traffic,Open
SIG-26027-0839,2026-10-14,SMMS,Mecheda–Panskura,MCA-PKU,117.097,Axle counter issue,Medium,51,75,Signal Testing Team,2026-10-21,heavy_train_traffic,Open
SIG-26027-0840,2026-10-14,SMMS,Howrah–Santragachi,HWH-SRC,11.417,Interlocking inspection,Low,29,50,Telecom Maintenance Team,2026-10-28,high_defect_load,Planned
SIG-26027-0841,2026-10-14,SMMS,Santragachi–Panskura,SRC-PKU,58.054,Interlocking inspection,Medium,58,90,Telecom Maintenance Team,2026-10-21,mixed_realistic,Open
SIG-26027-0842,2026-10-14,SMMS,Panskura–Kharagpur,PKU-KGP,160.466,Signal equipment defect,Low,38,50,S&T Crew,2026-10-28,high_defect_load,Under Review
SIG-26027-0843,2026-10-14,SMMS,Santragachi–Panskura,SRC-PKU,36.532,Axle counter issue,Medium,54,90,Signal Testing Team,2026-10-21,heavy_train_traffic,Under Review
SIG-26027-0844,2026-10-14,SMMS,Santragachi–Panskura,SRC-PKU,20.007,Point machine inspection,Medium,49,90,Point Machine Team,2026-10-21,mixed_realistic,Open
SIG-26027-0845,2026-10-14,SMMS,Kharagpur–Gidni,KGP-GID,213.745,Signal failure,Low,41,65,Telecom Maintenance Team,2026-10-28,high_defect_load,Open
SIG-26027-0846,2026-10-15,SMMS,Howrah–Santragachi,HWH-SRC,2.428,Axle counter issue,Low,40,65,Point Machine Team,2026-10-29,critical_defect,Planned
SIG-26027-0847,2026-10-15,SMMS,Panskura–Kharagpur,PKU-KGP,129.218,Axle counter issue,Low,27,20,S&T Crew,2026-10-29,high_conflict,Under Review
SIG-26027-0848,2026-10-15,SMMS,Mecheda–Panskura,MCA-PKU,122.265,Interlocking inspection,Medium,48,30,Point Machine Team,2026-10-22,high_defect_load,Open
SIG-26027-0849,2026-10-15,SMMS,Santragachi–Panskura,SRC-PKU,104.885,Preventive S&T maintenance,High,82,75,Telecom Maintenance Team,2026-10-18,resource_shortage,Open
SIG-26027-0850,2026-10-15,SMMS,Kharagpur–Gidni,KGP-GID,183.704,Signal failure,Medium,57,75,S&T Crew,2026-10-22,high_conflict,Under Review
SIG-26027-0851,2026-10-15,SMMS,Panskura–Kharagpur,PKU-KGP,142.87,Signal failure,Medium,61,60,Signal Testing Team,2026-10-22,cross_department_cluster,Planned
SIG-26027-0852,2026-10-15,SMMS,Howrah–Santragachi,HWH-SRC,3.692,Axle counter issue,High,84,75,S&T Crew,2026-10-18,mixed_realistic,Open
SIG-26027-0853,2026-10-15,SMMS,Panskura–Kharagpur,PKU-KGP,142.607,Signal equipment defect,Medium,45,30,Signal Testing Team,2026-10-22,cross_department_cluster,Open
SIG-26027-0854,2026-10-15,SMMS,Mecheda–Panskura,MCA-PKU,118.307,Track circuit testing,High,73,45,S&T Crew,2026-10-18,mixed_realistic,Open
SIG-26027-0855,2026-10-15,SMMS,Panskura–Kharagpur,PKU-KGP,169.298,Point machine inspection,Medium,59,90,Point Machine Team,2026-10-22,resource_shortage,Under Review
SIG-26027-0856,2026-10-15,SMMS,Mecheda–Panskura,MCA-PKU,123.121,Track circuit testing,Low,38,35,Signal Testing Team,2026-10-29,high_defect_load,Open
SIG-26027-0857,2026-10-15,SMMS,Howrah–Santragachi,HWH-SRC,4.39,Signal equipment defect,Medium,45,90,Signal Testing Team,2026-10-22,high_conflict,Open
SIG-26027-0858,2026-10-15,SMMS,Panskura–Kharagpur,PKU-KGP,157.621,Preventive S&T maintenance,Low,23,50,Telecom Maintenance Team,2026-10-29,cross_department_cluster,Open
SIG-26027-0859,2026-10-15,SMMS,Howrah–Santragachi,HWH-SRC,1.028,Preventive S&T maintenance,Medium,68,90,Telecom Maintenance Team,2026-10-22,normal,Under Review
SIG-26027-0860,2026-10-15,SMMS,Panskura–Kharagpur,PKU-KGP,157.667,Track circuit testing,High,84,75,S&T Crew,2026-10-18,cross_department_cluster,Open
SIG-26027-0861,2026-10-15,SMMS,Panskura–Kharagpur,PKU-KGP,137.212,Signal failure,Medium,46,45,Signal Testing Team,2026-10-22,resource_shortage,Open
SIG-26027-0862,2026-10-15,SMMS,Howrah–Santragachi,HWH-SRC,10.962,Signal failure,Low,44,65,Telecom Maintenance Team,2026-10-29,high_defect_load,Open
SIG-26027-0863,2026-10-15,SMMS,Mecheda–Panskura,MCA-PKU,115.351,Interlocking inspection,Critical,94,60,Point Machine Team,2026-10-16,high_defect_load,Planned
SIG-26027-0864,2026-10-15,SMMS,Panskura–Kharagpur,PKU-KGP,128.636,Point machine inspection,Medium,47,90,Point Machine Team,2026-10-22,mixed_realistic,Under Review
SIG-26027-0865,2026-10-15,SMMS,Kharagpur–Gidni,KGP-GID,212.816,Axle counter issue,High,89,60,Signal Testing Team,2026-10-18,resource_shortage,Open
SIG-26027-0866,2026-10-15,SMMS,Mecheda–Panskura,MCA-PKU,118.518,Signal failure,Medium,61,90,Telecom Maintenance Team,2026-10-22,cross_department_cluster,Open
SIG-26027-0867,2026-10-15,SMMS,Mecheda–Panskura,MCA-PKU,117.6,Signal equipment defect,Medium,57,45,Signal Testing Team,2026-10-22,resource_shortage,Planned
SIG-26027-0868,2026-10-15,SMMS,Howrah–Santragachi,HWH-SRC,5.171,Signal failure,Low,43,50,Telecom Maintenance Team,2026-10-29,resource_shortage,Open
SIG-26027-0869,2026-10-15,SMMS,Mecheda–Panskura,MCA-PKU,116.35,Point machine inspection,Critical,96,105,Signal Testing Team,2026-10-16,high_conflict,Open
SIG-26027-0870,2026-10-15,SMMS,Santragachi–Panskura,SRC-PKU,40.12,Preventive S&T maintenance,High,86,75,S&T Crew,2026-10-18,critical_defect,Under Review
SIG-26027-0871,2026-10-15,SMMS,Mecheda–Panskura,MCA-PKU,116.703,Point machine inspection,Low,26,20,Point Machine Team,2026-10-29,high_defect_load,Open
SIG-26027-0872,2026-10-15,SMMS,Mecheda–Panskura,MCA-PKU,121.298,Signal equipment defect,Low,24,50,Point Machine Team,2026-10-29,high_defect_load,Open
SIG-26027-0873,2026-10-15,SMMS,Kharagpur–Gidni,KGP-GID,204.104,Track circuit testing,High,86,75,Point Machine Team,2026-10-18,resource_shortage,Planned
SIG-26027-0874,2026-10-15,SMMS,Kharagpur–Gidni,KGP-GID,195.725,Signal failure,Medium,63,45,Signal Testing Team,2026-10-22,resource_shortage,Open
SIG-26027-0875,2026-10-15,SMMS,Santragachi–Panskura,SRC-PKU,96.574,Signal failure,High,81,90,Point Machine Team,2026-10-18,resource_shortage,Open
SIG-26027-0876,2026-10-15,SMMS,Panskura–Kharagpur,PKU-KGP,127.596,Signal failure,High,70,90,Telecom Maintenance Team,2026-10-18,mixed_realistic,Open
SIG-26027-0877,2026-10-15,SMMS,Kharagpur–Gidni,KGP-GID,199.183,Point machine inspection,Medium,46,45,Point Machine Team,2026-10-22,mixed_realistic,Open
SIG-26027-0878,2026-10-15,SMMS,Howrah–Santragachi,HWH-SRC,6.113,Point machine inspection,Critical,94,120,S&T Crew,2026-10-16,critical_defect,Open
SIG-26027-0879,2026-10-15,SMMS,Panskura–Kharagpur,PKU-KGP,158.359,Preventive S&T maintenance,Medium,60,30,Point Machine Team,2026-10-22,cross_department_cluster,Open
SIG-26027-0880,2026-10-15,SMMS,Panskura–Kharagpur,PKU-KGP,163.208,Axle counter issue,Low,25,50,S&T Crew,2026-10-29,normal,Open
SIG-26027-0881,2026-10-15,SMMS,Howrah–Santragachi,HWH-SRC,4.366,Track circuit testing,Medium,51,60,Point Machine Team,2026-10-22,critical_defect,Planned
SIG-26027-0882,2026-10-15,SMMS,Howrah–Santragachi,HWH-SRC,1.973,Axle counter issue,Low,35,65,S&T Crew,2026-10-29,normal,Open
SIG-26027-0883,2026-10-15,SMMS,Mecheda–Panskura,MCA-PKU,118.566,Signal equipment defect,Medium,51,75,Telecom Maintenance Team,2026-10-22,cross_department_cluster,Planned
SIG-26027-0884,2026-10-15,SMMS,Panskura–Kharagpur,PKU-KGP,157.783,Interlocking inspection,Medium,61,60,Telecom Maintenance Team,2026-10-22,cross_department_cluster,Planned
SIG-26027-0885,2026-10-15,SMMS,Panskura–Kharagpur,PKU-KGP,157.618,Axle counter issue,Medium,58,60,Telecom Maintenance Team,2026-10-22,cross_department_cluster,Open
SIG-26027-0886,2026-10-15,SMMS,Panskura–Kharagpur,PKU-KGP,143.953,Signal failure,Medium,56,90,Signal Testing Team,2026-10-22,high_defect_load,Open
SIG-26027-0887,2026-10-15,SMMS,Howrah–Santragachi,HWH-SRC,11.761,Interlocking inspection,Low,21,50,Signal Testing Team,2026-10-29,high_conflict,Open
SIG-26027-0888,2026-10-15,SMMS,Mecheda–Panskura,MCA-PKU,124.246,Signal failure,Medium,68,75,S&T Crew,2026-10-22,resource_shortage,Open
SIG-26027-0889,2026-10-15,SMMS,Mecheda–Panskura,MCA-PKU,117.869,Preventive S&T maintenance,Medium,54,75,Signal Testing Team,2026-10-22,cross_department_cluster,Open
SIG-26027-0890,2026-10-15,SMMS,Kharagpur–Gidni,KGP-GID,206.867,Preventive S&T maintenance,High,86,105,S&T Crew,2026-10-18,normal,Open
SIG-26027-0891,2026-10-15,SMMS,Howrah–Santragachi,HWH-SRC,6.51,Interlocking inspection,Medium,46,45,Point Machine Team,2026-10-22,normal,Under Review
SIG-26027-0892,2026-10-15,SMMS,Mecheda–Panskura,MCA-PKU,119.318,Interlocking inspection,High,77,105,Point Machine Team,2026-10-18,high_defect_load,Open
SIG-26027-0893,2026-10-15,SMMS,Mecheda–Panskura,MCA-PKU,117.095,Track circuit testing,Medium,49,90,Point Machine Team,2026-10-22,heavy_train_traffic,Planned
SIG-26027-0894,2026-10-15,SMMS,Mecheda–Panskura,MCA-PKU,119.866,Axle counter issue,Medium,49,30,S&T Crew,2026-10-22,critical_defect,Open
SIG-26027-0895,2026-10-15,SMMS,Mecheda–Panskura,MCA-PKU,118.622,Point machine inspection,Low,39,65,S&T Crew,2026-10-29,critical_defect,Planned
SIG-26027-0896,2026-10-15,SMMS,Santragachi–Panskura,SRC-PKU,40.478,Signal equipment defect,Medium,54,90,Signal Testing Team,2026-10-22,resource_shortage,Under Review
SIG-26027-0897,2026-10-15,SMMS,Howrah–Santragachi,HWH-SRC,7.769,Point machine inspection,High,84,45,Signal Testing Team,2026-10-18,high_defect_load,Open
SIG-26027-0898,2026-10-15,SMMS,Howrah–Santragachi,HWH-SRC,11.202,Point machine inspection,Medium,48,60,Telecom Maintenance Team,2026-10-22,heavy_train_traffic,Open
SIG-26027-0899,2026-10-15,SMMS,Panskura–Kharagpur,PKU-KGP,163.176,Signal equipment defect,Medium,53,45,Signal Testing Team,2026-10-22,high_defect_load,Open
SIG-26027-0900,2026-10-15,SMMS,Kharagpur–Gidni,KGP-GID,198.478,Track circuit testing,High,82,90,S&T Crew,2026-10-18,critical_defect,Open
SIG-26027-0901,2026-10-15,SMMS,Kharagpur–Gidni,KGP-GID,212.479,Signal equipment defect,Medium,61,30,S&T Crew,2026-10-22,heavy_train_traffic,Planned
SIG-26027-0902,2026-10-15,SMMS,Howrah–Santragachi,HWH-SRC,1.819,Signal failure,Medium,69,60,Signal Testing Team,2026-10-22,high_defect_load,Open
SIG-26027-0903,2026-10-15,SMMS,Mecheda–Panskura,MCA-PKU,118.333,Signal equipment defect,Low,22,35,S&T Crew,2026-10-29,cross_department_cluster,Open
SIG-26027-0904,2026-10-15,SMMS,Mecheda–Panskura,MCA-PKU,116.298,Interlocking inspection,Low,31,35,S&T Crew,2026-10-29,high_defect_load,Under Review
SIG-26027-0905,2026-10-15,SMMS,Howrah–Santragachi,HWH-SRC,8.544,Point machine inspection,Medium,45,90,Telecom Maintenance Team,2026-10-22,mixed_realistic,Under Review
SIG-26027-0906,2026-10-15,SMMS,Panskura–Kharagpur,PKU-KGP,142.526,Signal equipment defect,Medium,63,60,Point Machine Team,2026-10-22,cross_department_cluster,Planned
SIG-26027-0907,2026-10-15,SMMS,Panskura–Kharagpur,PKU-KGP,142.857,Point machine inspection,Medium,54,30,Point Machine Team,2026-10-22,cross_department_cluster,Open
SIG-26027-0908,2026-10-15,SMMS,Panskura–Kharagpur,PKU-KGP,140.659,Axle counter issue,High,84,105,Signal Testing Team,2026-10-18,heavy_train_traffic,Open
SIG-26027-0909,2026-10-15,SMMS,Panskura–Kharagpur,PKU-KGP,133.719,Track circuit testing,Low,34,20,S&T Crew,2026-10-29,high_defect_load,Open
SIG-26027-0910,2026-10-15,SMMS,Mecheda–Panskura,MCA-PKU,122.528,Signal failure,High,81,45,Telecom Maintenance Team,2026-10-18,high_defect_load,Open
SIG-26027-0911,2026-10-16,SMMS,Howrah–Santragachi,HWH-SRC,4.014,Axle counter issue,Low,21,65,Signal Testing Team,2026-10-30,resource_shortage,Open
SIG-26027-0912,2026-10-16,SMMS,Kharagpur–Gidni,KGP-GID,176.499,Point machine inspection,Medium,69,30,S&T Crew,2026-10-23,heavy_train_traffic,Under Review
SIG-26027-0913,2026-10-16,SMMS,Mecheda–Panskura,MCA-PKU,118.595,Axle counter issue,Medium,46,45,S&T Crew,2026-10-23,cross_department_cluster,Under Review
SIG-26027-0914,2026-10-16,SMMS,Panskura–Kharagpur,PKU-KGP,131.486,Track circuit testing,High,79,90,Telecom Maintenance Team,2026-10-19,high_defect_load,Open
SIG-26027-0915,2026-10-16,SMMS,Kharagpur–Gidni,KGP-GID,176.869,Signal equipment defect,Medium,67,45,Signal Testing Team,2026-10-23,high_conflict,Open
SIG-26027-0916,2026-10-16,SMMS,Panskura–Kharagpur,PKU-KGP,142.874,Interlocking inspection,Critical,96,120,Point Machine Team,2026-10-17,cross_department_cluster,Open
SIG-26027-0917,2026-10-16,SMMS,Mecheda–Panskura,MCA-PKU,117.36,Point machine inspection,Low,29,65,Signal Testing Team,2026-10-30,normal,Planned
SIG-26027-0918,2026-10-16,SMMS,Mecheda–Panskura,MCA-PKU,117.138,Signal equipment defect,High,78,75,Point Machine Team,2026-10-19,mixed_realistic,Open
SIG-26027-0919,2026-10-16,SMMS,Panskura–Kharagpur,PKU-KGP,164.133,Axle counter issue,Low,23,50,Point Machine Team,2026-10-30,cross_department_cluster,Open
SIG-26027-0920,2026-10-16,SMMS,Kharagpur–Gidni,KGP-GID,171.975,Signal equipment defect,Low,40,65,Point Machine Team,2026-10-30,critical_defect,Open
SIG-26027-0921,2026-10-16,SMMS,Santragachi–Panskura,SRC-PKU,113.969,Point machine inspection,Critical,97,60,Telecom Maintenance Team,2026-10-17,heavy_train_traffic,Planned
SIG-26027-0922,2026-10-16,SMMS,Kharagpur–Gidni,KGP-GID,201.457,Signal failure,Low,27,20,Telecom Maintenance Team,2026-10-30,normal,Open
SIG-26027-0923,2026-10-16,SMMS,Panskura–Kharagpur,PKU-KGP,142.341,Interlocking inspection,Medium,68,45,Signal Testing Team,2026-10-23,cross_department_cluster,Open
SIG-26027-0924,2026-10-16,SMMS,Kharagpur–Gidni,KGP-GID,172.771,Point machine inspection,Medium,55,60,S&T Crew,2026-10-23,high_conflict,Under Review
SIG-26027-0925,2026-10-16,SMMS,Santragachi–Panskura,SRC-PKU,27.795,Track circuit testing,Low,30,35,Telecom Maintenance Team,2026-10-30,resource_shortage,Open
SIG-26027-0926,2026-10-16,SMMS,Howrah–Santragachi,HWH-SRC,0.901,Interlocking inspection,High,74,75,S&T Crew,2026-10-19,high_defect_load,Open
SIG-26027-0927,2026-10-16,SMMS,Howrah–Santragachi,HWH-SRC,1.146,Point machine inspection,Low,38,20,Telecom Maintenance Team,2026-10-30,high_conflict,Under Review
SIG-26027-0928,2026-10-16,SMMS,Howrah–Santragachi,HWH-SRC,7.096,Axle counter issue,Medium,54,60,Point Machine Team,2026-10-23,heavy_train_traffic,Open
SIG-26027-0929,2026-10-16,SMMS,Panskura–Kharagpur,PKU-KGP,130.185,Point machine inspection,Low,34,20,Telecom Maintenance Team,2026-10-30,high_defect_load,Under Review
SIG-26027-0930,2026-10-16,SMMS,Panskura–Kharagpur,PKU-KGP,159.805,Signal failure,High,85,75,Point Machine Team,2026-10-19,high_defect_load,Open
SIG-26027-0931,2026-10-16,SMMS,Howrah–Santragachi,HWH-SRC,11.812,Signal equipment defect,Medium,60,75,S&T Crew,2026-10-23,normal,Under Review
SIG-26027-0932,2026-10-16,SMMS,Mecheda–Panskura,MCA-PKU,118.108,Point machine inspection,Medium,46,90,S&T Crew,2026-10-23,cross_department_cluster,Planned
SIG-26027-0933,2026-10-16,SMMS,Kharagpur–Gidni,KGP-GID,201.552,Signal failure,Medium,46,45,Telecom Maintenance Team,2026-10-23,critical_defect,Open
SIG-26027-0934,2026-10-16,SMMS,Panskura–Kharagpur,PKU-KGP,131.048,Preventive S&T maintenance,High,76,75,Point Machine Team,2026-10-19,critical_defect,Planned
SIG-26027-0935,2026-10-16,SMMS,Santragachi–Panskura,SRC-PKU,39.605,Signal equipment defect,Medium,46,75,S&T Crew,2026-10-23,high_defect_load,Open
SIG-26027-0936,2026-10-16,SMMS,Mecheda–Panskura,MCA-PKU,116.892,Preventive S&T maintenance,Critical,94,60,Signal Testing Team,2026-10-17,mixed_realistic,Open
SIG-26027-0937,2026-10-16,SMMS,Santragachi–Panskura,SRC-PKU,82.667,Signal equipment defect,High,72,75,Point Machine Team,2026-10-19,high_conflict,Planned
SIG-26027-0938,2026-10-16,SMMS,Kharagpur–Gidni,KGP-GID,173.809,Track circuit testing,High,80,90,S&T Crew,2026-10-19,high_defect_load,Open
SIG-26027-0939,2026-10-16,SMMS,Santragachi–Panskura,SRC-PKU,63.358,Track circuit testing,High,70,75,S&T Crew,2026-10-19,high_conflict,Planned
SIG-26027-0940,2026-10-16,SMMS,Kharagpur–Gidni,KGP-GID,174.78,Preventive S&T maintenance,High,84,90,Telecom Maintenance Team,2026-10-19,normal,Under Review
SIG-26027-0941,2026-10-16,SMMS,Panskura–Kharagpur,PKU-KGP,164.517,Track circuit testing,Low,42,65,Signal Testing Team,2026-10-30,cross_department_cluster,Under Review
SIG-26027-0942,2026-10-16,SMMS,Panskura–Kharagpur,PKU-KGP,142.779,Preventive S&T maintenance,High,71,45,S&T Crew,2026-10-19,cross_department_cluster,Open
SIG-26027-0943,2026-10-16,SMMS,Howrah–Santragachi,HWH-SRC,0.023,Track circuit testing,Low,22,35,Signal Testing Team,2026-10-30,high_defect_load,Under Review
SIG-26027-0944,2026-10-16,SMMS,Panskura–Kharagpur,PKU-KGP,156.5,Preventive S&T maintenance,High,71,90,Telecom Maintenance Team,2026-10-19,mixed_realistic,Under Review
SIG-26027-0945,2026-10-16,SMMS,Kharagpur–Gidni,KGP-GID,188.411,Axle counter issue,Low,34,65,S&T Crew,2026-10-30,mixed_realistic,Open
SIG-26027-0946,2026-10-16,SMMS,Panskura–Kharagpur,PKU-KGP,164.115,Interlocking inspection,Medium,52,45,Point Machine Team,2026-10-23,cross_department_cluster,Under Review
SIG-26027-0947,2026-10-16,SMMS,Howrah–Santragachi,HWH-SRC,11.614,Interlocking inspection,Medium,52,90,Telecom Maintenance Team,2026-10-23,high_defect_load,Open
SIG-26027-0948,2026-10-16,SMMS,Panskura–Kharagpur,PKU-KGP,136.08,Point machine inspection,Low,25,20,Point Machine Team,2026-10-30,critical_defect,Under Review
SIG-26027-0949,2026-10-16,SMMS,Santragachi–Panskura,SRC-PKU,26.493,Preventive S&T maintenance,Medium,47,60,Signal Testing Team,2026-10-23,mixed_realistic,Open
SIG-26027-0950,2026-10-16,SMMS,Kharagpur–Gidni,KGP-GID,193.657,Track circuit testing,Low,31,50,S&T Crew,2026-10-30,heavy_train_traffic,Open
SIG-26027-0951,2026-10-16,SMMS,Panskura–Kharagpur,PKU-KGP,158.001,Preventive S&T maintenance,Medium,50,75,Point Machine Team,2026-10-23,cross_department_cluster,Under Review
SIG-26027-0952,2026-10-16,SMMS,Panskura–Kharagpur,PKU-KGP,158.141,Point machine inspection,Low,35,35,S&T Crew,2026-10-30,cross_department_cluster,Open
SIG-26027-0953,2026-10-16,SMMS,Panskura–Kharagpur,PKU-KGP,143.18,Signal equipment defect,Medium,63,30,Signal Testing Team,2026-10-23,critical_defect,Open
SIG-26027-0954,2026-10-16,SMMS,Panskura–Kharagpur,PKU-KGP,157.538,Axle counter issue,Medium,45,45,Signal Testing Team,2026-10-23,mixed_realistic,Open
SIG-26027-0955,2026-10-16,SMMS,Kharagpur–Gidni,KGP-GID,207.733,Interlocking inspection,Low,30,65,Telecom Maintenance Team,2026-10-30,normal,Planned
SIG-26027-0956,2026-10-16,SMMS,Howrah–Santragachi,HWH-SRC,10.889,Signal failure,Low,38,65,Point Machine Team,2026-10-30,resource_shortage,Planned
SIG-26027-0957,2026-10-16,SMMS,Kharagpur–Gidni,KGP-GID,201.811,Track circuit testing,Medium,58,60,Point Machine Team,2026-10-23,normal,Open
SIG-26027-0958,2026-10-16,SMMS,Santragachi–Panskura,SRC-PKU,16.033,Signal equipment defect,Medium,66,30,S&T Crew,2026-10-23,normal,Open
SIG-26027-0959,2026-10-16,SMMS,Mecheda–Panskura,MCA-PKU,117.876,Track circuit testing,High,85,60,Point Machine Team,2026-10-19,high_defect_load,Open
SIG-26027-0960,2026-10-16,SMMS,Santragachi–Panskura,SRC-PKU,38.98,Signal equipment defect,High,86,90,Signal Testing Team,2026-10-19,mixed_realistic,Open
SIG-26027-0961,2026-10-16,SMMS,Santragachi–Panskura,SRC-PKU,92.418,Point machine inspection,Medium,52,30,Telecom Maintenance Team,2026-10-23,resource_shortage,Open
SIG-26027-0962,2026-10-16,SMMS,Kharagpur–Gidni,KGP-GID,181.276,Axle counter issue,Medium,45,75,Telecom Maintenance Team,2026-10-23,normal,Open
SIG-26027-0963,2026-10-16,SMMS,Howrah–Santragachi,HWH-SRC,2.151,Signal failure,High,88,90,Signal Testing Team,2026-10-19,resource_shortage,Open
SIG-26027-0964,2026-10-16,SMMS,Howrah–Santragachi,HWH-SRC,2.438,Preventive S&T maintenance,Medium,68,60,Point Machine Team,2026-10-23,resource_shortage,Planned
SIG-26027-0965,2026-10-16,SMMS,Panskura–Kharagpur,PKU-KGP,157.782,Signal equipment defect,High,74,45,S&T Crew,2026-10-19,cross_department_cluster,Open
SIG-26027-0966,2026-10-16,SMMS,Panskura–Kharagpur,PKU-KGP,146.049,Signal failure,Medium,57,30,Telecom Maintenance Team,2026-10-23,high_conflict,Open
SIG-26027-0967,2026-10-16,SMMS,Kharagpur–Gidni,KGP-GID,184.891,Interlocking inspection,Low,23,35,Signal Testing Team,2026-10-30,high_defect_load,Open
SIG-26027-0968,2026-10-16,SMMS,Mecheda–Panskura,MCA-PKU,121.702,Axle counter issue,Medium,61,60,Telecom Maintenance Team,2026-10-23,critical_defect,Under Review
SIG-26027-0969,2026-10-16,SMMS,Howrah–Santragachi,HWH-SRC,3.822,Signal equipment defect,High,81,60,Signal Testing Team,2026-10-19,mixed_realistic,Open
SIG-26027-0970,2026-10-16,SMMS,Mecheda–Panskura,MCA-PKU,116.421,Axle counter issue,Medium,59,75,Signal Testing Team,2026-10-23,high_defect_load,Under Review
SIG-26027-0971,2026-10-16,SMMS,Mecheda–Panskura,MCA-PKU,121.816,Point machine inspection,Medium,51,30,Signal Testing Team,2026-10-23,mixed_realistic,Open
SIG-26027-0972,2026-10-16,SMMS,Howrah–Santragachi,HWH-SRC,5.997,Track circuit testing,Low,29,65,S&T Crew,2026-10-30,heavy_train_traffic,Open
SIG-26027-0973,2026-10-16,SMMS,Kharagpur–Gidni,KGP-GID,190.756,Axle counter issue,Medium,59,75,Signal Testing Team,2026-10-23,high_defect_load,Under Review
SIG-26027-0974,2026-10-16,SMMS,Panskura–Kharagpur,PKU-KGP,127.402,Signal equipment defect,Medium,55,75,Point Machine Team,2026-10-23,mixed_realistic,Open
SIG-26027-0975,2026-10-16,SMMS,Howrah–Santragachi,HWH-SRC,1.663,Track circuit testing,High,89,75,S&T Crew,2026-10-19,high_defect_load,Open
SIG-26027-0976,2026-10-17,SMMS,Santragachi–Panskura,SRC-PKU,47.077,Point machine inspection,Medium,58,45,S&T Crew,2026-10-24,normal,Under Review
SIG-26027-0977,2026-10-17,SMMS,Panskura–Kharagpur,PKU-KGP,134.251,Signal equipment defect,Low,29,65,S&T Crew,2026-10-31,mixed_realistic,Open
SIG-26027-0978,2026-10-17,SMMS,Santragachi–Panskura,SRC-PKU,114.73,Point machine inspection,High,83,60,Telecom Maintenance Team,2026-10-20,heavy_train_traffic,Open
SIG-26027-0979,2026-10-17,SMMS,Santragachi–Panskura,SRC-PKU,106.237,Point machine inspection,Low,27,20,Signal Testing Team,2026-10-31,resource_shortage,Open
SIG-26027-0980,2026-10-17,SMMS,Mecheda–Panskura,MCA-PKU,116.487,Signal equipment defect,Medium,45,60,Signal Testing Team,2026-10-24,mixed_realistic,Under Review
SIG-26027-0981,2026-10-17,SMMS,Santragachi–Panskura,SRC-PKU,59.315,Track circuit testing,Low,42,50,Telecom Maintenance Team,2026-10-31,mixed_realistic,Open
SIG-26027-0982,2026-10-17,SMMS,Santragachi–Panskura,SRC-PKU,41.488,Signal failure,Low,40,20,Telecom Maintenance Team,2026-10-31,high_conflict,Open
SIG-26027-0983,2026-10-17,SMMS,Howrah–Santragachi,HWH-SRC,1.384,Interlocking inspection,Low,25,35,Telecom Maintenance Team,2026-10-31,normal,Under Review
SIG-26027-0984,2026-10-17,SMMS,Panskura–Kharagpur,PKU-KGP,158.318,Signal equipment defect,High,74,45,Telecom Maintenance Team,2026-10-20,cross_department_cluster,Planned
SIG-26027-0985,2026-10-17,SMMS,Santragachi–Panskura,SRC-PKU,31.133,Axle counter issue,Medium,45,90,Signal Testing Team,2026-10-24,heavy_train_traffic,Open
SIG-26027-0986,2026-10-17,SMMS,Panskura–Kharagpur,PKU-KGP,163.999,Axle counter issue,Critical,97,75,Signal Testing Team,2026-10-18,resource_shortage,Open
SIG-26027-0987,2026-10-17,SMMS,Panskura–Kharagpur,PKU-KGP,158.086,Signal equipment defect,Medium,60,75,Signal Testing Team,2026-10-24,cross_department_cluster,Open
SIG-26027-0988,2026-10-17,SMMS,Kharagpur–Gidni,KGP-GID,171.438,Signal equipment defect,Medium,55,30,Signal Testing Team,2026-10-24,heavy_train_traffic,Open
SIG-26027-0989,2026-10-17,SMMS,Santragachi–Panskura,SRC-PKU,74.22,Track circuit testing,Medium,55,30,Telecom Maintenance Team,2026-10-24,normal,Open
SIG-26027-0990,2026-10-17,SMMS,Kharagpur–Gidni,KGP-GID,188.305,Axle counter issue,Low,28,20,S&T Crew,2026-10-31,high_defect_load,Under Review
SIG-26027-0991,2026-10-17,SMMS,Mecheda–Panskura,MCA-PKU,122.453,Point machine inspection,Low,42,20,Telecom Maintenance Team,2026-10-31,normal,Under Review
SIG-26027-0992,2026-10-17,SMMS,Kharagpur–Gidni,KGP-GID,176.792,Axle counter issue,Medium,45,75,Signal Testing Team,2026-10-24,high_defect_load,Open
SIG-26027-0993,2026-10-17,SMMS,Panskura–Kharagpur,PKU-KGP,135.939,Point machine inspection,High,86,60,Signal Testing Team,2026-10-20,normal,Under Review
SIG-26027-0994,2026-10-17,SMMS,Kharagpur–Gidni,KGP-GID,213.635,Point machine inspection,High,70,105,Telecom Maintenance Team,2026-10-20,heavy_train_traffic,Open
SIG-26027-0995,2026-10-17,SMMS,Howrah–Santragachi,HWH-SRC,10.74,Signal failure,Low,38,35,S&T Crew,2026-10-31,critical_defect,Open
SIG-26027-0996,2026-10-17,SMMS,Panskura–Kharagpur,PKU-KGP,164.142,Point machine inspection,High,88,45,Point Machine Team,2026-10-20,cross_department_cluster,Open
SIG-26027-0997,2026-10-17,SMMS,Panskura–Kharagpur,PKU-KGP,145.339,Signal failure,Low,37,65,Signal Testing Team,2026-10-31,mixed_realistic,Open
SIG-26027-0998,2026-10-17,SMMS,Howrah–Santragachi,HWH-SRC,8.617,Interlocking inspection,Low,42,35,S&T Crew,2026-10-31,high_conflict,Open
SIG-26027-0999,2026-10-17,SMMS,Kharagpur–Gidni,KGP-GID,200.885,Track circuit testing,Medium,61,30,Signal Testing Team,2026-10-24,mixed_realistic,Under Review
SIG-26027-1000,2026-10-17,SMMS,Howrah–Santragachi,HWH-SRC,10.631,Point machine inspection,Low,22,35,Telecom Maintenance Team,2026-10-31,mixed_realistic,Open
SIG-26027-1001,2026-10-17,SMMS,Howrah–Santragachi,HWH-SRC,3.534,Signal equipment defect,Low,24,35,Telecom Maintenance Team,2026-10-31,critical_defect,Open
SIG-26027-1002,2026-10-17,SMMS,Mecheda–Panskura,MCA-PKU,116.715,Preventive S&T maintenance,High,79,90,Telecom Maintenance Team,2026-10-20,mixed_realistic,Open
SIG-26027-1003,2026-10-17,SMMS,Panskura–Kharagpur,PKU-KGP,157.756,Signal failure,High,73,45,Signal Testing Team,2026-10-20,cross_department_cluster,Open
SIG-26027-1004,2026-10-17,SMMS,Panskura–Kharagpur,PKU-KGP,148.083,Axle counter issue,Low,44,35,Signal Testing Team,2026-10-31,resource_shortage,Under Review
SIG-26027-1005,2026-10-17,SMMS,Panskura–Kharagpur,PKU-KGP,130.481,Signal failure,High,80,45,Point Machine Team,2026-10-20,normal,Open
SIG-26027-1006,2026-10-17,SMMS,Mecheda–Panskura,MCA-PKU,118.485,Preventive S&T maintenance,Medium,55,45,Point Machine Team,2026-10-24,cross_department_cluster,Open
SIG-26027-1007,2026-10-17,SMMS,Panskura–Kharagpur,PKU-KGP,138.363,Axle counter issue,High,83,60,Telecom Maintenance Team,2026-10-20,critical_defect,Open
SIG-26027-1008,2026-10-17,SMMS,Panskura–Kharagpur,PKU-KGP,169.296,Interlocking inspection,Low,29,35,Point Machine Team,2026-10-31,critical_defect,Open
SIG-26027-1009,2026-10-17,SMMS,Panskura–Kharagpur,PKU-KGP,159.262,Point machine inspection,Low,26,35,S&T Crew,2026-10-31,high_defect_load,Open
SIG-26027-1010,2026-10-17,SMMS,Mecheda–Panskura,MCA-PKU,124.601,Interlocking inspection,Medium,56,45,S&T Crew,2026-10-24,normal,Open
SIG-26027-1011,2026-10-17,SMMS,Howrah–Santragachi,HWH-SRC,11.65,Signal equipment defect,Medium,53,75,Signal Testing Team,2026-10-24,high_defect_load,Open
SIG-26027-1012,2026-10-17,SMMS,Santragachi–Panskura,SRC-PKU,20.716,Signal failure,Medium,60,30,S&T Crew,2026-10-24,critical_defect,Under Review
SIG-26027-1013,2026-10-17,SMMS,Panskura–Kharagpur,PKU-KGP,169.982,Track circuit testing,Medium,47,45,Telecom Maintenance Team,2026-10-24,resource_shortage,Open
SIG-26027-1014,2026-10-17,SMMS,Mecheda–Panskura,MCA-PKU,123.489,Axle counter issue,Medium,48,60,Telecom Maintenance Team,2026-10-24,critical_defect,Open
SIG-26027-1015,2026-10-17,SMMS,Kharagpur–Gidni,KGP-GID,213.871,Track circuit testing,Medium,49,45,Point Machine Team,2026-10-24,mixed_realistic,Open
SIG-26027-1016,2026-10-17,SMMS,Kharagpur–Gidni,KGP-GID,206.912,Track circuit testing,Medium,52,75,Signal Testing Team,2026-10-24,resource_shortage,Planned
SIG-26027-1017,2026-10-17,SMMS,Howrah–Santragachi,HWH-SRC,1.94,Interlocking inspection,Medium,69,30,Point Machine Team,2026-10-24,resource_shortage,Under Review
SIG-26027-1018,2026-10-17,SMMS,Panskura–Kharagpur,PKU-KGP,129.747,Interlocking inspection,Critical,99,60,Signal Testing Team,2026-10-18,critical_defect,Planned
SIG-26027-1019,2026-10-17,SMMS,Mecheda–Panskura,MCA-PKU,115.837,Interlocking inspection,Low,24,50,S&T Crew,2026-10-31,high_conflict,Open
SIG-26027-1020,2026-10-17,SMMS,Panskura–Kharagpur,PKU-KGP,142.568,Point machine inspection,Medium,53,90,Point Machine Team,2026-10-24,cross_department_cluster,Open
SIG-26027-1021,2026-10-17,SMMS,Mecheda–Panskura,MCA-PKU,118.103,Signal equipment defect,Medium,68,45,Telecom Maintenance Team,2026-10-24,cross_department_cluster,Open
SIG-26027-1022,2026-10-17,SMMS,Kharagpur–Gidni,KGP-GID,200.872,Signal equipment defect,Medium,66,45,Signal Testing Team,2026-10-24,resource_shortage,Open
SIG-26027-1023,2026-10-17,SMMS,Mecheda–Panskura,MCA-PKU,115.558,Preventive S&T maintenance,Medium,59,60,Telecom Maintenance Team,2026-10-24,normal,Open
SIG-26027-1024,2026-10-17,SMMS,Howrah–Santragachi,HWH-SRC,8.089,Signal equipment defect,Medium,50,45,Telecom Maintenance Team,2026-10-24,heavy_train_traffic,Open
SIG-26027-1025,2026-10-17,SMMS,Kharagpur–Gidni,KGP-GID,208.249,Preventive S&T maintenance,High,88,60,S&T Crew,2026-10-20,resource_shortage,Under Review
SIG-26027-1026,2026-10-17,SMMS,Mecheda–Panskura,MCA-PKU,116.107,Signal failure,Low,38,65,Telecom Maintenance Team,2026-10-31,resource_shortage,Open
SIG-26027-1027,2026-10-17,SMMS,Panskura–Kharagpur,PKU-KGP,157.894,Signal equipment defect,Medium,69,30,Signal Testing Team,2026-10-24,cross_department_cluster,Open
SIG-26027-1028,2026-10-17,SMMS,Howrah–Santragachi,HWH-SRC,4.023,Signal equipment defect,Medium,66,30,Telecom Maintenance Team,2026-10-24,heavy_train_traffic,Planned
SIG-26027-1029,2026-10-17,SMMS,Mecheda–Panskura,MCA-PKU,122.136,Axle counter issue,High,80,75,Telecom Maintenance Team,2026-10-20,mixed_realistic,Planned
SIG-26027-1030,2026-10-17,SMMS,Kharagpur–Gidni,KGP-GID,177.115,Axle counter issue,Low,29,50,S&T Crew,2026-10-31,resource_shortage,Open
SIG-26027-1031,2026-10-17,SMMS,Mecheda–Panskura,MCA-PKU,122.389,Signal failure,High,84,90,Signal Testing Team,2026-10-20,heavy_train_traffic,Open
SIG-26027-1032,2026-10-17,SMMS,Panskura–Kharagpur,PKU-KGP,134.488,Track circuit testing,High,84,75,Point Machine Team,2026-10-20,normal,Open
SIG-26027-1033,2026-10-17,SMMS,Howrah–Santragachi,HWH-SRC,1.853,Point machine inspection,Medium,69,30,Point Machine Team,2026-10-24,resource_shortage,Open
SIG-26027-1034,2026-10-17,SMMS,Panskura–Kharagpur,PKU-KGP,157.68,Axle counter issue,High,87,90,Point Machine Team,2026-10-20,cross_department_cluster,Open
SIG-26027-1035,2026-10-17,SMMS,Panskura–Kharagpur,PKU-KGP,140.329,Preventive S&T maintenance,Low,31,65,Telecom Maintenance Team,2026-10-31,normal,Open
SIG-26027-1036,2026-10-17,SMMS,Santragachi–Panskura,SRC-PKU,52.572,Track circuit testing,High,85,105,Telecom Maintenance Team,2026-10-20,normal,Open
SIG-26027-1037,2026-10-17,SMMS,Santragachi–Panskura,SRC-PKU,30.139,Point machine inspection,High,83,60,Telecom Maintenance Team,2026-10-20,normal,Open
SIG-26027-1038,2026-10-17,SMMS,Mecheda–Panskura,MCA-PKU,116.036,Point machine inspection,High,87,90,Signal Testing Team,2026-10-20,high_conflict,Planned
SIG-26027-1039,2026-10-17,SMMS,Panskura–Kharagpur,PKU-KGP,164.59,Axle counter issue,Medium,51,45,Signal Testing Team,2026-10-24,cross_department_cluster,Open
SIG-26027-1040,2026-10-17,SMMS,Mecheda–Panskura,MCA-PKU,121.643,Interlocking inspection,High,85,75,Point Machine Team,2026-10-20,mixed_realistic,Open
SIG-26027-1041,2026-10-18,SMMS,Mecheda–Panskura,MCA-PKU,122.57,Interlocking inspection,Low,38,50,Signal Testing Team,2026-11-01,critical_defect,Open
SIG-26027-1042,2026-10-18,SMMS,Kharagpur–Gidni,KGP-GID,187.882,Track circuit testing,Medium,52,60,S&T Crew,2026-10-25,high_conflict,Open
SIG-26027-1043,2026-10-18,SMMS,Santragachi–Panskura,SRC-PKU,98.223,Interlocking inspection,Medium,58,30,Point Machine Team,2026-10-25,high_defect_load,Planned
SIG-26027-1044,2026-10-18,SMMS,Kharagpur–Gidni,KGP-GID,174.775,Point machine inspection,Medium,50,30,Signal Testing Team,2026-10-25,critical_defect,Open
SIG-26027-1045,2026-10-18,SMMS,Mecheda–Panskura,MCA-PKU,124.489,Axle counter issue,High,86,60,Signal Testing Team,2026-10-21,high_conflict,Open
SIG-26027-1046,2026-10-18,SMMS,Kharagpur–Gidni,KGP-GID,198.584,Interlocking inspection,Low,33,20,Telecom Maintenance Team,2026-11-01,normal,Open
SIG-26027-1047,2026-10-18,SMMS,Howrah–Santragachi,HWH-SRC,8.624,Signal failure,Low,25,35,Signal Testing Team,2026-11-01,normal,Open
SIG-26027-1048,2026-10-18,SMMS,Panskura–Kharagpur,PKU-KGP,169.345,Track circuit testing,Medium,50,75,Signal Testing Team,2026-10-25,critical_defect,Open
SIG-26027-1049,2026-10-18,SMMS,Kharagpur–Gidni,KGP-GID,190.821,Preventive S&T maintenance,Medium,45,75,Signal Testing Team,2026-10-25,heavy_train_traffic,Under Review
SIG-26027-1050,2026-10-18,SMMS,Howrah–Santragachi,HWH-SRC,1.853,Signal equipment defect,Medium,55,45,Point Machine Team,2026-10-25,heavy_train_traffic,Open
SIG-26027-1051,2026-10-18,SMMS,Mecheda–Panskura,MCA-PKU,118.409,Signal equipment defect,Medium,68,75,Point Machine Team,2026-10-25,cross_department_cluster,Open
SIG-26027-1052,2026-10-18,SMMS,Panskura–Kharagpur,PKU-KGP,142.582,Signal failure,Medium,55,75,Signal Testing Team,2026-10-25,high_conflict,Under Review
SIG-26027-1053,2026-10-18,SMMS,Panskura–Kharagpur,PKU-KGP,166.622,Track circuit testing,Low,39,50,Signal Testing Team,2026-11-01,resource_shortage,Open
SIG-26027-1054,2026-10-18,SMMS,Kharagpur–Gidni,KGP-GID,207.13,Interlocking inspection,Medium,59,30,Signal Testing Team,2026-10-25,high_defect_load,Planned
SIG-26027-1055,2026-10-18,SMMS,Panskura–Kharagpur,PKU-KGP,157.902,Track circuit testing,Medium,69,75,S&T Crew,2026-10-25,cross_department_cluster,Open
SIG-26027-1056,2026-10-18,SMMS,Panskura–Kharagpur,PKU-KGP,131.19,Signal failure,Medium,58,90,Point Machine Team,2026-10-25,high_defect_load,Open
SIG-26027-1057,2026-10-18,SMMS,Mecheda–Panskura,MCA-PKU,116.218,Point machine inspection,Low,26,50,Point Machine Team,2026-11-01,high_defect_load,Open
SIG-26027-1058,2026-10-18,SMMS,Mecheda–Panskura,MCA-PKU,116.306,Track circuit testing,Medium,53,90,Telecom Maintenance Team,2026-10-25,heavy_train_traffic,Open
SIG-26027-1059,2026-10-18,SMMS,Panskura–Kharagpur,PKU-KGP,149.036,Track circuit testing,Medium,69,90,S&T Crew,2026-10-25,heavy_train_traffic,Under Review
SIG-26027-1060,2026-10-18,SMMS,Santragachi–Panskura,SRC-PKU,36.654,Preventive S&T maintenance,Medium,64,30,S&T Crew,2026-10-25,mixed_realistic,Open
SIG-26027-1061,2026-10-18,SMMS,Howrah–Santragachi,HWH-SRC,4.341,Preventive S&T maintenance,Medium,67,90,S&T Crew,2026-10-25,high_defect_load,Under Review
SIG-26027-1062,2026-10-18,SMMS,Howrah–Santragachi,HWH-SRC,6.839,Preventive S&T maintenance,High,84,75,Telecom Maintenance Team,2026-10-21,critical_defect,Planned
SIG-26027-1063,2026-10-18,SMMS,Santragachi–Panskura,SRC-PKU,56.21,Track circuit testing,Medium,61,75,Point Machine Team,2026-10-25,heavy_train_traffic,Open
SIG-26027-1064,2026-10-18,SMMS,Kharagpur–Gidni,KGP-GID,185.73,Signal equipment defect,High,76,90,Point Machine Team,2026-10-21,mixed_realistic,Open
SIG-26027-1065,2026-10-18,SMMS,Howrah–Santragachi,HWH-SRC,5.909,Preventive S&T maintenance,Medium,69,75,S&T Crew,2026-10-25,resource_shortage,Open
SIG-26027-1066,2026-10-18,SMMS,Panskura–Kharagpur,PKU-KGP,141.159,Point machine inspection,Medium,48,75,Telecom Maintenance Team,2026-10-25,critical_defect,Open
SIG-26027-1067,2026-10-18,SMMS,Kharagpur–Gidni,KGP-GID,199.105,Axle counter issue,Medium,66,75,Point Machine Team,2026-10-25,resource_shortage,Open
SIG-26027-1068,2026-10-18,SMMS,Santragachi–Panskura,SRC-PKU,56.504,Signal failure,High,74,105,Signal Testing Team,2026-10-21,high_conflict,Open
SIG-26027-1069,2026-10-18,SMMS,Panskura–Kharagpur,PKU-KGP,157.894,Signal equipment defect,Critical,93,120,Signal Testing Team,2026-10-19,cross_department_cluster,Open
SIG-26027-1070,2026-10-18,SMMS,Howrah–Santragachi,HWH-SRC,0.429,Point machine inspection,Medium,57,75,Point Machine Team,2026-10-25,mixed_realistic,Open
SIG-26027-1071,2026-10-18,SMMS,Mecheda–Panskura,MCA-PKU,119.316,Signal failure,High,73,75,Point Machine Team,2026-10-21,high_defect_load,Under Review
SIG-26027-1072,2026-10-18,SMMS,Panskura–Kharagpur,PKU-KGP,141.227,Interlocking inspection,Critical,98,75,Point Machine Team,2026-10-19,normal,Open
SIG-26027-1073,2026-10-18,SMMS,Kharagpur–Gidni,KGP-GID,189.596,Interlocking inspection,Medium,53,60,S&T Crew,2026-10-25,high_defect_load,Under Review
SIG-26027-1074,2026-10-18,SMMS,Santragachi–Panskura,SRC-PKU,60.271,Point machine inspection,High,87,105,S&T Crew,2026-10-21,heavy_train_traffic,Under Review
SIG-26027-1075,2026-10-18,SMMS,Mecheda–Panskura,MCA-PKU,118.859,Preventive S&T maintenance,Critical,93,105,Signal Testing Team,2026-10-19,high_defect_load,Planned
SIG-26027-1076,2026-10-18,SMMS,Kharagpur–Gidni,KGP-GID,186.456,Track circuit testing,Medium,46,90,S&T Crew,2026-10-25,heavy_train_traffic,Open
SIG-26027-1077,2026-10-18,SMMS,Santragachi–Panskura,SRC-PKU,37.506,Signal failure,Medium,51,60,Telecom Maintenance Team,2026-10-25,normal,Open
SIG-26027-1078,2026-10-18,SMMS,Howrah–Santragachi,HWH-SRC,0.311,Signal failure,Medium,58,90,Point Machine Team,2026-10-25,heavy_train_traffic,Open
SIG-26027-1079,2026-10-18,SMMS,Panskura–Kharagpur,PKU-KGP,142.144,Preventive S&T maintenance,Low,35,20,Signal Testing Team,2026-11-01,cross_department_cluster,Under Review
SIG-26027-1080,2026-10-18,SMMS,Panskura–Kharagpur,PKU-KGP,164.448,Signal failure,Medium,64,30,Telecom Maintenance Team,2026-10-25,cross_department_cluster,Under Review
SIG-26027-1081,2026-10-18,SMMS,Howrah–Santragachi,HWH-SRC,6.544,Track circuit testing,Low,28,35,Point Machine Team,2026-11-01,resource_shortage,Under Review
SIG-26027-1082,2026-10-18,SMMS,Mecheda–Panskura,MCA-PKU,118.719,Point machine inspection,High,88,75,S&T Crew,2026-10-21,mixed_realistic,Open
SIG-26027-1083,2026-10-18,SMMS,Panskura–Kharagpur,PKU-KGP,158.486,Signal equipment defect,High,85,105,Signal Testing Team,2026-10-21,high_defect_load,Open
SIG-26027-1084,2026-10-18,SMMS,Mecheda–Panskura,MCA-PKU,120.985,Axle counter issue,Critical,96,120,Point Machine Team,2026-10-19,heavy_train_traffic,Open
SIG-26027-1085,2026-10-18,SMMS,Howrah–Santragachi,HWH-SRC,6.623,Signal equipment defect,Medium,68,90,Point Machine Team,2026-10-25,high_conflict,Planned
SIG-26027-1086,2026-10-18,SMMS,Howrah–Santragachi,HWH-SRC,0.961,Track circuit testing,Low,40,50,Telecom Maintenance Team,2026-11-01,critical_defect,Open
SIG-26027-1087,2026-10-18,SMMS,Panskura–Kharagpur,PKU-KGP,142.361,Interlocking inspection,High,79,60,Telecom Maintenance Team,2026-10-21,high_defect_load,Open
SIG-26027-1088,2026-10-18,SMMS,Howrah–Santragachi,HWH-SRC,9.675,Track circuit testing,Medium,64,90,Telecom Maintenance Team,2026-10-25,heavy_train_traffic,Under Review
SIG-26027-1089,2026-10-18,SMMS,Howrah–Santragachi,HWH-SRC,11.056,Interlocking inspection,High,80,90,Signal Testing Team,2026-10-21,critical_defect,Open
SIG-26027-1090,2026-10-18,SMMS,Santragachi–Panskura,SRC-PKU,58.139,Point machine inspection,Medium,68,75,Telecom Maintenance Team,2026-10-25,high_conflict,Planned
SIG-26027-1091,2026-10-18,SMMS,Santragachi–Panskura,SRC-PKU,78.501,Point machine inspection,Low,31,65,Point Machine Team,2026-11-01,critical_defect,Open
SIG-26027-1092,2026-10-18,SMMS,Kharagpur–Gidni,KGP-GID,173.296,Interlocking inspection,High,83,105,Point Machine Team,2026-10-21,high_conflict,Planned
SIG-26027-1093,2026-10-18,SMMS,Panskura–Kharagpur,PKU-KGP,164.259,Signal failure,High,76,105,Signal Testing Team,2026-10-21,cross_department_cluster,Under Review
SIG-26027-1094,2026-10-18,SMMS,Howrah–Santragachi,HWH-SRC,7.755,Point machine inspection,Medium,59,60,Telecom Maintenance Team,2026-10-25,resource_shortage,Open
SIG-26027-1095,2026-10-18,SMMS,Mecheda–Panskura,MCA-PKU,117.898,Point machine inspection,Medium,65,90,Telecom Maintenance Team,2026-10-25,cross_department_cluster,Under Review
SIG-26027-1096,2026-10-18,SMMS,Mecheda–Panskura,MCA-PKU,115.187,Signal equipment defect,High,76,60,S&T Crew,2026-10-21,high_defect_load,Planned
SIG-26027-1097,2026-10-18,SMMS,Panskura–Kharagpur,PKU-KGP,142.463,Preventive S&T maintenance,Medium,62,45,S&T Crew,2026-10-25,cross_department_cluster,Open
SIG-26027-1098,2026-10-18,SMMS,Mecheda–Panskura,MCA-PKU,123.516,Preventive S&T maintenance,High,73,60,Telecom Maintenance Team,2026-10-21,resource_shortage,Open
SIG-26027-1099,2026-10-18,SMMS,Howrah–Santragachi,HWH-SRC,4.592,Axle counter issue,Low,29,35,Signal Testing Team,2026-11-01,normal,Under Review
SIG-26027-1100,2026-10-18,SMMS,Howrah–Santragachi,HWH-SRC,5.283,Signal equipment defect,High,75,45,S&T Crew,2026-10-21,high_conflict,Under Review
SIG-26027-1101,2026-10-18,SMMS,Mecheda–Panskura,MCA-PKU,116.624,Track circuit testing,Medium,45,30,S&T Crew,2026-10-25,critical_defect,Open
SIG-26027-1102,2026-10-18,SMMS,Kharagpur–Gidni,KGP-GID,177.08,Preventive S&T maintenance,Critical,96,105,Telecom Maintenance Team,2026-10-19,critical_defect,Open
SIG-26027-1103,2026-10-18,SMMS,Mecheda–Panskura,MCA-PKU,118.165,Interlocking inspection,Medium,49,60,S&T Crew,2026-10-25,resource_shortage,Open
SIG-26027-1104,2026-10-18,SMMS,Kharagpur–Gidni,KGP-GID,178.302,Signal equipment defect,Low,40,50,Signal Testing Team,2026-11-01,heavy_train_traffic,Open
SIG-26027-1105,2026-10-18,SMMS,Panskura–Kharagpur,PKU-KGP,132.73,Interlocking inspection,Medium,48,45,S&T Crew,2026-10-25,high_defect_load,Open
SIG-26027-1106,2026-10-19,SMMS,Kharagpur–Gidni,KGP-GID,175.327,Interlocking inspection,Medium,64,90,Point Machine Team,2026-10-26,high_conflict,Open
SIG-26027-1107,2026-10-19,SMMS,Mecheda–Panskura,MCA-PKU,118.413,Interlocking inspection,Low,41,35,Signal Testing Team,2026-11-02,cross_department_cluster,Open
SIG-26027-1108,2026-10-19,SMMS,Mecheda–Panskura,MCA-PKU,115.991,Signal failure,Medium,47,45,Point Machine Team,2026-10-26,normal,Open
SIG-26027-1109,2026-10-19,SMMS,Santragachi–Panskura,SRC-PKU,50.222,Signal equipment defect,Medium,58,75,Telecom Maintenance Team,2026-10-26,high_conflict,Open
SIG-26027-1110,2026-10-19,SMMS,Howrah–Santragachi,HWH-SRC,4.369,Signal equipment defect,Low,25,65,Telecom Maintenance Team,2026-11-02,mixed_realistic,Open
SIG-26027-1111,2026-10-19,SMMS,Panskura–Kharagpur,PKU-KGP,138.672,Preventive S&T maintenance,Low,40,20,Point Machine Team,2026-11-02,high_defect_load,Open
SIG-26027-1112,2026-10-19,SMMS,Mecheda–Panskura,MCA-PKU,122.703,Point machine inspection,Medium,59,90,S&T Crew,2026-10-26,mixed_realistic,Planned
SIG-26027-1113,2026-10-19,SMMS,Mecheda–Panskura,MCA-PKU,120.526,Axle counter issue,Medium,55,45,Telecom Maintenance Team,2026-10-26,resource_shortage,Open
SIG-26027-1114,2026-10-19,SMMS,Panskura–Kharagpur,PKU-KGP,130.937,Signal failure,Medium,49,75,Point Machine Team,2026-10-26,heavy_train_traffic,Open
SIG-26027-1115,2026-10-19,SMMS,Howrah–Santragachi,HWH-SRC,8.026,Interlocking inspection,Medium,58,30,Telecom Maintenance Team,2026-10-26,normal,Planned
SIG-26027-1116,2026-10-19,SMMS,Panskura–Kharagpur,PKU-KGP,157.648,Track circuit testing,Low,42,20,Telecom Maintenance Team,2026-11-02,cross_department_cluster,Open
SIG-26027-1117,2026-10-19,SMMS,Panskura–Kharagpur,PKU-KGP,160.069,Interlocking inspection,Low,20,65,Signal Testing Team,2026-11-02,resource_shortage,Open
SIG-26027-1118,2026-10-19,SMMS,Panskura–Kharagpur,PKU-KGP,161.54,Axle counter issue,High,88,75,Telecom Maintenance Team,2026-10-22,mixed_realistic,Planned
SIG-26027-1119,2026-10-19,SMMS,Santragachi–Panskura,SRC-PKU,84.366,Axle counter issue,Medium,45,90,S&T Crew,2026-10-26,normal,Open
SIG-26027-1120,2026-10-19,SMMS,Howrah–Santragachi,HWH-SRC,5.277,Signal failure,High,73,105,Telecom Maintenance Team,2026-10-22,critical_defect,Under Review
SIG-26027-1121,2026-10-19,SMMS,Mecheda–Panskura,MCA-PKU,115.618,Point machine inspection,High,83,45,Signal Testing Team,2026-10-22,high_defect_load,Open
SIG-26027-1122,2026-10-19,SMMS,Panskura–Kharagpur,PKU-KGP,153.036,Preventive S&T maintenance,Medium,56,45,Point Machine Team,2026-10-26,normal,Under Review
SIG-26027-1123,2026-10-19,SMMS,Kharagpur–Gidni,KGP-GID,212.25,Interlocking inspection,High,76,90,Telecom Maintenance Team,2026-10-22,critical_defect,Open
SIG-26027-1124,2026-10-19,SMMS,Santragachi–Panskura,SRC-PKU,109.084,Preventive S&T maintenance,High,81,90,Signal Testing Team,2026-10-22,mixed_realistic,Open
SIG-26027-1125,2026-10-19,SMMS,Kharagpur–Gidni,KGP-GID,204.741,Point machine inspection,Medium,64,60,Point Machine Team,2026-10-26,high_defect_load,Under Review
SIG-26027-1126,2026-10-19,SMMS,Panskura–Kharagpur,PKU-KGP,138.574,Preventive S&T maintenance,High,85,105,Point Machine Team,2026-10-22,heavy_train_traffic,Open
SIG-26027-1127,2026-10-19,SMMS,Kharagpur–Gidni,KGP-GID,196.595,Axle counter issue,High,72,60,Point Machine Team,2026-10-22,normal,Open
SIG-26027-1128,2026-10-19,SMMS,Kharagpur–Gidni,KGP-GID,209.402,Signal equipment defect,Medium,59,60,S&T Crew,2026-10-26,high_defect_load,Under Review
SIG-26027-1129,2026-10-19,SMMS,Mecheda–Panskura,MCA-PKU,123.398,Signal equipment defect,Medium,49,45,Telecom Maintenance Team,2026-10-26,high_conflict,Open
SIG-26027-1130,2026-10-19,SMMS,Howrah–Santragachi,HWH-SRC,7.438,Signal equipment defect,Medium,53,45,Point Machine Team,2026-10-26,normal,Planned
SIG-26027-1131,2026-10-19,SMMS,Howrah–Santragachi,HWH-SRC,4.666,Point machine inspection,Medium,68,60,Signal Testing Team,2026-10-26,resource_shortage,Open
SIG-26027-1132,2026-10-19,SMMS,Santragachi–Panskura,SRC-PKU,31.235,Signal failure,High,79,90,S&T Crew,2026-10-22,normal,Open
SIG-26027-1133,2026-10-19,SMMS,Santragachi–Panskura,SRC-PKU,50.598,Interlocking inspection,Low,41,20,S&T Crew,2026-11-02,normal,Under Review
SIG-26027-1134,2026-10-19,SMMS,Santragachi–Panskura,SRC-PKU,37.027,Signal equipment defect,Medium,49,90,Point Machine Team,2026-10-26,critical_defect,Under Review
SIG-26027-1135,2026-10-19,SMMS,Kharagpur–Gidni,KGP-GID,180.353,Track circuit testing,Medium,57,60,Point Machine Team,2026-10-26,critical_defect,Open
SIG-26027-1136,2026-10-19,SMMS,Mecheda–Panskura,MCA-PKU,118.176,Point machine inspection,High,87,105,Telecom Maintenance Team,2026-10-22,cross_department_cluster,Planned
SIG-26027-1137,2026-10-19,SMMS,Panskura–Kharagpur,PKU-KGP,158.23,Preventive S&T maintenance,High,89,105,Telecom Maintenance Team,2026-10-22,cross_department_cluster,Open
SIG-26027-1138,2026-10-19,SMMS,Mecheda–Panskura,MCA-PKU,122.186,Interlocking inspection,Medium,50,90,Telecom Maintenance Team,2026-10-26,high_conflict,Open
SIG-26027-1139,2026-10-19,SMMS,Howrah–Santragachi,HWH-SRC,3.329,Track circuit testing,Low,30,65,Point Machine Team,2026-11-02,resource_shortage,Open
SIG-26027-1140,2026-10-19,SMMS,Panskura–Kharagpur,PKU-KGP,167.873,Signal failure,Low,24,35,Point Machine Team,2026-11-02,high_conflict,Open
SIG-26027-1141,2026-10-19,SMMS,Howrah–Santragachi,HWH-SRC,10.133,Signal equipment defect,Medium,69,30,Point Machine Team,2026-10-26,critical_defect,Under Review
SIG-26027-1142,2026-10-19,SMMS,Panskura–Kharagpur,PKU-KGP,142.675,Track circuit testing,Medium,52,30,Point Machine Team,2026-10-26,cross_department_cluster,Open
SIG-26027-1143,2026-10-19,SMMS,Mecheda–Panskura,MCA-PKU,121.295,Axle counter issue,Medium,65,90,Point Machine Team,2026-10-26,normal,Planned
SIG-26027-1144,2026-10-19,SMMS,Mecheda–Panskura,MCA-PKU,120.525,Signal equipment defect,Medium,53,75,S&T Crew,2026-10-26,heavy_train_traffic,Under Review
SIG-26027-1145,2026-10-19,SMMS,Howrah–Santragachi,HWH-SRC,10.76,Preventive S&T maintenance,High,72,90,Point Machine Team,2026-10-22,resource_shortage,Open
SIG-26027-1146,2026-10-19,SMMS,Panskura–Kharagpur,PKU-KGP,157.61,Interlocking inspection,Medium,59,75,Signal Testing Team,2026-10-26,cross_department_cluster,Planned
SIG-26027-1147,2026-10-19,SMMS,Howrah–Santragachi,HWH-SRC,0.213,Track circuit testing,High,85,60,S&T Crew,2026-10-22,normal,Open
SIG-26027-1148,2026-10-19,SMMS,Kharagpur–Gidni,KGP-GID,196.041,Interlocking inspection,Low,44,35,S&T Crew,2026-11-02,normal,Planned
SIG-26027-1149,2026-10-19,SMMS,Panskura–Kharagpur,PKU-KGP,142.892,Interlocking inspection,Low,43,35,Signal Testing Team,2026-11-02,cross_department_cluster,Open
SIG-26027-1150,2026-10-19,SMMS,Santragachi–Panskura,SRC-PKU,92.529,Axle counter issue,Low,32,65,Telecom Maintenance Team,2026-11-02,normal,Open
SIG-26027-1151,2026-10-19,SMMS,Panskura–Kharagpur,PKU-KGP,157.858,Preventive S&T maintenance,High,77,90,Point Machine Team,2026-10-22,cross_department_cluster,Under Review
SIG-26027-1152,2026-10-19,SMMS,Panskura–Kharagpur,PKU-KGP,169.982,Signal failure,High,70,105,Point Machine Team,2026-10-22,normal,Open
SIG-26027-1153,2026-10-19,SMMS,Santragachi–Panskura,SRC-PKU,100.933,Track circuit testing,Low,32,20,S&T Crew,2026-11-02,normal,Open
SIG-26027-1154,2026-10-19,SMMS,Panskura–Kharagpur,PKU-KGP,142.149,Axle counter issue,Low,26,20,Point Machine Team,2026-11-02,cross_department_cluster,Open
SIG-26027-1155,2026-10-19,SMMS,Kharagpur–Gidni,KGP-GID,191.284,Point machine inspection,High,77,45,Signal Testing Team,2026-10-22,resource_shortage,Open
SIG-26027-1156,2026-10-19,SMMS,Panskura–Kharagpur,PKU-KGP,169.825,Point machine inspection,Low,22,50,Signal Testing Team,2026-11-02,normal,Open
SIG-26027-1157,2026-10-19,SMMS,Panskura–Kharagpur,PKU-KGP,163.782,Point machine inspection,High,83,60,S&T Crew,2026-10-22,resource_shortage,Open
SIG-26027-1158,2026-10-19,SMMS,Mecheda–Panskura,MCA-PKU,118.148,Signal equipment defect,Medium,69,90,Signal Testing Team,2026-10-26,cross_department_cluster,Open
SIG-26027-1159,2026-10-19,SMMS,Mecheda–Panskura,MCA-PKU,118.59,Signal failure,High,78,90,S&T Crew,2026-10-22,cross_department_cluster,Open
SIG-26027-1160,2026-10-19,SMMS,Mecheda–Panskura,MCA-PKU,121.602,Signal equipment defect,Medium,45,75,S&T Crew,2026-10-26,heavy_train_traffic,Open
SIG-26027-1161,2026-10-19,SMMS,Panskura–Kharagpur,PKU-KGP,139.073,Signal equipment defect,High,70,60,Telecom Maintenance Team,2026-10-22,high_conflict,Open
SIG-26027-1162,2026-10-19,SMMS,Howrah–Santragachi,HWH-SRC,2.835,Interlocking inspection,Low,44,20,Point Machine Team,2026-11-02,mixed_realistic,Planned
SIG-26027-1163,2026-10-19,SMMS,Santragachi–Panskura,SRC-PKU,73.24,Preventive S&T maintenance,High,83,75,S&T Crew,2026-10-22,high_conflict,Open
SIG-26027-1164,2026-10-19,SMMS,Panskura–Kharagpur,PKU-KGP,160.669,Interlocking inspection,Medium,57,75,Point Machine Team,2026-10-26,resource_shortage,Open
SIG-26027-1165,2026-10-19,SMMS,Panskura–Kharagpur,PKU-KGP,164.02,Track circuit testing,Medium,60,90,S&T Crew,2026-10-26,cross_department_cluster,Under Review
SIG-26027-1166,2026-10-19,SMMS,Mecheda–Panskura,MCA-PKU,118.38,Signal failure,Low,21,65,Point Machine Team,2026-11-02,cross_department_cluster,Under Review
SIG-26027-1167,2026-10-19,SMMS,Kharagpur–Gidni,KGP-GID,170.834,Track circuit testing,Low,25,35,Telecom Maintenance Team,2026-11-02,resource_shortage,Open
SIG-26027-1168,2026-10-19,SMMS,Kharagpur–Gidni,KGP-GID,186.501,Point machine inspection,Medium,66,45,Telecom Maintenance Team,2026-10-26,mixed_realistic,Open
SIG-26027-1169,2026-10-19,SMMS,Mecheda–Panskura,MCA-PKU,124.321,Axle counter issue,Medium,60,45,Telecom Maintenance Team,2026-10-26,heavy_train_traffic,Open
SIG-26027-1170,2026-10-19,SMMS,Santragachi–Panskura,SRC-PKU,76.634,Interlocking inspection,Low,24,65,Telecom Maintenance Team,2026-11-02,normal,Under Review
SIG-26027-1171,2026-10-20,SMMS,Howrah–Santragachi,HWH-SRC,6.07,Signal equipment defect,Medium,61,30,Telecom Maintenance Team,2026-10-27,resource_shortage,Open
SIG-26027-1172,2026-10-20,SMMS,Mecheda–Panskura,MCA-PKU,121.416,Preventive S&T maintenance,Low,41,65,Signal Testing Team,2026-11-03,high_defect_load,Open
SIG-26027-1173,2026-10-20,SMMS,Howrah–Santragachi,HWH-SRC,11.786,Preventive S&T maintenance,Low,21,50,Telecom Maintenance Team,2026-11-03,high_conflict,Open
SIG-26027-1174,2026-10-20,SMMS,Kharagpur–Gidni,KGP-GID,173.128,Signal failure,High,75,90,Telecom Maintenance Team,2026-10-23,mixed_realistic,Open
SIG-26027-1175,2026-10-20,SMMS,Mecheda–Panskura,MCA-PKU,121.164,Preventive S&T maintenance,Low,36,20,S&T Crew,2026-11-03,mixed_realistic,Planned
SIG-26027-1176,2026-10-20,SMMS,Santragachi–Panskura,SRC-PKU,75.332,Point machine inspection,Low,33,20,Telecom Maintenance Team,2026-11-03,heavy_train_traffic,Open
SIG-26027-1177,2026-10-20,SMMS,Panskura–Kharagpur,PKU-KGP,135.591,Point machine inspection,Medium,67,75,Point Machine Team,2026-10-27,high_conflict,Under Review
SIG-26027-1178,2026-10-20,SMMS,Kharagpur–Gidni,KGP-GID,198.232,Signal failure,Medium,64,60,Signal Testing Team,2026-10-27,heavy_train_traffic,Open
SIG-26027-1179,2026-10-20,SMMS,Howrah–Santragachi,HWH-SRC,11.714,Preventive S&T maintenance,Low,23,35,Signal Testing Team,2026-11-03,high_conflict,Open
SIG-26027-1180,2026-10-20,SMMS,Panskura–Kharagpur,PKU-KGP,135.814,Axle counter issue,High,77,105,Telecom Maintenance Team,2026-10-23,mixed_realistic,Planned
SIG-26027-1181,2026-10-20,SMMS,Mecheda–Panskura,MCA-PKU,122.481,Track circuit testing,Medium,57,60,S&T Crew,2026-10-27,high_defect_load,Under Review
SIG-26027-1182,2026-10-20,SMMS,Santragachi–Panskura,SRC-PKU,91.811,Track circuit testing,Medium,50,75,Signal Testing Team,2026-10-27,resource_shortage,Open
SIG-26027-1183,2026-10-20,SMMS,Panskura–Kharagpur,PKU-KGP,133.758,Point machine inspection,Medium,48,60,Point Machine Team,2026-10-27,high_defect_load,Under Review
SIG-26027-1184,2026-10-20,SMMS,Howrah–Santragachi,HWH-SRC,9.888,Signal equipment defect,Low,30,65,Signal Testing Team,2026-11-03,resource_shortage,Open
SIG-26027-1185,2026-10-20,SMMS,Panskura–Kharagpur,PKU-KGP,169.976,Preventive S&T maintenance,High,81,45,Signal Testing Team,2026-10-23,high_defect_load,Open
SIG-26027-1186,2026-10-20,SMMS,Kharagpur–Gidni,KGP-GID,197.617,Track circuit testing,Low,32,20,Signal Testing Team,2026-11-03,heavy_train_traffic,Open
SIG-26027-1187,2026-10-20,SMMS,Howrah–Santragachi,HWH-SRC,1.454,Signal equipment defect,Critical,99,75,Signal Testing Team,2026-10-21,critical_defect,Open
SIG-26027-1188,2026-10-20,SMMS,Santragachi–Panskura,SRC-PKU,35.902,Preventive S&T maintenance,Medium,45,75,Signal Testing Team,2026-10-27,resource_shortage,Open
SIG-26027-1189,2026-10-20,SMMS,Mecheda–Panskura,MCA-PKU,121.451,Signal failure,Low,36,35,Signal Testing Team,2026-11-03,heavy_train_traffic,Open
SIG-26027-1190,2026-10-20,SMMS,Kharagpur–Gidni,KGP-GID,173.56,Preventive S&T maintenance,Low,22,50,Signal Testing Team,2026-11-03,resource_shortage,Open
SIG-26027-1191,2026-10-20,SMMS,Santragachi–Panskura,SRC-PKU,87.453,Track circuit testing,Medium,56,75,Point Machine Team,2026-10-27,high_conflict,Open
SIG-26027-1192,2026-10-20,SMMS,Mecheda–Panskura,MCA-PKU,117.683,Signal failure,High,87,90,Signal Testing Team,2026-10-23,heavy_train_traffic,Open
SIG-26027-1193,2026-10-20,SMMS,Mecheda–Panskura,MCA-PKU,118.0,Axle counter issue,Medium,57,90,Signal Testing Team,2026-10-27,cross_department_cluster,Open
SIG-26027-1194,2026-10-20,SMMS,Mecheda–Panskura,MCA-PKU,118.552,Track circuit testing,High,81,45,Telecom Maintenance Team,2026-10-23,high_conflict,Planned
SIG-26027-1195,2026-10-20,SMMS,Panskura–Kharagpur,PKU-KGP,158.364,Signal failure,Medium,61,75,S&T Crew,2026-10-27,high_defect_load,Open
SIG-26027-1196,2026-10-20,SMMS,Howrah–Santragachi,HWH-SRC,1.677,Axle counter issue,Medium,49,45,Telecom Maintenance Team,2026-10-27,mixed_realistic,Open
SIG-26027-1197,2026-10-20,SMMS,Panskura–Kharagpur,PKU-KGP,159.75,Preventive S&T maintenance,Medium,50,75,Telecom Maintenance Team,2026-10-27,mixed_realistic,Open
SIG-26027-1198,2026-10-20,SMMS,Santragachi–Panskura,SRC-PKU,85.311,Track circuit testing,Low,37,20,S&T Crew,2026-11-03,normal,Open
SIG-26027-1199,2026-10-20,SMMS,Howrah–Santragachi,HWH-SRC,7.994,Signal equipment defect,Medium,51,45,Point Machine Team,2026-10-27,normal,Open
SIG-26027-1200,2026-10-20,SMMS,Kharagpur–Gidni,KGP-GID,202.379,Axle counter issue,Medium,68,60,S&T Crew,2026-10-27,resource_shortage,Open
SIG-26027-1201,2026-10-20,SMMS,Panskura–Kharagpur,PKU-KGP,150.876,Signal failure,High,74,90,Signal Testing Team,2026-10-23,high_defect_load,Open
SIG-26027-1202,2026-10-20,SMMS,Mecheda–Panskura,MCA-PKU,115.54,Preventive S&T maintenance,Medium,63,90,Point Machine Team,2026-10-27,mixed_realistic,Under Review
SIG-26027-1203,2026-10-20,SMMS,Kharagpur–Gidni,KGP-GID,212.011,Preventive S&T maintenance,Low,43,20,Point Machine Team,2026-11-03,resource_shortage,Open
SIG-26027-1204,2026-10-20,SMMS,Howrah–Santragachi,HWH-SRC,0.627,Point machine inspection,Critical,93,60,Signal Testing Team,2026-10-21,high_defect_load,Open
SIG-26027-1205,2026-10-20,SMMS,Santragachi–Panskura,SRC-PKU,84.603,Interlocking inspection,Critical,91,45,Signal Testing Team,2026-10-21,mixed_realistic,Open
SIG-26027-1206,2026-10-20,SMMS,Panskura–Kharagpur,PKU-KGP,142.773,Preventive S&T maintenance,Low,26,35,Point Machine Team,2026-11-03,cross_department_cluster,Open
SIG-26027-1207,2026-10-20,SMMS,Howrah–Santragachi,HWH-SRC,8.909,Preventive S&T maintenance,Medium,59,90,Telecom Maintenance Team,2026-10-27,high_defect_load,Planned
SIG-26027-1208,2026-10-20,SMMS,Kharagpur–Gidni,KGP-GID,179.296,Track circuit testing,Low,40,50,Telecom Maintenance Team,2026-11-03,critical_defect,Open
SIG-26027-1209,2026-10-20,SMMS,Mecheda–Panskura,MCA-PKU,117.883,Axle counter issue,Medium,45,90,Signal Testing Team,2026-10-27,high_defect_load,Open
SIG-26027-1210,2026-10-20,SMMS,Mecheda–Panskura,MCA-PKU,115.509,Signal failure,Medium,48,90,Telecom Maintenance Team,2026-10-27,critical_defect,Under Review
SIG-26027-1211,2026-10-20,SMMS,Mecheda–Panskura,MCA-PKU,115.253,Point machine inspection,Medium,53,75,S&T Crew,2026-10-27,mixed_realistic,Under Review
SIG-26027-1212,2026-10-20,SMMS,Panskura–Kharagpur,PKU-KGP,134.742,Track circuit testing,Medium,64,90,Signal Testing Team,2026-10-27,normal,Open
SIG-26027-1213,2026-10-20,SMMS,Howrah–Santragachi,HWH-SRC,11.614,Signal failure,High,77,105,Signal Testing Team,2026-10-23,high_defect_load,Under Review
SIG-26027-1214,2026-10-20,SMMS,Panskura–Kharagpur,PKU-KGP,158.096,Track circuit testing,Low,28,35,Point Machine Team,2026-11-03,cross_department_cluster,Open
SIG-26027-1215,2026-10-20,SMMS,Mecheda–Panskura,MCA-PKU,124.255,Track circuit testing,Medium,54,30,Point Machine Team,2026-10-27,normal,Open
SIG-26027-1216,2026-10-20,SMMS,Panskura–Kharagpur,PKU-KGP,137.357,Interlocking inspection,Medium,69,60,Signal Testing Team,2026-10-27,critical_defect,Open
SIG-26027-1217,2026-10-20,SMMS,Mecheda–Panskura,MCA-PKU,115.916,Interlocking inspection,Critical,98,75,Telecom Maintenance Team,2026-10-21,normal,Under Review
SIG-26027-1218,2026-10-20,SMMS,Kharagpur–Gidni,KGP-GID,197.761,Signal failure,Medium,56,75,S&T Crew,2026-10-27,critical_defect,Under Review
SIG-26027-1219,2026-10-20,SMMS,Panskura–Kharagpur,PKU-KGP,142.605,Axle counter issue,Low,30,20,Point Machine Team,2026-11-03,cross_department_cluster,Open
SIG-26027-1220,2026-10-20,SMMS,Panskura–Kharagpur,PKU-KGP,140.924,Track circuit testing,Low,23,65,S&T Crew,2026-11-03,resource_shortage,Open
SIG-26027-1221,2026-10-20,SMMS,Panskura–Kharagpur,PKU-KGP,132.82,Axle counter issue,High,76,75,S&T Crew,2026-10-23,heavy_train_traffic,Planned
SIG-26027-1222,2026-10-20,SMMS,Kharagpur–Gidni,KGP-GID,193.723,Interlocking inspection,Low,37,20,Point Machine Team,2026-11-03,high_conflict,Open
SIG-26027-1223,2026-10-20,SMMS,Panskura–Kharagpur,PKU-KGP,158.223,Signal failure,High,77,105,Telecom Maintenance Team,2026-10-23,cross_department_cluster,Open
SIG-26027-1224,2026-10-20,SMMS,Santragachi–Panskura,SRC-PKU,55.948,Axle counter issue,Medium,69,90,S&T Crew,2026-10-27,critical_defect,Open
SIG-26027-1225,2026-10-20,SMMS,Santragachi–Panskura,SRC-PKU,44.052,Track circuit testing,High,76,45,Telecom Maintenance Team,2026-10-23,heavy_train_traffic,Open
SIG-26027-1226,2026-10-20,SMMS,Howrah–Santragachi,HWH-SRC,6.339,Interlocking inspection,Critical,100,60,Telecom Maintenance Team,2026-10-21,normal,Under Review
SIG-26027-1227,2026-10-20,SMMS,Panskura–Kharagpur,PKU-KGP,157.833,Preventive S&T maintenance,High,70,105,Telecom Maintenance Team,2026-10-23,cross_department_cluster,Open
SIG-26027-1228,2026-10-20,SMMS,Mecheda–Panskura,MCA-PKU,118.202,Interlocking inspection,Low,35,20,Telecom Maintenance Team,2026-11-03,cross_department_cluster,Open
SIG-26027-1229,2026-10-20,SMMS,Kharagpur–Gidni,KGP-GID,210.949,Preventive S&T maintenance,Low,20,50,Signal Testing Team,2026-11-03,high_conflict,Planned
SIG-26027-1230,2026-10-20,SMMS,Panskura–Kharagpur,PKU-KGP,134.293,Signal equipment defect,Low,34,20,Telecom Maintenance Team,2026-11-03,resource_shortage,Open
SIG-26027-1231,2026-10-20,SMMS,Santragachi–Panskura,SRC-PKU,71.659,Interlocking inspection,Medium,69,60,Signal Testing Team,2026-10-27,normal,Planned
SIG-26027-1232,2026-10-20,SMMS,Howrah–Santragachi,HWH-SRC,1.871,Axle counter issue,Medium,68,90,Telecom Maintenance Team,2026-10-27,high_conflict,Open
SIG-26027-1233,2026-10-20,SMMS,Kharagpur–Gidni,KGP-GID,183.845,Interlocking inspection,Medium,51,45,Signal Testing Team,2026-10-27,mixed_realistic,Under Review
SIG-26027-1234,2026-10-20,SMMS,Panskura–Kharagpur,PKU-KGP,163.905,Signal failure,High,79,60,Telecom Maintenance Team,2026-10-23,cross_department_cluster,Under Review
SIG-26027-1235,2026-10-20,SMMS,Mecheda–Panskura,MCA-PKU,122.119,Signal failure,Medium,58,90,Signal Testing Team,2026-10-27,heavy_train_traffic,Open
SIG-26027-1236,2026-10-21,SMMS,Mecheda–Panskura,MCA-PKU,119.836,Signal equipment defect,High,80,90,Telecom Maintenance Team,2026-10-24,resource_shortage,Planned
SIG-26027-1237,2026-10-21,SMMS,Santragachi–Panskura,SRC-PKU,14.633,Track circuit testing,Medium,50,30,S&T Crew,2026-10-28,resource_shortage,Open
SIG-26027-1238,2026-10-21,SMMS,Panskura–Kharagpur,PKU-KGP,155.268,Signal failure,Critical,98,75,S&T Crew,2026-10-22,high_defect_load,Open
SIG-26027-1239,2026-10-21,SMMS,Mecheda–Panskura,MCA-PKU,118.361,Interlocking inspection,Medium,48,60,Telecom Maintenance Team,2026-10-28,cross_department_cluster,Open
SIG-26027-1240,2026-10-21,SMMS,Kharagpur–Gidni,KGP-GID,199.733,Signal failure,Medium,50,75,Signal Testing Team,2026-10-28,critical_defect,Open
SIG-26027-1241,2026-10-21,SMMS,Panskura–Kharagpur,PKU-KGP,142.254,Signal failure,Medium,67,60,Point Machine Team,2026-10-28,cross_department_cluster,Open
SIG-26027-1242,2026-10-21,SMMS,Mecheda–Panskura,MCA-PKU,122.531,Signal failure,Low,39,65,Telecom Maintenance Team,2026-11-04,heavy_train_traffic,Open
SIG-26027-1243,2026-10-21,SMMS,Santragachi–Panskura,SRC-PKU,106.582,Track circuit testing,High,77,45,S&T Crew,2026-10-24,high_conflict,Planned
SIG-26027-1244,2026-10-21,SMMS,Panskura–Kharagpur,PKU-KGP,152.979,Axle counter issue,Medium,62,60,S&T Crew,2026-10-28,heavy_train_traffic,Open
SIG-26027-1245,2026-10-21,SMMS,Panskura–Kharagpur,PKU-KGP,126.564,Interlocking inspection,Low,25,35,S&T Crew,2026-11-04,high_defect_load,Open
SIG-26027-1246,2026-10-21,SMMS,Mecheda–Panskura,MCA-PKU,118.172,Point machine inspection,High,80,45,Signal Testing Team,2026-10-24,mixed_realistic,Under Review
SIG-26027-1247,2026-10-21,SMMS,Mecheda–Panskura,MCA-PKU,118.914,Interlocking inspection,Medium,55,45,Telecom Maintenance Team,2026-10-28,normal,Open
SIG-26027-1248,2026-10-21,SMMS,Howrah–Santragachi,HWH-SRC,6.281,Interlocking inspection,Medium,57,60,Point Machine Team,2026-10-28,heavy_train_traffic,Planned
SIG-26027-1249,2026-10-21,SMMS,Kharagpur–Gidni,KGP-GID,213.428,Interlocking inspection,Medium,63,90,Point Machine Team,2026-10-28,high_defect_load,Open
SIG-26027-1250,2026-10-21,SMMS,Kharagpur–Gidni,KGP-GID,192.077,Point machine inspection,Low,23,35,Signal Testing Team,2026-11-04,critical_defect,Open
SIG-26027-1251,2026-10-21,SMMS,Kharagpur–Gidni,KGP-GID,207.943,Point machine inspection,Low,23,65,S&T Crew,2026-11-04,high_defect_load,Under Review
SIG-26027-1252,2026-10-21,SMMS,Mecheda–Panskura,MCA-PKU,122.357,Signal failure,High,78,75,Signal Testing Team,2026-10-24,high_defect_load,Open
SIG-26027-1253,2026-10-21,SMMS,Mecheda–Panskura,MCA-PKU,122.391,Signal failure,Medium,51,90,Point Machine Team,2026-10-28,high_conflict,Open
SIG-26027-1254,2026-10-21,SMMS,Panskura–Kharagpur,PKU-KGP,163.973,Signal failure,Medium,50,60,Signal Testing Team,2026-10-28,cross_department_cluster,Open
SIG-26027-1255,2026-10-21,SMMS,Panskura–Kharagpur,PKU-KGP,142.622,Axle counter issue,Medium,69,30,Signal Testing Team,2026-10-28,cross_department_cluster,Open
SIG-26027-1256,2026-10-21,SMMS,Howrah–Santragachi,HWH-SRC,7.406,Signal failure,High,82,75,S&T Crew,2026-10-24,normal,Open
SIG-26027-1257,2026-10-21,SMMS,Santragachi–Panskura,SRC-PKU,69.596,Signal failure,Medium,60,60,S&T Crew,2026-10-28,high_conflict,Open
SIG-26027-1258,2026-10-21,SMMS,Panskura–Kharagpur,PKU-KGP,163.907,Point machine inspection,Low,35,65,Telecom Maintenance Team,2026-11-04,cross_department_cluster,Open
SIG-26027-1259,2026-10-21,SMMS,Panskura–Kharagpur,PKU-KGP,168.817,Axle counter issue,Medium,64,90,Point Machine Team,2026-10-28,resource_shortage,Open
SIG-26027-1260,2026-10-21,SMMS,Kharagpur–Gidni,KGP-GID,184.848,Interlocking inspection,Low,30,50,Signal Testing Team,2026-11-04,heavy_train_traffic,Open
SIG-26027-1261,2026-10-21,SMMS,Mecheda–Panskura,MCA-PKU,115.292,Signal failure,Medium,56,45,Point Machine Team,2026-10-28,high_defect_load,Open
SIG-26027-1262,2026-10-21,SMMS,Panskura–Kharagpur,PKU-KGP,164.133,Point machine inspection,Medium,48,90,Point Machine Team,2026-10-28,cross_department_cluster,Planned
SIG-26027-1263,2026-10-21,SMMS,Panskura–Kharagpur,PKU-KGP,161.749,Signal equipment defect,Medium,50,60,Signal Testing Team,2026-10-28,normal,Planned
SIG-26027-1264,2026-10-21,SMMS,Panskura–Kharagpur,PKU-KGP,152.47,Interlocking inspection,Medium,47,30,Signal Testing Team,2026-10-28,normal,Under Review
SIG-26027-1265,2026-10-21,SMMS,Panskura–Kharagpur,PKU-KGP,129.476,Signal equipment defect,Low,30,20,Telecom Maintenance Team,2026-11-04,resource_shortage,Planned
SIG-26027-1266,2026-10-21,SMMS,Santragachi–Panskura,SRC-PKU,111.441,Signal failure,Medium,65,30,Point Machine Team,2026-10-28,heavy_train_traffic,Under Review
SIG-26027-1267,2026-10-21,SMMS,Santragachi–Panskura,SRC-PKU,27.635,Point machine inspection,Medium,68,75,Signal Testing Team,2026-10-28,high_defect_load,Open
SIG-26027-1268,2026-10-21,SMMS,Panskura–Kharagpur,PKU-KGP,132.412,Preventive S&T maintenance,Medium,48,60,S&T Crew,2026-10-28,high_conflict,Open
SIG-26027-1269,2026-10-21,SMMS,Panskura–Kharagpur,PKU-KGP,136.186,Point machine inspection,High,74,90,Telecom Maintenance Team,2026-10-24,heavy_train_traffic,Open
SIG-26027-1270,2026-10-21,SMMS,Santragachi–Panskura,SRC-PKU,16.88,Point machine inspection,Medium,53,45,Point Machine Team,2026-10-28,high_defect_load,Under Review
SIG-26027-1271,2026-10-21,SMMS,Mecheda–Panskura,MCA-PKU,118.255,Point machine inspection,Medium,59,60,Point Machine Team,2026-10-28,heavy_train_traffic,Open
SIG-26027-1272,2026-10-21,SMMS,Santragachi–Panskura,SRC-PKU,98.604,Interlocking inspection,Medium,61,60,Signal Testing Team,2026-10-28,normal,Open
SIG-26027-1273,2026-10-21,SMMS,Kharagpur–Gidni,KGP-GID,172.435,Preventive S&T maintenance,Medium,63,90,Signal Testing Team,2026-10-28,high_conflict,Under Review
SIG-26027-1274,2026-10-21,SMMS,Howrah–Santragachi,HWH-SRC,3.002,Interlocking inspection,High,77,60,S&T Crew,2026-10-24,high_defect_load,Open
SIG-26027-1275,2026-10-21,SMMS,Mecheda–Panskura,MCA-PKU,120.315,Signal failure,Low,21,50,Telecom Maintenance Team,2026-11-04,mixed_realistic,Planned
SIG-26027-1276,2026-10-21,SMMS,Mecheda–Panskura,MCA-PKU,119.031,Point machine inspection,Medium,50,30,Point Machine Team,2026-10-28,mixed_realistic,Open
SIG-26027-1277,2026-10-21,SMMS,Kharagpur–Gidni,KGP-GID,211.298,Axle counter issue,Medium,46,30,Telecom Maintenance Team,2026-10-28,mixed_realistic,Under Review
SIG-26027-1278,2026-10-21,SMMS,Panskura–Kharagpur,PKU-KGP,160.106,Axle counter issue,Medium,54,90,Telecom Maintenance Team,2026-10-28,normal,Under Review
SIG-26027-1279,2026-10-21,SMMS,Panskura–Kharagpur,PKU-KGP,159.389,Axle counter issue,Low,37,65,Signal Testing Team,2026-11-04,heavy_train_traffic,Open
SIG-26027-1280,2026-10-21,SMMS,Santragachi–Panskura,SRC-PKU,83.384,Track circuit testing,High,81,45,Telecom Maintenance Team,2026-10-24,heavy_train_traffic,Open
SIG-26027-1281,2026-10-21,SMMS,Santragachi–Panskura,SRC-PKU,79.238,Preventive S&T maintenance,Medium,47,30,Telecom Maintenance Team,2026-10-28,critical_defect,Under Review
SIG-26027-1282,2026-10-21,SMMS,Santragachi–Panskura,SRC-PKU,44.347,Signal failure,Medium,56,30,Telecom Maintenance Team,2026-10-28,resource_shortage,Open
SIG-26027-1283,2026-10-21,SMMS,Howrah–Santragachi,HWH-SRC,6.515,Point machine inspection,Medium,66,60,S&T Crew,2026-10-28,high_conflict,Open
SIG-26027-1284,2026-10-21,SMMS,Santragachi–Panskura,SRC-PKU,40.154,Axle counter issue,High,79,45,Point Machine Team,2026-10-24,high_conflict,Planned
SIG-26027-1285,2026-10-21,SMMS,Mecheda–Panskura,MCA-PKU,124.714,Axle counter issue,Medium,46,90,Signal Testing Team,2026-10-28,high_conflict,Open
SIG-26027-1286,2026-10-21,SMMS,Kharagpur–Gidni,KGP-GID,177.583,Signal failure,Low,34,20,Signal Testing Team,2026-11-04,mixed_realistic,Open
SIG-26027-1287,2026-10-21,SMMS,Kharagpur–Gidni,KGP-GID,173.42,Signal failure,Medium,56,30,Point Machine Team,2026-10-28,normal,Open
SIG-26027-1288,2026-10-21,SMMS,Panskura–Kharagpur,PKU-KGP,154.373,Signal failure,Medium,56,60,Telecom Maintenance Team,2026-10-28,high_conflict,Open
SIG-26027-1289,2026-10-21,SMMS,Mecheda–Panskura,MCA-PKU,122.478,Axle counter issue,Medium,68,45,Signal Testing Team,2026-10-28,heavy_train_traffic,Under Review
SIG-26027-1290,2026-10-21,SMMS,Panskura–Kharagpur,PKU-KGP,158.279,Signal equipment defect,Medium,55,45,Telecom Maintenance Team,2026-10-28,cross_department_cluster,Open
SIG-26027-1291,2026-10-21,SMMS,Panskura–Kharagpur,PKU-KGP,135.419,Preventive S&T maintenance,High,78,75,S&T Crew,2026-10-24,critical_defect,Open
SIG-26027-1292,2026-10-21,SMMS,Kharagpur–Gidni,KGP-GID,191.305,Interlocking inspection,Low,39,35,Point Machine Team,2026-11-04,high_defect_load,Open
SIG-26027-1293,2026-10-21,SMMS,Santragachi–Panskura,SRC-PKU,92.531,Axle counter issue,Medium,56,90,Point Machine Team,2026-10-28,high_defect_load,Planned
SIG-26027-1294,2026-10-21,SMMS,Howrah–Santragachi,HWH-SRC,8.096,Track circuit testing,Medium,56,90,Point Machine Team,2026-10-28,high_conflict,Open
SIG-26027-1295,2026-10-21,SMMS,Kharagpur–Gidni,KGP-GID,175.417,Interlocking inspection,Medium,63,30,Signal Testing Team,2026-10-28,normal,Open
SIG-26027-1296,2026-10-21,SMMS,Kharagpur–Gidni,KGP-GID,173.249,Signal equipment defect,Medium,50,90,Point Machine Team,2026-10-28,heavy_train_traffic,Planned
SIG-26027-1297,2026-10-21,SMMS,Mecheda–Panskura,MCA-PKU,117.22,Signal failure,Medium,60,60,S&T Crew,2026-10-28,high_conflict,Open
SIG-26027-1298,2026-10-21,SMMS,Howrah–Santragachi,HWH-SRC,9.474,Signal failure,Medium,69,90,Signal Testing Team,2026-10-28,heavy_train_traffic,Open
SIG-26027-1299,2026-10-21,SMMS,Mecheda–Panskura,MCA-PKU,124.41,Preventive S&T maintenance,Low,44,50,Telecom Maintenance Team,2026-11-04,high_defect_load,Planned
SIG-26027-1300,2026-10-21,SMMS,Mecheda–Panskura,MCA-PKU,118.809,Signal equipment defect,High,73,75,Point Machine Team,2026-10-24,high_defect_load,Open
SIG-26027-1301,2026-10-22,SMMS,Panskura–Kharagpur,PKU-KGP,140.233,Track circuit testing,Low,36,20,Telecom Maintenance Team,2026-11-05,heavy_train_traffic,Open
SIG-26027-1302,2026-10-22,SMMS,Kharagpur–Gidni,KGP-GID,198.011,Preventive S&T maintenance,Medium,63,60,Telecom Maintenance Team,2026-10-29,critical_defect,Open
SIG-26027-1303,2026-10-22,SMMS,Mecheda–Panskura,MCA-PKU,117.478,Signal equipment defect,Low,25,35,Telecom Maintenance Team,2026-11-05,high_defect_load,Open
SIG-26027-1304,2026-10-22,SMMS,Panskura–Kharagpur,PKU-KGP,144.841,Signal failure,Medium,51,30,Telecom Maintenance Team,2026-10-29,critical_defect,Open
SIG-26027-1305,2026-10-22,SMMS,Panskura–Kharagpur,PKU-KGP,168.986,Preventive S&T maintenance,Low,23,65,Signal Testing Team,2026-11-05,critical_defect,Open
SIG-26027-1306,2026-10-22,SMMS,Kharagpur–Gidni,KGP-GID,203.522,Point machine inspection,Medium,66,60,Telecom Maintenance Team,2026-10-29,high_defect_load,Open
SIG-26027-1307,2026-10-22,SMMS,Panskura–Kharagpur,PKU-KGP,142.358,Preventive S&T maintenance,High,74,90,Point Machine Team,2026-10-25,cross_department_cluster,Open
SIG-26027-1308,2026-10-22,SMMS,Kharagpur–Gidni,KGP-GID,196.749,Track circuit testing,Low,27,20,Point Machine Team,2026-11-05,high_conflict,Planned
SIG-26027-1309,2026-10-22,SMMS,Panskura–Kharagpur,PKU-KGP,157.886,Preventive S&T maintenance,Critical,90,90,Telecom Maintenance Team,2026-10-23,cross_department_cluster,Open
SIG-26027-1310,2026-10-22,SMMS,Howrah–Santragachi,HWH-SRC,1.321,Point machine inspection,Medium,51,30,S&T Crew,2026-10-29,normal,Under Review
SIG-26027-1311,2026-10-22,SMMS,Howrah–Santragachi,HWH-SRC,5.783,Track circuit testing,Low,41,50,Point Machine Team,2026-11-05,critical_defect,Open
SIG-26027-1312,2026-10-22,SMMS,Santragachi–Panskura,SRC-PKU,77.162,Point machine inspection,High,86,60,Point Machine Team,2026-10-25,resource_shortage,Open
SIG-26027-1313,2026-10-22,SMMS,Kharagpur–Gidni,KGP-GID,190.339,Interlocking inspection,Medium,63,30,Telecom Maintenance Team,2026-10-29,resource_shortage,Open
SIG-26027-1314,2026-10-22,SMMS,Panskura–Kharagpur,PKU-KGP,166.402,Preventive S&T maintenance,High,76,60,Telecom Maintenance Team,2026-10-25,critical_defect,Under Review
SIG-26027-1315,2026-10-22,SMMS,Panskura–Kharagpur,PKU-KGP,142.885,Preventive S&T maintenance,Medium,53,45,Point Machine Team,2026-10-29,cross_department_cluster,Open
SIG-26027-1316,2026-10-22,SMMS,Mecheda–Panskura,MCA-PKU,115.239,Track circuit testing,Medium,52,60,Point Machine Team,2026-10-29,resource_shortage,Open
SIG-26027-1317,2026-10-22,SMMS,Kharagpur–Gidni,KGP-GID,187.281,Signal equipment defect,Medium,63,45,Telecom Maintenance Team,2026-10-29,resource_shortage,Open
SIG-26027-1318,2026-10-22,SMMS,Santragachi–Panskura,SRC-PKU,108.669,Signal failure,Medium,69,90,Signal Testing Team,2026-10-29,mixed_realistic,Open
SIG-26027-1319,2026-10-22,SMMS,Panskura–Kharagpur,PKU-KGP,149.672,Interlocking inspection,Medium,56,30,Signal Testing Team,2026-10-29,normal,Open
SIG-26027-1320,2026-10-22,SMMS,Santragachi–Panskura,SRC-PKU,69.25,Signal failure,Low,29,20,Signal Testing Team,2026-11-05,high_conflict,Open
SIG-26027-1321,2026-10-22,SMMS,Panskura–Kharagpur,PKU-KGP,159.207,Interlocking inspection,Medium,63,60,Signal Testing Team,2026-10-29,normal,Under Review
SIG-26027-1322,2026-10-22,SMMS,Panskura–Kharagpur,PKU-KGP,156.799,Signal failure,High,82,75,Telecom Maintenance Team,2026-10-25,mixed_realistic,Under Review
SIG-26027-1323,2026-10-22,SMMS,Panskura–Kharagpur,PKU-KGP,142.122,Axle counter issue,High,74,60,Point Machine Team,2026-10-25,cross_department_cluster,Under Review
SIG-26027-1324,2026-10-22,SMMS,Mecheda–Panskura,MCA-PKU,119.764,Signal failure,Medium,45,90,Telecom Maintenance Team,2026-10-29,heavy_train_traffic,Open
SIG-26027-1325,2026-10-22,SMMS,Panskura–Kharagpur,PKU-KGP,142.499,Point machine inspection,High,77,45,S&T Crew,2026-10-25,cross_department_cluster,Open
SIG-26027-1326,2026-10-22,SMMS,Santragachi–Panskura,SRC-PKU,113.335,Point machine inspection,Low,33,65,Signal Testing Team,2026-11-05,high_conflict,Open
SIG-26027-1327,2026-10-22,SMMS,Mecheda–Panskura,MCA-PKU,118.087,Axle counter issue,Medium,46,45,Telecom Maintenance Team,2026-10-29,cross_department_cluster,Open
SIG-26027-1328,2026-10-22,SMMS,Howrah–Santragachi,HWH-SRC,8.114,Point machine inspection,Critical,100,60,S&T Crew,2026-10-23,critical_defect,Open
SIG-26027-1329,2026-10-22,SMMS,Howrah–Santragachi,HWH-SRC,9.156,Signal failure,Low,31,35,S&T Crew,2026-11-05,heavy_train_traffic,Under Review
SIG-26027-1330,2026-10-22,SMMS,Santragachi–Panskura,SRC-PKU,35.752,Point machine inspection,Low,39,50,S&T Crew,2026-11-05,high_defect_load,Open
SIG-26027-1331,2026-10-22,SMMS,Kharagpur–Gidni,KGP-GID,184.773,Preventive S&T maintenance,High,73,45,S&T Crew,2026-10-25,high_conflict,Planned
SIG-26027-1332,2026-10-22,SMMS,Panskura–Kharagpur,PKU-KGP,158.251,Point machine inspection,Medium,50,60,Point Machine Team,2026-10-29,cross_department_cluster,Open
SIG-26027-1333,2026-10-22,SMMS,Santragachi–Panskura,SRC-PKU,46.62,Track circuit testing,Medium,62,60,Point Machine Team,2026-10-29,high_defect_load,Planned
SIG-26027-1334,2026-10-22,SMMS,Kharagpur–Gidni,KGP-GID,189.771,Interlocking inspection,High,86,90,S&T Crew,2026-10-25,normal,Under Review
SIG-26027-1335,2026-10-22,SMMS,Howrah–Santragachi,HWH-SRC,9.012,Signal equipment defect,Low,30,65,S&T Crew,2026-11-05,normal,Under Review
SIG-26027-1336,2026-10-22,SMMS,Kharagpur–Gidni,KGP-GID,209.841,Interlocking inspection,Medium,53,75,S&T Crew,2026-10-29,mixed_realistic,Open
SIG-26027-1337,2026-10-22,SMMS,Mecheda–Panskura,MCA-PKU,119.615,Point machine inspection,High,79,75,Telecom Maintenance Team,2026-10-25,normal,Planned
SIG-26027-1338,2026-10-22,SMMS,Mecheda–Panskura,MCA-PKU,123.001,Signal equipment defect,Medium,49,45,Telecom Maintenance Team,2026-10-29,normal,Open
SIG-26027-1339,2026-10-22,SMMS,Panskura–Kharagpur,PKU-KGP,164.101,Signal equipment defect,Medium,61,60,S&T Crew,2026-10-29,cross_department_cluster,Under Review
SIG-26027-1340,2026-10-22,SMMS,Howrah–Santragachi,HWH-SRC,5.992,Track circuit testing,Medium,45,30,S&T Crew,2026-10-29,normal,Open
SIG-26027-1341,2026-10-22,SMMS,Howrah–Santragachi,HWH-SRC,7.002,Axle counter issue,Medium,52,45,Point Machine Team,2026-10-29,high_defect_load,Open
SIG-26027-1342,2026-10-22,SMMS,Panskura–Kharagpur,PKU-KGP,158.258,Preventive S&T maintenance,Medium,50,45,S&T Crew,2026-10-29,cross_department_cluster,Planned
SIG-26027-1343,2026-10-22,SMMS,Panskura–Kharagpur,PKU-KGP,144.605,Signal equipment defect,Medium,58,45,Signal Testing Team,2026-10-29,normal,Planned
SIG-26027-1344,2026-10-22,SMMS,Mecheda–Panskura,MCA-PKU,118.256,Signal failure,High,76,90,Telecom Maintenance Team,2026-10-25,cross_department_cluster,Under Review
SIG-26027-1345,2026-10-22,SMMS,Kharagpur–Gidni,KGP-GID,190.053,Preventive S&T maintenance,Low,22,65,S&T Crew,2026-11-05,resource_shortage,Planned
SIG-26027-1346,2026-10-22,SMMS,Kharagpur–Gidni,KGP-GID,208.482,Track circuit testing,High,76,60,Signal Testing Team,2026-10-25,heavy_train_traffic,Planned
SIG-26027-1347,2026-10-22,SMMS,Panskura–Kharagpur,PKU-KGP,149.187,Axle counter issue,Low,40,65,Signal Testing Team,2026-11-05,heavy_train_traffic,Open
SIG-26027-1348,2026-10-22,SMMS,Mecheda–Panskura,MCA-PKU,118.881,Interlocking inspection,Low,34,35,Point Machine Team,2026-11-05,heavy_train_traffic,Open
SIG-26027-1349,2026-10-22,SMMS,Howrah–Santragachi,HWH-SRC,5.515,Signal failure,Low,42,35,S&T Crew,2026-11-05,high_defect_load,Planned
SIG-26027-1350,2026-10-22,SMMS,Panskura–Kharagpur,PKU-KGP,158.009,Signal failure,Medium,55,75,S&T Crew,2026-10-29,cross_department_cluster,Planned
SIG-26027-1351,2026-10-22,SMMS,Santragachi–Panskura,SRC-PKU,60.079,Interlocking inspection,Medium,64,45,S&T Crew,2026-10-29,resource_shortage,Under Review
SIG-26027-1352,2026-10-22,SMMS,Panskura–Kharagpur,PKU-KGP,154.835,Point machine inspection,Low,37,65,S&T Crew,2026-11-05,high_defect_load,Open
SIG-26027-1353,2026-10-22,SMMS,Mecheda–Panskura,MCA-PKU,123.56,Axle counter issue,Low,41,20,Point Machine Team,2026-11-05,critical_defect,Planned
SIG-26027-1354,2026-10-22,SMMS,Panskura–Kharagpur,PKU-KGP,158.068,Point machine inspection,Medium,56,60,Telecom Maintenance Team,2026-10-29,cross_department_cluster,Open
SIG-26027-1355,2026-10-22,SMMS,Panskura–Kharagpur,PKU-KGP,160.586,Point machine inspection,Medium,66,45,Telecom Maintenance Team,2026-10-29,mixed_realistic,Under Review
SIG-26027-1356,2026-10-22,SMMS,Howrah–Santragachi,HWH-SRC,6.416,Track circuit testing,High,75,75,Telecom Maintenance Team,2026-10-25,high_conflict,Planned
SIG-26027-1357,2026-10-22,SMMS,Kharagpur–Gidni,KGP-GID,202.157,Point machine inspection,Medium,54,75,Point Machine Team,2026-10-29,high_conflict,Open
SIG-26027-1358,2026-10-22,SMMS,Panskura–Kharagpur,PKU-KGP,169.105,Axle counter issue,Low,41,65,S&T Crew,2026-11-05,high_defect_load,Planned
SIG-26027-1359,2026-10-22,SMMS,Kharagpur–Gidni,KGP-GID,201.723,Axle counter issue,Medium,51,90,Telecom Maintenance Team,2026-10-29,heavy_train_traffic,Open
SIG-26027-1360,2026-10-22,SMMS,Mecheda–Panskura,MCA-PKU,117.209,Track circuit testing,Low,29,35,S&T Crew,2026-11-05,normal,Open
SIG-26027-1361,2026-10-22,SMMS,Panskura–Kharagpur,PKU-KGP,140.571,Point machine inspection,High,84,45,Signal Testing Team,2026-10-25,high_conflict,Under Review
SIG-26027-1362,2026-10-22,SMMS,Kharagpur–Gidni,KGP-GID,212.956,Track circuit testing,Medium,69,90,S&T Crew,2026-10-29,normal,Open
SIG-26027-1363,2026-10-22,SMMS,Panskura–Kharagpur,PKU-KGP,142.868,Preventive S&T maintenance,High,78,90,Signal Testing Team,2026-10-25,cross_department_cluster,Under Review
SIG-26027-1364,2026-10-22,SMMS,Howrah–Santragachi,HWH-SRC,9.38,Interlocking inspection,Medium,55,60,Signal Testing Team,2026-10-29,mixed_realistic,Under Review
SIG-26027-1365,2026-10-22,SMMS,Kharagpur–Gidni,KGP-GID,197.624,Preventive S&T maintenance,Medium,61,60,Point Machine Team,2026-10-29,normal,Open
SIG-26027-1366,2026-10-23,SMMS,Kharagpur–Gidni,KGP-GID,188.481,Signal equipment defect,Medium,46,60,S&T Crew,2026-10-30,high_defect_load,Open
SIG-26027-1367,2026-10-23,SMMS,Santragachi–Panskura,SRC-PKU,78.855,Point machine inspection,Medium,61,75,Signal Testing Team,2026-10-30,high_conflict,Under Review
SIG-26027-1368,2026-10-23,SMMS,Santragachi–Panskura,SRC-PKU,103.098,Signal failure,Critical,93,105,Signal Testing Team,2026-10-24,high_defect_load,Open
SIG-26027-1369,2026-10-23,SMMS,Kharagpur–Gidni,KGP-GID,181.874,Interlocking inspection,Medium,64,75,Signal Testing Team,2026-10-30,mixed_realistic,Open
SIG-26027-1370,2026-10-23,SMMS,Panskura–Kharagpur,PKU-KGP,128.15,Signal failure,High,70,45,Signal Testing Team,2026-10-26,heavy_train_traffic,Open
SIG-26027-1371,2026-10-23,SMMS,Santragachi–Panskura,SRC-PKU,62.814,Preventive S&T maintenance,Low,35,50,Telecom Maintenance Team,2026-11-06,resource_shortage,Open
SIG-26027-1372,2026-10-23,SMMS,Kharagpur–Gidni,KGP-GID,186.606,Interlocking inspection,Critical,91,75,Point Machine Team,2026-10-24,mixed_realistic,Open
SIG-26027-1373,2026-10-23,SMMS,Santragachi–Panskura,SRC-PKU,42.918,Signal equipment defect,Medium,52,90,Telecom Maintenance Team,2026-10-30,resource_shortage,Open
SIG-26027-1374,2026-10-23,SMMS,Kharagpur–Gidni,KGP-GID,190.241,Point machine inspection,Medium,46,30,Signal Testing Team,2026-10-30,high_conflict,Open
SIG-26027-1375,2026-10-23,SMMS,Kharagpur–Gidni,KGP-GID,187.774,Signal equipment defect,High,81,75,Telecom Maintenance Team,2026-10-26,high_defect_load,Open
SIG-26027-1376,2026-10-23,SMMS,Santragachi–Panskura,SRC-PKU,30.098,Preventive S&T maintenance,High,72,60,Signal Testing Team,2026-10-26,high_defect_load,Open
SIG-26027-1377,2026-10-23,SMMS,Howrah–Santragachi,HWH-SRC,11.813,Preventive S&T maintenance,Medium,51,30,Signal Testing Team,2026-10-30,critical_defect,Open
SIG-26027-1378,2026-10-23,SMMS,Howrah–Santragachi,HWH-SRC,8.906,Interlocking inspection,Low,36,20,S&T Crew,2026-11-06,normal,Open
SIG-26027-1379,2026-10-23,SMMS,Mecheda–Panskura,MCA-PKU,123.487,Interlocking inspection,High,84,45,S&T Crew,2026-10-26,high_conflict,Open
SIG-26027-1380,2026-10-23,SMMS,Kharagpur–Gidni,KGP-GID,181.109,Point machine inspection,Medium,51,30,Signal Testing Team,2026-10-30,high_defect_load,Under Review
SIG-26027-1381,2026-10-23,SMMS,Panskura–Kharagpur,PKU-KGP,157.924,Preventive S&T maintenance,Low,33,65,S&T Crew,2026-11-06,cross_department_cluster,Open
SIG-26027-1382,2026-10-23,SMMS,Kharagpur–Gidni,KGP-GID,197.73,Interlocking inspection,Medium,49,75,Point Machine Team,2026-10-30,high_conflict,Open
SIG-26027-1383,2026-10-23,SMMS,Panskura–Kharagpur,PKU-KGP,164.269,Point machine inspection,Low,26,35,S&T Crew,2026-11-06,cross_department_cluster,Planned
SIG-26027-1384,2026-10-23,SMMS,Santragachi–Panskura,SRC-PKU,86.529,Signal equipment defect,Medium,50,60,Point Machine Team,2026-10-30,high_conflict,Under Review
SIG-26027-1385,2026-10-23,SMMS,Panskura–Kharagpur,PKU-KGP,129.246,Signal failure,Low,26,20,S&T Crew,2026-11-06,high_conflict,Open
SIG-26027-1386,2026-10-23,SMMS,Panskura–Kharagpur,PKU-KGP,151.815,Track circuit testing,Medium,54,60,Point Machine Team,2026-10-30,critical_defect,Open
SIG-26027-1387,2026-10-23,SMMS,Santragachi–Panskura,SRC-PKU,81.564,Preventive S&T maintenance,High,83,75,S&T Crew,2026-10-26,high_conflict,Planned
SIG-26027-1388,2026-10-23,SMMS,Panskura–Kharagpur,PKU-KGP,138.548,Preventive S&T maintenance,Low,29,65,S&T Crew,2026-11-06,normal,Open
SIG-26027-1389,2026-10-23,SMMS,Mecheda–Panskura,MCA-PKU,115.742,Interlocking inspection,High,74,105,Point Machine Team,2026-10-26,heavy_train_traffic,Under Review
SIG-26027-1390,2026-10-23,SMMS,Panskura–Kharagpur,PKU-KGP,138.379,Signal equipment defect,High,88,105,Point Machine Team,2026-10-26,mixed_realistic,Open
SIG-26027-1391,2026-10-23,SMMS,Howrah–Santragachi,HWH-SRC,6.572,Point machine inspection,Critical,93,105,Signal Testing Team,2026-10-24,mixed_realistic,Under Review
SIG-26027-1392,2026-10-23,SMMS,Panskura–Kharagpur,PKU-KGP,141.88,Interlocking inspection,Low,24,20,Signal Testing Team,2026-11-06,high_conflict,Open
SIG-26027-1393,2026-10-23,SMMS,Kharagpur–Gidni,KGP-GID,198.42,Axle counter issue,Medium,69,30,S&T Crew,2026-10-30,heavy_train_traffic,Open
SIG-26027-1394,2026-10-23,SMMS,Mecheda–Panskura,MCA-PKU,124.15,Axle counter issue,High,73,90,Signal Testing Team,2026-10-26,resource_shortage,Open
SIG-26027-1395,2026-10-23,SMMS,Howrah–Santragachi,HWH-SRC,1.024,Point machine inspection,Low,32,50,Point Machine Team,2026-11-06,critical_defect,Open
SIG-26027-1396,2026-10-23,SMMS,Panskura–Kharagpur,PKU-KGP,164.685,Track circuit testing,Medium,47,30,S&T Crew,2026-10-30,cross_department_cluster,Open
SIG-26027-1397,2026-10-23,SMMS,Panskura–Kharagpur,PKU-KGP,158.085,Signal equipment defect,Medium,53,90,Point Machine Team,2026-10-30,cross_department_cluster,Open
SIG-26027-1398,2026-10-23,SMMS,Santragachi–Panskura,SRC-PKU,111.535,Point machine inspection,Medium,63,30,S&T Crew,2026-10-30,high_conflict,Under Review
SIG-26027-1399,2026-10-23,SMMS,Santragachi–Panskura,SRC-PKU,55.719,Point machine inspection,Low,29,35,Point Machine Team,2026-11-06,normal,Under Review
SIG-26027-1400,2026-10-23,SMMS,Santragachi–Panskura,SRC-PKU,62.364,Track circuit testing,High,87,75,Signal Testing Team,2026-10-26,critical_defect,Under Review
SIG-26027-1401,2026-10-23,SMMS,Mecheda–Panskura,MCA-PKU,116.027,Preventive S&T maintenance,Medium,50,75,Signal Testing Team,2026-10-30,normal,Open
SIG-26027-1402,2026-10-23,SMMS,Mecheda–Panskura,MCA-PKU,117.96,Signal equipment defect,Critical,96,105,S&T Crew,2026-10-24,cross_department_cluster,Open
SIG-26027-1403,2026-10-23,SMMS,Santragachi–Panskura,SRC-PKU,51.26,Signal equipment defect,Medium,59,45,Telecom Maintenance Team,2026-10-30,resource_shortage,Open
SIG-26027-1404,2026-10-23,SMMS,Santragachi–Panskura,SRC-PKU,36.265,Axle counter issue,Medium,54,75,Telecom Maintenance Team,2026-10-30,resource_shortage,Planned
SIG-26027-1405,2026-10-23,SMMS,Panskura–Kharagpur,PKU-KGP,157.91,Axle counter issue,Medium,64,90,Telecom Maintenance Team,2026-10-30,cross_department_cluster,Planned
SIG-26027-1406,2026-10-23,SMMS,Howrah–Santragachi,HWH-SRC,10.936,Interlocking inspection,Medium,59,45,S&T Crew,2026-10-30,normal,Under Review
SIG-26027-1407,2026-10-23,SMMS,Santragachi–Panskura,SRC-PKU,94.776,Signal equipment defect,Medium,57,30,Signal Testing Team,2026-10-30,normal,Under Review
SIG-26027-1408,2026-10-23,SMMS,Kharagpur–Gidni,KGP-GID,201.37,Signal failure,Medium,56,60,Point Machine Team,2026-10-30,high_defect_load,Open
SIG-26027-1409,2026-10-23,SMMS,Panskura–Kharagpur,PKU-KGP,148.562,Signal failure,Medium,54,60,Point Machine Team,2026-10-30,critical_defect,Open
SIG-26027-1410,2026-10-23,SMMS,Howrah–Santragachi,HWH-SRC,3.338,Signal equipment defect,High,70,90,Signal Testing Team,2026-10-26,normal,Open
SIG-26027-1411,2026-10-23,SMMS,Santragachi–Panskura,SRC-PKU,55.934,Track circuit testing,Medium,56,90,Telecom Maintenance Team,2026-10-30,critical_defect,Planned
SIG-26027-1412,2026-10-23,SMMS,Kharagpur–Gidni,KGP-GID,178.618,Axle counter issue,Low,28,65,Point Machine Team,2026-11-06,critical_defect,Under Review
SIG-26027-1413,2026-10-23,SMMS,Howrah–Santragachi,HWH-SRC,1.862,Axle counter issue,Critical,90,45,Point Machine Team,2026-10-24,high_conflict,Open
SIG-26027-1414,2026-10-23,SMMS,Santragachi–Panskura,SRC-PKU,14.753,Interlocking inspection,High,76,45,Signal Testing Team,2026-10-26,high_defect_load,Open
SIG-26027-1415,2026-10-23,SMMS,Panskura–Kharagpur,PKU-KGP,149.278,Signal failure,Medium,65,30,Point Machine Team,2026-10-30,high_defect_load,Under Review
SIG-26027-1416,2026-10-23,SMMS,Mecheda–Panskura,MCA-PKU,121.183,Signal equipment defect,Medium,69,75,Signal Testing Team,2026-10-30,resource_shortage,Open
SIG-26027-1417,2026-10-23,SMMS,Kharagpur–Gidni,KGP-GID,173.589,Signal failure,Low,21,20,Point Machine Team,2026-11-06,normal,Open
SIG-26027-1418,2026-10-23,SMMS,Howrah–Santragachi,HWH-SRC,3.617,Preventive S&T maintenance,Medium,63,75,S&T Crew,2026-10-30,heavy_train_traffic,Open
SIG-26027-1419,2026-10-23,SMMS,Mecheda–Panskura,MCA-PKU,117.328,Track circuit testing,Low,29,65,Telecom Maintenance Team,2026-11-06,high_conflict,Open
SIG-26027-1420,2026-10-23,SMMS,Mecheda–Panskura,MCA-PKU,115.017,Signal equipment defect,Medium,62,45,Point Machine Team,2026-10-30,normal,Open
SIG-26027-1421,2026-10-23,SMMS,Mecheda–Panskura,MCA-PKU,121.401,Signal equipment defect,Medium,64,30,Signal Testing Team,2026-10-30,normal,Open
SIG-26027-1422,2026-10-23,SMMS,Panskura–Kharagpur,PKU-KGP,164.961,Signal failure,Medium,50,75,Telecom Maintenance Team,2026-10-30,high_defect_load,Open
SIG-26027-1423,2026-10-23,SMMS,Panskura–Kharagpur,PKU-KGP,163.943,Preventive S&T maintenance,Medium,69,45,Point Machine Team,2026-10-30,cross_department_cluster,Open
SIG-26027-1424,2026-10-23,SMMS,Santragachi–Panskura,SRC-PKU,105.027,Preventive S&T maintenance,Medium,50,90,Signal Testing Team,2026-10-30,heavy_train_traffic,Under Review
SIG-26027-1425,2026-10-23,SMMS,Santragachi–Panskura,SRC-PKU,53.032,Point machine inspection,Medium,54,30,Point Machine Team,2026-10-30,critical_defect,Open
SIG-26027-1426,2026-10-23,SMMS,Mecheda–Panskura,MCA-PKU,120.47,Signal equipment defect,High,85,60,Telecom Maintenance Team,2026-10-26,critical_defect,Open
SIG-26027-1427,2026-10-23,SMMS,Panskura–Kharagpur,PKU-KGP,142.28,Point machine inspection,Medium,62,60,Signal Testing Team,2026-10-30,cross_department_cluster,Open
SIG-26027-1428,2026-10-23,SMMS,Howrah–Santragachi,HWH-SRC,11.561,Signal equipment defect,Medium,47,90,Signal Testing Team,2026-10-30,normal,Open
SIG-26027-1429,2026-10-23,SMMS,Mecheda–Panskura,MCA-PKU,120.596,Point machine inspection,Low,25,35,S&T Crew,2026-11-06,high_defect_load,Open
SIG-26027-1430,2026-10-23,SMMS,Mecheda–Panskura,MCA-PKU,117.877,Track circuit testing,Medium,53,90,Telecom Maintenance Team,2026-10-30,mixed_realistic,Under Review
SIG-26027-1431,2026-10-24,SMMS,Santragachi–Panskura,SRC-PKU,16.798,Track circuit testing,Low,35,20,Point Machine Team,2026-11-07,normal,Under Review
SIG-26027-1432,2026-10-24,SMMS,Kharagpur–Gidni,KGP-GID,172.842,Point machine inspection,Medium,69,90,Signal Testing Team,2026-10-31,mixed_realistic,Open
SIG-26027-1433,2026-10-24,SMMS,Mecheda–Panskura,MCA-PKU,120.254,Preventive S&T maintenance,Medium,66,30,Signal Testing Team,2026-10-31,heavy_train_traffic,Open
SIG-26027-1434,2026-10-24,SMMS,Howrah–Santragachi,HWH-SRC,9.604,Preventive S&T maintenance,Medium,57,30,Telecom Maintenance Team,2026-10-31,high_defect_load,Open
SIG-26027-1435,2026-10-24,SMMS,Howrah–Santragachi,HWH-SRC,3.151,Signal equipment defect,Medium,59,30,Point Machine Team,2026-10-31,heavy_train_traffic,Open
SIG-26027-1436,2026-10-24,SMMS,Santragachi–Panskura,SRC-PKU,99.1,Point machine inspection,Medium,65,45,S&T Crew,2026-10-31,resource_shortage,Planned
SIG-26027-1437,2026-10-24,SMMS,Panskura–Kharagpur,PKU-KGP,157.637,Axle counter issue,Medium,51,45,Telecom Maintenance Team,2026-10-31,cross_department_cluster,Open
SIG-26027-1438,2026-10-24,SMMS,Panskura–Kharagpur,PKU-KGP,164.652,Point machine inspection,Medium,68,75,Telecom Maintenance Team,2026-10-31,cross_department_cluster,Open
SIG-26027-1439,2026-10-24,SMMS,Panskura–Kharagpur,PKU-KGP,164.124,Axle counter issue,Medium,56,60,Telecom Maintenance Team,2026-10-31,cross_department_cluster,Open
SIG-26027-1440,2026-10-24,SMMS,Howrah–Santragachi,HWH-SRC,11.831,Signal failure,Medium,56,60,Signal Testing Team,2026-10-31,high_defect_load,Open
SIG-26027-1441,2026-10-24,SMMS,Santragachi–Panskura,SRC-PKU,22.957,Track circuit testing,Medium,58,60,Signal Testing Team,2026-10-31,resource_shortage,Open
SIG-26027-1442,2026-10-24,SMMS,Mecheda–Panskura,MCA-PKU,120.272,Signal equipment defect,Medium,64,45,Signal Testing Team,2026-10-31,mixed_realistic,Open
SIG-26027-1443,2026-10-24,SMMS,Mecheda–Panskura,MCA-PKU,117.899,Interlocking inspection,Medium,48,60,Telecom Maintenance Team,2026-10-31,cross_department_cluster,Planned
SIG-26027-1444,2026-10-24,SMMS,Santragachi–Panskura,SRC-PKU,43.109,Point machine inspection,Critical,91,60,Telecom Maintenance Team,2026-10-25,high_defect_load,Planned
SIG-26027-1445,2026-10-24,SMMS,Santragachi–Panskura,SRC-PKU,12.187,Track circuit testing,Medium,62,30,S&T Crew,2026-10-31,heavy_train_traffic,Under Review
SIG-26027-1446,2026-10-24,SMMS,Panskura–Kharagpur,PKU-KGP,149.229,Signal failure,Medium,63,60,Signal Testing Team,2026-10-31,heavy_train_traffic,Open
SIG-26027-1447,2026-10-24,SMMS,Panskura–Kharagpur,PKU-KGP,140.657,Point machine inspection,Medium,46,60,Telecom Maintenance Team,2026-10-31,mixed_realistic,Planned
SIG-26027-1448,2026-10-24,SMMS,Panskura–Kharagpur,PKU-KGP,164.688,Axle counter issue,Medium,48,60,S&T Crew,2026-10-31,cross_department_cluster,Under Review
SIG-26027-1449,2026-10-24,SMMS,Mecheda–Panskura,MCA-PKU,119.135,Preventive S&T maintenance,Low,23,20,Signal Testing Team,2026-11-07,heavy_train_traffic,Under Review
SIG-26027-1450,2026-10-24,SMMS,Santragachi–Panskura,SRC-PKU,18.617,Axle counter issue,Medium,50,90,Signal Testing Team,2026-10-31,resource_shortage,Open
SIG-26027-1451,2026-10-24,SMMS,Panskura–Kharagpur,PKU-KGP,163.409,Track circuit testing,Medium,52,75,S&T Crew,2026-10-31,high_conflict,Under Review
SIG-26027-1452,2026-10-24,SMMS,Mecheda–Panskura,MCA-PKU,118.212,Axle counter issue,Medium,49,90,Point Machine Team,2026-10-31,cross_department_cluster,Open
SIG-26027-1453,2026-10-24,SMMS,Mecheda–Panskura,MCA-PKU,116.14,Track circuit testing,Medium,54,45,Point Machine Team,2026-10-31,critical_defect,Open
SIG-26027-1454,2026-10-24,SMMS,Howrah–Santragachi,HWH-SRC,6.669,Signal failure,Low,41,65,Telecom Maintenance Team,2026-11-07,high_defect_load,Open
SIG-26027-1455,2026-10-24,SMMS,Santragachi–Panskura,SRC-PKU,56.618,Preventive S&T maintenance,Medium,52,75,S&T Crew,2026-10-31,high_defect_load,Under Review
SIG-26027-1456,2026-10-24,SMMS,Santragachi–Panskura,SRC-PKU,29.96,Point machine inspection,Low,30,20,Telecom Maintenance Team,2026-11-07,mixed_realistic,Open
SIG-26027-1457,2026-10-24,SMMS,Howrah–Santragachi,HWH-SRC,5.242,Point machine inspection,Medium,57,30,Point Machine Team,2026-10-31,high_conflict,Open
SIG-26027-1458,2026-10-24,SMMS,Mecheda–Panskura,MCA-PKU,116.606,Signal equipment defect,Medium,68,60,Point Machine Team,2026-10-31,normal,Open
SIG-26027-1459,2026-10-24,SMMS,Kharagpur–Gidni,KGP-GID,195.513,Point machine inspection,Medium,45,45,Signal Testing Team,2026-10-31,high_conflict,Under Review
SIG-26027-1460,2026-10-24,SMMS,Panskura–Kharagpur,PKU-KGP,128.001,Signal failure,Critical,91,75,S&T Crew,2026-10-25,high_conflict,Open
SIG-26027-1461,2026-10-24,SMMS,Howrah–Santragachi,HWH-SRC,4.685,Preventive S&T maintenance,Medium,61,60,Signal Testing Team,2026-10-31,resource_shortage,Planned
SIG-26027-1462,2026-10-24,SMMS,Kharagpur–Gidni,KGP-GID,177.566,Signal equipment defect,Medium,66,60,S&T Crew,2026-10-31,normal,Open
SIG-26027-1463,2026-10-24,SMMS,Mecheda–Panskura,MCA-PKU,120.638,Track circuit testing,Medium,59,30,Telecom Maintenance Team,2026-10-31,resource_shortage,Open
SIG-26027-1464,2026-10-24,SMMS,Panskura–Kharagpur,PKU-KGP,166.098,Axle counter issue,High,83,75,S&T Crew,2026-10-27,resource_shortage,Open
SIG-26027-1465,2026-10-24,SMMS,Panskura–Kharagpur,PKU-KGP,164.408,Axle counter issue,Low,25,20,Telecom Maintenance Team,2026-11-07,cross_department_cluster,Open
SIG-26027-1466,2026-10-24,SMMS,Panskura–Kharagpur,PKU-KGP,157.852,Track circuit testing,High,74,45,Signal Testing Team,2026-10-27,cross_department_cluster,Open
SIG-26027-1467,2026-10-24,SMMS,Mecheda–Panskura,MCA-PKU,118.179,Track circuit testing,Low,37,20,S&T Crew,2026-11-07,cross_department_cluster,Planned
SIG-26027-1468,2026-10-24,SMMS,Panskura–Kharagpur,PKU-KGP,164.339,Point machine inspection,Low,44,35,S&T Crew,2026-11-07,cross_department_cluster,Open
SIG-26027-1469,2026-10-24,SMMS,Panskura–Kharagpur,PKU-KGP,129.549,Preventive S&T maintenance,Low,40,65,Signal Testing Team,2026-11-07,normal,Open
SIG-26027-1470,2026-10-24,SMMS,Panskura–Kharagpur,PKU-KGP,130.736,Signal equipment defect,Medium,52,60,Signal Testing Team,2026-10-31,mixed_realistic,Planned
SIG-26027-1471,2026-10-24,SMMS,Mecheda–Panskura,MCA-PKU,123.032,Interlocking inspection,High,73,45,Signal Testing Team,2026-10-27,resource_shortage,Under Review
SIG-26027-1472,2026-10-24,SMMS,Kharagpur–Gidni,KGP-GID,214.183,Track circuit testing,High,75,75,Signal Testing Team,2026-10-27,heavy_train_traffic,Open
SIG-26027-1473,2026-10-24,SMMS,Santragachi–Panskura,SRC-PKU,76.104,Signal failure,Critical,91,45,Telecom Maintenance Team,2026-10-25,normal,Open
SIG-26027-1474,2026-10-24,SMMS,Howrah–Santragachi,HWH-SRC,8.007,Track circuit testing,Low,30,20,S&T Crew,2026-11-07,high_conflict,Open
SIG-26027-1475,2026-10-24,SMMS,Kharagpur–Gidni,KGP-GID,206.775,Point machine inspection,Low,35,20,Telecom Maintenance Team,2026-11-07,high_conflict,Open
SIG-26027-1476,2026-10-24,SMMS,Kharagpur–Gidni,KGP-GID,186.288,Signal failure,Low,36,65,Signal Testing Team,2026-11-07,critical_defect,Open
SIG-26027-1477,2026-10-24,SMMS,Kharagpur–Gidni,KGP-GID,177.699,Point machine inspection,Medium,69,90,Signal Testing Team,2026-10-31,mixed_realistic,Open
SIG-26027-1478,2026-10-24,SMMS,Mecheda–Panskura,MCA-PKU,124.84,Point machine inspection,Medium,52,45,Point Machine Team,2026-10-31,high_conflict,Planned
SIG-26027-1479,2026-10-24,SMMS,Panskura–Kharagpur,PKU-KGP,158.37,Signal failure,Medium,53,75,S&T Crew,2026-10-31,cross_department_cluster,Open
SIG-26027-1480,2026-10-24,SMMS,Panskura–Kharagpur,PKU-KGP,142.87,Point machine inspection,High,82,75,S&T Crew,2026-10-27,cross_department_cluster,Open
SIG-26027-1481,2026-10-24,SMMS,Kharagpur–Gidni,KGP-GID,195.624,Preventive S&T maintenance,Low,31,20,Telecom Maintenance Team,2026-11-07,high_defect_load,Open
SIG-26027-1482,2026-10-24,SMMS,Kharagpur–Gidni,KGP-GID,174.671,Track circuit testing,High,82,60,Telecom Maintenance Team,2026-10-27,critical_defect,Open
SIG-26027-1483,2026-10-24,SMMS,Howrah–Santragachi,HWH-SRC,1.261,Signal failure,Medium,63,75,Signal Testing Team,2026-10-31,critical_defect,Open
SIG-26027-1484,2026-10-24,SMMS,Santragachi–Panskura,SRC-PKU,26.932,Signal failure,Medium,61,45,S&T Crew,2026-10-31,mixed_realistic,Open
SIG-26027-1485,2026-10-24,SMMS,Kharagpur–Gidni,KGP-GID,187.687,Track circuit testing,Medium,46,90,Telecom Maintenance Team,2026-10-31,heavy_train_traffic,Open
SIG-26027-1486,2026-10-24,SMMS,Panskura–Kharagpur,PKU-KGP,166.677,Signal equipment defect,Low,28,35,Point Machine Team,2026-11-07,critical_defect,Planned
SIG-26027-1487,2026-10-24,SMMS,Panskura–Kharagpur,PKU-KGP,164.7,Point machine inspection,Medium,56,30,Signal Testing Team,2026-10-31,cross_department_cluster,Open
SIG-26027-1488,2026-10-24,SMMS,Kharagpur–Gidni,KGP-GID,209.318,Track circuit testing,Medium,62,75,S&T Crew,2026-10-31,resource_shortage,Open
SIG-26027-1489,2026-10-24,SMMS,Mecheda–Panskura,MCA-PKU,124.49,Preventive S&T maintenance,High,78,90,S&T Crew,2026-10-27,resource_shortage,Open
SIG-26027-1490,2026-10-24,SMMS,Panskura–Kharagpur,PKU-KGP,157.832,Preventive S&T maintenance,Low,44,20,S&T Crew,2026-11-07,cross_department_cluster,Open
SIG-26027-1491,2026-10-24,SMMS,Mecheda–Panskura,MCA-PKU,117.934,Point machine inspection,Medium,56,75,Signal Testing Team,2026-10-31,cross_department_cluster,Open
SIG-26027-1492,2026-10-24,SMMS,Panskura–Kharagpur,PKU-KGP,165.835,Preventive S&T maintenance,Medium,49,75,Point Machine Team,2026-10-31,critical_defect,Open
SIG-26027-1493,2026-10-24,SMMS,Mecheda–Panskura,MCA-PKU,119.306,Signal equipment defect,High,83,90,Signal Testing Team,2026-10-27,resource_shortage,Open
SIG-26027-1494,2026-10-24,SMMS,Panskura–Kharagpur,PKU-KGP,160.521,Point machine inspection,Medium,66,60,Signal Testing Team,2026-10-31,high_defect_load,Planned
SIG-26027-1495,2026-10-24,SMMS,Santragachi–Panskura,SRC-PKU,99.228,Axle counter issue,Critical,93,60,Signal Testing Team,2026-10-25,high_conflict,Open
SIG-26027-1496,2026-10-25,SMMS,Howrah–Santragachi,HWH-SRC,10.732,Interlocking inspection,High,72,45,Point Machine Team,2026-10-28,high_defect_load,Planned
SIG-26027-1497,2026-10-25,SMMS,Mecheda–Panskura,MCA-PKU,115.067,Axle counter issue,Critical,91,120,Point Machine Team,2026-10-26,resource_shortage,Open
SIG-26027-1498,2026-10-25,SMMS,Mecheda–Panskura,MCA-PKU,123.028,Axle counter issue,Medium,47,75,S&T Crew,2026-11-01,normal,Under Review
SIG-26027-1499,2026-10-25,SMMS,Panskura–Kharagpur,PKU-KGP,127.332,Signal equipment defect,Medium,46,30,S&T Crew,2026-11-01,high_defect_load,Open
SIG-26027-1500,2026-10-25,SMMS,Mecheda–Panskura,MCA-PKU,122.211,Preventive S&T maintenance,Low,24,65,Point Machine Team,2026-11-08,mixed_realistic,Open
SIG-26027-1501,2026-10-25,SMMS,Panskura–Kharagpur,PKU-KGP,133.147,Signal equipment defect,Medium,64,75,Telecom Maintenance Team,2026-11-01,high_conflict,Under Review
SIG-26027-1502,2026-10-25,SMMS,Kharagpur–Gidni,KGP-GID,208.878,Axle counter issue,Medium,47,90,Point Machine Team,2026-11-01,high_defect_load,Under Review
SIG-26027-1503,2026-10-25,SMMS,Panskura–Kharagpur,PKU-KGP,142.717,Signal equipment defect,Medium,58,90,Signal Testing Team,2026-11-01,cross_department_cluster,Planned
SIG-26027-1504,2026-10-25,SMMS,Panskura–Kharagpur,PKU-KGP,135.31,Point machine inspection,Medium,49,90,S&T Crew,2026-11-01,heavy_train_traffic,Planned
SIG-26027-1505,2026-10-25,SMMS,Kharagpur–Gidni,KGP-GID,175.861,Track circuit testing,High,88,75,Telecom Maintenance Team,2026-10-28,critical_defect,Open
SIG-26027-1506,2026-10-25,SMMS,Mecheda–Panskura,MCA-PKU,115.546,Interlocking inspection,Medium,63,60,Telecom Maintenance Team,2026-11-01,normal,Open
SIG-26027-1507,2026-10-25,SMMS,Mecheda–Panskura,MCA-PKU,123.025,Axle counter issue,Critical,97,105,Signal Testing Team,2026-10-26,high_defect_load,Open
SIG-26027-1508,2026-10-25,SMMS,Santragachi–Panskura,SRC-PKU,26.741,Track circuit testing,Medium,53,90,Point Machine Team,2026-11-01,critical_defect,Open
SIG-26027-1509,2026-10-25,SMMS,Panskura–Kharagpur,PKU-KGP,142.422,Interlocking inspection,High,84,75,Point Machine Team,2026-10-28,cross_department_cluster,Under Review
SIG-26027-1510,2026-10-25,SMMS,Kharagpur–Gidni,KGP-GID,174.284,Preventive S&T maintenance,Low,21,50,Telecom Maintenance Team,2026-11-08,critical_defect,Open
SIG-26027-1511,2026-10-25,SMMS,Mecheda–Panskura,MCA-PKU,115.937,Signal failure,High,84,60,Point Machine Team,2026-10-28,normal,Open
SIG-26027-1512,2026-10-25,SMMS,Santragachi–Panskura,SRC-PKU,37.106,Interlocking inspection,Critical,100,45,Point Machine Team,2026-10-26,normal,Open
SIG-26027-1513,2026-10-25,SMMS,Kharagpur–Gidni,KGP-GID,202.437,Track circuit testing,Medium,46,75,Signal Testing Team,2026-11-01,high_conflict,Open
SIG-26027-1514,2026-10-25,SMMS,Mecheda–Panskura,MCA-PKU,120.1,Interlocking inspection,Low,27,65,S&T Crew,2026-11-08,normal,Open
SIG-26027-1515,2026-10-25,SMMS,Mecheda–Panskura,MCA-PKU,115.608,Preventive S&T maintenance,Low,22,65,Signal Testing Team,2026-11-08,mixed_realistic,Open
SIG-26027-1516,2026-10-25,SMMS,Panskura–Kharagpur,PKU-KGP,157.867,Preventive S&T maintenance,Low,38,35,Signal Testing Team,2026-11-08,cross_department_cluster,Open
SIG-26027-1517,2026-10-25,SMMS,Panskura–Kharagpur,PKU-KGP,160.528,Signal failure,High,86,45,Telecom Maintenance Team,2026-10-28,normal,Open
SIG-26027-1518,2026-10-25,SMMS,Santragachi–Panskura,SRC-PKU,52.556,Signal failure,Critical,97,105,Point Machine Team,2026-10-26,high_conflict,Under Review
SIG-26027-1519,2026-10-25,SMMS,Mecheda–Panskura,MCA-PKU,123.865,Signal failure,High,70,105,S&T Crew,2026-10-28,high_conflict,Under Review
SIG-26027-1520,2026-10-25,SMMS,Mecheda–Panskura,MCA-PKU,122.984,Point machine inspection,Medium,57,30,S&T Crew,2026-11-01,normal,Open
SIG-26027-1521,2026-10-25,SMMS,Panskura–Kharagpur,PKU-KGP,148.971,Axle counter issue,Medium,49,75,Telecom Maintenance Team,2026-11-01,mixed_realistic,Open
SIG-26027-1522,2026-10-25,SMMS,Santragachi–Panskura,SRC-PKU,23.894,Signal failure,Medium,63,45,Point Machine Team,2026-11-01,critical_defect,Planned
SIG-26027-1523,2026-10-25,SMMS,Howrah–Santragachi,HWH-SRC,7.29,Track circuit testing,Medium,66,45,Signal Testing Team,2026-11-01,high_conflict,Open
SIG-26027-1524,2026-10-25,SMMS,Panskura–Kharagpur,PKU-KGP,126.834,Track circuit testing,High,77,75,Signal Testing Team,2026-10-28,mixed_realistic,Open
SIG-26027-1525,2026-10-25,SMMS,Mecheda–Panskura,MCA-PKU,115.87,Signal failure,Low,27,20,Point Machine Team,2026-11-08,critical_defect,Open
SIG-26027-1526,2026-10-25,SMMS,Mecheda–Panskura,MCA-PKU,119.892,Signal failure,Medium,69,45,Telecom Maintenance Team,2026-11-01,high_defect_load,Open
SIG-26027-1527,2026-10-25,SMMS,Howrah–Santragachi,HWH-SRC,7.376,Axle counter issue,Low,34,50,Signal Testing Team,2026-11-08,normal,Open
SIG-26027-1528,2026-10-25,SMMS,Panskura–Kharagpur,PKU-KGP,144.374,Preventive S&T maintenance,Low,32,65,Signal Testing Team,2026-11-08,high_conflict,Open
SIG-26027-1529,2026-10-25,SMMS,Mecheda–Panskura,MCA-PKU,122.703,Preventive S&T maintenance,Medium,57,75,S&T Crew,2026-11-01,critical_defect,Open
SIG-26027-1530,2026-10-25,SMMS,Panskura–Kharagpur,PKU-KGP,133.341,Signal equipment defect,Low,27,65,Signal Testing Team,2026-11-08,high_defect_load,Open
SIG-26027-1531,2026-10-25,SMMS,Howrah–Santragachi,HWH-SRC,0.882,Point machine inspection,Medium,52,90,S&T Crew,2026-11-01,resource_shortage,Planned
SIG-26027-1532,2026-10-25,SMMS,Kharagpur–Gidni,KGP-GID,186.375,Signal failure,Medium,59,75,Point Machine Team,2026-11-01,high_defect_load,Open
SIG-26027-1533,2026-10-25,SMMS,Panskura–Kharagpur,PKU-KGP,143.648,Interlocking inspection,High,88,45,S&T Crew,2026-10-28,high_conflict,Open
SIG-26027-1534,2026-10-25,SMMS,Kharagpur–Gidni,KGP-GID,171.051,Track circuit testing,Medium,60,45,Signal Testing Team,2026-11-01,high_defect_load,Open
SIG-26027-1535,2026-10-25,SMMS,Panskura–Kharagpur,PKU-KGP,162.65,Preventive S&T maintenance,Low,36,20,Signal Testing Team,2026-11-08,critical_defect,Open
SIG-26027-1536,2026-10-25,SMMS,Mecheda–Panskura,MCA-PKU,120.768,Point machine inspection,High,86,45,Point Machine Team,2026-10-28,normal,Open
SIG-26027-1537,2026-10-25,SMMS,Santragachi–Panskura,SRC-PKU,27.774,Track circuit testing,Medium,45,30,Telecom Maintenance Team,2026-11-01,resource_shortage,Under Review
SIG-26027-1538,2026-10-25,SMMS,Panskura–Kharagpur,PKU-KGP,126.952,Axle counter issue,Low,29,35,S&T Crew,2026-11-08,resource_shortage,Open
SIG-26027-1539,2026-10-25,SMMS,Santragachi–Panskura,SRC-PKU,42.634,Signal failure,Medium,48,75,Telecom Maintenance Team,2026-11-01,resource_shortage,Open
SIG-26027-1540,2026-10-25,SMMS,Panskura–Kharagpur,PKU-KGP,152.534,Axle counter issue,Medium,65,90,S&T Crew,2026-11-01,high_conflict,Open
SIG-26027-1541,2026-10-25,SMMS,Panskura–Kharagpur,PKU-KGP,138.393,Interlocking inspection,Low,35,35,Point Machine Team,2026-11-08,high_defect_load,Open
SIG-26027-1542,2026-10-25,SMMS,Mecheda–Panskura,MCA-PKU,115.815,Signal equipment defect,Low,39,65,S&T Crew,2026-11-08,mixed_realistic,Open
SIG-26027-1543,2026-10-25,SMMS,Kharagpur–Gidni,KGP-GID,191.996,Point machine inspection,Medium,48,45,Point Machine Team,2026-11-01,resource_shortage,Open
SIG-26027-1544,2026-10-25,SMMS,Panskura–Kharagpur,PKU-KGP,142.126,Interlocking inspection,Medium,55,45,Signal Testing Team,2026-11-01,cross_department_cluster,Open
SIG-26027-1545,2026-10-25,SMMS,Panskura–Kharagpur,PKU-KGP,158.712,Signal equipment defect,Low,37,20,Telecom Maintenance Team,2026-11-08,resource_shortage,Open
SIG-26027-1546,2026-10-25,SMMS,Santragachi–Panskura,SRC-PKU,24.368,Signal failure,High,77,60,Signal Testing Team,2026-10-28,normal,Open
SIG-26027-1547,2026-10-25,SMMS,Panskura–Kharagpur,PKU-KGP,164.266,Signal equipment defect,High,84,45,Telecom Maintenance Team,2026-10-28,cross_department_cluster,Planned
SIG-26027-1548,2026-10-25,SMMS,Howrah–Santragachi,HWH-SRC,4.205,Signal equipment defect,High,77,60,S&T Crew,2026-10-28,critical_defect,Planned
SIG-26027-1549,2026-10-25,SMMS,Panskura–Kharagpur,PKU-KGP,128.232,Signal equipment defect,Medium,49,90,Point Machine Team,2026-11-01,high_defect_load,Open
SIG-26027-1550,2026-10-25,SMMS,Kharagpur–Gidni,KGP-GID,175.63,Signal equipment defect,High,74,105,Signal Testing Team,2026-10-28,critical_defect,Open
SIG-26027-1551,2026-10-25,SMMS,Howrah–Santragachi,HWH-SRC,0.757,Signal failure,Low,35,65,Telecom Maintenance Team,2026-11-08,critical_defect,Open
SIG-26027-1552,2026-10-25,SMMS,Howrah–Santragachi,HWH-SRC,10.437,Signal failure,High,88,75,Telecom Maintenance Team,2026-10-28,heavy_train_traffic,Planned
SIG-26027-1553,2026-10-25,SMMS,Santragachi–Panskura,SRC-PKU,73.563,Point machine inspection,Medium,69,90,S&T Crew,2026-11-01,resource_shortage,Open
SIG-26027-1554,2026-10-25,SMMS,Panskura–Kharagpur,PKU-KGP,158.387,Interlocking inspection,High,78,75,S&T Crew,2026-10-28,cross_department_cluster,Under Review
SIG-26027-1555,2026-10-25,SMMS,Santragachi–Panskura,SRC-PKU,61.186,Signal equipment defect,Low,24,35,Telecom Maintenance Team,2026-11-08,heavy_train_traffic,Open
SIG-26027-1556,2026-10-25,SMMS,Mecheda–Panskura,MCA-PKU,120.042,Signal equipment defect,Medium,56,60,S&T Crew,2026-11-01,critical_defect,Open
SIG-26027-1557,2026-10-25,SMMS,Panskura–Kharagpur,PKU-KGP,166.348,Axle counter issue,Low,42,20,Signal Testing Team,2026-11-08,normal,Open
SIG-26027-1558,2026-10-25,SMMS,Mecheda–Panskura,MCA-PKU,116.132,Point machine inspection,Low,30,20,S&T Crew,2026-11-08,critical_defect,Open
SIG-26027-1559,2026-10-25,SMMS,Kharagpur–Gidni,KGP-GID,209.261,Signal failure,Medium,54,90,Signal Testing Team,2026-11-01,critical_defect,Under Review
SIG-26027-1560,2026-10-25,SMMS,Mecheda–Panskura,MCA-PKU,116.673,Axle counter issue,Low,25,65,Point Machine Team,2026-11-08,high_conflict,Open
SIG-26027-1561,2026-10-26,SMMS,Panskura–Kharagpur,PKU-KGP,142.161,Axle counter issue,Medium,63,45,Point Machine Team,2026-11-02,cross_department_cluster,Open
SIG-26027-1562,2026-10-26,SMMS,Howrah–Santragachi,HWH-SRC,0.292,Signal equipment defect,Critical,93,75,Signal Testing Team,2026-10-27,mixed_realistic,Open
SIG-26027-1563,2026-10-26,SMMS,Kharagpur–Gidni,KGP-GID,189.015,Preventive S&T maintenance,Medium,46,60,S&T Crew,2026-11-02,high_defect_load,Open
SIG-26027-1564,2026-10-26,SMMS,Howrah–Santragachi,HWH-SRC,10.51,Axle counter issue,Critical,98,90,Telecom Maintenance Team,2026-10-27,high_defect_load,Under Review
SIG-26027-1565,2026-10-26,SMMS,Panskura–Kharagpur,PKU-KGP,166.569,Point machine inspection,Low,32,20,Telecom Maintenance Team,2026-11-09,heavy_train_traffic,Open
SIG-26027-1566,2026-10-26,SMMS,Santragachi–Panskura,SRC-PKU,49.206,Signal equipment defect,Medium,55,60,Telecom Maintenance Team,2026-11-02,normal,Under Review
SIG-26027-1567,2026-10-26,SMMS,Howrah–Santragachi,HWH-SRC,7.219,Signal equipment defect,Medium,63,75,Point Machine Team,2026-11-02,normal,Under Review
SIG-26027-1568,2026-10-26,SMMS,Panskura–Kharagpur,PKU-KGP,153.117,Signal equipment defect,High,79,90,S&T Crew,2026-10-29,resource_shortage,Open
SIG-26027-1569,2026-10-26,SMMS,Mecheda–Panskura,MCA-PKU,124.895,Axle counter issue,Medium,52,75,Point Machine Team,2026-11-02,normal,Under Review
SIG-26027-1570,2026-10-26,SMMS,Kharagpur–Gidni,KGP-GID,199.618,Signal failure,Medium,57,30,Signal Testing Team,2026-11-02,high_defect_load,Under Review
SIG-26027-1571,2026-10-26,SMMS,Howrah–Santragachi,HWH-SRC,8.21,Axle counter issue,Low,22,20,Telecom Maintenance Team,2026-11-09,high_conflict,Open
SIG-26027-1572,2026-10-26,SMMS,Panskura–Kharagpur,PKU-KGP,132.135,Interlocking inspection,Medium,58,45,Signal Testing Team,2026-11-02,normal,Open
SIG-26027-1573,2026-10-26,SMMS,Howrah–Santragachi,HWH-SRC,3.837,Preventive S&T maintenance,Medium,63,30,Telecom Maintenance Team,2026-11-02,resource_shortage,Under Review
SIG-26027-1574,2026-10-26,SMMS,Panskura–Kharagpur,PKU-KGP,142.231,Signal equipment defect,Medium,69,30,Telecom Maintenance Team,2026-11-02,cross_department_cluster,Open
SIG-26027-1575,2026-10-26,SMMS,Santragachi–Panskura,SRC-PKU,40.343,Axle counter issue,Low,32,65,Telecom Maintenance Team,2026-11-09,heavy_train_traffic,Under Review
SIG-26027-1576,2026-10-26,SMMS,Panskura–Kharagpur,PKU-KGP,142.606,Axle counter issue,Low,33,20,Telecom Maintenance Team,2026-11-09,cross_department_cluster,Open
SIG-26027-1577,2026-10-26,SMMS,Panskura–Kharagpur,PKU-KGP,158.082,Preventive S&T maintenance,Medium,53,75,Telecom Maintenance Team,2026-11-02,cross_department_cluster,Under Review
SIG-26027-1578,2026-10-26,SMMS,Mecheda–Panskura,MCA-PKU,118.159,Track circuit testing,Low,44,35,Signal Testing Team,2026-11-09,cross_department_cluster,Open
SIG-26027-1579,2026-10-26,SMMS,Howrah–Santragachi,HWH-SRC,3.617,Preventive S&T maintenance,Medium,61,30,S&T Crew,2026-11-02,critical_defect,Open
SIG-26027-1580,2026-10-26,SMMS,Kharagpur–Gidni,KGP-GID,209.552,Track circuit testing,High,83,90,S&T Crew,2026-10-29,mixed_realistic,Open
SIG-26027-1581,2026-10-26,SMMS,Panskura–Kharagpur,PKU-KGP,125.847,Track circuit testing,Low,43,35,S&T Crew,2026-11-09,high_defect_load,Under Review
SIG-26027-1582,2026-10-26,SMMS,Howrah–Santragachi,HWH-SRC,11.543,Track circuit testing,Medium,47,60,Telecom Maintenance Team,2026-11-02,mixed_realistic,Open
SIG-26027-1583,2026-10-26,SMMS,Santragachi–Panskura,SRC-PKU,48.449,Preventive S&T maintenance,High,83,45,Signal Testing Team,2026-10-29,critical_defect,Under Review
SIG-26027-1584,2026-10-26,SMMS,Howrah–Santragachi,HWH-SRC,1.459,Signal failure,Critical,91,105,Telecom Maintenance Team,2026-10-27,heavy_train_traffic,Planned
SIG-26027-1585,2026-10-26,SMMS,Panskura–Kharagpur,PKU-KGP,157.839,Point machine inspection,Medium,45,75,Telecom Maintenance Team,2026-11-02,cross_department_cluster,Open
SIG-26027-1586,2026-10-26,SMMS,Kharagpur–Gidni,KGP-GID,210.668,Signal failure,High,73,105,Signal Testing Team,2026-10-29,critical_defect,Open
SIG-26027-1587,2026-10-26,SMMS,Howrah–Santragachi,HWH-SRC,10.162,Track circuit testing,Critical,97,120,Point Machine Team,2026-10-27,mixed_realistic,Open
SIG-26027-1588,2026-10-26,SMMS,Mecheda–Panskura,MCA-PKU,116.492,Interlocking inspection,High,85,105,Telecom Maintenance Team,2026-10-29,normal,Under Review
SIG-26027-1589,2026-10-26,SMMS,Kharagpur–Gidni,KGP-GID,172.329,Point machine inspection,High,86,45,Point Machine Team,2026-10-29,high_conflict,Under Review
SIG-26027-1590,2026-10-26,SMMS,Howrah–Santragachi,HWH-SRC,7.947,Signal failure,High,87,75,Point Machine Team,2026-10-29,mixed_realistic,Open
SIG-26027-1591,2026-10-26,SMMS,Santragachi–Panskura,SRC-PKU,61.891,Preventive S&T maintenance,Low,25,50,S&T Crew,2026-11-09,mixed_realistic,Open
SIG-26027-1592,2026-10-26,SMMS,Kharagpur–Gidni,KGP-GID,179.483,Axle counter issue,Medium,65,90,Point Machine Team,2026-11-02,heavy_train_traffic,Open
SIG-26027-1593,2026-10-26,SMMS,Kharagpur–Gidni,KGP-GID,181.669,Axle counter issue,Medium,59,90,Telecom Maintenance Team,2026-11-02,normal,Under Review
SIG-26027-1594,2026-10-26,SMMS,Panskura–Kharagpur,PKU-KGP,160.826,Axle counter issue,High,78,105,S&T Crew,2026-10-29,high_conflict,Under Review
SIG-26027-1595,2026-10-26,SMMS,Mecheda–Panskura,MCA-PKU,120.223,Signal failure,Low,23,50,S&T Crew,2026-11-09,heavy_train_traffic,Open
SIG-26027-1596,2026-10-26,SMMS,Santragachi–Panskura,SRC-PKU,71.053,Preventive S&T maintenance,Low,27,20,Signal Testing Team,2026-11-09,heavy_train_traffic,Planned
SIG-26027-1597,2026-10-26,SMMS,Kharagpur–Gidni,KGP-GID,205.49,Signal failure,Medium,57,45,Point Machine Team,2026-11-02,mixed_realistic,Open
SIG-26027-1598,2026-10-26,SMMS,Panskura–Kharagpur,PKU-KGP,157.779,Interlocking inspection,High,71,90,Telecom Maintenance Team,2026-10-29,heavy_train_traffic,Under Review
SIG-26027-1599,2026-10-26,SMMS,Panskura–Kharagpur,PKU-KGP,140.728,Point machine inspection,Low,23,20,Point Machine Team,2026-11-09,high_defect_load,Open
SIG-26027-1600,2026-10-26,SMMS,Panskura–Kharagpur,PKU-KGP,154.619,Preventive S&T maintenance,Medium,51,75,Signal Testing Team,2026-11-02,high_defect_load,Open
SIG-26027-1601,2026-10-26,SMMS,Kharagpur–Gidni,KGP-GID,184.36,Interlocking inspection,High,73,45,S&T Crew,2026-10-29,normal,Open
SIG-26027-1602,2026-10-26,SMMS,Howrah–Santragachi,HWH-SRC,8.444,Interlocking inspection,High,88,90,Signal Testing Team,2026-10-29,high_defect_load,Under Review
SIG-26027-1603,2026-10-26,SMMS,Panskura–Kharagpur,PKU-KGP,148.548,Signal failure,Medium,62,45,Signal Testing Team,2026-11-02,critical_defect,Open
SIG-26027-1604,2026-10-26,SMMS,Mecheda–Panskura,MCA-PKU,118.048,Track circuit testing,Medium,69,75,Telecom Maintenance Team,2026-11-02,cross_department_cluster,Under Review
SIG-26027-1605,2026-10-26,SMMS,Mecheda–Panskura,MCA-PKU,123.497,Track circuit testing,Medium,67,75,Signal Testing Team,2026-11-02,high_defect_load,Open
SIG-26027-1606,2026-10-26,SMMS,Panskura–Kharagpur,PKU-KGP,133.98,Preventive S&T maintenance,Critical,99,105,Telecom Maintenance Team,2026-10-27,high_conflict,Under Review
SIG-26027-1607,2026-10-26,SMMS,Howrah–Santragachi,HWH-SRC,5.196,Axle counter issue,Medium,59,45,Point Machine Team,2026-11-02,high_conflict,Planned
SIG-26027-1608,2026-10-26,SMMS,Howrah–Santragachi,HWH-SRC,5.271,Axle counter issue,Medium,47,60,Signal Testing Team,2026-11-02,mixed_realistic,Open
SIG-26027-1609,2026-10-26,SMMS,Howrah–Santragachi,HWH-SRC,9.857,Interlocking inspection,Medium,57,60,S&T Crew,2026-11-02,normal,Open
SIG-26027-1610,2026-10-26,SMMS,Panskura–Kharagpur,PKU-KGP,163.603,Axle counter issue,Medium,69,30,S&T Crew,2026-11-02,high_defect_load,Open
SIG-26027-1611,2026-10-26,SMMS,Mecheda–Panskura,MCA-PKU,124.585,Preventive S&T maintenance,Medium,47,45,S&T Crew,2026-11-02,heavy_train_traffic,Under Review
SIG-26027-1612,2026-10-26,SMMS,Panskura–Kharagpur,PKU-KGP,161.335,Track circuit testing,High,78,45,Telecom Maintenance Team,2026-10-29,high_conflict,Open
SIG-26027-1613,2026-10-26,SMMS,Santragachi–Panskura,SRC-PKU,61.72,Axle counter issue,Medium,47,60,S&T Crew,2026-11-02,critical_defect,Open
SIG-26027-1614,2026-10-26,SMMS,Panskura–Kharagpur,PKU-KGP,156.973,Point machine inspection,Medium,54,45,Telecom Maintenance Team,2026-11-02,heavy_train_traffic,Open
SIG-26027-1615,2026-10-26,SMMS,Mecheda–Panskura,MCA-PKU,118.009,Point machine inspection,High,79,60,S&T Crew,2026-10-29,cross_department_cluster,Planned
SIG-26027-1616,2026-10-26,SMMS,Kharagpur–Gidni,KGP-GID,207.01,Interlocking inspection,Low,27,35,Point Machine Team,2026-11-09,critical_defect,Under Review
SIG-26027-1617,2026-10-26,SMMS,Panskura–Kharagpur,PKU-KGP,142.867,Track circuit testing,Low,24,65,Signal Testing Team,2026-11-09,cross_department_cluster,Planned
SIG-26027-1618,2026-10-26,SMMS,Santragachi–Panskura,SRC-PKU,75.698,Interlocking inspection,Medium,55,60,S&T Crew,2026-11-02,heavy_train_traffic,Open
SIG-26027-1619,2026-10-26,SMMS,Kharagpur–Gidni,KGP-GID,208.078,Track circuit testing,Medium,55,90,Point Machine Team,2026-11-02,resource_shortage,Planned
SIG-26027-1620,2026-10-26,SMMS,Kharagpur–Gidni,KGP-GID,180.971,Preventive S&T maintenance,Medium,50,30,Telecom Maintenance Team,2026-11-02,high_conflict,Under Review
SIG-26027-1621,2026-10-26,SMMS,Howrah–Santragachi,HWH-SRC,6.196,Signal failure,Critical,92,120,Signal Testing Team,2026-10-27,resource_shortage,Open
SIG-26027-1622,2026-10-26,SMMS,Santragachi–Panskura,SRC-PKU,90.165,Signal failure,Low,40,50,Signal Testing Team,2026-11-09,resource_shortage,Open
SIG-26027-1623,2026-10-26,SMMS,Panskura–Kharagpur,PKU-KGP,127.422,Signal equipment defect,Low,44,20,Point Machine Team,2026-11-09,high_defect_load,Under Review
SIG-26027-1624,2026-10-26,SMMS,Panskura–Kharagpur,PKU-KGP,132.734,Interlocking inspection,Medium,60,75,S&T Crew,2026-11-02,high_conflict,Open
SIG-26027-1625,2026-10-26,SMMS,Mecheda–Panskura,MCA-PKU,118.431,Point machine inspection,Medium,53,60,S&T Crew,2026-11-02,cross_department_cluster,Open
SIG-26027-1626,2026-10-27,SMMS,Panskura–Kharagpur,PKU-KGP,151.615,Axle counter issue,High,77,105,Point Machine Team,2026-10-30,high_conflict,Open
SIG-26027-1627,2026-10-27,SMMS,Howrah–Santragachi,HWH-SRC,10.271,Axle counter issue,Critical,100,90,Telecom Maintenance Team,2026-10-28,normal,Open
SIG-26027-1628,2026-10-27,SMMS,Howrah–Santragachi,HWH-SRC,8.699,Interlocking inspection,Medium,62,75,Telecom Maintenance Team,2026-11-03,normal,Planned
SIG-26027-1629,2026-10-27,SMMS,Panskura–Kharagpur,PKU-KGP,132.798,Point machine inspection,Low,30,35,Point Machine Team,2026-11-10,high_conflict,Open
SIG-26027-1630,2026-10-27,SMMS,Santragachi–Panskura,SRC-PKU,103.986,Signal equipment defect,Medium,67,75,Point Machine Team,2026-11-03,critical_defect,Open
SIG-26027-1631,2026-10-27,SMMS,Kharagpur–Gidni,KGP-GID,182.981,Track circuit testing,Medium,56,45,Point Machine Team,2026-11-03,resource_shortage,Under Review
SIG-26027-1632,2026-10-27,SMMS,Kharagpur–Gidni,KGP-GID,198.181,Signal equipment defect,High,77,75,Point Machine Team,2026-10-30,normal,Open
SIG-26027-1633,2026-10-27,SMMS,Kharagpur–Gidni,KGP-GID,179.257,Signal failure,Medium,63,90,Signal Testing Team,2026-11-03,high_defect_load,Open
SIG-26027-1634,2026-10-27,SMMS,Kharagpur–Gidni,KGP-GID,176.94,Axle counter issue,Low,33,20,Point Machine Team,2026-11-10,critical_defect,Planned
SIG-26027-1635,2026-10-27,SMMS,Kharagpur–Gidni,KGP-GID,201.659,Interlocking inspection,Low,22,20,Point Machine Team,2026-11-10,critical_defect,Open
SIG-26027-1636,2026-10-27,SMMS,Panskura–Kharagpur,PKU-KGP,157.869,Signal equipment defect,High,81,90,Point Machine Team,2026-10-30,cross_department_cluster,Open
SIG-26027-1637,2026-10-27,SMMS,Panskura–Kharagpur,PKU-KGP,140.953,Axle counter issue,Low,37,65,Point Machine Team,2026-11-10,high_defect_load,Open
SIG-26027-1638,2026-10-27,SMMS,Kharagpur–Gidni,KGP-GID,187.841,Preventive S&T maintenance,Low,23,65,Signal Testing Team,2026-11-10,high_conflict,Open
SIG-26027-1639,2026-10-27,SMMS,Howrah–Santragachi,HWH-SRC,1.686,Preventive S&T maintenance,Medium,62,30,Signal Testing Team,2026-11-03,resource_shortage,Open
SIG-26027-1640,2026-10-27,SMMS,Kharagpur–Gidni,KGP-GID,180.327,Axle counter issue,Low,25,65,Point Machine Team,2026-11-10,high_conflict,Planned
SIG-26027-1641,2026-10-27,SMMS,Kharagpur–Gidni,KGP-GID,190.102,Interlocking inspection,Low,37,20,Point Machine Team,2026-11-10,normal,Open
SIG-26027-1642,2026-10-27,SMMS,Kharagpur–Gidni,KGP-GID,202.7,Signal equipment defect,Medium,65,75,Signal Testing Team,2026-11-03,normal,Planned
SIG-26027-1643,2026-10-27,SMMS,Panskura–Kharagpur,PKU-KGP,139.596,Interlocking inspection,Medium,61,90,Telecom Maintenance Team,2026-11-03,critical_defect,Planned
SIG-26027-1644,2026-10-27,SMMS,Mecheda–Panskura,MCA-PKU,117.924,Preventive S&T maintenance,High,88,75,Point Machine Team,2026-10-30,cross_department_cluster,Open
SIG-26027-1645,2026-10-27,SMMS,Howrah–Santragachi,HWH-SRC,8.192,Track circuit testing,Medium,64,75,S&T Crew,2026-11-03,resource_shortage,Planned
SIG-26027-1646,2026-10-27,SMMS,Kharagpur–Gidni,KGP-GID,179.25,Interlocking inspection,Low,27,50,Signal Testing Team,2026-11-10,critical_defect,Under Review
SIG-26027-1647,2026-10-27,SMMS,Kharagpur–Gidni,KGP-GID,194.697,Signal failure,Medium,55,75,Point Machine Team,2026-11-03,resource_shortage,Open
SIG-26027-1648,2026-10-27,SMMS,Kharagpur–Gidni,KGP-GID,181.159,Preventive S&T maintenance,Medium,62,75,Signal Testing Team,2026-11-03,normal,Under Review
SIG-26027-1649,2026-10-27,SMMS,Kharagpur–Gidni,KGP-GID,209.247,Signal failure,Low,44,65,Point Machine Team,2026-11-10,resource_shortage,Under Review
SIG-26027-1650,2026-10-27,SMMS,Mecheda–Panskura,MCA-PKU,115.55,Signal failure,Low,23,35,Signal Testing Team,2026-11-10,high_defect_load,Open
SIG-26027-1651,2026-10-27,SMMS,Mecheda–Panskura,MCA-PKU,115.641,Signal equipment defect,Medium,51,75,Point Machine Team,2026-11-03,mixed_realistic,Under Review
SIG-26027-1652,2026-10-27,SMMS,Santragachi–Panskura,SRC-PKU,18.327,Point machine inspection,High,83,60,S&T Crew,2026-10-30,mixed_realistic,Open
SIG-26027-1653,2026-10-27,SMMS,Panskura–Kharagpur,PKU-KGP,158.124,Signal failure,Low,41,65,S&T Crew,2026-11-10,cross_department_cluster,Open
SIG-26027-1654,2026-10-27,SMMS,Panskura–Kharagpur,PKU-KGP,131.783,Track circuit testing,Medium,67,45,Telecom Maintenance Team,2026-11-03,critical_defect,Under Review
SIG-26027-1655,2026-10-27,SMMS,Santragachi–Panskura,SRC-PKU,29.778,Preventive S&T maintenance,Medium,65,45,S&T Crew,2026-11-03,resource_shortage,Open
SIG-26027-1656,2026-10-27,SMMS,Kharagpur–Gidni,KGP-GID,195.171,Signal failure,Critical,95,90,Point Machine Team,2026-10-28,high_conflict,Open
SIG-26027-1657,2026-10-27,SMMS,Panskura–Kharagpur,PKU-KGP,164.027,Track circuit testing,Medium,57,90,S&T Crew,2026-11-03,cross_department_cluster,Planned
SIG-26027-1658,2026-10-27,SMMS,Santragachi–Panskura,SRC-PKU,12.346,Signal failure,Low,20,65,S&T Crew,2026-11-10,high_conflict,Open
SIG-26027-1659,2026-10-27,SMMS,Mecheda–Panskura,MCA-PKU,120.289,Axle counter issue,Low,35,20,Point Machine Team,2026-11-10,normal,Under Review
SIG-26027-1660,2026-10-27,SMMS,Panskura–Kharagpur,PKU-KGP,139.505,Track circuit testing,Low,36,20,Telecom Maintenance Team,2026-11-10,heavy_train_traffic,Open
SIG-26027-1661,2026-10-27,SMMS,Santragachi–Panskura,SRC-PKU,65.67,Point machine inspection,Low,34,65,Signal Testing Team,2026-11-10,high_defect_load,Under Review
SIG-26027-1662,2026-10-27,SMMS,Kharagpur–Gidni,KGP-GID,174.814,Axle counter issue,High,85,105,S&T Crew,2026-10-30,heavy_train_traffic,Open
SIG-26027-1663,2026-10-27,SMMS,Panskura–Kharagpur,PKU-KGP,164.123,Signal equipment defect,Medium,46,45,Signal Testing Team,2026-11-03,cross_department_cluster,Open
SIG-26027-1664,2026-10-27,SMMS,Kharagpur–Gidni,KGP-GID,204.203,Signal equipment defect,Medium,47,45,S&T Crew,2026-11-03,heavy_train_traffic,Planned
SIG-26027-1665,2026-10-27,SMMS,Panskura–Kharagpur,PKU-KGP,152.35,Point machine inspection,High,76,105,S&T Crew,2026-10-30,mixed_realistic,Open
SIG-26027-1666,2026-10-27,SMMS,Mecheda–Panskura,MCA-PKU,118.125,Interlocking inspection,High,89,90,Telecom Maintenance Team,2026-10-30,cross_department_cluster,Open
SIG-26027-1667,2026-10-27,SMMS,Santragachi–Panskura,SRC-PKU,49.976,Point machine inspection,Medium,55,45,Signal Testing Team,2026-11-03,heavy_train_traffic,Open
SIG-26027-1668,2026-10-27,SMMS,Howrah–Santragachi,HWH-SRC,2.057,Preventive S&T maintenance,Medium,51,30,Point Machine Team,2026-11-03,mixed_realistic,Planned
SIG-26027-1669,2026-10-27,SMMS,Mecheda–Panskura,MCA-PKU,116.096,Signal equipment defect,High,84,45,Signal Testing Team,2026-10-30,mixed_realistic,Open
SIG-26027-1670,2026-10-27,SMMS,Santragachi–Panskura,SRC-PKU,19.483,Preventive S&T maintenance,Medium,61,30,Signal Testing Team,2026-11-03,high_conflict,Planned
SIG-26027-1671,2026-10-27,SMMS,Mecheda–Panskura,MCA-PKU,117.163,Signal equipment defect,Medium,51,90,Signal Testing Team,2026-11-03,critical_defect,Open
SIG-26027-1672,2026-10-27,SMMS,Mecheda–Panskura,MCA-PKU,122.59,Preventive S&T maintenance,High,87,75,Telecom Maintenance Team,2026-10-30,normal,Under Review
SIG-26027-1673,2026-10-27,SMMS,Kharagpur–Gidni,KGP-GID,190.712,Track circuit testing,Medium,57,60,Telecom Maintenance Team,2026-11-03,critical_defect,Open
SIG-26027-1674,2026-10-27,SMMS,Howrah–Santragachi,HWH-SRC,6.437,Preventive S&T maintenance,Medium,52,45,Signal Testing Team,2026-11-03,mixed_realistic,Under Review
SIG-26027-1675,2026-10-27,SMMS,Panskura–Kharagpur,PKU-KGP,149.285,Axle counter issue,Medium,57,75,Telecom Maintenance Team,2026-11-03,resource_shortage,Under Review
SIG-26027-1676,2026-10-27,SMMS,Howrah–Santragachi,HWH-SRC,1.547,Axle counter issue,High,72,75,S&T Crew,2026-10-30,normal,Planned
SIG-26027-1677,2026-10-27,SMMS,Santragachi–Panskura,SRC-PKU,57.715,Point machine inspection,Low,21,20,S&T Crew,2026-11-10,high_conflict,Open
SIG-26027-1678,2026-10-27,SMMS,Panskura–Kharagpur,PKU-KGP,140.247,Point machine inspection,Medium,68,75,S&T Crew,2026-11-03,high_defect_load,Open
SIG-26027-1679,2026-10-27,SMMS,Kharagpur–Gidni,KGP-GID,186.408,Interlocking inspection,Low,41,20,Point Machine Team,2026-11-10,heavy_train_traffic,Planned
SIG-26027-1680,2026-10-27,SMMS,Panskura–Kharagpur,PKU-KGP,142.449,Signal failure,Medium,69,60,Point Machine Team,2026-11-03,cross_department_cluster,Under Review
SIG-26027-1681,2026-10-27,SMMS,Mecheda–Panskura,MCA-PKU,123.117,Signal equipment defect,Medium,67,45,Signal Testing Team,2026-11-03,resource_shortage,Under Review
SIG-26027-1682,2026-10-27,SMMS,Howrah–Santragachi,HWH-SRC,5.491,Signal failure,Medium,46,60,Telecom Maintenance Team,2026-11-03,critical_defect,Open
SIG-26027-1683,2026-10-27,SMMS,Mecheda–Panskura,MCA-PKU,117.832,Interlocking inspection,Low,22,65,Point Machine Team,2026-11-10,cross_department_cluster,Planned
SIG-26027-1684,2026-10-27,SMMS,Mecheda–Panskura,MCA-PKU,117.82,Preventive S&T maintenance,Low,43,65,Point Machine Team,2026-11-10,cross_department_cluster,Open
SIG-26027-1685,2026-10-27,SMMS,Howrah–Santragachi,HWH-SRC,9.266,Signal equipment defect,Medium,62,90,Point Machine Team,2026-11-03,high_defect_load,Open
SIG-26027-1686,2026-10-27,SMMS,Kharagpur–Gidni,KGP-GID,214.254,Preventive S&T maintenance,Medium,67,45,S&T Crew,2026-11-03,high_conflict,Open
SIG-26027-1687,2026-10-27,SMMS,Howrah–Santragachi,HWH-SRC,8.043,Signal equipment defect,Medium,69,30,Telecom Maintenance Team,2026-11-03,normal,Open
SIG-26027-1688,2026-10-27,SMMS,Santragachi–Panskura,SRC-PKU,97.25,Axle counter issue,Medium,67,30,Telecom Maintenance Team,2026-11-03,resource_shortage,Under Review
SIG-26027-1689,2026-10-27,SMMS,Kharagpur–Gidni,KGP-GID,204.937,Axle counter issue,High,82,45,Signal Testing Team,2026-10-30,high_conflict,Open
SIG-26027-1690,2026-10-27,SMMS,Kharagpur–Gidni,KGP-GID,176.85,Signal equipment defect,High,89,45,Point Machine Team,2026-10-30,mixed_realistic,Open
SIG-26027-1691,2026-10-28,SMMS,Panskura–Kharagpur,PKU-KGP,158.041,Preventive S&T maintenance,Medium,61,30,S&T Crew,2026-11-04,cross_department_cluster,Open
SIG-26027-1692,2026-10-28,SMMS,Howrah–Santragachi,HWH-SRC,3.152,Point machine inspection,Medium,52,45,Point Machine Team,2026-11-04,high_defect_load,Open
SIG-26027-1693,2026-10-28,SMMS,Mecheda–Panskura,MCA-PKU,121.207,Signal failure,High,78,45,S&T Crew,2026-10-31,resource_shortage,Open
SIG-26027-1694,2026-10-28,SMMS,Howrah–Santragachi,HWH-SRC,11.646,Axle counter issue,Critical,95,105,Signal Testing Team,2026-10-29,high_defect_load,Open
SIG-26027-1695,2026-10-28,SMMS,Santragachi–Panskura,SRC-PKU,64.012,Point machine inspection,Critical,92,105,Point Machine Team,2026-10-29,resource_shortage,Open
SIG-26027-1696,2026-10-28,SMMS,Panskura–Kharagpur,PKU-KGP,164.682,Track circuit testing,High,81,90,Telecom Maintenance Team,2026-10-31,cross_department_cluster,Open
SIG-26027-1697,2026-10-28,SMMS,Mecheda–Panskura,MCA-PKU,124.167,Signal failure,Low,41,50,S&T Crew,2026-11-11,heavy_train_traffic,Under Review
SIG-26027-1698,2026-10-28,SMMS,Howrah–Santragachi,HWH-SRC,9.686,Signal equipment defect,Medium,60,75,S&T Crew,2026-11-04,resource_shortage,Planned
SIG-26027-1699,2026-10-28,SMMS,Mecheda–Panskura,MCA-PKU,117.17,Axle counter issue,High,77,75,Telecom Maintenance Team,2026-10-31,critical_defect,Planned
SIG-26027-1700,2026-10-28,SMMS,Mecheda–Panskura,MCA-PKU,119.539,Signal equipment defect,High,73,90,Telecom Maintenance Team,2026-10-31,critical_defect,Open
SIG-26027-1701,2026-10-28,SMMS,Kharagpur–Gidni,KGP-GID,182.967,Signal failure,Low,43,65,Point Machine Team,2026-11-11,heavy_train_traffic,Under Review
SIG-26027-1702,2026-10-28,SMMS,Santragachi–Panskura,SRC-PKU,58.467,Signal equipment defect,Medium,54,90,S&T Crew,2026-11-04,resource_shortage,Open
SIG-26027-1703,2026-10-28,SMMS,Panskura–Kharagpur,PKU-KGP,141.007,Point machine inspection,Medium,59,60,S&T Crew,2026-11-04,high_defect_load,Open
SIG-26027-1704,2026-10-28,SMMS,Panskura–Kharagpur,PKU-KGP,158.229,Axle counter issue,Medium,55,30,Signal Testing Team,2026-11-04,cross_department_cluster,Under Review
SIG-26027-1705,2026-10-28,SMMS,Santragachi–Panskura,SRC-PKU,24.047,Signal equipment defect,High,89,75,Telecom Maintenance Team,2026-10-31,high_conflict,Open
SIG-26027-1706,2026-10-28,SMMS,Kharagpur–Gidni,KGP-GID,199.554,Interlocking inspection,High,86,60,S&T Crew,2026-10-31,high_defect_load,Under Review
SIG-26027-1707,2026-10-28,SMMS,Mecheda–Panskura,MCA-PKU,123.238,Track circuit testing,Medium,63,90,Point Machine Team,2026-11-04,normal,Open
SIG-26027-1708,2026-10-28,SMMS,Santragachi–Panskura,SRC-PKU,67.729,Preventive S&T maintenance,Low,40,20,Telecom Maintenance Team,2026-11-11,high_conflict,Under Review
SIG-26027-1709,2026-10-28,SMMS,Santragachi–Panskura,SRC-PKU,84.158,Axle counter issue,Medium,53,75,S&T Crew,2026-11-04,critical_defect,Open
SIG-26027-1710,2026-10-28,SMMS,Mecheda–Panskura,MCA-PKU,120.903,Signal equipment defect,Medium,51,60,Telecom Maintenance Team,2026-11-04,normal,Open
SIG-26027-1711,2026-10-28,SMMS,Kharagpur–Gidni,KGP-GID,173.133,Axle counter issue,Medium,57,75,Telecom Maintenance Team,2026-11-04,critical_defect,Open
SIG-26027-1712,2026-10-28,SMMS,Kharagpur–Gidni,KGP-GID,184.753,Interlocking inspection,Low,43,35,Telecom Maintenance Team,2026-11-11,resource_shortage,Open
SIG-26027-1713,2026-10-28,SMMS,Howrah–Santragachi,HWH-SRC,4.432,Interlocking inspection,Medium,58,45,Signal Testing Team,2026-11-04,resource_shortage,Under Review
SIG-26027-1714,2026-10-28,SMMS,Santragachi–Panskura,SRC-PKU,20.357,Preventive S&T maintenance,Low,43,50,S&T Crew,2026-11-11,high_defect_load,Under Review
SIG-26027-1715,2026-10-28,SMMS,Howrah–Santragachi,HWH-SRC,1.648,Axle counter issue,Medium,64,30,Telecom Maintenance Team,2026-11-04,high_conflict,Open
SIG-26027-1716,2026-10-28,SMMS,Panskura–Kharagpur,PKU-KGP,135.181,Signal equipment defect,Low,20,20,Signal Testing Team,2026-11-11,critical_defect,Open
SIG-26027-1717,2026-10-28,SMMS,Howrah–Santragachi,HWH-SRC,9.009,Track circuit testing,Medium,63,60,Telecom Maintenance Team,2026-11-04,critical_defect,Open
SIG-26027-1718,2026-10-28,SMMS,Panskura–Kharagpur,PKU-KGP,164.051,Signal equipment defect,Medium,68,90,S&T Crew,2026-11-04,cross_department_cluster,Open
SIG-26027-1719,2026-10-28,SMMS,Mecheda–Panskura,MCA-PKU,124.92,Preventive S&T maintenance,High,85,75,Telecom Maintenance Team,2026-10-31,mixed_realistic,Under Review
SIG-26027-1720,2026-10-28,SMMS,Howrah–Santragachi,HWH-SRC,1.368,Signal failure,Low,36,65,S&T Crew,2026-11-11,high_conflict,Under Review
SIG-26027-1721,2026-10-28,SMMS,Mecheda–Panskura,MCA-PKU,117.666,Axle counter issue,Low,20,50,Point Machine Team,2026-11-11,normal,Open
SIG-26027-1722,2026-10-28,SMMS,Howrah–Santragachi,HWH-SRC,0.162,Track circuit testing,Medium,49,45,Point Machine Team,2026-11-04,high_conflict,Open
SIG-26027-1723,2026-10-28,SMMS,Kharagpur–Gidni,KGP-GID,208.98,Signal failure,Medium,59,45,S&T Crew,2026-11-04,high_defect_load,Planned
SIG-26027-1724,2026-10-28,SMMS,Santragachi–Panskura,SRC-PKU,24.173,Point machine inspection,High,82,105,Telecom Maintenance Team,2026-10-31,heavy_train_traffic,Open
SIG-26027-1725,2026-10-28,SMMS,Panskura–Kharagpur,PKU-KGP,164.323,Axle counter issue,Medium,45,60,Telecom Maintenance Team,2026-11-04,cross_department_cluster,Open
SIG-26027-1726,2026-10-28,SMMS,Panskura–Kharagpur,PKU-KGP,159.167,Track circuit testing,Critical,98,75,S&T Crew,2026-10-29,normal,Open
SIG-26027-1727,2026-10-28,SMMS,Panskura–Kharagpur,PKU-KGP,131.329,Preventive S&T maintenance,Low,32,35,S&T Crew,2026-11-11,high_defect_load,Open
SIG-26027-1728,2026-10-28,SMMS,Kharagpur–Gidni,KGP-GID,189.734,Track circuit testing,Low,39,20,Signal Testing Team,2026-11-11,normal,Open
SIG-26027-1729,2026-10-28,SMMS,Panskura–Kharagpur,PKU-KGP,165.794,Preventive S&T maintenance,High,79,60,S&T Crew,2026-10-31,critical_defect,Open
SIG-26027-1730,2026-10-28,SMMS,Mecheda–Panskura,MCA-PKU,121.143,Interlocking inspection,Medium,62,90,Point Machine Team,2026-11-04,mixed_realistic,Open
SIG-26027-1731,2026-10-28,SMMS,Panskura–Kharagpur,PKU-KGP,138.847,Point machine inspection,Low,21,65,Signal Testing Team,2026-11-11,critical_defect,Open
SIG-26027-1732,2026-10-28,SMMS,Howrah–Santragachi,HWH-SRC,4.29,Signal failure,Medium,50,30,S&T Crew,2026-11-04,critical_defect,Open
SIG-26027-1733,2026-10-28,SMMS,Howrah–Santragachi,HWH-SRC,6.568,Axle counter issue,Critical,100,45,Signal Testing Team,2026-10-29,mixed_realistic,Planned
SIG-26027-1734,2026-10-28,SMMS,Panskura–Kharagpur,PKU-KGP,164.501,Signal equipment defect,Medium,52,60,Signal Testing Team,2026-11-04,cross_department_cluster,Open
SIG-26027-1735,2026-10-28,SMMS,Kharagpur–Gidni,KGP-GID,203.615,Signal failure,Medium,63,45,Signal Testing Team,2026-11-04,mixed_realistic,Planned
SIG-26027-1736,2026-10-28,SMMS,Panskura–Kharagpur,PKU-KGP,169.974,Preventive S&T maintenance,Medium,51,60,Signal Testing Team,2026-11-04,heavy_train_traffic,Under Review
SIG-26027-1737,2026-10-28,SMMS,Kharagpur–Gidni,KGP-GID,211.192,Interlocking inspection,Low,42,65,Signal Testing Team,2026-11-11,heavy_train_traffic,Open
SIG-26027-1738,2026-10-28,SMMS,Howrah–Santragachi,HWH-SRC,0.444,Axle counter issue,Medium,64,60,Telecom Maintenance Team,2026-11-04,heavy_train_traffic,Under Review
SIG-26027-1739,2026-10-28,SMMS,Kharagpur–Gidni,KGP-GID,213.111,Preventive S&T maintenance,Low,30,35,Point Machine Team,2026-11-11,resource_shortage,Open
SIG-26027-1740,2026-10-28,SMMS,Mecheda–Panskura,MCA-PKU,117.831,Point machine inspection,Critical,94,75,Signal Testing Team,2026-10-29,normal,Open
SIG-26027-1741,2026-10-28,SMMS,Kharagpur–Gidni,KGP-GID,180.765,Point machine inspection,High,77,90,Point Machine Team,2026-10-31,mixed_realistic,Open
SIG-26027-1742,2026-10-28,SMMS,Panskura–Kharagpur,PKU-KGP,164.75,Signal equipment defect,Medium,66,90,Point Machine Team,2026-11-04,high_conflict,Under Review
SIG-26027-1743,2026-10-28,SMMS,Panskura–Kharagpur,PKU-KGP,127.273,Signal equipment defect,Medium,50,75,S&T Crew,2026-11-04,heavy_train_traffic,Under Review
SIG-26027-1744,2026-10-28,SMMS,Kharagpur–Gidni,KGP-GID,184.964,Axle counter issue,Medium,54,45,Telecom Maintenance Team,2026-11-04,high_defect_load,Planned
SIG-26027-1745,2026-10-28,SMMS,Santragachi–Panskura,SRC-PKU,81.355,Axle counter issue,High,74,90,Point Machine Team,2026-10-31,critical_defect,Planned
SIG-26027-1746,2026-10-28,SMMS,Mecheda–Panskura,MCA-PKU,124.266,Preventive S&T maintenance,Low,41,65,Telecom Maintenance Team,2026-11-11,normal,Open
SIG-26027-1747,2026-10-28,SMMS,Santragachi–Panskura,SRC-PKU,22.859,Interlocking inspection,High,75,60,Signal Testing Team,2026-10-31,high_defect_load,Open
SIG-26027-1748,2026-10-28,SMMS,Mecheda–Panskura,MCA-PKU,122.988,Signal equipment defect,Low,31,35,Point Machine Team,2026-11-11,high_conflict,Planned
SIG-26027-1749,2026-10-28,SMMS,Panskura–Kharagpur,PKU-KGP,142.848,Interlocking inspection,Medium,47,90,Point Machine Team,2026-11-04,cross_department_cluster,Open
SIG-26027-1750,2026-10-28,SMMS,Howrah–Santragachi,HWH-SRC,7.163,Axle counter issue,Low,44,35,Signal Testing Team,2026-11-11,high_conflict,Open
SIG-26027-1751,2026-10-28,SMMS,Kharagpur–Gidni,KGP-GID,185.484,Track circuit testing,Medium,53,30,Telecom Maintenance Team,2026-11-04,mixed_realistic,Open
SIG-26027-1752,2026-10-28,SMMS,Santragachi–Panskura,SRC-PKU,15.824,Signal equipment defect,Low,26,50,Signal Testing Team,2026-11-11,high_conflict,Open
SIG-26027-1753,2026-10-28,SMMS,Panskura–Kharagpur,PKU-KGP,164.616,Preventive S&T maintenance,Medium,61,75,Telecom Maintenance Team,2026-11-04,cross_department_cluster,Under Review
SIG-26027-1754,2026-10-28,SMMS,Mecheda–Panskura,MCA-PKU,121.961,Signal equipment defect,Low,28,20,S&T Crew,2026-11-11,heavy_train_traffic,Planned
SIG-26027-1755,2026-10-28,SMMS,Panskura–Kharagpur,PKU-KGP,164.658,Axle counter issue,High,85,60,Telecom Maintenance Team,2026-10-31,cross_department_cluster,Under Review
SIG-26027-1756,2026-10-29,SMMS,Howrah–Santragachi,HWH-SRC,1.678,Interlocking inspection,Medium,60,30,Telecom Maintenance Team,2026-11-05,heavy_train_traffic,Open
SIG-26027-1757,2026-10-29,SMMS,Howrah–Santragachi,HWH-SRC,4.168,Point machine inspection,Critical,96,75,Telecom Maintenance Team,2026-10-30,heavy_train_traffic,Under Review
SIG-26027-1758,2026-10-29,SMMS,Santragachi–Panskura,SRC-PKU,52.424,Axle counter issue,Low,21,65,Telecom Maintenance Team,2026-11-12,critical_defect,Planned
SIG-26027-1759,2026-10-29,SMMS,Santragachi–Panskura,SRC-PKU,76.831,Track circuit testing,High,80,45,Signal Testing Team,2026-11-01,high_defect_load,Open
SIG-26027-1760,2026-10-29,SMMS,Kharagpur–Gidni,KGP-GID,182.263,Axle counter issue,Medium,52,30,S&T Crew,2026-11-05,high_conflict,Under Review
SIG-26027-1761,2026-10-29,SMMS,Howrah–Santragachi,HWH-SRC,4.977,Point machine inspection,Critical,97,60,Signal Testing Team,2026-10-30,critical_defect,Planned
SIG-26027-1762,2026-10-29,SMMS,Mecheda–Panskura,MCA-PKU,119.291,Track circuit testing,Medium,52,60,Signal Testing Team,2026-11-05,resource_shortage,Open
SIG-26027-1763,2026-10-29,SMMS,Santragachi–Panskura,SRC-PKU,111.43,Signal equipment defect,Medium,58,75,Telecom Maintenance Team,2026-11-05,heavy_train_traffic,Open
SIG-26027-1764,2026-10-29,SMMS,Panskura–Kharagpur,PKU-KGP,162.836,Point machine inspection,Medium,67,90,Point Machine Team,2026-11-05,normal,Planned
SIG-26027-1765,2026-10-29,SMMS,Howrah–Santragachi,HWH-SRC,3.03,Signal equipment defect,Medium,59,75,Signal Testing Team,2026-11-05,heavy_train_traffic,Planned
SIG-26027-1766,2026-10-29,SMMS,Howrah–Santragachi,HWH-SRC,1.772,Signal equipment defect,Medium,68,45,Telecom Maintenance Team,2026-11-05,heavy_train_traffic,Open
SIG-26027-1767,2026-10-29,SMMS,Mecheda–Panskura,MCA-PKU,123.168,Point machine inspection,High,84,75,S&T Crew,2026-11-01,critical_defect,Open
SIG-26027-1768,2026-10-29,SMMS,Mecheda–Panskura,MCA-PKU,119.222,Signal equipment defect,Medium,68,30,Telecom Maintenance Team,2026-11-05,resource_shortage,Open
SIG-26027-1769,2026-10-29,SMMS,Panskura–Kharagpur,PKU-KGP,142.279,Signal equipment defect,Medium,60,30,S&T Crew,2026-11-05,cross_department_cluster,Open
SIG-26027-1770,2026-10-29,SMMS,Santragachi–Panskura,SRC-PKU,29.238,Track circuit testing,Medium,63,45,Telecom Maintenance Team,2026-11-05,high_conflict,Under Review
SIG-26027-1771,2026-10-29,SMMS,Mecheda–Panskura,MCA-PKU,118.493,Signal failure,High,86,45,Point Machine Team,2026-11-01,cross_department_cluster,Open
SIG-26027-1772,2026-10-29,SMMS,Kharagpur–Gidni,KGP-GID,171.531,Interlocking inspection,High,84,45,Point Machine Team,2026-11-01,heavy_train_traffic,Planned
SIG-26027-1773,2026-10-29,SMMS,Mecheda–Panskura,MCA-PKU,120.705,Preventive S&T maintenance,Medium,67,90,S&T Crew,2026-11-05,high_defect_load,Open
SIG-26027-1774,2026-10-29,SMMS,Kharagpur–Gidni,KGP-GID,188.29,Axle counter issue,Medium,54,90,S&T Crew,2026-11-05,high_defect_load,Under Review
SIG-26027-1775,2026-10-29,SMMS,Panskura–Kharagpur,PKU-KGP,157.604,Preventive S&T maintenance,Medium,53,30,Point Machine Team,2026-11-05,cross_department_cluster,Open
SIG-26027-1776,2026-10-29,SMMS,Kharagpur–Gidni,KGP-GID,178.0,Track circuit testing,Medium,51,45,Signal Testing Team,2026-11-05,normal,Under Review
SIG-26027-1777,2026-10-29,SMMS,Mecheda–Panskura,MCA-PKU,118.012,Signal failure,Low,33,50,Point Machine Team,2026-11-12,heavy_train_traffic,Under Review
SIG-26027-1778,2026-10-29,SMMS,Mecheda–Panskura,MCA-PKU,117.939,Axle counter issue,Medium,50,45,S&T Crew,2026-11-05,cross_department_cluster,Open
SIG-26027-1779,2026-10-29,SMMS,Howrah–Santragachi,HWH-SRC,3.769,Axle counter issue,Medium,54,90,Telecom Maintenance Team,2026-11-05,normal,Open
SIG-26027-1780,2026-10-29,SMMS,Santragachi–Panskura,SRC-PKU,50.173,Point machine inspection,Medium,57,60,S&T Crew,2026-11-05,high_defect_load,Under Review
SIG-26027-1781,2026-10-29,SMMS,Howrah–Santragachi,HWH-SRC,6.863,Preventive S&T maintenance,Low,26,50,Signal Testing Team,2026-11-12,resource_shortage,Under Review
SIG-26027-1782,2026-10-29,SMMS,Panskura–Kharagpur,PKU-KGP,137.157,Signal equipment defect,Medium,45,30,Point Machine Team,2026-11-05,mixed_realistic,Open
SIG-26027-1783,2026-10-29,SMMS,Panskura–Kharagpur,PKU-KGP,164.109,Interlocking inspection,Low,27,50,Signal Testing Team,2026-11-12,cross_department_cluster,Open
SIG-26027-1784,2026-10-29,SMMS,Kharagpur–Gidni,KGP-GID,181.856,Track circuit testing,Medium,59,75,Telecom Maintenance Team,2026-11-05,mixed_realistic,Open
SIG-26027-1785,2026-10-29,SMMS,Santragachi–Panskura,SRC-PKU,53.456,Preventive S&T maintenance,High,79,75,Telecom Maintenance Team,2026-11-01,high_conflict,Open
SIG-26027-1786,2026-10-29,SMMS,Kharagpur–Gidni,KGP-GID,188.37,Track circuit testing,High,81,45,Telecom Maintenance Team,2026-11-01,resource_shortage,Under Review
SIG-26027-1787,2026-10-29,SMMS,Santragachi–Panskura,SRC-PKU,48.296,Interlocking inspection,Medium,61,90,Telecom Maintenance Team,2026-11-05,normal,Open
SIG-26027-1788,2026-10-29,SMMS,Kharagpur–Gidni,KGP-GID,180.902,Signal equipment defect,High,73,45,Telecom Maintenance Team,2026-11-01,mixed_realistic,Open
SIG-26027-1789,2026-10-29,SMMS,Kharagpur–Gidni,KGP-GID,192.328,Preventive S&T maintenance,High,76,45,Signal Testing Team,2026-11-01,high_conflict,Open
SIG-26027-1790,2026-10-29,SMMS,Panskura–Kharagpur,PKU-KGP,157.706,Signal equipment defect,Medium,59,60,Signal Testing Team,2026-11-05,cross_department_cluster,Open
SIG-26027-1791,2026-10-29,SMMS,Howrah–Santragachi,HWH-SRC,11.228,Track circuit testing,Low,43,35,S&T Crew,2026-11-12,mixed_realistic,Open
SIG-26027-1792,2026-10-29,SMMS,Kharagpur–Gidni,KGP-GID,195.053,Signal equipment defect,Critical,92,60,Telecom Maintenance Team,2026-10-30,high_defect_load,Open
SIG-26027-1793,2026-10-29,SMMS,Panskura–Kharagpur,PKU-KGP,139.386,Signal equipment defect,Low,32,20,Point Machine Team,2026-11-12,heavy_train_traffic,Planned
SIG-26027-1794,2026-10-29,SMMS,Kharagpur–Gidni,KGP-GID,171.898,Track circuit testing,High,80,45,Telecom Maintenance Team,2026-11-01,resource_shortage,Open
SIG-26027-1795,2026-10-29,SMMS,Panskura–Kharagpur,PKU-KGP,157.651,Axle counter issue,Medium,46,45,Point Machine Team,2026-11-05,cross_department_cluster,Open
SIG-26027-1796,2026-10-29,SMMS,Mecheda–Panskura,MCA-PKU,116.313,Track circuit testing,High,89,105,S&T Crew,2026-11-01,mixed_realistic,Open
SIG-26027-1797,2026-10-29,SMMS,Panskura–Kharagpur,PKU-KGP,134.869,Signal equipment defect,Medium,64,45,S&T Crew,2026-11-05,high_conflict,Open
SIG-26027-1798,2026-10-29,SMMS,Howrah–Santragachi,HWH-SRC,1.881,Point machine inspection,High,81,90,S&T Crew,2026-11-01,mixed_realistic,Planned
SIG-26027-1799,2026-10-29,SMMS,Panskura–Kharagpur,PKU-KGP,142.87,Interlocking inspection,High,82,90,S&T Crew,2026-11-01,cross_department_cluster,Open
SIG-26027-1800,2026-10-29,SMMS,Panskura–Kharagpur,PKU-KGP,164.416,Track circuit testing,Medium,58,30,Telecom Maintenance Team,2026-11-05,cross_department_cluster,Open
SIG-26027-1801,2026-10-29,SMMS,Kharagpur–Gidni,KGP-GID,197.441,Signal failure,Medium,61,30,Signal Testing Team,2026-11-05,resource_shortage,Open
SIG-26027-1802,2026-10-29,SMMS,Howrah–Santragachi,HWH-SRC,3.493,Axle counter issue,Medium,64,75,Telecom Maintenance Team,2026-11-05,high_conflict,Open
SIG-26027-1803,2026-10-29,SMMS,Howrah–Santragachi,HWH-SRC,10.764,Signal equipment defect,Critical,90,120,Telecom Maintenance Team,2026-10-30,mixed_realistic,Planned
SIG-26027-1804,2026-10-29,SMMS,Panskura–Kharagpur,PKU-KGP,157.848,Track circuit testing,Medium,66,45,Signal Testing Team,2026-11-05,cross_department_cluster,Open
SIG-26027-1805,2026-10-29,SMMS,Panskura–Kharagpur,PKU-KGP,157.786,Signal equipment defect,Low,25,20,S&T Crew,2026-11-12,cross_department_cluster,Open
SIG-26027-1806,2026-10-29,SMMS,Santragachi–Panskura,SRC-PKU,93.339,Signal equipment defect,High,79,105,Point Machine Team,2026-11-01,mixed_realistic,Under Review
SIG-26027-1807,2026-10-29,SMMS,Santragachi–Panskura,SRC-PKU,103.127,Track circuit testing,High,75,60,Point Machine Team,2026-11-01,heavy_train_traffic,Open
SIG-26027-1808,2026-10-29,SMMS,Mecheda–Panskura,MCA-PKU,117.987,Axle counter issue,Medium,49,90,Telecom Maintenance Team,2026-11-05,cross_department_cluster,Open
SIG-26027-1809,2026-10-29,SMMS,Mecheda–Panskura,MCA-PKU,122.092,Track circuit testing,Low,35,20,Telecom Maintenance Team,2026-11-12,high_conflict,Open
SIG-26027-1810,2026-10-29,SMMS,Kharagpur–Gidni,KGP-GID,206.179,Preventive S&T maintenance,Low,35,50,S&T Crew,2026-11-12,high_defect_load,Open
SIG-26027-1811,2026-10-29,SMMS,Panskura–Kharagpur,PKU-KGP,144.917,Signal failure,Medium,54,60,S&T Crew,2026-11-05,heavy_train_traffic,Open
SIG-26027-1812,2026-10-29,SMMS,Santragachi–Panskura,SRC-PKU,84.535,Signal equipment defect,High,81,45,S&T Crew,2026-11-01,heavy_train_traffic,Open
SIG-26027-1813,2026-10-29,SMMS,Mecheda–Panskura,MCA-PKU,123.175,Point machine inspection,Medium,50,90,Signal Testing Team,2026-11-05,high_defect_load,Open
SIG-26027-1814,2026-10-29,SMMS,Howrah–Santragachi,HWH-SRC,9.956,Preventive S&T maintenance,Critical,99,105,Telecom Maintenance Team,2026-10-30,resource_shortage,Under Review
SIG-26027-1815,2026-10-29,SMMS,Santragachi–Panskura,SRC-PKU,41.167,Preventive S&T maintenance,Low,28,50,Point Machine Team,2026-11-12,high_conflict,Planned
SIG-26027-1816,2026-10-29,SMMS,Santragachi–Panskura,SRC-PKU,24.791,Signal equipment defect,High,72,105,Telecom Maintenance Team,2026-11-01,resource_shortage,Open
SIG-26027-1817,2026-10-29,SMMS,Santragachi–Panskura,SRC-PKU,15.394,Track circuit testing,Medium,61,30,Signal Testing Team,2026-11-05,resource_shortage,Open
SIG-26027-1818,2026-10-29,SMMS,Santragachi–Panskura,SRC-PKU,88.765,Interlocking inspection,Medium,49,30,S&T Crew,2026-11-05,normal,Open
SIG-26027-1819,2026-10-29,SMMS,Mecheda–Panskura,MCA-PKU,124.718,Track circuit testing,Medium,53,90,S&T Crew,2026-11-05,high_conflict,Under Review
SIG-26027-1820,2026-10-29,SMMS,Santragachi–Panskura,SRC-PKU,69.616,Interlocking inspection,Low,31,65,S&T Crew,2026-11-12,high_defect_load,Under Review
SIG-26027-1821,2026-10-30,SMMS,Panskura–Kharagpur,PKU-KGP,157.82,Interlocking inspection,High,72,45,Signal Testing Team,2026-11-02,cross_department_cluster,Open
SIG-26027-1822,2026-10-30,SMMS,Santragachi–Panskura,SRC-PKU,85.215,Signal equipment defect,High,85,60,S&T Crew,2026-11-02,mixed_realistic,Open
SIG-26027-1823,2026-10-30,SMMS,Santragachi–Panskura,SRC-PKU,12.728,Track circuit testing,Medium,69,60,Telecom Maintenance Team,2026-11-06,mixed_realistic,Open
SIG-26027-1824,2026-10-30,SMMS,Santragachi–Panskura,SRC-PKU,110.956,Axle counter issue,Medium,64,75,Point Machine Team,2026-11-06,critical_defect,Planned
SIG-26027-1825,2026-10-30,SMMS,Mecheda–Panskura,MCA-PKU,123.14,Signal failure,Medium,55,45,Point Machine Team,2026-11-06,resource_shortage,Planned
SIG-26027-1826,2026-10-30,SMMS,Mecheda–Panskura,MCA-PKU,122.088,Axle counter issue,Low,24,65,S&T Crew,2026-11-13,high_conflict,Open
SIG-26027-1827,2026-10-30,SMMS,Santragachi–Panskura,SRC-PKU,66.616,Track circuit testing,Medium,61,45,Point Machine Team,2026-11-06,heavy_train_traffic,Open
SIG-26027-1828,2026-10-30,SMMS,Kharagpur–Gidni,KGP-GID,187.376,Interlocking inspection,Low,36,35,Telecom Maintenance Team,2026-11-13,mixed_realistic,Planned
SIG-26027-1829,2026-10-30,SMMS,Kharagpur–Gidni,KGP-GID,179.488,Point machine inspection,Medium,48,60,Signal Testing Team,2026-11-06,resource_shortage,Open
SIG-26027-1830,2026-10-30,SMMS,Santragachi–Panskura,SRC-PKU,111.628,Axle counter issue,High,81,105,Signal Testing Team,2026-11-02,critical_defect,Open
SIG-26027-1831,2026-10-30,SMMS,Panskura–Kharagpur,PKU-KGP,142.688,Preventive S&T maintenance,Medium,53,60,S&T Crew,2026-11-06,cross_department_cluster,Open
SIG-26027-1832,2026-10-30,SMMS,Kharagpur–Gidni,KGP-GID,197.703,Preventive S&T maintenance,Medium,48,45,S&T Crew,2026-11-06,heavy_train_traffic,Open
SIG-26027-1833,2026-10-30,SMMS,Kharagpur–Gidni,KGP-GID,195.362,Signal failure,High,72,105,Telecom Maintenance Team,2026-11-02,resource_shortage,Planned
SIG-26027-1834,2026-10-30,SMMS,Panskura–Kharagpur,PKU-KGP,157.706,Preventive S&T maintenance,Low,29,65,Point Machine Team,2026-11-13,cross_department_cluster,Open
SIG-26027-1835,2026-10-30,SMMS,Howrah–Santragachi,HWH-SRC,3.615,Signal equipment defect,Medium,67,75,Signal Testing Team,2026-11-06,normal,Planned
SIG-26027-1836,2026-10-30,SMMS,Panskura–Kharagpur,PKU-KGP,135.729,Axle counter issue,Medium,65,90,Point Machine Team,2026-11-06,high_conflict,Under Review
SIG-26027-1837,2026-10-30,SMMS,Howrah–Santragachi,HWH-SRC,3.54,Point machine inspection,Low,34,65,Telecom Maintenance Team,2026-11-13,resource_shortage,Open
SIG-26027-1838,2026-10-30,SMMS,Panskura–Kharagpur,PKU-KGP,157.934,Point machine inspection,Medium,59,45,Signal Testing Team,2026-11-06,critical_defect,Open
SIG-26027-1839,2026-10-30,SMMS,Panskura–Kharagpur,PKU-KGP,126.872,Interlocking inspection,Medium,62,90,Point Machine Team,2026-11-06,normal,Open
SIG-26027-1840,2026-10-30,SMMS,Panskura–Kharagpur,PKU-KGP,127.147,Signal equipment defect,Medium,62,60,S&T Crew,2026-11-06,mixed_realistic,Open
SIG-26027-1841,2026-10-30,SMMS,Panskura–Kharagpur,PKU-KGP,142.526,Point machine inspection,Medium,62,60,Signal Testing Team,2026-11-06,cross_department_cluster,Planned
SIG-26027-1842,2026-10-30,SMMS,Santragachi–Panskura,SRC-PKU,43.422,Axle counter issue,High,72,75,Telecom Maintenance Team,2026-11-02,resource_shortage,Open
SIG-26027-1843,2026-10-30,SMMS,Kharagpur–Gidni,KGP-GID,211.944,Signal equipment defect,High,80,45,Point Machine Team,2026-11-02,high_defect_load,Open
SIG-26027-1844,2026-10-30,SMMS,Howrah–Santragachi,HWH-SRC,0.666,Point machine inspection,Medium,51,30,S&T Crew,2026-11-06,normal,Under Review
SIG-26027-1845,2026-10-30,SMMS,Panskura–Kharagpur,PKU-KGP,155.735,Point machine inspection,High,84,60,Signal Testing Team,2026-11-02,critical_defect,Open
SIG-26027-1846,2026-10-30,SMMS,Mecheda–Panskura,MCA-PKU,123.452,Signal failure,Medium,62,75,Signal Testing Team,2026-11-06,mixed_realistic,Open
SIG-26027-1847,2026-10-30,SMMS,Kharagpur–Gidni,KGP-GID,190.864,Signal failure,Medium,56,90,Point Machine Team,2026-11-06,high_defect_load,Open
SIG-26027-1848,2026-10-30,SMMS,Mecheda–Panskura,MCA-PKU,116.903,Preventive S&T maintenance,Medium,59,60,Point Machine Team,2026-11-06,high_defect_load,Planned
SIG-26027-1849,2026-10-30,SMMS,Panskura–Kharagpur,PKU-KGP,142.622,Track circuit testing,Medium,45,30,Telecom Maintenance Team,2026-11-06,cross_department_cluster,Planned
SIG-26027-1850,2026-10-30,SMMS,Santragachi–Panskura,SRC-PKU,84.364,Point machine inspection,High,84,45,Point Machine Team,2026-11-02,heavy_train_traffic,Open
SIG-26027-1851,2026-10-30,SMMS,Panskura–Kharagpur,PKU-KGP,142.501,Preventive S&T maintenance,Low,42,20,Telecom Maintenance Team,2026-11-13,cross_department_cluster,Open
SIG-26027-1852,2026-10-30,SMMS,Panskura–Kharagpur,PKU-KGP,141.708,Interlocking inspection,Medium,55,90,Signal Testing Team,2026-11-06,high_conflict,Open
SIG-26027-1853,2026-10-30,SMMS,Santragachi–Panskura,SRC-PKU,28.111,Axle counter issue,High,83,60,Point Machine Team,2026-11-02,high_defect_load,Under Review
SIG-26027-1854,2026-10-30,SMMS,Howrah–Santragachi,HWH-SRC,1.967,Axle counter issue,Medium,61,75,S&T Crew,2026-11-06,heavy_train_traffic,Open
SIG-26027-1855,2026-10-30,SMMS,Panskura–Kharagpur,PKU-KGP,156.207,Interlocking inspection,Medium,52,30,Point Machine Team,2026-11-06,resource_shortage,Open
SIG-26027-1856,2026-10-30,SMMS,Panskura–Kharagpur,PKU-KGP,158.176,Interlocking inspection,Medium,49,90,S&T Crew,2026-11-06,cross_department_cluster,Under Review
SIG-26027-1857,2026-10-30,SMMS,Mecheda–Panskura,MCA-PKU,117.932,Axle counter issue,Low,43,20,Signal Testing Team,2026-11-13,cross_department_cluster,Open
SIG-26027-1858,2026-10-30,SMMS,Panskura–Kharagpur,PKU-KGP,160.731,Interlocking inspection,Medium,49,75,Signal Testing Team,2026-11-06,normal,Planned
SIG-26027-1859,2026-10-30,SMMS,Mecheda–Panskura,MCA-PKU,116.834,Point machine inspection,Medium,68,45,S&T Crew,2026-11-06,high_defect_load,Open
SIG-26027-1860,2026-10-30,SMMS,Howrah–Santragachi,HWH-SRC,9.846,Track circuit testing,Medium,67,45,Point Machine Team,2026-11-06,critical_defect,Planned
SIG-26027-1861,2026-10-30,SMMS,Panskura–Kharagpur,PKU-KGP,159.819,Signal equipment defect,Low,21,65,Signal Testing Team,2026-11-13,high_defect_load,Under Review
SIG-26027-1862,2026-10-30,SMMS,Mecheda–Panskura,MCA-PKU,120.323,Track circuit testing,Medium,58,90,Telecom Maintenance Team,2026-11-06,heavy_train_traffic,Open
SIG-26027-1863,2026-10-30,SMMS,Mecheda–Panskura,MCA-PKU,116.324,Axle counter issue,Medium,50,45,Point Machine Team,2026-11-06,normal,Planned
SIG-26027-1864,2026-10-30,SMMS,Howrah–Santragachi,HWH-SRC,4.479,Preventive S&T maintenance,High,75,75,Signal Testing Team,2026-11-02,high_defect_load,Open
SIG-26027-1865,2026-10-30,SMMS,Panskura–Kharagpur,PKU-KGP,158.328,Preventive S&T maintenance,High,70,45,Point Machine Team,2026-11-02,cross_department_cluster,Open
SIG-26027-1866,2026-10-30,SMMS,Panskura–Kharagpur,PKU-KGP,168.285,Signal equipment defect,Low,36,20,Signal Testing Team,2026-11-13,high_defect_load,Open
SIG-26027-1867,2026-10-30,SMMS,Panskura–Kharagpur,PKU-KGP,143.165,Preventive S&T maintenance,Low,40,35,S&T Crew,2026-11-13,resource_shortage,Under Review
SIG-26027-1868,2026-10-30,SMMS,Panskura–Kharagpur,PKU-KGP,144.814,Preventive S&T maintenance,Low,26,65,Signal Testing Team,2026-11-13,normal,Open
SIG-26027-1869,2026-10-30,SMMS,Mecheda–Panskura,MCA-PKU,118.241,Signal equipment defect,High,73,60,S&T Crew,2026-11-02,cross_department_cluster,Under Review
SIG-26027-1870,2026-10-30,SMMS,Panskura–Kharagpur,PKU-KGP,158.917,Preventive S&T maintenance,Medium,66,75,Telecom Maintenance Team,2026-11-06,normal,Planned
SIG-26027-1871,2026-10-30,SMMS,Santragachi–Panskura,SRC-PKU,72.696,Track circuit testing,Medium,45,90,S&T Crew,2026-11-06,heavy_train_traffic,Open
SIG-26027-1872,2026-10-30,SMMS,Panskura–Kharagpur,PKU-KGP,154.031,Preventive S&T maintenance,Medium,60,60,Signal Testing Team,2026-11-06,resource_shortage,Open
SIG-26027-1873,2026-10-30,SMMS,Panskura–Kharagpur,PKU-KGP,165.498,Preventive S&T maintenance,High,75,75,Telecom Maintenance Team,2026-11-02,critical_defect,Planned
SIG-26027-1874,2026-10-30,SMMS,Howrah–Santragachi,HWH-SRC,11.479,Signal failure,Low,36,65,Point Machine Team,2026-11-13,critical_defect,Open
SIG-26027-1875,2026-10-30,SMMS,Howrah–Santragachi,HWH-SRC,6.834,Signal failure,High,84,90,Telecom Maintenance Team,2026-11-02,high_defect_load,Open
SIG-26027-1876,2026-10-30,SMMS,Howrah–Santragachi,HWH-SRC,2.26,Track circuit testing,Low,34,65,Signal Testing Team,2026-11-13,high_defect_load,Planned
SIG-26027-1877,2026-10-30,SMMS,Kharagpur–Gidni,KGP-GID,173.285,Preventive S&T maintenance,Medium,57,60,S&T Crew,2026-11-06,mixed_realistic,Open
SIG-26027-1878,2026-10-30,SMMS,Howrah–Santragachi,HWH-SRC,11.931,Signal equipment defect,High,73,75,S&T Crew,2026-11-02,critical_defect,Open
SIG-26027-1879,2026-10-30,SMMS,Howrah–Santragachi,HWH-SRC,10.393,Signal failure,Critical,95,120,S&T Crew,2026-10-31,mixed_realistic,Open
SIG-26027-1880,2026-10-30,SMMS,Mecheda–Panskura,MCA-PKU,121.412,Point machine inspection,Medium,63,75,Telecom Maintenance Team,2026-11-06,high_conflict,Open
SIG-26027-1881,2026-10-30,SMMS,Kharagpur–Gidni,KGP-GID,180.069,Track circuit testing,Low,41,65,Telecom Maintenance Team,2026-11-13,mixed_realistic,Under Review
SIG-26027-1882,2026-10-30,SMMS,Panskura–Kharagpur,PKU-KGP,169.704,Preventive S&T maintenance,Medium,65,90,S&T Crew,2026-11-06,resource_shortage,Under Review
SIG-26027-1883,2026-10-30,SMMS,Mecheda–Panskura,MCA-PKU,116.091,Signal failure,Medium,46,30,Telecom Maintenance Team,2026-11-06,high_defect_load,Under Review
SIG-26027-1884,2026-10-30,SMMS,Kharagpur–Gidni,KGP-GID,174.369,Point machine inspection,High,74,45,Telecom Maintenance Team,2026-11-02,normal,Open
SIG-26027-1885,2026-10-30,SMMS,Santragachi–Panskura,SRC-PKU,102.971,Preventive S&T maintenance,Critical,94,105,Telecom Maintenance Team,2026-10-31,high_defect_load,Planned
SIG-26027-1886,2026-10-31,SMMS,Mecheda–Panskura,MCA-PKU,118.366,Signal equipment defect,Medium,56,75,Telecom Maintenance Team,2026-11-07,cross_department_cluster,Under Review
SIG-26027-1887,2026-10-31,SMMS,Mecheda–Panskura,MCA-PKU,117.27,Interlocking inspection,Medium,69,30,Signal Testing Team,2026-11-07,mixed_realistic,Planned
SIG-26027-1888,2026-10-31,SMMS,Panskura–Kharagpur,PKU-KGP,157.846,Signal equipment defect,High,73,60,Signal Testing Team,2026-11-03,cross_department_cluster,Open
SIG-26027-1889,2026-10-31,SMMS,Mecheda–Panskura,MCA-PKU,122.881,Preventive S&T maintenance,Low,28,50,S&T Crew,2026-11-14,high_defect_load,Open
SIG-26027-1890,2026-10-31,SMMS,Kharagpur–Gidni,KGP-GID,211.34,Signal equipment defect,Medium,61,30,S&T Crew,2026-11-07,normal,Open
SIG-26027-1891,2026-10-31,SMMS,Mecheda–Panskura,MCA-PKU,119.512,Signal equipment defect,Medium,65,30,Telecom Maintenance Team,2026-11-07,resource_shortage,Open
SIG-26027-1892,2026-10-31,SMMS,Santragachi–Panskura,SRC-PKU,43.549,Interlocking inspection,Low,20,35,Signal Testing Team,2026-11-14,resource_shortage,Open
SIG-26027-1893,2026-10-31,SMMS,Mecheda–Panskura,MCA-PKU,116.591,Preventive S&T maintenance,Low,26,20,Telecom Maintenance Team,2026-11-14,high_conflict,Planned
SIG-26027-1894,2026-10-31,SMMS,Panskura–Kharagpur,PKU-KGP,164.475,Axle counter issue,Medium,51,45,Telecom Maintenance Team,2026-11-07,cross_department_cluster,Under Review
SIG-26027-1895,2026-10-31,SMMS,Kharagpur–Gidni,KGP-GID,206.569,Point machine inspection,Medium,53,60,Telecom Maintenance Team,2026-11-07,normal,Open
SIG-26027-1896,2026-10-31,SMMS,Howrah–Santragachi,HWH-SRC,5.688,Interlocking inspection,High,82,75,Telecom Maintenance Team,2026-11-03,high_conflict,Open
SIG-26027-1897,2026-10-31,SMMS,Mecheda–Panskura,MCA-PKU,119.398,Signal failure,Low,33,50,Signal Testing Team,2026-11-14,mixed_realistic,Planned
SIG-26027-1898,2026-10-31,SMMS,Panskura–Kharagpur,PKU-KGP,158.338,Signal equipment defect,Medium,59,90,Telecom Maintenance Team,2026-11-07,cross_department_cluster,Under Review
SIG-26027-1899,2026-10-31,SMMS,Mecheda–Panskura,MCA-PKU,117.977,Preventive S&T maintenance,High,72,105,S&T Crew,2026-11-03,cross_department_cluster,Under Review
SIG-26027-1900,2026-10-31,SMMS,Panskura–Kharagpur,PKU-KGP,164.354,Signal equipment defect,High,86,45,Point Machine Team,2026-11-03,cross_department_cluster,Planned
SIG-26027-1901,2026-10-31,SMMS,Mecheda–Panskura,MCA-PKU,121.835,Track circuit testing,Medium,62,75,S&T Crew,2026-11-07,resource_shortage,Open
SIG-26027-1902,2026-10-31,SMMS,Mecheda–Panskura,MCA-PKU,120.899,Point machine inspection,Low,24,20,S&T Crew,2026-11-14,critical_defect,Planned
SIG-26027-1903,2026-10-31,SMMS,Santragachi–Panskura,SRC-PKU,83.919,Axle counter issue,Low,26,20,Signal Testing Team,2026-11-14,mixed_realistic,Planned
SIG-26027-1904,2026-10-31,SMMS,Mecheda–Panskura,MCA-PKU,115.258,Signal failure,High,77,75,Telecom Maintenance Team,2026-11-03,high_conflict,Under Review
SIG-26027-1905,2026-10-31,SMMS,Kharagpur–Gidni,KGP-GID,193.436,Signal failure,Medium,49,30,Point Machine Team,2026-11-07,resource_shortage,Open
SIG-26027-1906,2026-10-31,SMMS,Kharagpur–Gidni,KGP-GID,190.695,Point machine inspection,Low,37,65,Telecom Maintenance Team,2026-11-14,high_defect_load,Under Review
SIG-26027-1907,2026-10-31,SMMS,Kharagpur–Gidni,KGP-GID,200.42,Signal equipment defect,Medium,48,75,S&T Crew,2026-11-07,high_conflict,Planned
SIG-26027-1908,2026-10-31,SMMS,Howrah–Santragachi,HWH-SRC,0.704,Signal failure,High,71,45,Signal Testing Team,2026-11-03,heavy_train_traffic,Open
SIG-26027-1909,2026-10-31,SMMS,Panskura–Kharagpur,PKU-KGP,136.082,Signal failure,Medium,53,30,Point Machine Team,2026-11-07,heavy_train_traffic,Open
SIG-26027-1910,2026-10-31,SMMS,Howrah–Santragachi,HWH-SRC,8.43,Interlocking inspection,Low,20,50,Signal Testing Team,2026-11-14,heavy_train_traffic,Open
SIG-26027-1911,2026-10-31,SMMS,Howrah–Santragachi,HWH-SRC,10.476,Preventive S&T maintenance,High,76,75,Telecom Maintenance Team,2026-11-03,heavy_train_traffic,Open
SIG-26027-1912,2026-10-31,SMMS,Kharagpur–Gidni,KGP-GID,173.36,Axle counter issue,Critical,98,60,Telecom Maintenance Team,2026-11-01,high_conflict,Open
SIG-26027-1913,2026-10-31,SMMS,Panskura–Kharagpur,PKU-KGP,141.54,Track circuit testing,Low,26,20,Telecom Maintenance Team,2026-11-14,normal,Open
SIG-26027-1914,2026-10-31,SMMS,Mecheda–Panskura,MCA-PKU,118.203,Preventive S&T maintenance,Critical,98,45,S&T Crew,2026-11-01,cross_department_cluster,Open
SIG-26027-1915,2026-10-31,SMMS,Kharagpur–Gidni,KGP-GID,198.901,Axle counter issue,Medium,61,75,Telecom Maintenance Team,2026-11-07,high_defect_load,Planned
SIG-26027-1916,2026-10-31,SMMS,Kharagpur–Gidni,KGP-GID,190.848,Interlocking inspection,Low,44,50,S&T Crew,2026-11-14,high_conflict,Planned
SIG-26027-1917,2026-10-31,SMMS,Mecheda–Panskura,MCA-PKU,118.023,Interlocking inspection,Medium,53,75,S&T Crew,2026-11-07,cross_department_cluster,Open
SIG-26027-1918,2026-10-31,SMMS,Panskura–Kharagpur,PKU-KGP,142.833,Signal failure,High,81,60,Signal Testing Team,2026-11-03,resource_shortage,Open
SIG-26027-1919,2026-10-31,SMMS,Howrah–Santragachi,HWH-SRC,0.819,Interlocking inspection,Medium,62,75,Signal Testing Team,2026-11-07,heavy_train_traffic,Open
SIG-26027-1920,2026-10-31,SMMS,Santragachi–Panskura,SRC-PKU,48.006,Track circuit testing,Medium,50,90,Signal Testing Team,2026-11-07,critical_defect,Under Review
SIG-26027-1921,2026-10-31,SMMS,Panskura–Kharagpur,PKU-KGP,142.959,Track circuit testing,Medium,55,75,S&T Crew,2026-11-07,high_conflict,Planned
SIG-26027-1922,2026-10-31,SMMS,Mecheda–Panskura,MCA-PKU,118.189,Preventive S&T maintenance,Low,34,65,Telecom Maintenance Team,2026-11-14,critical_defect,Open
SIG-26027-1923,2026-10-31,SMMS,Panskura–Kharagpur,PKU-KGP,142.152,Signal equipment defect,High,88,105,Signal Testing Team,2026-11-03,cross_department_cluster,Under Review
SIG-26027-1924,2026-10-31,SMMS,Howrah–Santragachi,HWH-SRC,2.534,Signal failure,Low,31,20,S&T Crew,2026-11-14,heavy_train_traffic,Open
SIG-26027-1925,2026-10-31,SMMS,Kharagpur–Gidni,KGP-GID,180.61,Point machine inspection,Critical,91,105,Telecom Maintenance Team,2026-11-01,resource_shortage,Open
SIG-26027-1926,2026-10-31,SMMS,Howrah–Santragachi,HWH-SRC,3.315,Signal equipment defect,High,77,105,Telecom Maintenance Team,2026-11-03,mixed_realistic,Under Review
SIG-26027-1927,2026-10-31,SMMS,Santragachi–Panskura,SRC-PKU,44.108,Signal equipment defect,Medium,62,30,Signal Testing Team,2026-11-07,resource_shortage,Open
SIG-26027-1928,2026-10-31,SMMS,Panskura–Kharagpur,PKU-KGP,143.682,Preventive S&T maintenance,High,81,45,S&T Crew,2026-11-03,heavy_train_traffic,Planned
SIG-26027-1929,2026-10-31,SMMS,Kharagpur–Gidni,KGP-GID,203.143,Axle counter issue,High,80,75,Point Machine Team,2026-11-03,resource_shortage,Planned
SIG-26027-1930,2026-10-31,SMMS,Panskura–Kharagpur,PKU-KGP,126.155,Signal failure,Low,21,50,S&T Crew,2026-11-14,high_defect_load,Planned
SIG-26027-1931,2026-10-31,SMMS,Mecheda–Panskura,MCA-PKU,118.68,Axle counter issue,High,87,60,Point Machine Team,2026-11-03,high_conflict,Under Review
SIG-26027-1932,2026-10-31,SMMS,Santragachi–Panskura,SRC-PKU,76.658,Preventive S&T maintenance,Medium,56,60,Point Machine Team,2026-11-07,high_conflict,Planned
SIG-26027-1933,2026-10-31,SMMS,Mecheda–Panskura,MCA-PKU,116.964,Interlocking inspection,Low,28,20,S&T Crew,2026-11-14,critical_defect,Open
SIG-26027-1934,2026-10-31,SMMS,Santragachi–Panskura,SRC-PKU,12.33,Signal failure,Low,28,65,S&T Crew,2026-11-14,high_conflict,Open
SIG-26027-1935,2026-10-31,SMMS,Mecheda–Panskura,MCA-PKU,117.29,Point machine inspection,Medium,57,30,Point Machine Team,2026-11-07,high_defect_load,Open
SIG-26027-1936,2026-10-31,SMMS,Mecheda–Panskura,MCA-PKU,118.445,Interlocking inspection,Low,44,65,Point Machine Team,2026-11-14,critical_defect,Planned
SIG-26027-1937,2026-10-31,SMMS,Howrah–Santragachi,HWH-SRC,5.776,Interlocking inspection,Low,24,50,S&T Crew,2026-11-14,high_defect_load,Under Review
SIG-26027-1938,2026-10-31,SMMS,Panskura–Kharagpur,PKU-KGP,164.568,Interlocking inspection,High,74,105,Point Machine Team,2026-11-03,cross_department_cluster,Open
SIG-26027-1939,2026-10-31,SMMS,Mecheda–Panskura,MCA-PKU,119.739,Axle counter issue,Medium,49,75,Signal Testing Team,2026-11-07,normal,Open
SIG-26027-1940,2026-10-31,SMMS,Santragachi–Panskura,SRC-PKU,42.096,Track circuit testing,High,88,105,Signal Testing Team,2026-11-03,resource_shortage,Open
SIG-26027-1941,2026-10-31,SMMS,Howrah–Santragachi,HWH-SRC,1.587,Track circuit testing,Medium,49,90,Point Machine Team,2026-11-07,high_conflict,Planned
SIG-26027-1942,2026-10-31,SMMS,Howrah–Santragachi,HWH-SRC,8.311,Track circuit testing,Medium,55,30,Point Machine Team,2026-11-07,heavy_train_traffic,Planned
SIG-26027-1943,2026-10-31,SMMS,Howrah–Santragachi,HWH-SRC,7.77,Track circuit testing,Medium,61,45,Telecom Maintenance Team,2026-11-07,mixed_realistic,Planned
SIG-26027-1944,2026-10-31,SMMS,Kharagpur–Gidni,KGP-GID,174.41,Axle counter issue,Medium,57,30,S&T Crew,2026-11-07,high_conflict,Open
SIG-26027-1945,2026-10-31,SMMS,Mecheda–Panskura,MCA-PKU,121.335,Signal failure,Medium,52,30,Telecom Maintenance Team,2026-11-07,normal,Open
SIG-26027-1946,2026-10-31,SMMS,Santragachi–Panskura,SRC-PKU,89.294,Signal failure,High,74,90,Point Machine Team,2026-11-03,mixed_realistic,Open
SIG-26027-1947,2026-10-31,SMMS,Santragachi–Panskura,SRC-PKU,28.737,Interlocking inspection,Low,34,65,Point Machine Team,2026-11-14,heavy_train_traffic,Under Review
SIG-26027-1948,2026-10-31,SMMS,Howrah–Santragachi,HWH-SRC,6.499,Signal failure,High,84,75,Signal Testing Team,2026-11-03,high_defect_load,Open
SIG-26027-1949,2026-10-31,SMMS,Mecheda–Panskura,MCA-PKU,117.816,Preventive S&T maintenance,Medium,60,30,Point Machine Team,2026-11-07,critical_defect,Open
SIG-26027-1950,2026-10-31,SMMS,Howrah–Santragachi,HWH-SRC,7.331,Axle counter issue,High,71,90,Telecom Maintenance Team,2026-11-03,critical_defect,Under Review
