request_id,request_date,department,section,section_code,km,defect_type,priority,severity_score,duration_minutes,required_resource,due_date,scenario,status
TRK-26027-00001,2026-10-02,TMS,Mecheda–Panskura,MCA–PKU,125.0,Track wear,Medium,64,81,Track Machine,2026-10-06,cross_department_cluster,Pending
TRK-26027-00002,2026-10-02,TMS,Panskura–Kharagpur,PKU–KGP,155.0,Sleeper defect,Medium,43,135,Track Gang,2026-10-09,cross_department_cluster,Pending
TRK-26027-00003,2026-10-02,TMS,Kharagpur–Gidni,KGP–GID,190.8,Sleeper defect,Medium,55,72,Track Gang,2026-10-06,mixed_realistic,Pending
TRK-26027-00004,2026-10-02,TMS,Santragachi–Panskura,SRC–PKU,20.9,Ballast issue,High,68,172,Track Machine,2026-10-02,normal,Pending
TRK-26027-00005,2026-10-02,TMS,Panskura–Kharagpur,PKU–KGP,125.0,Track wear,High,71,114,Track Gang,2026-10-05,cross_department_cluster,Pending
TRK-26027-00006,2026-10-02,TMS,Santragachi–Panskura,SRC–PKU,103.5,Sleeper defect,Low,27,109,Track Gang,2026-10-16,normal,Pending
TRK-26027-00007,2026-10-02,TMS,Panskura–Kharagpur,PKU–KGP,143.2,Sleeper defect,Critical,93,116,Track Gang,2026-10-03,critical_defect,Pending
TRK-26027-00008,2026-10-02,TMS,Panskura–Kharagpur,PKU–KGP,130.1,Track wear,Low,21,85,Track Gang,2026-10-11,cross_department_cluster,Pending
TRK-26027-00009,2026-10-02,TMS,Kharagpur–Gidni,KGP–GID,197.3,Track wear,Medium,58,70,Track Gang,2026-10-04,high_defect_load,Pending
TRK-26027-00010,2026-10-02,TMS,Mecheda–Panskura,MCA–PKU,116.1,USFD-related inspection,Medium,48,62,Track Inspection Team,2026-10-08,mixed_realistic,Pending
TRK-26027-00011,2026-10-02,TMS,Santragachi–Panskura,SRC–PKU,73.5,Track wear,Low,32,87,Track Gang,2026-10-09,normal,Pending
TRK-26027-00012,2026-10-02,TMS,Kharagpur–Gidni,KGP–GID,193.4,USFD-related inspection,High,78,71,Track Inspection Team,2026-10-03,normal,Pending
TRK-26027-00013,2026-10-02,TMS,Santragachi–Panskura,SRC–PKU,115.0,Track geometry defect,High,73,105,Track Machine,2026-10-02,cross_department_cluster,Pending
TRK-26027-00014,2026-10-02,TMS,Santragachi–Panskura,SRC–PKU,91.7,Ballast issue,Medium,63,159,Track Gang,2026-10-05,normal,Pending
TRK-26027-00015,2026-10-02,TMS,Santragachi–Panskura,SRC–PKU,47.4,USFD-related inspection,Low,37,62,Track Inspection Team,2026-10-13,normal,Pending
TRK-26027-00016,2026-10-02,TMS,Santragachi–Panskura,SRC–PKU,31.6,Sleeper defect,Medium,51,77,Track Machine,2026-10-07,cross_department_cluster,Pending
TRK-26027-00017,2026-10-02,TMS,Kharagpur–Gidni,KGP–GID,190.0,Track geometry defect,Medium,51,79,Track Gang,2026-10-08,high_defect_load,Pending
TRK-26027-00018,2026-10-02,TMS,Panskura–Kharagpur,PKU–KGP,125.0,USFD-related inspection,Low,17,50,Track Inspection Team,2026-10-07,cross_department_cluster,Pending
TRK-26027-00019,2026-10-02,TMS,Panskura–Kharagpur,PKU–KGP,142.3,Rail defect,Low,20,116,Track Gang,2026-10-13,cross_department_cluster,Pending
TRK-26027-00020,2026-10-02,TMS,Panskura–Kharagpur,PKU–KGP,137.8,Preventive track maintenance,Medium,42,74,Track Gang,2026-10-04,mixed_realistic,Pending
TRK-26027-00021,2026-10-02,TMS,Santragachi–Panskura,SRC–PKU,96.5,Track geometry defect,High,74,108,Track Machine,2026-10-03,normal,Pending
TRK-26027-00022,2026-10-02,TMS,Kharagpur–Gidni,KGP–GID,207.1,Sleeper defect,Low,28,136,Track Machine,2026-10-11,mixed_realistic,Pending
TRK-26027-00023,2026-10-02,TMS,Mecheda–Panskura,MCA–PKU,118.8,Rail defect,Medium,54,106,Track Gang,2026-10-05,cross_department_cluster,Pending
TRK-26027-00024,2026-10-02,TMS,Mecheda–Panskura,MCA–PKU,125.0,Ballast issue,High,76,133,Track Gang,2026-10-05,cross_department_cluster,Pending
TRK-26027-00025,2026-10-02,TMS,Mecheda–Panskura,MCA–PKU,118.3,USFD-related inspection,Medium,59,90,Track Inspection Team,2026-10-05,cross_department_cluster,Pending
TRK-26027-00026,2026-10-02,TMS,Howrah–Santragachi,HWH–SRC,1.0,Sleeper defect,Medium,42,103,Track Gang,2026-10-07,mixed_realistic,Pending
TRK-26027-00027,2026-10-02,TMS,Kharagpur–Gidni,KGP–GID,185.6,Ballast issue,High,74,163,Track Machine,2026-10-05,mixed_realistic,Pending
TRK-26027-00028,2026-10-02,TMS,Kharagpur–Gidni,KGP–GID,177.4,Rail defect,High,77,177,Track Machine,2026-10-05,normal,Pending
TRK-26027-00029,2026-10-02,TMS,Santragachi–Panskura,SRC–PKU,83.2,Track wear,Low,30,74,Track Machine,2026-10-12,high_defect_load,Pending
TRK-26027-00030,2026-10-02,TMS,Mecheda–Panskura,MCA–PKU,118.7,Ballast issue,Critical,96,119,Track Gang,2026-10-03,critical_defect,Pending
TRK-26027-00031,2026-10-02,TMS,Kharagpur–Gidni,KGP–GID,206.2,Ballast issue,Medium,55,164,Track Gang,2026-10-07,mixed_realistic,Pending
TRK-26027-00032,2026-10-02,TMS,Mecheda–Panskura,MCA–PKU,122.4,USFD-related inspection,Low,16,46,Track Inspection Team,2026-10-15,mixed_realistic,Pending
TRK-26027-00033,2026-10-02,TMS,Panskura–Kharagpur,PKU–KGP,158.0,Rail defect,Low,35,115,Track Machine,2026-10-12,normal,Pending
TRK-26027-00034,2026-10-02,TMS,Santragachi–Panskura,SRC–PKU,48.9,USFD-related inspection,High,76,63,Track Inspection Team,2026-10-04,normal,Pending
TRK-26027-00035,2026-10-02,TMS,Howrah–Santragachi,HWH–SRC,9.7,USFD-related inspection,Low,20,68,Track Inspection Team,2026-10-13,cross_department_cluster,Pending
TRK-26027-00036,2026-10-02,TMS,Howrah–Santragachi,HWH–SRC,0.6,Rail defect,High,77,141,Track Machine,2026-10-05,high_defect_load,Pending
TRK-26027-00037,2026-10-02,TMS,Panskura–Kharagpur,PKU–KGP,131.4,Preventive track maintenance,Low,31,103,Track Inspection Team,2026-10-09,mixed_realistic,Pending
TRK-26027-00038,2026-10-02,TMS,Howrah–Santragachi,HWH–SRC,4.1,Track wear,Medium,54,72,Track Machine,2026-10-07,mixed_realistic,Pending
TRK-26027-00039,2026-10-02,TMS,Kharagpur–Gidni,KGP–GID,189.3,Track wear,Low,25,91,Track Machine,2026-10-11,normal,Pending
TRK-26027-00040,2026-10-02,TMS,Howrah–Santragachi,HWH–SRC,12.0,Track geometry defect,Medium,47,108,Track Gang,2026-10-04,cross_department_cluster,Pending
TRK-26027-00041,2026-10-02,TMS,Santragachi–Panskura,SRC–PKU,71.7,USFD-related inspection,Low,21,49,Track Inspection Team,2026-10-14,normal,Pending
TRK-26027-00042,2026-10-02,TMS,Kharagpur–Gidni,KGP–GID,191.6,Track geometry defect,Critical,92,93,Track Gang,2026-10-03,critical_defect,Pending
TRK-26027-00043,2026-10-02,TMS,Kharagpur–Gidni,KGP–GID,213.6,Track geometry defect,Medium,55,110,Track Machine,2026-10-08,normal,Pending
TRK-26027-00044,2026-10-02,TMS,Santragachi–Panskura,SRC–PKU,94.6,USFD-related inspection,High,76,79,Track Inspection Team,2026-10-03,mixed_realistic,Pending
TRK-26027-00045,2026-10-02,TMS,Howrah–Santragachi,HWH–SRC,9.1,Sleeper defect,Medium,48,90,Track Machine,2026-10-08,normal,Pending
TRK-26027-00046,2026-10-02,TMS,Mecheda–Panskura,MCA–PKU,117.8,Track geometry defect,Medium,49,74,Track Gang,2026-10-04,mixed_realistic,Pending
TRK-26027-00047,2026-10-02,TMS,Mecheda–Panskura,MCA–PKU,125.0,Ballast issue,Low,27,87,Track Gang,2026-10-15,cross_department_cluster,Pending
TRK-26027-00048,2026-10-02,TMS,Kharagpur–Gidni,KGP–GID,175.2,Rail defect,Medium,46,91,Track Gang,2026-10-07,cross_department_cluster,Pending
TRK-26027-00049,2026-10-02,TMS,Panskura–Kharagpur,PKU–KGP,152.3,Preventive track maintenance,Low,25,107,Track Gang,2026-10-07,mixed_realistic,Pending
TRK-26027-00050,2026-10-02,TMS,Howrah–Santragachi,HWH–SRC,6.5,Track wear,High,71,106,Track Gang,2026-10-03,cross_department_cluster,Pending
TRK-26027-00051,2026-10-02,TMS,Mecheda–Panskura,MCA–PKU,120.2,Preventive track maintenance,High,71,86,Track Inspection Team,2026-10-05,mixed_realistic,Pending
TRK-26027-00052,2026-10-02,TMS,Kharagpur–Gidni,KGP–GID,188.3,Ballast issue,Critical,94,147,Track Machine,2026-10-03,high_conflict,Pending
TRK-26027-00053,2026-10-02,TMS,Mecheda–Panskura,MCA–PKU,116.2,Ballast issue,Medium,50,74,Track Machine,2026-10-04,normal,Pending
TRK-26027-00054,2026-10-02,TMS,Panskura–Kharagpur,PKU–KGP,145.0,Track geometry defect,Low,26,83,Track Gang,2026-10-15,high_defect_load,Pending
TRK-26027-00055,2026-10-02,TMS,Howrah–Santragachi,HWH–SRC,7.7,Track wear,Low,36,90,Track Machine,2026-10-14,normal,Pending
TRK-26027-00056,2026-10-02,TMS,Mecheda–Panskura,MCA–PKU,120.8,Ballast issue,High,78,110,Track Gang,2026-10-05,cross_department_cluster,Pending
TRK-26027-00057,2026-10-02,TMS,Santragachi–Panskura,SRC–PKU,52.1,Rail defect,Low,26,121,Track Machine,2026-10-09,cross_department_cluster,Pending
TRK-26027-00058,2026-10-02,TMS,Kharagpur–Gidni,KGP–GID,202.0,Track wear,Medium,53,95,Track Machine,2026-10-05,cross_department_cluster,Pending
TRK-26027-00059,2026-10-02,TMS,Howrah–Santragachi,HWH–SRC,1.7,USFD-related inspection,Medium,46,79,Track Inspection Team,2026-10-05,normal,Pending
TRK-26027-00060,2026-10-02,TMS,Howrah–Santragachi,HWH–SRC,8.5,USFD-related inspection,Low,19,76,Track Inspection Team,2026-10-11,mixed_realistic,Pending
TRK-26027-00061,2026-10-02,TMS,Mecheda–Panskura,MCA–PKU,115.6,Sleeper defect,High,84,120,Track Machine,2026-10-05,normal,Pending
TRK-26027-00062,2026-10-02,TMS,Mecheda–Panskura,MCA–PKU,119.3,Rail defect,Low,19,126,Track Machine,2026-10-09,normal,Pending
TRK-26027-00063,2026-10-02,TMS,Howrah–Santragachi,HWH–SRC,2.5,Sleeper defect,Critical,96,118,Track Gang,2026-10-03,critical_defect,Pending
TRK-26027-00064,2026-10-02,TMS,Kharagpur–Gidni,KGP–GID,205.0,Track geometry defect,Low,20,70,Track Machine,2026-10-07,normal,Pending
TRK-26027-00065,2026-10-02,TMS,Howrah–Santragachi,HWH–SRC,10.6,Ballast issue,Medium,55,136,Track Machine,2026-10-06,normal,Pending
TRK-26027-00066,2026-10-03,TMS,Panskura–Kharagpur,PKU–KGP,147.4,USFD-related inspection,High,80,88,Track Inspection Team,2026-10-04,normal,Pending
TRK-26027-00067,2026-10-03,TMS,Mecheda–Panskura,MCA–PKU,120.6,Rail defect,Medium,58,110,Track Gang,2026-10-08,mixed_realistic,Pending
TRK-26027-00068,2026-10-03,TMS,Mecheda–Panskura,MCA–PKU,119.1,Ballast issue,Medium,55,134,Track Gang,2026-10-08,high_defect_load,Pending
TRK-26027-00069,2026-10-03,TMS,Mecheda–Panskura,MCA–PKU,125.0,Sleeper defect,Medium,56,112,Track Gang,2026-10-09,cross_department_cluster,Pending
TRK-26027-00070,2026-10-03,TMS,Howrah–Santragachi,HWH–SRC,10.2,Track geometry defect,Low,39,98,Track Machine,2026-10-15,mixed_realistic,Pending
TRK-26027-00071,2026-10-03,TMS,Kharagpur–Gidni,KGP–GID,196.1,USFD-related inspection,Medium,58,48,Track Inspection Team,2026-10-09,normal,Pending
TRK-26027-00072,2026-10-03,TMS,Santragachi–Panskura,SRC–PKU,65.7,Track wear,Low,16,67,Track Machine,2026-10-11,normal,Pending
TRK-26027-00073,2026-10-03,TMS,Howrah–Santragachi,HWH–SRC,6.3,Sleeper defect,High,75,107,Track Machine,2026-10-05,normal,Pending
TRK-26027-00074,2026-10-03,TMS,Panskura–Kharagpur,PKU–KGP,158.1,Sleeper defect,Low,30,139,Track Gang,2026-10-12,cross_department_cluster,Pending
TRK-26027-00075,2026-10-03,TMS,Mecheda–Panskura,MCA–PKU,118.8,Rail defect,Medium,57,145,Track Gang,2026-10-10,normal,Pending
TRK-26027-00076,2026-10-03,TMS,Panskura–Kharagpur,PKU–KGP,161.7,Preventive track maintenance,Medium,63,51,Track Machine,2026-10-09,normal,Pending
TRK-26027-00077,2026-10-03,TMS,Panskura–Kharagpur,PKU–KGP,153.4,Track geometry defect,Low,19,105,Track Gang,2026-10-10,mixed_realistic,Pending
TRK-26027-00078,2026-10-03,TMS,Howrah–Santragachi,HWH–SRC,0.9,Sleeper defect,Medium,43,76,Track Gang,2026-10-06,mixed_realistic,Pending
TRK-26027-00079,2026-10-03,TMS,Howrah–Santragachi,HWH–SRC,11.8,Preventive track maintenance,Low,36,115,Track Machine,2026-10-16,mixed_realistic,Pending
TRK-26027-00080,2026-10-03,TMS,Howrah–Santragachi,HWH–SRC,6.4,Preventive track maintenance,Low,28,57,Track Gang,2026-10-11,normal,Pending
TRK-26027-00081,2026-10-03,TMS,Kharagpur–Gidni,KGP–GID,170.1,Track wear,Critical,96,65,Track Gang,2026-10-03,critical_defect,Pending
TRK-26027-00082,2026-10-03,TMS,Howrah–Santragachi,HWH–SRC,0.0,Preventive track maintenance,Low,20,117,Track Machine,2026-10-16,mixed_realistic,Pending
TRK-26027-00083,2026-10-03,TMS,Kharagpur–Gidni,KGP–GID,198.7,USFD-related inspection,Medium,52,52,Track Inspection Team,2026-10-09,normal,Pending
TRK-26027-00084,2026-10-03,TMS,Santragachi–Panskura,SRC–PKU,85.7,Ballast issue,Medium,41,119,Track Gang,2026-10-09,high_defect_load,Pending
TRK-26027-00085,2026-10-03,TMS,Howrah–Santragachi,HWH–SRC,8.7,Rail defect,Medium,57,97,Track Gang,2026-10-05,normal,Pending
TRK-26027-00086,2026-10-03,TMS,Kharagpur–Gidni,KGP–GID,170.0,Ballast issue,High,79,87,Track Gang,2026-10-05,cross_department_cluster,Pending
TRK-26027-00087,2026-10-03,TMS,Howrah–Santragachi,HWH–SRC,10.8,Preventive track maintenance,Low,17,73,Track Gang,2026-10-08,normal,Pending
TRK-26027-00088,2026-10-03,TMS,Kharagpur–Gidni,KGP–GID,196.3,Sleeper defect,Medium,47,75,Track Gang,2026-10-06,cross_department_cluster,Pending
TRK-26027-00089,2026-10-03,TMS,Santragachi–Panskura,SRC–PKU,94.9,Preventive track maintenance,Low,29,103,Track Machine,2026-10-12,cross_department_cluster,Pending
TRK-26027-00090,2026-10-03,TMS,Santragachi–Panskura,SRC–PKU,99.6,Track geometry defect,Medium,64,89,Track Gang,2026-10-08,mixed_realistic,Pending
TRK-26027-00091,2026-10-03,TMS,Panskura–Kharagpur,PKU–KGP,135.5,Track wear,Medium,49,74,Track Machine,2026-10-08,mixed_realistic,Pending
TRK-26027-00092,2026-10-03,TMS,Howrah–Santragachi,HWH–SRC,0.2,Track wear,Medium,46,108,Track Gang,2026-10-06,mixed_realistic,Pending
TRK-26027-00093,2026-10-03,TMS,Mecheda–Panskura,MCA–PKU,119.8,Rail defect,High,76,167,Track Gang,2026-10-05,mixed_realistic,Pending
TRK-26027-00094,2026-10-03,TMS,Kharagpur–Gidni,KGP–GID,187.2,Preventive track maintenance,Medium,50,83,Track Gang,2026-10-06,normal,Pending
TRK-26027-00095,2026-10-03,TMS,Mecheda–Panskura,MCA–PKU,125.0,Preventive track maintenance,Low,29,63,Rail Welding Team,2026-10-13,cross_department_cluster,Pending
TRK-26027-00096,2026-10-03,TMS,Mecheda–Panskura,MCA–PKU,119.5,Preventive track maintenance,Medium,41,100,Track Inspection Team,2026-10-05,cross_department_cluster,Pending
TRK-26027-00097,2026-10-03,TMS,Mecheda–Panskura,MCA–PKU,116.8,Ballast issue,Critical,87,124,Track Gang,2026-10-04,high_conflict,Pending
TRK-26027-00098,2026-10-03,TMS,Howrah–Santragachi,HWH–SRC,6.1,Track wear,Low,29,112,Track Gang,2026-10-09,normal,Pending
TRK-26027-00099,2026-10-03,TMS,Kharagpur–Gidni,KGP–GID,188.0,Preventive track maintenance,Low,18,57,Track Inspection Team,2026-10-08,normal,Pending
TRK-26027-00100,2026-10-03,TMS,Kharagpur–Gidni,KGP–GID,185.7,USFD-related inspection,Low,39,89,Track Inspection Team,2026-10-16,normal,Pending
TRK-26027-00101,2026-10-03,TMS,Mecheda–Panskura,MCA–PKU,123.1,Preventive track maintenance,Low,27,57,Rail Welding Team,2026-10-15,normal,Pending
TRK-26027-00102,2026-10-03,TMS,Mecheda–Panskura,MCA–PKU,116.4,Track wear,Medium,63,96,Track Machine,2026-10-08,normal,Pending
TRK-26027-00103,2026-10-03,TMS,Kharagpur–Gidni,KGP–GID,170.0,Sleeper defect,Medium,46,78,Track Gang,2026-10-08,cross_department_cluster,Pending
TRK-26027-00104,2026-10-03,TMS,Santragachi–Panskura,SRC–PKU,49.3,Ballast issue,Medium,41,138,Track Machine,2026-10-05,cross_department_cluster,Pending
TRK-26027-00105,2026-10-03,TMS,Kharagpur–Gidni,KGP–GID,210.4,Track geometry defect,Medium,55,111,Track Gang,2026-10-07,cross_department_cluster,Pending
TRK-26027-00106,2026-10-03,TMS,Kharagpur–Gidni,KGP–GID,182.7,Rail defect,Low,34,91,Track Gang,2026-10-08,normal,Pending
TRK-26027-00107,2026-10-03,TMS,Panskura–Kharagpur,PKU–KGP,158.9,Preventive track maintenance,High,78,102,Track Machine,2026-10-05,normal,Pending
TRK-26027-00108,2026-10-03,TMS,Mecheda–Panskura,MCA–PKU,125.0,USFD-related inspection,Medium,52,86,Track Inspection Team,2026-10-06,cross_department_cluster,Pending
TRK-26027-00109,2026-10-03,TMS,Mecheda–Panskura,MCA–PKU,117.4,Preventive track maintenance,High,71,96,Track Machine,2026-10-05,cross_department_cluster,Pending
TRK-26027-00110,2026-10-03,TMS,Mecheda–Panskura,MCA–PKU,116.1,Ballast issue,Medium,45,77,Track Gang,2026-10-05,high_defect_load,Pending
TRK-26027-00111,2026-10-03,TMS,Santragachi–Panskura,SRC–PKU,89.6,Rail defect,Low,33,127,Track Gang,2026-10-14,normal,Pending
TRK-26027-00112,2026-10-03,TMS,Kharagpur–Gidni,KGP–GID,170.6,Sleeper defect,Medium,47,88,Track Machine,2026-10-06,normal,Pending
TRK-26027-00113,2026-10-03,TMS,Kharagpur–Gidni,KGP–GID,174.8,USFD-related inspection,Medium,41,45,Track Inspection Team,2026-10-07,normal,Pending
TRK-26027-00114,2026-10-03,TMS,Kharagpur–Gidni,KGP–GID,213.6,Sleeper defect,High,83,115,Track Machine,2026-10-05,mixed_realistic,Pending
TRK-26027-00115,2026-10-03,TMS,Panskura–Kharagpur,PKU–KGP,156.5,Sleeper defect,High,74,138,Track Gang,2026-10-04,high_defect_load,Pending
TRK-26027-00116,2026-10-03,TMS,Mecheda–Panskura,MCA–PKU,125.0,Sleeper defect,Critical,91,116,Track Gang,2026-10-03,cross_department_cluster,Pending
TRK-26027-00117,2026-10-03,TMS,Howrah–Santragachi,HWH–SRC,3.2,Rail defect,Low,25,168,Track Gang,2026-10-13,normal,Pending
TRK-26027-00118,2026-10-03,TMS,Kharagpur–Gidni,KGP–GID,196.4,Rail defect,Medium,53,97,Track Gang,2026-10-09,normal,Pending
TRK-26027-00119,2026-10-03,TMS,Panskura–Kharagpur,PKU–KGP,160.0,Ballast issue,Critical,91,125,Track Machine,2026-10-04,critical_defect,Pending
TRK-26027-00120,2026-10-03,TMS,Howrah–Santragachi,HWH–SRC,2.6,Rail defect,Low,35,175,Track Machine,2026-10-12,high_defect_load,Pending
TRK-26027-00121,2026-10-03,TMS,Howrah–Santragachi,HWH–SRC,1.3,Ballast issue,Medium,55,73,Track Machine,2026-10-07,normal,Pending
TRK-26027-00122,2026-10-03,TMS,Kharagpur–Gidni,KGP–GID,213.8,Preventive track maintenance,High,70,110,Rail Welding Team,2026-10-04,normal,Pending
TRK-26027-00123,2026-10-03,TMS,Panskura–Kharagpur,PKU–KGP,142.7,Rail defect,Low,29,152,Track Machine,2026-10-13,cross_department_cluster,Pending
TRK-26027-00124,2026-10-03,TMS,Panskura–Kharagpur,PKU–KGP,162.7,Preventive track maintenance,High,80,48,Rail Welding Team,2026-10-03,mixed_realistic,Pending
TRK-26027-00125,2026-10-03,TMS,Kharagpur–Gidni,KGP–GID,182.7,Sleeper defect,Medium,40,114,Track Machine,2026-10-10,normal,Pending
TRK-26027-00126,2026-10-03,TMS,Mecheda–Panskura,MCA–PKU,123.9,Track wear,Medium,42,88,Track Machine,2026-10-07,normal,Pending
TRK-26027-00127,2026-10-03,TMS,Kharagpur–Gidni,KGP–GID,172.2,Ballast issue,Medium,59,79,Track Machine,2026-10-05,normal,Pending
TRK-26027-00128,2026-10-03,TMS,Panskura–Kharagpur,PKU–KGP,169.9,Rail defect,High,67,151,Track Gang,2026-10-03,mixed_realistic,Pending
TRK-26027-00129,2026-10-03,TMS,Kharagpur–Gidni,KGP–GID,180.8,USFD-related inspection,Medium,54,86,Track Inspection Team,2026-10-10,mixed_realistic,Pending
TRK-26027-00130,2026-10-03,TMS,Kharagpur–Gidni,KGP–GID,202.7,Track geometry defect,High,84,79,Track Gang,2026-10-05,mixed_realistic,Pending
TRK-26027-00131,2026-10-04,TMS,Kharagpur–Gidni,KGP–GID,182.2,Rail defect,High,77,104,Track Gang,2026-10-07,cross_department_cluster,Pending
TRK-26027-00132,2026-10-04,TMS,Kharagpur–Gidni,KGP–GID,171.3,USFD-related inspection,Low,29,48,Track Inspection Team,2026-10-14,mixed_realistic,Pending
TRK-26027-00133,2026-10-04,TMS,Howrah–Santragachi,HWH–SRC,0.2,USFD-related inspection,Low,38,61,Track Inspection Team,2026-10-16,normal,Pending
TRK-26027-00134,2026-10-04,TMS,Santragachi–Panskura,SRC–PKU,22.8,Track geometry defect,Medium,52,76,Track Gang,2026-10-06,normal,Pending
TRK-26027-00135,2026-10-04,TMS,Santragachi–Panskura,SRC–PKU,30.1,Track geometry defect,Medium,59,98,Track Machine,2026-10-07,mixed_realistic,Pending
TRK-26027-00136,2026-10-04,TMS,Santragachi–Panskura,SRC–PKU,107.4,Ballast issue,Medium,53,90,Track Gang,2026-10-10,high_defect_load,Pending
TRK-26027-00137,2026-10-04,TMS,Panskura–Kharagpur,PKU–KGP,156.8,USFD-related inspection,Low,18,51,Track Inspection Team,2026-10-15,normal,Pending
TRK-26027-00138,2026-10-04,TMS,Mecheda–Panskura,MCA–PKU,121.4,Preventive track maintenance,Low,19,102,Track Machine,2026-10-10,normal,Pending
TRK-26027-00139,2026-10-04,TMS,Panskura–Kharagpur,PKU–KGP,169.7,Preventive track maintenance,Low,21,118,Track Gang,2026-10-16,normal,Pending
TRK-26027-00140,2026-10-04,TMS,Kharagpur–Gidni,KGP–GID,198.9,Preventive track maintenance,Medium,63,116,Track Inspection Team,2026-10-07,mixed_realistic,Pending
TRK-26027-00141,2026-10-04,TMS,Kharagpur–Gidni,KGP–GID,194.1,Sleeper defect,Medium,40,72,Track Machine,2026-10-10,normal,Pending
TRK-26027-00142,2026-10-04,TMS,Kharagpur–Gidni,KGP–GID,191.5,USFD-related inspection,Medium,45,70,Track Inspection Team,2026-10-08,mixed_realistic,Pending
TRK-26027-00143,2026-10-04,TMS,Santragachi–Panskura,SRC–PKU,48.0,USFD-related inspection,Medium,52,76,Track Inspection Team,2026-10-06,normal,Pending
TRK-26027-00144,2026-10-04,TMS,Kharagpur–Gidni,KGP–GID,191.9,Ballast issue,Low,31,90,Track Gang,2026-10-15,mixed_realistic,Pending
TRK-26027-00145,2026-10-04,TMS,Panskura–Kharagpur,PKU–KGP,153.3,Track wear,Low,27,88,Track Gang,2026-10-09,normal,Pending
TRK-26027-00146,2026-10-04,TMS,Kharagpur–Gidni,KGP–GID,214.9,Ballast issue,High,66,106,Track Machine,2026-10-05,normal,Pending
TRK-26027-00147,2026-10-04,TMS,Mecheda–Panskura,MCA–PKU,117.5,Sleeper defect,Medium,43,147,Track Machine,2026-10-08,normal,Pending
TRK-26027-00148,2026-10-04,TMS,Panskura–Kharagpur,PKU–KGP,147.4,Track geometry defect,Critical,90,52,Track Machine,2026-10-04,critical_defect,Pending
TRK-26027-00149,2026-10-04,TMS,Howrah–Santragachi,HWH–SRC,10.5,Rail defect,Medium,56,116,Track Gang,2026-10-11,cross_department_cluster,Pending
TRK-26027-00150,2026-10-04,TMS,Panskura–Kharagpur,PKU–KGP,154.8,Ballast issue,Low,32,118,Track Machine,2026-10-12,mixed_realistic,Pending
TRK-26027-00151,2026-10-04,TMS,Panskura–Kharagpur,PKU–KGP,166.2,Sleeper defect,Low,26,129,Track Gang,2026-10-16,normal,Pending
TRK-26027-00152,2026-10-04,TMS,Howrah–Santragachi,HWH–SRC,9.8,Sleeper defect,Medium,53,135,Track Machine,2026-10-09,normal,Pending
TRK-26027-00153,2026-10-04,TMS,Kharagpur–Gidni,KGP–GID,194.9,Track wear,Low,26,61,Track Gang,2026-10-09,cross_department_cluster,Pending
TRK-26027-00154,2026-10-04,TMS,Santragachi–Panskura,SRC–PKU,35.4,Preventive track maintenance,Medium,62,53,Rail Welding Team,2026-10-08,normal,Pending
TRK-26027-00155,2026-10-04,TMS,Panskura–Kharagpur,PKU–KGP,163.8,Track wear,Low,18,69,Track Gang,2026-10-12,mixed_realistic,Pending
TRK-26027-00156,2026-10-04,TMS,Panskura–Kharagpur,PKU–KGP,160.5,Rail defect,Medium,44,130,Track Gang,2026-10-08,cross_department_cluster,Pending
TRK-26027-00157,2026-10-04,TMS,Kharagpur–Gidni,KGP–GID,182.6,USFD-related inspection,Low,37,52,Track Inspection Team,2026-10-15,mixed_realistic,Pending
TRK-26027-00158,2026-10-04,TMS,Santragachi–Panskura,SRC–PKU,12.5,Track wear,Low,24,97,Track Gang,2026-10-17,normal,Pending
TRK-26027-00159,2026-10-04,TMS,Kharagpur–Gidni,KGP–GID,170.0,Sleeper defect,Medium,61,78,Track Gang,2026-10-10,cross_department_cluster,Pending
TRK-26027-00160,2026-10-04,TMS,Santragachi–Panskura,SRC–PKU,115.0,Rail defect,Medium,45,165,Track Machine,2026-10-09,cross_department_cluster,Pending
TRK-26027-00161,2026-10-04,TMS,Mecheda–Panskura,MCA–PKU,121.0,Track geometry defect,Low,26,112,Track Machine,2026-10-10,normal,Pending
TRK-26027-00162,2026-10-04,TMS,Mecheda–Panskura,MCA–PKU,124.0,USFD-related inspection,High,75,89,Track Inspection Team,2026-10-06,mixed_realistic,Pending
TRK-26027-00163,2026-10-04,TMS,Mecheda–Panskura,MCA–PKU,119.9,Preventive track maintenance,High,74,103,Track Inspection Team,2026-10-04,high_defect_load,Pending
TRK-26027-00164,2026-10-04,TMS,Mecheda–Panskura,MCA–PKU,118.3,Track geometry defect,High,73,80,Track Gang,2026-10-04,mixed_realistic,Pending
TRK-26027-00165,2026-10-04,TMS,Panskura–Kharagpur,PKU–KGP,137.6,Sleeper defect,Medium,45,129,Track Gang,2026-10-11,cross_department_cluster,Pending
TRK-26027-00166,2026-10-04,TMS,Kharagpur–Gidni,KGP–GID,172.7,Track wear,Low,20,78,Track Gang,2026-10-17,cross_department_cluster,Pending
TRK-26027-00167,2026-10-04,TMS,Howrah–Santragachi,HWH–SRC,11.0,Preventive track maintenance,Low,19,72,Rail Welding Team,2026-10-11,normal,Pending
TRK-26027-00168,2026-10-04,TMS,Howrah–Santragachi,HWH–SRC,2.7,Ballast issue,Medium,43,134,Track Machine,2026-10-10,cross_department_cluster,Pending
TRK-26027-00169,2026-10-04,TMS,Santragachi–Panskura,SRC–PKU,59.6,USFD-related inspection,Critical,92,56,Track Inspection Team,2026-10-05,critical_defect,Pending
TRK-26027-00170,2026-10-04,TMS,Panskura–Kharagpur,PKU–KGP,161.3,Rail defect,Medium,61,115,Track Gang,2026-10-07,normal,Pending
TRK-26027-00171,2026-10-04,TMS,Panskura–Kharagpur,PKU–KGP,151.5,Track wear,Medium,57,80,Track Machine,2026-10-10,mixed_realistic,Pending
TRK-26027-00172,2026-10-04,TMS,Panskura–Kharagpur,PKU–KGP,165.6,Track wear,Medium,60,104,Track Gang,2026-10-06,high_defect_load,Pending
TRK-26027-00173,2026-10-04,TMS,Howrah–Santragachi,HWH–SRC,12.0,Rail defect,Low,24,148,Track Machine,2026-10-17,mixed_realistic,Pending
TRK-26027-00174,2026-10-04,TMS,Kharagpur–Gidni,KGP–GID,203.4,Track wear,Low,26,88,Track Machine,2026-10-13,high_defect_load,Pending
TRK-26027-00175,2026-10-04,TMS,Santragachi–Panskura,SRC–PKU,21.7,Sleeper defect,Medium,46,109,Track Machine,2026-10-07,normal,Pending
TRK-26027-00176,2026-10-04,TMS,Kharagpur–Gidni,KGP–GID,172.1,Track wear,Medium,58,69,Track Machine,2026-10-10,normal,Pending
TRK-26027-00177,2026-10-04,TMS,Howrah–Santragachi,HWH–SRC,9.8,Track geometry defect,Low,22,88,Track Machine,2026-10-15,normal,Pending
TRK-26027-00178,2026-10-04,TMS,Mecheda–Panskura,MCA–PKU,125.0,Preventive track maintenance,Low,36,110,Track Machine,2026-10-13,cross_department_cluster,Pending
TRK-26027-00179,2026-10-04,TMS,Panskura–Kharagpur,PKU–KGP,167.0,Ballast issue,Medium,54,130,Track Machine,2026-10-10,normal,Pending
TRK-26027-00180,2026-10-04,TMS,Santragachi–Panskura,SRC–PKU,67.5,Track geometry defect,Medium,40,70,Track Gang,2026-10-11,mixed_realistic,Pending
TRK-26027-00181,2026-10-04,TMS,Mecheda–Panskura,MCA–PKU,115.1,Track geometry defect,Medium,54,100,Track Machine,2026-10-08,mixed_realistic,Pending
TRK-26027-00182,2026-10-04,TMS,Howrah–Santragachi,HWH–SRC,4.1,Sleeper defect,Medium,40,124,Track Machine,2026-10-06,normal,Pending
TRK-26027-00183,2026-10-04,TMS,Howrah–Santragachi,HWH–SRC,9.5,Preventive track maintenance,Critical,87,85,Track Machine,2026-10-05,high_conflict,Pending
TRK-26027-00184,2026-10-04,TMS,Panskura–Kharagpur,PKU–KGP,162.3,USFD-related inspection,Critical,91,45,Track Inspection Team,2026-10-05,critical_defect,Pending
TRK-26027-00185,2026-10-04,TMS,Panskura–Kharagpur,PKU–KGP,164.5,Track wear,Medium,63,70,Track Machine,2026-10-10,normal,Pending
TRK-26027-00186,2026-10-04,TMS,Howrah–Santragachi,HWH–SRC,3.6,Rail defect,Low,29,174,Track Gang,2026-10-11,normal,Pending
TRK-26027-00187,2026-10-04,TMS,Mecheda–Panskura,MCA–PKU,121.9,USFD-related inspection,Medium,56,53,Track Inspection Team,2026-10-07,normal,Pending
TRK-26027-00188,2026-10-04,TMS,Santragachi–Panskura,SRC–PKU,30.0,Track wear,Low,29,114,Track Machine,2026-10-18,normal,Pending
TRK-26027-00189,2026-10-04,TMS,Mecheda–Panskura,MCA–PKU,116.5,Ballast issue,Low,23,84,Track Machine,2026-10-17,cross_department_cluster,Pending
TRK-26027-00190,2026-10-04,TMS,Kharagpur–Gidni,KGP–GID,172.7,Sleeper defect,Medium,50,95,Track Gang,2026-10-08,high_defect_load,Pending
TRK-26027-00191,2026-10-04,TMS,Kharagpur–Gidni,KGP–GID,183.1,USFD-related inspection,Medium,64,89,Track Inspection Team,2026-10-06,high_defect_load,Pending
TRK-26027-00192,2026-10-04,TMS,Panskura–Kharagpur,PKU–KGP,131.0,Rail defect,High,73,178,Track Gang,2026-10-05,normal,Pending
TRK-26027-00193,2026-10-04,TMS,Santragachi–Panskura,SRC–PKU,100.9,Track geometry defect,High,84,69,Track Gang,2026-10-04,normal,Pending
TRK-26027-00194,2026-10-04,TMS,Panskura–Kharagpur,PKU–KGP,133.7,Preventive track maintenance,Medium,42,55,Track Inspection Team,2026-10-11,mixed_realistic,Pending
TRK-26027-00195,2026-10-04,TMS,Howrah–Santragachi,HWH–SRC,12.0,Track geometry defect,Medium,54,76,Track Gang,2026-10-10,cross_department_cluster,Pending
TRK-26027-00196,2026-10-05,TMS,Howrah–Santragachi,HWH–SRC,0.2,Sleeper defect,High,66,110,Track Gang,2026-10-06,cross_department_cluster,Pending
TRK-26027-00197,2026-10-05,TMS,Howrah–Santragachi,HWH–SRC,5.6,Track geometry defect,Medium,46,105,Track Machine,2026-10-08,mixed_realistic,Pending
TRK-26027-00198,2026-10-05,TMS,Panskura–Kharagpur,PKU–KGP,153.3,USFD-related inspection,High,65,60,Track Inspection Team,2026-10-06,cross_department_cluster,Pending
TRK-26027-00199,2026-10-05,TMS,Kharagpur–Gidni,KGP–GID,170.0,Sleeper defect,Medium,53,147,Track Gang,2026-10-08,cross_department_cluster,Pending
TRK-26027-00200,2026-10-05,TMS,Panskura–Kharagpur,PKU–KGP,162.4,Track wear,High,71,113,Track Machine,2026-10-06,normal,Pending
TRK-26027-00201,2026-10-05,TMS,Santragachi–Panskura,SRC–PKU,115.0,Ballast issue,Low,15,174,Track Gang,2026-10-17,cross_department_cluster,Pending
TRK-26027-00202,2026-10-05,TMS,Kharagpur–Gidni,KGP–GID,176.1,Ballast issue,Medium,58,110,Track Gang,2026-10-07,normal,Pending
TRK-26027-00203,2026-10-05,TMS,Howrah–Santragachi,HWH–SRC,12.0,Preventive track maintenance,Low,19,110,Rail Welding Team,2026-10-18,cross_department_cluster,Pending
TRK-26027-00204,2026-10-05,TMS,Mecheda–Panskura,MCA–PKU,117.6,Track geometry defect,Medium,49,113,Track Machine,2026-10-08,mixed_realistic,Pending
TRK-26027-00205,2026-10-05,TMS,Howrah–Santragachi,HWH–SRC,8.3,Ballast issue,High,76,113,Track Gang,2026-10-07,normal,Pending
TRK-26027-00206,2026-10-05,TMS,Kharagpur–Gidni,KGP–GID,188.1,Ballast issue,Medium,46,72,Track Gang,2026-10-09,cross_department_cluster,Pending
TRK-26027-00207,2026-10-05,TMS,Panskura–Kharagpur,PKU–KGP,135.5,Track wear,Medium,56,79,Track Machine,2026-10-12,cross_department_cluster,Pending
TRK-26027-00208,2026-10-05,TMS,Mecheda–Panskura,MCA–PKU,123.1,Track wear,Low,22,111,Track Machine,2026-10-16,cross_department_cluster,Pending
TRK-26027-00209,2026-10-05,TMS,Panskura–Kharagpur,PKU–KGP,146.6,Sleeper defect,High,77,146,Track Machine,2026-10-08,cross_department_cluster,Pending
TRK-26027-00210,2026-10-05,TMS,Santragachi–Panskura,SRC–PKU,71.3,Preventive track maintenance,Low,18,109,Rail Welding Team,2026-10-17,cross_department_cluster,Pending
TRK-26027-00211,2026-10-05,TMS,Kharagpur–Gidni,KGP–GID,196.7,Ballast issue,Medium,61,64,Track Gang,2026-10-10,normal,Pending
TRK-26027-00212,2026-10-05,TMS,Santragachi–Panskura,SRC–PKU,113.9,USFD-related inspection,Medium,62,54,Track Inspection Team,2026-10-10,high_defect_load,Pending
TRK-26027-00213,2026-10-05,TMS,Panskura–Kharagpur,PKU–KGP,147.9,Preventive track maintenance,Medium,42,110,Track Inspection Team,2026-10-11,mixed_realistic,Pending
TRK-26027-00214,2026-10-05,TMS,Santragachi–Panskura,SRC–PKU,61.9,Preventive track maintenance,Medium,64,120,Track Inspection Team,2026-10-10,mixed_realistic,Pending
TRK-26027-00215,2026-10-05,TMS,Mecheda–Panskura,MCA–PKU,120.1,Track geometry defect,Low,22,108,Track Gang,2026-10-12,mixed_realistic,Pending
TRK-26027-00216,2026-10-05,TMS,Panskura–Kharagpur,PKU–KGP,131.9,Ballast issue,Low,37,124,Track Machine,2026-10-10,normal,Pending
TRK-26027-00217,2026-10-05,TMS,Santragachi–Panskura,SRC–PKU,42.6,Track geometry defect,High,76,90,Track Machine,2026-10-07,normal,Pending
TRK-26027-00218,2026-10-05,TMS,Santragachi–Panskura,SRC–PKU,100.0,Sleeper defect,High,73,103,Track Machine,2026-10-07,cross_department_cluster,Pending
TRK-26027-00219,2026-10-05,TMS,Mecheda–Panskura,MCA–PKU,121.0,Sleeper defect,Medium,44,71,Track Gang,2026-10-11,normal,Pending
TRK-26027-00220,2026-10-05,TMS,Kharagpur–Gidni,KGP–GID,189.3,Sleeper defect,Low,38,75,Track Gang,2026-10-17,mixed_realistic,Pending
TRK-26027-00221,2026-10-05,TMS,Santragachi–Panskura,SRC–PKU,68.2,Ballast issue,Medium,49,62,Track Gang,2026-10-09,normal,Pending
TRK-26027-00222,2026-10-05,TMS,Howrah–Santragachi,HWH–SRC,9.7,Track geometry defect,Medium,41,63,Track Machine,2026-10-08,normal,Pending
TRK-26027-00223,2026-10-05,TMS,Mecheda–Panskura,MCA–PKU,123.5,Track wear,Medium,43,60,Track Gang,2026-10-12,mixed_realistic,Pending
TRK-26027-00224,2026-10-05,TMS,Howrah–Santragachi,HWH–SRC,4.1,Ballast issue,Medium,57,165,Track Gang,2026-10-08,cross_department_cluster,Pending
TRK-26027-00225,2026-10-05,TMS,Santragachi–Panskura,SRC–PKU,43.5,Track geometry defect,High,65,72,Track Gang,2026-10-05,cross_department_cluster,Pending
TRK-26027-00226,2026-10-05,TMS,Santragachi–Panskura,SRC–PKU,115.0,Preventive track maintenance,High,77,83,Rail Welding Team,2026-10-08,cross_department_cluster,Pending
TRK-26027-00227,2026-10-05,TMS,Santragachi–Panskura,SRC–PKU,39.6,Ballast issue,High,66,83,Track Machine,2026-10-07,normal,Pending
TRK-26027-00228,2026-10-05,TMS,Howrah–Santragachi,HWH–SRC,5.0,Track wear,Medium,61,112,Track Machine,2026-10-10,normal,Pending
TRK-26027-00229,2026-10-05,TMS,Santragachi–Panskura,SRC–PKU,65.1,Track wear,High,75,115,Track Gang,2026-10-05,mixed_realistic,Pending
TRK-26027-00230,2026-10-05,TMS,Mecheda–Panskura,MCA–PKU,123.6,Track wear,Low,37,84,Track Machine,2026-10-16,mixed_realistic,Pending
TRK-26027-00231,2026-10-05,TMS,Santragachi–Panskura,SRC–PKU,115.0,Track geometry defect,Medium,42,108,Track Gang,2026-10-08,cross_department_cluster,Pending
TRK-26027-00232,2026-10-05,TMS,Panskura–Kharagpur,PKU–KGP,153.0,Rail defect,Medium,51,129,Track Gang,2026-10-07,mixed_realistic,Pending
TRK-26027-00233,2026-10-05,TMS,Panskura–Kharagpur,PKU–KGP,161.5,Preventive track maintenance,Medium,54,69,Track Machine,2026-10-12,mixed_realistic,Pending
TRK-26027-00234,2026-10-05,TMS,Mecheda–Panskura,MCA–PKU,124.7,Sleeper defect,Low,20,119,Track Machine,2026-10-11,normal,Pending
TRK-26027-00235,2026-10-05,TMS,Howrah–Santragachi,HWH–SRC,3.3,Rail defect,Low,29,173,Track Gang,2026-10-13,mixed_realistic,Pending
TRK-26027-00236,2026-10-05,TMS,Kharagpur–Gidni,KGP–GID,170.0,Track geometry defect,Medium,58,109,Track Gang,2026-10-08,cross_department_cluster,Pending
TRK-26027-00237,2026-10-05,TMS,Santragachi–Panskura,SRC–PKU,115.0,Ballast issue,Medium,40,103,Track Gang,2026-10-09,cross_department_cluster,Pending
TRK-26027-00238,2026-10-05,TMS,Panskura–Kharagpur,PKU–KGP,142.4,Sleeper defect,Medium,47,137,Track Gang,2026-10-08,normal,Pending
TRK-26027-00239,2026-10-05,TMS,Santragachi–Panskura,SRC–PKU,43.3,Track wear,Low,30,116,Track Machine,2026-10-16,normal,Pending
TRK-26027-00240,2026-10-05,TMS,Howrah–Santragachi,HWH–SRC,10.9,Ballast issue,Low,31,154,Track Machine,2026-10-17,cross_department_cluster,Pending
TRK-26027-00241,2026-10-05,TMS,Kharagpur–Gidni,KGP–GID,175.3,Track geometry defect,Critical,100,68,Track Gang,2026-10-05,high_conflict,Pending
TRK-26027-00242,2026-10-05,TMS,Mecheda–Panskura,MCA–PKU,117.1,Track geometry defect,Low,38,96,Track Gang,2026-10-14,mixed_realistic,Pending
TRK-26027-00243,2026-10-05,TMS,Howrah–Santragachi,HWH–SRC,7.3,Sleeper defect,Medium,46,77,Track Gang,2026-10-11,normal,Pending
TRK-26027-00244,2026-10-05,TMS,Kharagpur–Gidni,KGP–GID,204.0,Track geometry defect,Low,27,74,Track Gang,2026-10-15,high_defect_load,Pending
TRK-26027-00245,2026-10-05,TMS,Mecheda–Panskura,MCA–PKU,124.7,Track wear,Medium,49,113,Track Gang,2026-10-12,normal,Pending
TRK-26027-00246,2026-10-05,TMS,Mecheda–Panskura,MCA–PKU,117.0,Track wear,Low,29,80,Track Machine,2026-10-16,normal,Pending
TRK-26027-00247,2026-10-05,TMS,Mecheda–Panskura,MCA–PKU,123.5,Rail defect,Medium,52,146,Track Machine,2026-10-12,normal,Pending
TRK-26027-00248,2026-10-05,TMS,Howrah–Santragachi,HWH–SRC,3.3,Track wear,Medium,58,88,Track Gang,2026-10-07,normal,Pending
TRK-26027-00249,2026-10-05,TMS,Kharagpur–Gidni,KGP–GID,206.9,Sleeper defect,Low,39,102,Track Machine,2026-10-14,mixed_realistic,Pending
TRK-26027-00250,2026-10-05,TMS,Howrah–Santragachi,HWH–SRC,1.2,USFD-related inspection,Low,24,65,Track Inspection Team,2026-10-18,normal,Pending
TRK-26027-00251,2026-10-05,TMS,Mecheda–Panskura,MCA–PKU,120.9,Track wear,Low,31,112,Track Gang,2026-10-16,normal,Pending
TRK-26027-00252,2026-10-05,TMS,Mecheda–Panskura,MCA–PKU,116.3,Track geometry defect,High,70,64,Track Gang,2026-10-07,mixed_realistic,Pending
TRK-26027-00253,2026-10-05,TMS,Santragachi–Panskura,SRC–PKU,115.0,Track geometry defect,Critical,95,96,Track Gang,2026-10-06,cross_department_cluster,Pending
TRK-26027-00254,2026-10-05,TMS,Panskura–Kharagpur,PKU–KGP,137.5,Track geometry defect,Low,32,88,Track Gang,2026-10-13,normal,Pending
TRK-26027-00255,2026-10-05,TMS,Santragachi–Panskura,SRC–PKU,66.4,Track geometry defect,Medium,62,103,Track Gang,2026-10-11,normal,Pending
TRK-26027-00256,2026-10-05,TMS,Mecheda–Panskura,MCA–PKU,118.7,Rail defect,High,80,129,Track Machine,2026-10-05,high_defect_load,Pending
TRK-26027-00257,2026-10-05,TMS,Howrah–Santragachi,HWH–SRC,12.0,Ballast issue,High,69,122,Track Gang,2026-10-06,cross_department_cluster,Pending
TRK-26027-00258,2026-10-05,TMS,Mecheda–Panskura,MCA–PKU,121.6,Track geometry defect,Medium,43,85,Track Gang,2026-10-12,mixed_realistic,Pending
TRK-26027-00259,2026-10-05,TMS,Panskura–Kharagpur,PKU–KGP,125.4,USFD-related inspection,Low,38,67,Track Inspection Team,2026-10-10,normal,Pending
TRK-26027-00260,2026-10-05,TMS,Kharagpur–Gidni,KGP–GID,203.4,Sleeper defect,Critical,86,85,Track Machine,2026-10-05,critical_defect,Pending
TRK-26027-00261,2026-10-06,TMS,Kharagpur–Gidni,KGP–GID,178.9,USFD-related inspection,High,82,46,Track Inspection Team,2026-10-09,mixed_realistic,Pending
TRK-26027-00262,2026-10-06,TMS,Mecheda–Panskura,MCA–PKU,118.1,Track wear,Low,23,103,Track Machine,2026-10-13,cross_department_cluster,Pending
TRK-26027-00263,2026-10-06,TMS,Panskura–Kharagpur,PKU–KGP,147.6,Preventive track maintenance,Low,27,94,Track Inspection Team,2026-10-19,mixed_realistic,Pending
TRK-26027-00264,2026-10-06,TMS,Panskura–Kharagpur,PKU–KGP,150.4,Rail defect,Medium,52,130,Track Machine,2026-10-12,normal,Pending
TRK-26027-00265,2026-10-06,TMS,Santragachi–Panskura,SRC–PKU,22.0,Track wear,Medium,54,78,Track Gang,2026-10-11,normal,Pending
TRK-26027-00266,2026-10-06,TMS,Howrah–Santragachi,HWH–SRC,2.0,USFD-related inspection,Low,23,81,Track Inspection Team,2026-10-20,normal,Pending
TRK-26027-00267,2026-10-06,TMS,Mecheda–Panskura,MCA–PKU,123.9,Preventive track maintenance,Medium,40,97,Track Inspection Team,2026-10-10,normal,Pending
TRK-26027-00268,2026-10-06,TMS,Howrah–Santragachi,HWH–SRC,1.2,Rail defect,Low,24,150,Track Gang,2026-10-16,normal,Pending
TRK-26027-00269,2026-10-06,TMS,Kharagpur–Gidni,KGP–GID,188.9,Track geometry defect,Low,20,97,Track Gang,2026-10-18,normal,Pending
TRK-26027-00270,2026-10-06,TMS,Howrah–Santragachi,HWH–SRC,7.1,USFD-related inspection,Medium,62,61,Track Inspection Team,2026-10-12,normal,Pending
TRK-26027-00271,2026-10-06,TMS,Santragachi–Panskura,SRC–PKU,18.2,Sleeper defect,Medium,48,128,Track Machine,2026-10-10,normal,Pending
TRK-26027-00272,2026-10-06,TMS,Mecheda–Panskura,MCA–PKU,124.4,USFD-related inspection,Low,25,71,Track Inspection Team,2026-10-15,normal,Pending
TRK-26027-00273,2026-10-06,TMS,Mecheda–Panskura,MCA–PKU,123.0,Preventive track maintenance,Low,15,74,Track Inspection Team,2026-10-17,normal,Pending
TRK-26027-00274,2026-10-06,TMS,Kharagpur–Gidni,KGP–GID,192.5,Rail defect,Low,38,157,Track Machine,2026-10-14,cross_department_cluster,Pending
TRK-26027-00275,2026-10-06,TMS,Mecheda–Panskura,MCA–PKU,117.1,Track wear,High,69,64,Track Gang,2026-10-07,normal,Pending
TRK-26027-00276,2026-10-06,TMS,Kharagpur–Gidni,KGP–GID,214.3,Ballast issue,Medium,64,124,Track Machine,2026-10-08,normal,Pending
TRK-26027-00277,2026-10-06,TMS,Kharagpur–Gidni,KGP–GID,191.5,Track wear,Low,26,68,Track Machine,2026-10-18,normal,Pending
TRK-26027-00278,2026-10-06,TMS,Kharagpur–Gidni,KGP–GID,170.0,Ballast issue,High,84,163,Track Machine,2026-10-09,cross_department_cluster,Pending
TRK-26027-00279,2026-10-06,TMS,Santragachi–Panskura,SRC–PKU,103.4,Ballast issue,High,78,133,Track Gang,2026-10-06,mixed_realistic,Pending
TRK-26027-00280,2026-10-06,TMS,Panskura–Kharagpur,PKU–KGP,163.6,Track wear,Medium,59,91,Track Machine,2026-10-10,normal,Pending
TRK-26027-00281,2026-10-06,TMS,Mecheda–Panskura,MCA–PKU,123.8,Preventive track maintenance,Low,23,115,Track Gang,2026-10-12,normal,Pending
TRK-26027-00282,2026-10-06,TMS,Howrah–Santragachi,HWH–SRC,12.0,Rail defect,Medium,64,95,Track Gang,2026-10-11,cross_department_cluster,Pending
TRK-26027-00283,2026-10-06,TMS,Mecheda–Panskura,MCA–PKU,120.1,USFD-related inspection,Medium,61,55,Track Inspection Team,2026-10-10,normal,Pending
TRK-26027-00284,2026-10-06,TMS,Howrah–Santragachi,HWH–SRC,4.9,Preventive track maintenance,Medium,64,89,Rail Welding Team,2026-10-10,cross_department_cluster,Pending
TRK-26027-00285,2026-10-06,TMS,Mecheda–Panskura,MCA–PKU,120.6,Preventive track maintenance,Low,18,76,Track Inspection Team,2026-10-11,normal,Pending
TRK-26027-00286,2026-10-06,TMS,Santragachi–Panskura,SRC–PKU,113.9,Track geometry defect,Medium,59,96,Track Machine,2026-10-08,normal,Pending
TRK-26027-00287,2026-10-06,TMS,Mecheda–Panskura,MCA–PKU,120.0,Preventive track maintenance,Medium,47,99,Track Inspection Team,2026-10-12,normal,Pending
TRK-26027-00288,2026-10-06,TMS,Mecheda–Panskura,MCA–PKU,122.7,Sleeper defect,Medium,64,112,Track Machine,2026-10-13,normal,Pending
TRK-26027-00289,2026-10-06,TMS,Panskura–Kharagpur,PKU–KGP,141.3,Sleeper defect,Medium,50,103,Track Machine,2026-10-09,mixed_realistic,Pending
TRK-26027-00290,2026-10-06,TMS,Kharagpur–Gidni,KGP–GID,175.4,Track geometry defect,Medium,46,100,Track Machine,2026-10-13,normal,Pending
TRK-26027-00291,2026-10-06,TMS,Howrah–Santragachi,HWH–SRC,4.1,Ballast issue,Low,18,74,Track Gang,2026-10-13,normal,Pending
TRK-26027-00292,2026-10-06,TMS,Kharagpur–Gidni,KGP–GID,202.0,Track geometry defect,High,70,84,Track Machine,2026-10-06,cross_department_cluster,Pending
TRK-26027-00293,2026-10-06,TMS,Kharagpur–Gidni,KGP–GID,171.4,Sleeper defect,Medium,48,108,Track Machine,2026-10-10,normal,Pending
TRK-26027-00294,2026-10-06,TMS,Mecheda–Panskura,MCA–PKU,115.5,Preventive track maintenance,Medium,54,64,Rail Welding Team,2026-10-12,cross_department_cluster,Pending
TRK-26027-00295,2026-10-06,TMS,Kharagpur–Gidni,KGP–GID,204.4,Preventive track maintenance,Low,23,61,Track Gang,2026-10-11,mixed_realistic,Pending
TRK-26027-00296,2026-10-06,TMS,Mecheda–Panskura,MCA–PKU,118.5,Sleeper defect,Medium,64,102,Track Gang,2026-10-08,mixed_realistic,Pending
TRK-26027-00297,2026-10-06,TMS,Howrah–Santragachi,HWH–SRC,3.2,Sleeper defect,Low,16,130,Track Machine,2026-10-17,high_defect_load,Pending
TRK-26027-00298,2026-10-06,TMS,Santragachi–Panskura,SRC–PKU,95.6,Rail defect,Medium,43,157,Track Gang,2026-10-13,mixed_realistic,Pending
TRK-26027-00299,2026-10-06,TMS,Mecheda–Panskura,MCA–PKU,117.0,Track geometry defect,High,76,113,Track Machine,2026-10-08,normal,Pending
TRK-26027-00300,2026-10-06,TMS,Panskura–Kharagpur,PKU–KGP,142.6,Ballast issue,Low,19,96,Track Machine,2026-10-16,cross_department_cluster,Pending
TRK-26027-00301,2026-10-06,TMS,Mecheda–Panskura,MCA–PKU,123.6,Track wear,High,82,90,Track Gang,2026-10-07,mixed_realistic,Pending
TRK-26027-00302,2026-10-06,TMS,Kharagpur–Gidni,KGP–GID,184.9,Rail defect,Low,22,173,Track Gang,2026-10-19,cross_department_cluster,Pending
TRK-26027-00303,2026-10-06,TMS,Howrah–Santragachi,HWH–SRC,6.8,Preventive track maintenance,Medium,58,94,Rail Welding Team,2026-10-11,mixed_realistic,Pending
TRK-26027-00304,2026-10-06,TMS,Santragachi–Panskura,SRC–PKU,40.6,Rail defect,High,65,146,Track Gang,2026-10-09,cross_department_cluster,Pending
TRK-26027-00305,2026-10-06,TMS,Kharagpur–Gidni,KGP–GID,214.6,Track wear,High,78,83,Track Gang,2026-10-07,high_defect_load,Pending
TRK-26027-00306,2026-10-06,TMS,Panskura–Kharagpur,PKU–KGP,162.2,Ballast issue,Medium,48,96,Track Gang,2026-10-09,mixed_realistic,Pending
TRK-26027-00307,2026-10-06,TMS,Howrah–Santragachi,HWH–SRC,4.0,USFD-related inspection,High,81,60,Track Inspection Team,2026-10-09,normal,Pending
TRK-26027-00308,2026-10-06,TMS,Santragachi–Panskura,SRC–PKU,70.0,USFD-related inspection,High,78,59,Track Inspection Team,2026-10-09,normal,Pending
TRK-26027-00309,2026-10-06,TMS,Mecheda–Panskura,MCA–PKU,116.8,USFD-related inspection,Medium,56,68,Track Inspection Team,2026-10-10,normal,Pending
TRK-26027-00310,2026-10-06,TMS,Kharagpur–Gidni,KGP–GID,204.4,USFD-related inspection,High,72,79,Track Inspection Team,2026-10-09,mixed_realistic,Pending
TRK-26027-00311,2026-10-06,TMS,Santragachi–Panskura,SRC–PKU,35.5,Track geometry defect,Low,36,116,Track Machine,2026-10-15,normal,Pending
TRK-26027-00312,2026-10-06,TMS,Mecheda–Panskura,MCA–PKU,121.3,USFD-related inspection,Medium,64,53,Track Inspection Team,2026-10-12,normal,Pending
TRK-26027-00313,2026-10-06,TMS,Howrah–Santragachi,HWH–SRC,3.1,Preventive track maintenance,Low,21,105,Track Gang,2026-10-11,normal,Pending
TRK-26027-00314,2026-10-06,TMS,Panskura–Kharagpur,PKU–KGP,142.6,Rail defect,Medium,64,176,Track Machine,2026-10-09,cross_department_cluster,Pending
TRK-26027-00315,2026-10-06,TMS,Santragachi–Panskura,SRC–PKU,115.0,USFD-related inspection,High,78,47,Track Inspection Team,2026-10-07,cross_department_cluster,Pending
TRK-26027-00316,2026-10-06,TMS,Kharagpur–Gidni,KGP–GID,207.1,USFD-related inspection,Medium,43,79,Track Inspection Team,2026-10-10,normal,Pending
TRK-26027-00317,2026-10-06,TMS,Howrah–Santragachi,HWH–SRC,9.0,Sleeper defect,Medium,50,99,Track Machine,2026-10-11,normal,Pending
TRK-26027-00318,2026-10-06,TMS,Panskura–Kharagpur,PKU–KGP,148.2,Sleeper defect,Medium,46,96,Track Machine,2026-10-10,high_defect_load,Pending
TRK-26027-00319,2026-10-06,TMS,Mecheda–Panskura,MCA–PKU,125.0,Rail defect,Low,25,132,Track Machine,2026-10-17,cross_department_cluster,Pending
TRK-26027-00320,2026-10-06,TMS,Mecheda–Panskura,MCA–PKU,122.7,Sleeper defect,Medium,52,61,Track Gang,2026-10-09,normal,Pending
TRK-26027-00321,2026-10-06,TMS,Howrah–Santragachi,HWH–SRC,10.6,Track wear,Medium,45,94,Track Machine,2026-10-08,cross_department_cluster,Pending
TRK-26027-00322,2026-10-06,TMS,Howrah–Santragachi,HWH–SRC,8.6,Track wear,Medium,42,118,Track Machine,2026-10-13,normal,Pending
TRK-26027-00323,2026-10-06,TMS,Kharagpur–Gidni,KGP–GID,182.6,Preventive track maintenance,Medium,61,112,Rail Welding Team,2026-10-08,normal,Pending
TRK-26027-00324,2026-10-06,TMS,Santragachi–Panskura,SRC–PKU,94.1,Rail defect,Medium,57,118,Track Gang,2026-10-08,normal,Pending
TRK-26027-00325,2026-10-06,TMS,Santragachi–Panskura,SRC–PKU,90.7,Track geometry defect,High,76,107,Track Gang,2026-10-07,normal,Pending
TRK-26027-00326,2026-10-07,TMS,Mecheda–Panskura,MCA–PKU,124.7,Rail defect,Low,22,95,Track Gang,2026-10-13,normal,Pending
TRK-26027-00327,2026-10-07,TMS,Panskura–Kharagpur,PKU–KGP,133.2,Ballast issue,Medium,42,64,Track Machine,2026-10-13,normal,Pending
TRK-26027-00328,2026-10-07,TMS,Kharagpur–Gidni,KGP–GID,204.6,Rail defect,Medium,45,111,Track Machine,2026-10-11,normal,Pending
TRK-26027-00329,2026-10-07,TMS,Panskura–Kharagpur,PKU–KGP,160.0,Track geometry defect,Medium,49,61,Track Machine,2026-10-11,mixed_realistic,Pending
TRK-26027-00330,2026-10-07,TMS,Santragachi–Panskura,SRC–PKU,81.5,Track geometry defect,Medium,40,119,Track Gang,2026-10-11,mixed_realistic,Pending
TRK-26027-00331,2026-10-07,TMS,Panskura–Kharagpur,PKU–KGP,142.4,Sleeper defect,Medium,54,126,Track Gang,2026-10-09,cross_department_cluster,Pending
TRK-26027-00332,2026-10-07,TMS,Mecheda–Panskura,MCA–PKU,120.6,Rail defect,Medium,42,124,Track Gang,2026-10-11,mixed_realistic,Pending
TRK-26027-00333,2026-10-07,TMS,Santragachi–Panskura,SRC–PKU,103.7,USFD-related inspection,Medium,53,45,Track Inspection Team,2026-10-14,normal,Pending
TRK-26027-00334,2026-10-07,TMS,Mecheda–Panskura,MCA–PKU,124.9,Rail defect,Low,39,93,Track Gang,2026-10-19,cross_department_cluster,Pending
TRK-26027-00335,2026-10-07,TMS,Howrah–Santragachi,HWH–SRC,7.5,Rail defect,Medium,51,149,Track Machine,2026-10-12,mixed_realistic,Pending
TRK-26027-00336,2026-10-07,TMS,Mecheda–Panskura,MCA–PKU,117.3,Track geometry defect,High,79,65,Track Gang,2026-10-08,normal,Pending
TRK-26027-00337,2026-10-07,TMS,Panskura–Kharagpur,PKU–KGP,132.3,Track wear,Low,26,84,Track Machine,2026-10-19,normal,Pending
TRK-26027-00338,2026-10-07,TMS,Kharagpur–Gidni,KGP–GID,211.2,Rail defect,Medium,46,99,Track Machine,2026-10-10,cross_department_cluster,Pending
TRK-26027-00339,2026-10-07,TMS,Santragachi–Panskura,SRC–PKU,29.6,Track wear,Medium,62,87,Track Gang,2026-10-12,mixed_realistic,Pending
TRK-26027-00340,2026-10-07,TMS,Kharagpur–Gidni,KGP–GID,190.3,Track wear,Low,37,120,Track Gang,2026-10-15,normal,Pending
TRK-26027-00341,2026-10-07,TMS,Mecheda–Panskura,MCA–PKU,117.5,Ballast issue,Medium,53,99,Track Machine,2026-10-11,high_defect_load,Pending
TRK-26027-00342,2026-10-07,TMS,Kharagpur–Gidni,KGP–GID,208.8,Ballast issue,High,74,175,Track Machine,2026-10-10,normal,Pending
TRK-26027-00343,2026-10-07,TMS,Howrah–Santragachi,HWH–SRC,12.0,Track geometry defect,Medium,41,92,Track Gang,2026-10-14,cross_department_cluster,Pending
TRK-26027-00344,2026-10-07,TMS,Panskura–Kharagpur,PKU–KGP,157.4,Preventive track maintenance,Low,35,61,Track Machine,2026-10-18,cross_department_cluster,Pending
TRK-26027-00345,2026-10-07,TMS,Santragachi–Panskura,SRC–PKU,94.0,Rail defect,Low,37,140,Track Machine,2026-10-19,normal,Pending
TRK-26027-00346,2026-10-07,TMS,Panskura–Kharagpur,PKU–KGP,129.2,Track wear,Medium,40,65,Track Gang,2026-10-09,cross_department_cluster,Pending
TRK-26027-00347,2026-10-07,TMS,Mecheda–Panskura,MCA–PKU,120.6,Track geometry defect,Medium,53,70,Track Machine,2026-10-14,cross_department_cluster,Pending
TRK-26027-00348,2026-10-07,TMS,Santragachi–Panskura,SRC–PKU,16.4,Track wear,Medium,45,85,Track Gang,2026-10-09,normal,Pending
TRK-26027-00349,2026-10-07,TMS,Howrah–Santragachi,HWH–SRC,5.4,USFD-related inspection,High,74,56,Track Inspection Team,2026-10-10,normal,Pending
TRK-26027-00350,2026-10-07,TMS,Howrah–Santragachi,HWH–SRC,10.4,USFD-related inspection,High,71,62,Track Inspection Team,2026-10-07,normal,Pending
TRK-26027-00351,2026-10-07,TMS,Howrah–Santragachi,HWH–SRC,8.6,Track geometry defect,Medium,58,117,Track Machine,2026-10-13,normal,Pending
TRK-26027-00352,2026-10-07,TMS,Kharagpur–Gidni,KGP–GID,206.2,Rail defect,High,66,124,Track Gang,2026-10-10,normal,Pending
TRK-26027-00353,2026-10-07,TMS,Kharagpur–Gidni,KGP–GID,175.0,USFD-related inspection,High,72,63,Track Inspection Team,2026-10-08,normal,Pending
TRK-26027-00354,2026-10-07,TMS,Kharagpur–Gidni,KGP–GID,203.4,Track wear,Medium,52,70,Track Gang,2026-10-14,normal,Pending
TRK-26027-00355,2026-10-07,TMS,Howrah–Santragachi,HWH–SRC,12.0,Rail defect,Medium,46,148,Track Gang,2026-10-10,cross_department_cluster,Pending
TRK-26027-00356,2026-10-07,TMS,Santragachi–Panskura,SRC–PKU,77.9,Ballast issue,Low,31,103,Track Machine,2026-10-21,normal,Pending
TRK-26027-00357,2026-10-07,TMS,Santragachi–Panskura,SRC–PKU,52.5,Ballast issue,Critical,98,125,Track Machine,2026-10-08,critical_defect,Pending
TRK-26027-00358,2026-10-07,TMS,Howrah–Santragachi,HWH–SRC,4.2,Rail defect,Low,33,117,Track Machine,2026-10-15,high_defect_load,Pending
TRK-26027-00359,2026-10-07,TMS,Howrah–Santragachi,HWH–SRC,11.4,Sleeper defect,Medium,54,81,Track Gang,2026-10-13,mixed_realistic,Pending
TRK-26027-00360,2026-10-07,TMS,Mecheda–Panskura,MCA–PKU,122.6,USFD-related inspection,High,70,48,Track Inspection Team,2026-10-08,normal,Pending
TRK-26027-00361,2026-10-07,TMS,Santragachi–Panskura,SRC–PKU,54.2,Preventive track maintenance,High,77,86,Track Machine,2026-10-09,cross_department_cluster,Pending
TRK-26027-00362,2026-10-07,TMS,Panskura–Kharagpur,PKU–KGP,138.3,USFD-related inspection,Low,18,90,Track Inspection Team,2026-10-15,normal,Pending
TRK-26027-00363,2026-10-07,TMS,Howrah–Santragachi,HWH–SRC,5.6,Preventive track maintenance,Medium,63,50,Track Gang,2026-10-09,high_defect_load,Pending
TRK-26027-00364,2026-10-07,TMS,Howrah–Santragachi,HWH–SRC,11.3,Preventive track maintenance,Low,38,89,Track Machine,2026-10-13,normal,Pending
TRK-26027-00365,2026-10-07,TMS,Panskura–Kharagpur,PKU–KGP,164.7,Rail defect,Medium,60,140,Track Gang,2026-10-14,normal,Pending
TRK-26027-00366,2026-10-07,TMS,Panskura–Kharagpur,PKU–KGP,128.6,Track geometry defect,High,65,62,Track Gang,2026-10-07,mixed_realistic,Pending
TRK-26027-00367,2026-10-07,TMS,Kharagpur–Gidni,KGP–GID,177.4,Track geometry defect,High,78,79,Track Gang,2026-10-10,cross_department_cluster,Pending
TRK-26027-00368,2026-10-07,TMS,Santragachi–Panskura,SRC–PKU,57.1,Track geometry defect,Medium,56,110,Track Machine,2026-10-12,mixed_realistic,Pending
TRK-26027-00369,2026-10-07,TMS,Panskura–Kharagpur,PKU–KGP,125.2,USFD-related inspection,Medium,41,66,Track Inspection Team,2026-10-14,normal,Pending
TRK-26027-00370,2026-10-07,TMS,Panskura–Kharagpur,PKU–KGP,139.5,Track geometry defect,Medium,62,70,Track Gang,2026-10-10,normal,Pending
TRK-26027-00371,2026-10-07,TMS,Howrah–Santragachi,HWH–SRC,3.3,Preventive track maintenance,Medium,46,88,Track Gang,2026-10-09,normal,Pending
TRK-26027-00372,2026-10-07,TMS,Howrah–Santragachi,HWH–SRC,9.0,Ballast issue,High,66,151,Track Machine,2026-10-07,normal,Pending
TRK-26027-00373,2026-10-07,TMS,Howrah–Santragachi,HWH–SRC,2.9,Preventive track maintenance,Low,36,68,Track Gang,2026-10-13,high_defect_load,Pending
TRK-26027-00374,2026-10-07,TMS,Santragachi–Panskura,SRC–PKU,36.0,Track wear,Medium,55,108,Track Gang,2026-10-13,high_defect_load,Pending
TRK-26027-00375,2026-10-07,TMS,Panskura–Kharagpur,PKU–KGP,164.2,Ballast issue,Critical,89,145,Track Machine,2026-10-08,critical_defect,Pending
TRK-26027-00376,2026-10-07,TMS,Santragachi–Panskura,SRC–PKU,35.3,USFD-related inspection,Medium,40,58,Track Inspection Team,2026-10-13,normal,Pending
TRK-26027-00377,2026-10-07,TMS,Mecheda–Panskura,MCA–PKU,125.0,Track geometry defect,Medium,49,60,Track Machine,2026-10-13,cross_department_cluster,Pending
TRK-26027-00378,2026-10-07,TMS,Santragachi–Panskura,SRC–PKU,21.8,Rail defect,Critical,95,151,Track Machine,2026-10-08,mixed_realistic,Pending
TRK-26027-00379,2026-10-07,TMS,Kharagpur–Gidni,KGP–GID,170.0,USFD-related inspection,Low,34,62,Track Inspection Team,2026-10-20,cross_department_cluster,Pending
TRK-26027-00380,2026-10-07,TMS,Panskura–Kharagpur,PKU–KGP,128.7,USFD-related inspection,Low,26,78,Track Inspection Team,2026-10-18,normal,Pending
TRK-26027-00381,2026-10-07,TMS,Mecheda–Panskura,MCA–PKU,118.8,Track geometry defect,Medium,56,108,Track Machine,2026-10-12,mixed_realistic,Pending
TRK-26027-00382,2026-10-07,TMS,Howrah–Santragachi,HWH–SRC,2.4,USFD-related inspection,Low,21,47,Track Inspection Team,2026-10-15,normal,Pending
TRK-26027-00383,2026-10-07,TMS,Santragachi–Panskura,SRC–PKU,32.3,Preventive track maintenance,Low,30,58,Track Gang,2026-10-19,mixed_realistic,Pending
TRK-26027-00384,2026-10-07,TMS,Mecheda–Panskura,MCA–PKU,116.8,Track geometry defect,Low,27,99,Track Gang,2026-10-18,normal,Pending
TRK-26027-00385,2026-10-07,TMS,Panskura–Kharagpur,PKU–KGP,142.1,USFD-related inspection,Medium,62,51,Track Inspection Team,2026-10-14,cross_department_cluster,Pending
TRK-26027-00386,2026-10-07,TMS,Santragachi–Panskura,SRC–PKU,87.3,Preventive track maintenance,Low,32,84,Track Gang,2026-10-20,normal,Pending
TRK-26027-00387,2026-10-07,TMS,Kharagpur–Gidni,KGP–GID,209.6,Ballast issue,High,83,134,Track Gang,2026-10-07,mixed_realistic,Pending
TRK-26027-00388,2026-10-07,TMS,Panskura–Kharagpur,PKU–KGP,152.0,Preventive track maintenance,Medium,51,69,Track Gang,2026-10-14,cross_department_cluster,Pending
TRK-26027-00389,2026-10-07,TMS,Mecheda–Panskura,MCA–PKU,121.8,Ballast issue,Medium,60,152,Track Gang,2026-10-10,normal,Pending
TRK-26027-00390,2026-10-07,TMS,Panskura–Kharagpur,PKU–KGP,142.8,Rail defect,Low,37,164,Track Machine,2026-10-21,normal,Pending
TRK-26027-00391,2026-10-08,TMS,Panskura–Kharagpur,PKU–KGP,157.7,Track wear,High,83,60,Track Gang,2026-10-11,cross_department_cluster,Pending
TRK-26027-00392,2026-10-08,TMS,Mecheda–Panskura,MCA–PKU,115.8,Rail defect,Medium,50,127,Track Gang,2026-10-11,mixed_realistic,Pending
TRK-26027-00393,2026-10-08,TMS,Mecheda–Panskura,MCA–PKU,115.7,Track geometry defect,Medium,48,91,Track Gang,2026-10-11,normal,Pending
TRK-26027-00394,2026-10-08,TMS,Mecheda–Panskura,MCA–PKU,125.0,Rail defect,Low,18,151,Track Gang,2026-10-19,cross_department_cluster,Pending
TRK-26027-00395,2026-10-08,TMS,Santragachi–Panskura,SRC–PKU,88.4,Sleeper defect,Medium,48,110,Track Machine,2026-10-13,normal,Pending
TRK-26027-00396,2026-10-08,TMS,Panskura–Kharagpur,PKU–KGP,161.5,Sleeper defect,Critical,96,119,Track Gang,2026-10-09,critical_defect,Pending
TRK-26027-00397,2026-10-08,TMS,Howrah–Santragachi,HWH–SRC,8.3,Sleeper defect,High,80,62,Track Gang,2026-10-08,normal,Pending
TRK-26027-00398,2026-10-08,TMS,Kharagpur–Gidni,KGP–GID,193.8,Preventive track maintenance,Medium,54,81,Track Inspection Team,2026-10-10,normal,Pending
TRK-26027-00399,2026-10-08,TMS,Kharagpur–Gidni,KGP–GID,211.9,Track wear,Medium,42,77,Track Machine,2026-10-11,normal,Pending
TRK-26027-00400,2026-10-08,TMS,Mecheda–Panskura,MCA–PKU,120.3,Track wear,High,66,76,Track Gang,2026-10-11,normal,Pending
TRK-26027-00401,2026-10-08,TMS,Mecheda–Panskura,MCA–PKU,118.6,Sleeper defect,High,68,74,Track Gang,2026-10-08,cross_department_cluster,Pending
TRK-26027-00402,2026-10-08,TMS,Panskura–Kharagpur,PKU–KGP,138.3,Rail defect,Medium,63,178,Track Gang,2026-10-12,normal,Pending
TRK-26027-00403,2026-10-08,TMS,Panskura–Kharagpur,PKU–KGP,138.1,Rail defect,Medium,49,96,Track Machine,2026-10-10,normal,Pending
TRK-26027-00404,2026-10-08,TMS,Panskura–Kharagpur,PKU–KGP,162.2,Ballast issue,High,70,176,Track Gang,2026-10-10,normal,Pending
TRK-26027-00405,2026-10-08,TMS,Panskura–Kharagpur,PKU–KGP,159.7,Sleeper defect,Medium,46,130,Track Machine,2026-10-13,normal,Pending
TRK-26027-00406,2026-10-08,TMS,Mecheda–Panskura,MCA–PKU,115.3,Rail defect,High,76,107,Track Machine,2026-10-09,high_defect_load,Pending
TRK-26027-00407,2026-10-08,TMS,Kharagpur–Gidni,KGP–GID,192.1,Sleeper defect,High,67,123,Track Gang,2026-10-10,mixed_realistic,Pending
TRK-26027-00408,2026-10-08,TMS,Kharagpur–Gidni,KGP–GID,177.3,Preventive track maintenance,Medium,51,53,Track Machine,2026-10-10,normal,Pending
TRK-26027-00409,2026-10-08,TMS,Kharagpur–Gidni,KGP–GID,191.6,Track wear,Low,37,105,Track Machine,2026-10-13,normal,Pending
TRK-26027-00410,2026-10-08,TMS,Howrah–Santragachi,HWH–SRC,5.1,Sleeper defect,Low,25,104,Track Gang,2026-10-17,cross_department_cluster,Pending
TRK-26027-00411,2026-10-08,TMS,Panskura–Kharagpur,PKU–KGP,136.8,USFD-related inspection,Medium,54,70,Track Inspection Team,2026-10-12,mixed_realistic,Pending
TRK-26027-00412,2026-10-08,TMS,Mecheda–Panskura,MCA–PKU,119.2,Ballast issue,High,66,76,Track Machine,2026-10-09,cross_department_cluster,Pending
TRK-26027-00413,2026-10-08,TMS,Howrah–Santragachi,HWH–SRC,4.5,Track wear,Medium,45,86,Track Gang,2026-10-10,normal,Pending
TRK-26027-00414,2026-10-08,TMS,Mecheda–Panskura,MCA–PKU,123.8,Rail defect,High,75,153,Track Machine,2026-10-09,mixed_realistic,Pending
TRK-26027-00415,2026-10-08,TMS,Panskura–Kharagpur,PKU–KGP,162.3,Preventive track maintenance,Medium,43,93,Rail Welding Team,2026-10-13,mixed_realistic,Pending
TRK-26027-00416,2026-10-08,TMS,Kharagpur–Gidni,KGP–GID,170.0,Ballast issue,High,84,129,Track Machine,2026-10-10,cross_department_cluster,Pending
TRK-26027-00417,2026-10-08,TMS,Santragachi–Panskura,SRC–PKU,115.0,Track geometry defect,High,73,94,Track Gang,2026-10-11,cross_department_cluster,Pending
TRK-26027-00418,2026-10-08,TMS,Mecheda–Panskura,MCA–PKU,121.0,Track geometry defect,Low,27,108,Track Gang,2026-10-22,high_defect_load,Pending
TRK-26027-00419,2026-10-08,TMS,Kharagpur–Gidni,KGP–GID,194.0,USFD-related inspection,High,79,88,Track Inspection Team,2026-10-09,normal,Pending
TRK-26027-00420,2026-10-08,TMS,Mecheda–Panskura,MCA–PKU,115.3,USFD-related inspection,Medium,45,84,Track Inspection Team,2026-10-13,high_defect_load,Pending
TRK-26027-00421,2026-10-08,TMS,Santragachi–Panskura,SRC–PKU,42.2,USFD-related inspection,Low,28,69,Track Inspection Team,2026-10-22,normal,Pending
TRK-26027-00422,2026-10-08,TMS,Santragachi–Panskura,SRC–PKU,54.9,Ballast issue,Critical,91,78,Track Gang,2026-10-09,critical_defect,Pending
TRK-26027-00423,2026-10-08,TMS,Panskura–Kharagpur,PKU–KGP,149.9,Ballast issue,Medium,49,107,Track Gang,2026-10-11,cross_department_cluster,Pending
TRK-26027-00424,2026-10-08,TMS,Howrah–Santragachi,HWH–SRC,8.7,Rail defect,Medium,56,174,Track Machine,2026-10-10,cross_department_cluster,Pending
TRK-26027-00425,2026-10-08,TMS,Mecheda–Panskura,MCA–PKU,115.2,Preventive track maintenance,High,76,79,Track Inspection Team,2026-10-10,cross_department_cluster,Pending
TRK-26027-00426,2026-10-08,TMS,Mecheda–Panskura,MCA–PKU,117.8,Rail defect,High,81,162,Track Gang,2026-10-10,cross_department_cluster,Pending
TRK-26027-00427,2026-10-08,TMS,Howrah–Santragachi,HWH–SRC,3.9,Rail defect,Medium,54,121,Track Machine,2026-10-11,normal,Pending
TRK-26027-00428,2026-10-08,TMS,Santragachi–Panskura,SRC–PKU,39.9,Track geometry defect,Medium,50,119,Track Machine,2026-10-15,normal,Pending
TRK-26027-00429,2026-10-08,TMS,Panskura–Kharagpur,PKU–KGP,147.7,USFD-related inspection,High,70,84,Track Inspection Team,2026-10-08,cross_department_cluster,Pending
TRK-26027-00430,2026-10-08,TMS,Panskura–Kharagpur,PKU–KGP,142.5,Preventive track maintenance,Low,25,104,Track Inspection Team,2026-10-20,cross_department_cluster,Pending
TRK-26027-00431,2026-10-08,TMS,Kharagpur–Gidni,KGP–GID,201.7,Track geometry defect,Medium,54,73,Track Machine,2026-10-11,normal,Pending
TRK-26027-00432,2026-10-08,TMS,Kharagpur–Gidni,KGP–GID,177.7,USFD-related inspection,Medium,58,87,Track Inspection Team,2026-10-12,cross_department_cluster,Pending
TRK-26027-00433,2026-10-08,TMS,Kharagpur–Gidni,KGP–GID,170.0,USFD-related inspection,Medium,57,81,Track Inspection Team,2026-10-12,cross_department_cluster,Pending
TRK-26027-00434,2026-10-08,TMS,Panskura–Kharagpur,PKU–KGP,164.5,Rail defect,Critical,88,105,Track Gang,2026-10-09,critical_defect,Pending
TRK-26027-00435,2026-10-08,TMS,Mecheda–Panskura,MCA–PKU,122.7,Track geometry defect,Low,16,77,Track Machine,2026-10-15,normal,Pending
TRK-26027-00436,2026-10-08,TMS,Santragachi–Panskura,SRC–PKU,115.0,Sleeper defect,High,80,69,Track Machine,2026-10-09,cross_department_cluster,Pending
TRK-26027-00437,2026-10-08,TMS,Kharagpur–Gidni,KGP–GID,170.0,Preventive track maintenance,High,78,83,Track Gang,2026-10-09,cross_department_cluster,Pending
TRK-26027-00438,2026-10-08,TMS,Howrah–Santragachi,HWH–SRC,4.8,Track geometry defect,Low,37,117,Track Machine,2026-10-21,normal,Pending
TRK-26027-00439,2026-10-08,TMS,Howrah–Santragachi,HWH–SRC,0.3,Rail defect,Low,39,116,Track Gang,2026-10-15,cross_department_cluster,Pending
TRK-26027-00440,2026-10-08,TMS,Howrah–Santragachi,HWH–SRC,1.2,Rail defect,High,80,113,Track Gang,2026-10-08,high_defect_load,Pending
TRK-26027-00441,2026-10-08,TMS,Kharagpur–Gidni,KGP–GID,170.0,Sleeper defect,High,77,65,Track Machine,2026-10-08,cross_department_cluster,Pending
TRK-26027-00442,2026-10-08,TMS,Howrah–Santragachi,HWH–SRC,4.0,Track geometry defect,Medium,55,110,Track Gang,2026-10-10,normal,Pending
TRK-26027-00443,2026-10-08,TMS,Kharagpur–Gidni,KGP–GID,200.8,Track geometry defect,Medium,63,109,Track Machine,2026-10-11,mixed_realistic,Pending
TRK-26027-00444,2026-10-08,TMS,Mecheda–Panskura,MCA–PKU,115.7,USFD-related inspection,Low,32,64,Track Inspection Team,2026-10-17,normal,Pending
TRK-26027-00445,2026-10-08,TMS,Mecheda–Panskura,MCA–PKU,121.2,Track wear,High,66,93,Track Machine,2026-10-11,high_defect_load,Pending
TRK-26027-00446,2026-10-08,TMS,Mecheda–Panskura,MCA–PKU,117.4,USFD-related inspection,Medium,47,56,Track Inspection Team,2026-10-14,normal,Pending
TRK-26027-00447,2026-10-08,TMS,Panskura–Kharagpur,PKU–KGP,128.0,Sleeper defect,High,68,70,Track Machine,2026-10-10,normal,Pending
TRK-26027-00448,2026-10-08,TMS,Panskura–Kharagpur,PKU–KGP,149.3,Track geometry defect,Medium,61,77,Track Machine,2026-10-15,normal,Pending
TRK-26027-00449,2026-10-08,TMS,Panskura–Kharagpur,PKU–KGP,153.4,Sleeper defect,Medium,41,88,Track Gang,2026-10-13,mixed_realistic,Pending
TRK-26027-00450,2026-10-08,TMS,Kharagpur–Gidni,KGP–GID,188.9,Track geometry defect,Low,37,112,Track Machine,2026-10-13,normal,Pending
TRK-26027-00451,2026-10-08,TMS,Panskura–Kharagpur,PKU–KGP,151.1,Sleeper defect,Low,32,95,Track Gang,2026-10-17,normal,Pending
TRK-26027-00452,2026-10-08,TMS,Santragachi–Panskura,SRC–PKU,50.9,Rail defect,Critical,98,144,Track Machine,2026-10-08,mixed_realistic,Pending
TRK-26027-00453,2026-10-08,TMS,Kharagpur–Gidni,KGP–GID,182.0,USFD-related inspection,High,77,50,Track Inspection Team,2026-10-08,high_defect_load,Pending
TRK-26027-00454,2026-10-08,TMS,Panskura–Kharagpur,PKU–KGP,157.8,Track wear,Critical,85,85,Track Gang,2026-10-08,cross_department_cluster,Pending
TRK-26027-00455,2026-10-08,TMS,Kharagpur–Gidni,KGP–GID,173.5,Rail defect,High,74,173,Track Gang,2026-10-09,high_defect_load,Pending
TRK-26027-00456,2026-10-09,TMS,Panskura–Kharagpur,PKU–KGP,141.3,Track wear,Medium,52,73,Track Machine,2026-10-15,normal,Pending
TRK-26027-00457,2026-10-09,TMS,Panskura–Kharagpur,PKU–KGP,141.9,Rail defect,High,69,110,Track Gang,2026-10-09,normal,Pending
TRK-26027-00458,2026-10-09,TMS,Howrah–Santragachi,HWH–SRC,0.4,Preventive track maintenance,Medium,43,55,Track Inspection Team,2026-10-15,mixed_realistic,Pending
TRK-26027-00459,2026-10-09,TMS,Kharagpur–Gidni,KGP–GID,187.8,Preventive track maintenance,Low,23,97,Track Machine,2026-10-15,normal,Pending
TRK-26027-00460,2026-10-09,TMS,Howrah–Santragachi,HWH–SRC,7.4,Sleeper defect,Medium,61,126,Track Gang,2026-10-16,normal,Pending
TRK-26027-00461,2026-10-09,TMS,Mecheda–Panskura,MCA–PKU,125.0,Preventive track maintenance,Low,21,78,Track Machine,2026-10-23,cross_department_cluster,Pending
TRK-26027-00462,2026-10-09,TMS,Howrah–Santragachi,HWH–SRC,9.9,Track wear,High,80,117,Track Gang,2026-10-09,normal,Pending
TRK-26027-00463,2026-10-09,TMS,Kharagpur–Gidni,KGP–GID,183.7,Sleeper defect,Low,22,67,Track Gang,2026-10-22,normal,Pending
TRK-26027-00464,2026-10-09,TMS,Mecheda–Panskura,MCA–PKU,117.7,Preventive track maintenance,Medium,53,89,Track Gang,2026-10-11,cross_department_cluster,Pending
TRK-26027-00465,2026-10-09,TMS,Kharagpur–Gidni,KGP–GID,192.3,Ballast issue,Low,36,169,Track Machine,2026-10-19,normal,Pending
TRK-26027-00466,2026-10-09,TMS,Kharagpur–Gidni,KGP–GID,206.1,Track geometry defect,High,78,98,Track Machine,2026-10-09,normal,Pending
TRK-26027-00467,2026-10-09,TMS,Howrah–Santragachi,HWH–SRC,5.0,Preventive track maintenance,Low,21,58,Track Inspection Team,2026-10-17,mixed_realistic,Pending
TRK-26027-00468,2026-10-09,TMS,Mecheda–Panskura,MCA–PKU,117.9,Ballast issue,Medium,61,144,Track Gang,2026-10-16,normal,Pending
TRK-26027-00469,2026-10-09,TMS,Mecheda–Panskura,MCA–PKU,116.5,USFD-related inspection,High,84,87,Track Inspection Team,2026-10-11,mixed_realistic,Pending
TRK-26027-00470,2026-10-09,TMS,Santragachi–Panskura,SRC–PKU,80.8,USFD-related inspection,Medium,62,86,Track Inspection Team,2026-10-15,cross_department_cluster,Pending
TRK-26027-00471,2026-10-09,TMS,Panskura–Kharagpur,PKU–KGP,131.0,USFD-related inspection,Low,29,46,Track Inspection Team,2026-10-21,normal,Pending
TRK-26027-00472,2026-10-09,TMS,Howrah–Santragachi,HWH–SRC,12.0,USFD-related inspection,High,75,56,Track Inspection Team,2026-10-12,cross_department_cluster,Pending
TRK-26027-00473,2026-10-09,TMS,Howrah–Santragachi,HWH–SRC,3.4,Ballast issue,Medium,59,77,Track Machine,2026-10-15,cross_department_cluster,Pending
TRK-26027-00474,2026-10-09,TMS,Howrah–Santragachi,HWH–SRC,2.1,Sleeper defect,Low,27,66,Track Gang,2026-10-14,high_defect_load,Pending
TRK-26027-00475,2026-10-09,TMS,Mecheda–Panskura,MCA–PKU,119.6,Rail defect,Medium,48,157,Track Machine,2026-10-14,cross_department_cluster,Pending
TRK-26027-00476,2026-10-09,TMS,Mecheda–Panskura,MCA–PKU,115.7,Track wear,Medium,54,109,Track Machine,2026-10-14,normal,Pending
TRK-26027-00477,2026-10-09,TMS,Panskura–Kharagpur,PKU–KGP,150.6,Ballast issue,Low,37,70,Track Machine,2026-10-16,normal,Pending
TRK-26027-00478,2026-10-09,TMS,Howrah–Santragachi,HWH–SRC,7.3,Track geometry defect,Low,34,80,Track Machine,2026-10-19,normal,Pending
TRK-26027-00479,2026-10-09,TMS,Panskura–Kharagpur,PKU–KGP,151.8,Sleeper defect,Medium,46,72,Track Machine,2026-10-14,cross_department_cluster,Pending
TRK-26027-00480,2026-10-09,TMS,Santragachi–Panskura,SRC–PKU,110.7,USFD-related inspection,Medium,42,89,Track Inspection Team,2026-10-16,normal,Pending
TRK-26027-00481,2026-10-09,TMS,Mecheda–Panskura,MCA–PKU,118.7,Track wear,Low,34,80,Track Gang,2026-10-18,high_defect_load,Pending
TRK-26027-00482,2026-10-09,TMS,Howrah–Santragachi,HWH–SRC,5.9,Track wear,Medium,53,92,Track Machine,2026-10-11,mixed_realistic,Pending
TRK-26027-00483,2026-10-09,TMS,Santragachi–Panskura,SRC–PKU,58.2,Track wear,High,79,62,Track Gang,2026-10-09,mixed_realistic,Pending
TRK-26027-00484,2026-10-09,TMS,Kharagpur–Gidni,KGP–GID,174.8,Rail defect,Low,19,142,Track Gang,2026-10-17,normal,Pending
TRK-26027-00485,2026-10-09,TMS,Santragachi–Panskura,SRC–PKU,45.5,Ballast issue,Medium,45,115,Track Machine,2026-10-12,mixed_realistic,Pending
TRK-26027-00486,2026-10-09,TMS,Kharagpur–Gidni,KGP–GID,175.9,Rail defect,Medium,45,131,Track Gang,2026-10-16,mixed_realistic,Pending
TRK-26027-00487,2026-10-09,TMS,Santragachi–Panskura,SRC–PKU,28.1,Preventive track maintenance,Low,27,93,Rail Welding Team,2026-10-16,normal,Pending
TRK-26027-00488,2026-10-09,TMS,Panskura–Kharagpur,PKU–KGP,154.7,Preventive track maintenance,Medium,59,52,Track Machine,2026-10-12,normal,Pending
TRK-26027-00489,2026-10-09,TMS,Kharagpur–Gidni,KGP–GID,183.8,Preventive track maintenance,Medium,51,90,Track Machine,2026-10-11,cross_department_cluster,Pending
TRK-26027-00490,2026-10-09,TMS,Mecheda–Panskura,MCA–PKU,118.3,Rail defect,High,67,160,Track Gang,2026-10-10,mixed_realistic,Pending
TRK-26027-00491,2026-10-09,TMS,Panskura–Kharagpur,PKU–KGP,160.5,USFD-related inspection,Low,29,84,Track Inspection Team,2026-10-19,normal,Pending
TRK-26027-00492,2026-10-09,TMS,Panskura–Kharagpur,PKU–KGP,156.5,Track wear,Medium,46,109,Track Machine,2026-10-12,normal,Pending
TRK-26027-00493,2026-10-09,TMS,Howrah–Santragachi,HWH–SRC,4.9,Preventive track maintenance,Medium,54,69,Track Gang,2026-10-15,high_defect_load,Pending
TRK-26027-00494,2026-10-09,TMS,Santragachi–Panskura,SRC–PKU,87.1,Rail defect,Medium,61,178,Track Gang,2026-10-14,normal,Pending
TRK-26027-00495,2026-10-09,TMS,Howrah–Santragachi,HWH–SRC,9.6,Ballast issue,Low,21,134,Track Gang,2026-10-14,normal,Pending
TRK-26027-00496,2026-10-09,TMS,Kharagpur–Gidni,KGP–GID,206.0,Rail defect,High,80,100,Track Machine,2026-10-09,mixed_realistic,Pending
TRK-26027-00497,2026-10-09,TMS,Santragachi–Panskura,SRC–PKU,97.6,Track wear,Low,15,116,Track Gang,2026-10-14,cross_department_cluster,Pending
TRK-26027-00498,2026-10-09,TMS,Howrah–Santragachi,HWH–SRC,9.4,Preventive track maintenance,High,79,64,Track Machine,2026-10-09,mixed_realistic,Pending
TRK-26027-00499,2026-10-09,TMS,Kharagpur–Gidni,KGP–GID,183.6,USFD-related inspection,High,82,53,Track Inspection Team,2026-10-12,cross_department_cluster,Pending
TRK-26027-00500,2026-10-09,TMS,Panskura–Kharagpur,PKU–KGP,134.6,Rail defect,Critical,90,126,Track Machine,2026-10-10,critical_defect,Pending
TRK-26027-00501,2026-10-09,TMS,Howrah–Santragachi,HWH–SRC,11.8,Ballast issue,Medium,49,156,Track Gang,2026-10-11,high_defect_load,Pending
TRK-26027-00502,2026-10-09,TMS,Panskura–Kharagpur,PKU–KGP,125.1,USFD-related inspection,Medium,54,88,Track Inspection Team,2026-10-13,high_defect_load,Pending
TRK-26027-00503,2026-10-09,TMS,Panskura–Kharagpur,PKU–KGP,135.1,Sleeper defect,Medium,48,145,Track Gang,2026-10-15,cross_department_cluster,Pending
TRK-26027-00504,2026-10-09,TMS,Santragachi–Panskura,SRC–PKU,70.3,Rail defect,Medium,56,140,Track Gang,2026-10-14,normal,Pending
TRK-26027-00505,2026-10-09,TMS,Kharagpur–Gidni,KGP–GID,204.1,Ballast issue,Medium,50,88,Track Machine,2026-10-14,high_defect_load,Pending
TRK-26027-00506,2026-10-09,TMS,Howrah–Santragachi,HWH–SRC,3.7,Ballast issue,Medium,56,98,Track Gang,2026-10-15,normal,Pending
TRK-26027-00507,2026-10-09,TMS,Panskura–Kharagpur,PKU–KGP,128.9,Track geometry defect,Medium,40,114,Track Machine,2026-10-12,high_defect_load,Pending
TRK-26027-00508,2026-10-09,TMS,Howrah–Santragachi,HWH–SRC,11.8,Ballast issue,Medium,43,112,Track Gang,2026-10-13,normal,Pending
TRK-26027-00509,2026-10-09,TMS,Howrah–Santragachi,HWH–SRC,6.6,Sleeper defect,Low,35,115,Track Machine,2026-10-20,cross_department_cluster,Pending
TRK-26027-00510,2026-10-09,TMS,Mecheda–Panskura,MCA–PKU,121.3,Rail defect,Medium,48,143,Track Machine,2026-10-16,normal,Pending
TRK-26027-00511,2026-10-09,TMS,Panskura–Kharagpur,PKU–KGP,149.7,Track geometry defect,Critical,95,87,Track Gang,2026-10-10,critical_defect,Pending
TRK-26027-00512,2026-10-09,TMS,Kharagpur–Gidni,KGP–GID,187.0,Ballast issue,Medium,63,128,Track Gang,2026-10-11,mixed_realistic,Pending
TRK-26027-00513,2026-10-09,TMS,Panskura–Kharagpur,PKU–KGP,145.4,Track wear,Medium,40,88,Track Machine,2026-10-15,normal,Pending
TRK-26027-00514,2026-10-09,TMS,Panskura–Kharagpur,PKU–KGP,133.1,Preventive track maintenance,Low,21,76,Track Inspection Team,2026-10-18,normal,Pending
TRK-26027-00515,2026-10-09,TMS,Howrah–Santragachi,HWH–SRC,12.0,Sleeper defect,Low,28,120,Track Machine,2026-10-21,normal,Pending
TRK-26027-00516,2026-10-09,TMS,Panskura–Kharagpur,PKU–KGP,164.4,Preventive track maintenance,Medium,46,51,Track Machine,2026-10-11,cross_department_cluster,Pending
TRK-26027-00517,2026-10-09,TMS,Kharagpur–Gidni,KGP–GID,212.2,USFD-related inspection,Medium,60,68,Track Inspection Team,2026-10-12,normal,Pending
TRK-26027-00518,2026-10-09,TMS,Kharagpur–Gidni,KGP–GID,208.6,Sleeper defect,Medium,45,138,Track Gang,2026-10-16,normal,Pending
TRK-26027-00519,2026-10-09,TMS,Santragachi–Panskura,SRC–PKU,27.0,Track geometry defect,Medium,55,93,Track Gang,2026-10-12,normal,Pending
TRK-26027-00520,2026-10-09,TMS,Howrah–Santragachi,HWH–SRC,4.8,Track wear,High,66,100,Track Machine,2026-10-11,normal,Pending
TRK-26027-00521,2026-10-10,TMS,Howrah–Santragachi,HWH–SRC,7.1,Sleeper defect,High,80,117,Track Gang,2026-10-13,normal,Pending
TRK-26027-00522,2026-10-10,TMS,Howrah–Santragachi,HWH–SRC,11.4,Ballast issue,Medium,58,120,Track Machine,2026-10-17,mixed_realistic,Pending
TRK-26027-00523,2026-10-10,TMS,Mecheda–Panskura,MCA–PKU,115.3,Ballast issue,Medium,62,107,Track Gang,2026-10-16,cross_department_cluster,Pending
TRK-26027-00524,2026-10-10,TMS,Santragachi–Panskura,SRC–PKU,90.4,Track geometry defect,High,66,94,Track Machine,2026-10-10,normal,Pending
TRK-26027-00525,2026-10-10,TMS,Kharagpur–Gidni,KGP–GID,173.2,Preventive track maintenance,Low,25,104,Track Machine,2026-10-21,mixed_realistic,Pending
TRK-26027-00526,2026-10-10,TMS,Santragachi–Panskura,SRC–PKU,91.3,Rail defect,Low,39,98,Track Machine,2026-10-17,normal,Pending
TRK-26027-00527,2026-10-10,TMS,Kharagpur–Gidni,KGP–GID,198.5,Track geometry defect,High,67,81,Track Machine,2026-10-10,high_defect_load,Pending
TRK-26027-00528,2026-10-10,TMS,Howrah–Santragachi,HWH–SRC,12.0,Preventive track maintenance,Medium,44,51,Track Machine,2026-10-16,cross_department_cluster,Pending
TRK-26027-00529,2026-10-10,TMS,Howrah–Santragachi,HWH–SRC,1.2,Track wear,Critical,96,95,Track Machine,2026-10-11,critical_defect,Pending
TRK-26027-00530,2026-10-10,TMS,Howrah–Santragachi,HWH–SRC,4.0,Track geometry defect,Medium,62,92,Track Gang,2026-10-15,normal,Pending
TRK-26027-00531,2026-10-10,TMS,Santragachi–Panskura,SRC–PKU,68.7,Preventive track maintenance,Low,29,104,Track Gang,2026-10-23,high_defect_load,Pending
TRK-26027-00532,2026-10-10,TMS,Mecheda–Panskura,MCA–PKU,116.6,Rail defect,High,73,131,Track Gang,2026-10-13,mixed_realistic,Pending
TRK-26027-00533,2026-10-10,TMS,Howrah–Santragachi,HWH–SRC,1.6,USFD-related inspection,High,84,55,Track Inspection Team,2026-10-11,normal,Pending
TRK-26027-00534,2026-10-10,TMS,Panskura–Kharagpur,PKU–KGP,125.9,Rail defect,Medium,49,130,Track Gang,2026-10-12,mixed_realistic,Pending
TRK-26027-00535,2026-10-10,TMS,Howrah–Santragachi,HWH–SRC,10.3,Preventive track maintenance,Low,32,94,Track Gang,2026-10-16,mixed_realistic,Pending
TRK-26027-00536,2026-10-10,TMS,Kharagpur–Gidni,KGP–GID,210.6,Sleeper defect,Low,34,84,Track Gang,2026-10-17,cross_department_cluster,Pending
TRK-26027-00537,2026-10-10,TMS,Kharagpur–Gidni,KGP–GID,207.5,USFD-related inspection,Medium,52,87,Track Inspection Team,2026-10-14,normal,Pending
TRK-26027-00538,2026-10-10,TMS,Howrah–Santragachi,HWH–SRC,12.0,USFD-related inspection,Medium,51,85,Track Inspection Team,2026-10-13,cross_department_cluster,Pending
TRK-26027-00539,2026-10-10,TMS,Panskura–Kharagpur,PKU–KGP,168.7,Track wear,Low,21,80,Track Gang,2026-10-17,cross_department_cluster,Pending
TRK-26027-00540,2026-10-10,TMS,Panskura–Kharagpur,PKU–KGP,143.4,USFD-related inspection,Low,16,72,Track Inspection Team,2026-10-17,cross_department_cluster,Pending
TRK-26027-00541,2026-10-10,TMS,Kharagpur–Gidni,KGP–GID,174.3,Track geometry defect,Critical,90,56,Track Machine,2026-10-11,critical_defect,Pending
TRK-26027-00542,2026-10-10,TMS,Panskura–Kharagpur,PKU–KGP,140.1,Ballast issue,Critical,94,105,Track Gang,2026-10-10,critical_defect,Pending
TRK-26027-00543,2026-10-10,TMS,Howrah–Santragachi,HWH–SRC,3.4,USFD-related inspection,High,66,66,Track Inspection Team,2026-10-10,normal,Pending
TRK-26027-00544,2026-10-10,TMS,Kharagpur–Gidni,KGP–GID,208.2,Ballast issue,High,71,139,Track Machine,2026-10-10,normal,Pending
TRK-26027-00545,2026-10-10,TMS,Panskura–Kharagpur,PKU–KGP,161.3,Sleeper defect,High,66,100,Track Gang,2026-10-11,high_defect_load,Pending
TRK-26027-00546,2026-10-10,TMS,Santragachi–Panskura,SRC–PKU,57.0,Track geometry defect,Low,33,97,Track Gang,2026-10-20,cross_department_cluster,Pending
TRK-26027-00547,2026-10-10,TMS,Kharagpur–Gidni,KGP–GID,170.0,Rail defect,Medium,53,140,Track Gang,2026-10-17,cross_department_cluster,Pending
TRK-26027-00548,2026-10-10,TMS,Kharagpur–Gidni,KGP–GID,170.0,USFD-related inspection,High,67,45,Track Inspection Team,2026-10-11,cross_department_cluster,Pending
TRK-26027-00549,2026-10-10,TMS,Kharagpur–Gidni,KGP–GID,191.7,Track geometry defect,Medium,54,77,Track Machine,2026-10-13,cross_department_cluster,Pending
TRK-26027-00550,2026-10-10,TMS,Kharagpur–Gidni,KGP–GID,199.0,Ballast issue,High,74,85,Track Gang,2026-10-10,mixed_realistic,Pending
TRK-26027-00551,2026-10-10,TMS,Mecheda–Panskura,MCA–PKU,123.2,Preventive track maintenance,Medium,50,97,Track Gang,2026-10-14,normal,Pending
TRK-26027-00552,2026-10-10,TMS,Mecheda–Panskura,MCA–PKU,121.6,USFD-related inspection,Critical,96,51,Track Inspection Team,2026-10-10,high_conflict,Pending
TRK-26027-00553,2026-10-10,TMS,Panskura–Kharagpur,PKU–KGP,126.9,Sleeper defect,High,67,146,Track Machine,2026-10-10,high_defect_load,Pending
TRK-26027-00554,2026-10-10,TMS,Santragachi–Panskura,SRC–PKU,29.5,Track wear,Medium,56,105,Track Machine,2026-10-17,mixed_realistic,Pending
TRK-26027-00555,2026-10-10,TMS,Santragachi–Panskura,SRC–PKU,64.4,Preventive track maintenance,High,65,69,Rail Welding Team,2026-10-13,normal,Pending
TRK-26027-00556,2026-10-10,TMS,Panskura–Kharagpur,PKU–KGP,147.0,Preventive track maintenance,Low,15,110,Rail Welding Team,2026-10-23,normal,Pending
TRK-26027-00557,2026-10-10,TMS,Howrah–Santragachi,HWH–SRC,8.4,Preventive track maintenance,High,67,67,Track Machine,2026-10-12,high_defect_load,Pending
TRK-26027-00558,2026-10-10,TMS,Kharagpur–Gidni,KGP–GID,193.1,Track wear,Medium,45,81,Track Machine,2026-10-17,mixed_realistic,Pending
TRK-26027-00559,2026-10-10,TMS,Mecheda–Panskura,MCA–PKU,124.1,Track wear,High,76,86,Track Machine,2026-10-10,normal,Pending
TRK-26027-00560,2026-10-10,TMS,Mecheda–Panskura,MCA–PKU,125.0,Track wear,Medium,46,95,Track Gang,2026-10-15,cross_department_cluster,Pending
TRK-26027-00561,2026-10-10,TMS,Panskura–Kharagpur,PKU–KGP,137.9,USFD-related inspection,Medium,49,45,Track Inspection Team,2026-10-15,high_defect_load,Pending
TRK-26027-00562,2026-10-10,TMS,Mecheda–Panskura,MCA–PKU,124.4,Ballast issue,Medium,46,147,Track Gang,2026-10-13,normal,Pending
TRK-26027-00563,2026-10-10,TMS,Mecheda–Panskura,MCA–PKU,117.2,Track wear,Medium,42,85,Track Gang,2026-10-15,normal,Pending
TRK-26027-00564,2026-10-10,TMS,Kharagpur–Gidni,KGP–GID,170.0,Preventive track maintenance,Low,29,81,Track Gang,2026-10-23,cross_department_cluster,Pending
TRK-26027-00565,2026-10-10,TMS,Kharagpur–Gidni,KGP–GID,207.7,Preventive track maintenance,Medium,53,75,Track Gang,2026-10-17,normal,Pending
TRK-26027-00566,2026-10-10,TMS,Panskura–Kharagpur,PKU–KGP,127.2,Sleeper defect,Medium,61,115,Track Machine,2026-10-13,normal,Pending
TRK-26027-00567,2026-10-10,TMS,Kharagpur–Gidni,KGP–GID,175.6,Track geometry defect,Low,31,74,Track Gang,2026-10-24,mixed_realistic,Pending
TRK-26027-00568,2026-10-10,TMS,Mecheda–Panskura,MCA–PKU,115.1,Track wear,Medium,64,65,Track Gang,2026-10-13,mixed_realistic,Pending
TRK-26027-00569,2026-10-10,TMS,Mecheda–Panskura,MCA–PKU,116.5,Rail defect,High,73,159,Track Gang,2026-10-13,mixed_realistic,Pending
TRK-26027-00570,2026-10-10,TMS,Mecheda–Panskura,MCA–PKU,116.4,Sleeper defect,Medium,50,98,Track Machine,2026-10-13,normal,Pending
TRK-26027-00571,2026-10-10,TMS,Howrah–Santragachi,HWH–SRC,1.8,Ballast issue,Medium,45,63,Track Machine,2026-10-13,mixed_realistic,Pending
TRK-26027-00572,2026-10-10,TMS,Mecheda–Panskura,MCA–PKU,119.5,Rail defect,Low,29,126,Track Gang,2026-10-16,high_defect_load,Pending
TRK-26027-00573,2026-10-10,TMS,Panskura–Kharagpur,PKU–KGP,131.9,Track geometry defect,Low,33,104,Track Machine,2026-10-19,cross_department_cluster,Pending
TRK-26027-00574,2026-10-10,TMS,Panskura–Kharagpur,PKU–KGP,136.2,Ballast issue,Low,30,60,Track Gang,2026-10-21,normal,Pending
TRK-26027-00575,2026-10-10,TMS,Kharagpur–Gidni,KGP–GID,180.0,Sleeper defect,Low,36,81,Track Gang,2026-10-22,normal,Pending
TRK-26027-00576,2026-10-10,TMS,Howrah–Santragachi,HWH–SRC,7.3,Preventive track maintenance,Low,28,81,Track Machine,2026-10-22,mixed_realistic,Pending
TRK-26027-00577,2026-10-10,TMS,Santragachi–Panskura,SRC–PKU,115.0,Track geometry defect,Medium,40,103,Track Machine,2026-10-16,cross_department_cluster,Pending
TRK-26027-00578,2026-10-10,TMS,Howrah–Santragachi,HWH–SRC,10.5,Rail defect,High,77,159,Track Gang,2026-10-11,normal,Pending
TRK-26027-00579,2026-10-10,TMS,Howrah–Santragachi,HWH–SRC,12.0,Sleeper defect,Medium,63,96,Track Machine,2026-10-14,cross_department_cluster,Pending
TRK-26027-00580,2026-10-10,TMS,Mecheda–Panskura,MCA–PKU,125.0,Preventive track maintenance,Medium,57,64,Track Gang,2026-10-13,cross_department_cluster,Pending
TRK-26027-00581,2026-10-10,TMS,Howrah–Santragachi,HWH–SRC,0.5,Preventive track maintenance,Medium,44,72,Track Machine,2026-10-13,mixed_realistic,Pending
TRK-26027-00582,2026-10-10,TMS,Kharagpur–Gidni,KGP–GID,205.1,Track wear,High,80,78,Track Gang,2026-10-10,high_defect_load,Pending
TRK-26027-00583,2026-10-10,TMS,Santragachi–Panskura,SRC–PKU,77.9,Sleeper defect,Low,30,88,Track Machine,2026-10-23,normal,Pending
TRK-26027-00584,2026-10-10,TMS,Howrah–Santragachi,HWH–SRC,8.0,Preventive track maintenance,Medium,44,71,Track Inspection Team,2026-10-12,normal,Pending
TRK-26027-00585,2026-10-10,TMS,Santragachi–Panskura,SRC–PKU,20.4,Rail defect,High,66,101,Track Machine,2026-10-10,normal,Pending
TRK-26027-00586,2026-10-11,TMS,Kharagpur–Gidni,KGP–GID,180.5,Rail defect,Medium,58,112,Track Machine,2026-10-18,normal,Pending
TRK-26027-00587,2026-10-11,TMS,Panskura–Kharagpur,PKU–KGP,144.2,Ballast issue,Low,22,142,Track Machine,2026-10-25,cross_department_cluster,Pending
TRK-26027-00588,2026-10-11,TMS,Santragachi–Panskura,SRC–PKU,73.0,USFD-related inspection,High,72,66,Track Inspection Team,2026-10-11,normal,Pending
TRK-26027-00589,2026-10-11,TMS,Kharagpur–Gidni,KGP–GID,172.0,Track wear,Critical,91,56,Track Gang,2026-10-11,critical_defect,Pending
TRK-26027-00590,2026-10-11,TMS,Howrah–Santragachi,HWH–SRC,3.1,Rail defect,Medium,59,95,Track Gang,2026-10-18,normal,Pending
TRK-26027-00591,2026-10-11,TMS,Mecheda–Panskura,MCA–PKU,122.8,Sleeper defect,High,73,103,Track Machine,2026-10-14,normal,Pending
TRK-26027-00592,2026-10-11,TMS,Howrah–Santragachi,HWH–SRC,5.1,Track geometry defect,Critical,93,77,Track Gang,2026-10-12,critical_defect,Pending
TRK-26027-00593,2026-10-11,TMS,Panskura–Kharagpur,PKU–KGP,131.6,Track geometry defect,Medium,61,116,Track Machine,2026-10-16,mixed_realistic,Pending
TRK-26027-00594,2026-10-11,TMS,Kharagpur–Gidni,KGP–GID,199.9,Rail defect,Low,38,138,Track Machine,2026-10-23,normal,Pending
TRK-26027-00595,2026-10-11,TMS,Mecheda–Panskura,MCA–PKU,119.5,Ballast issue,Medium,43,67,Track Machine,2026-10-16,normal,Pending
TRK-26027-00596,2026-10-11,TMS,Mecheda–Panskura,MCA–PKU,123.1,Preventive track maintenance,Medium,50,56,Track Gang,2026-10-13,normal,Pending
TRK-26027-00597,2026-10-11,TMS,Mecheda–Panskura,MCA–PKU,122.7,USFD-related inspection,Low,34,67,Track Inspection Team,2026-10-20,normal,Pending
TRK-26027-00598,2026-10-11,TMS,Howrah–Santragachi,HWH–SRC,0.7,USFD-related inspection,High,78,90,Track Inspection Team,2026-10-13,normal,Pending
TRK-26027-00599,2026-10-11,TMS,Mecheda–Panskura,MCA–PKU,123.5,Rail defect,Medium,48,105,Track Machine,2026-10-16,mixed_realistic,Pending
TRK-26027-00600,2026-10-11,TMS,Kharagpur–Gidni,KGP–GID,194.2,Sleeper defect,High,67,150,Track Machine,2026-10-12,normal,Pending
TRK-26027-00601,2026-10-11,TMS,Kharagpur–Gidni,KGP–GID,198.0,USFD-related inspection,Medium,59,54,Track Inspection Team,2026-10-15,normal,Pending
TRK-26027-00602,2026-10-11,TMS,Kharagpur–Gidni,KGP–GID,194.7,Track geometry defect,Low,39,110,Track Machine,2026-10-22,mixed_realistic,Pending
TRK-26027-00603,2026-10-11,TMS,Santragachi–Panskura,SRC–PKU,54.2,Sleeper defect,Medium,50,90,Track Gang,2026-10-18,high_defect_load,Pending
TRK-26027-00604,2026-10-11,TMS,Mecheda–Panskura,MCA–PKU,118.0,Sleeper defect,High,71,85,Track Gang,2026-10-13,normal,Pending
TRK-26027-00605,2026-10-11,TMS,Mecheda–Panskura,MCA–PKU,122.3,Track wear,Medium,58,109,Track Machine,2026-10-13,normal,Pending
TRK-26027-00606,2026-10-11,TMS,Mecheda–Panskura,MCA–PKU,115.6,Sleeper defect,Medium,43,106,Track Gang,2026-10-14,mixed_realistic,Pending
TRK-26027-00607,2026-10-11,TMS,Panskura–Kharagpur,PKU–KGP,161.6,Track wear,Medium,46,60,Track Machine,2026-10-13,normal,Pending
TRK-26027-00608,2026-10-11,TMS,Mecheda–Panskura,MCA–PKU,122.1,Rail defect,High,82,100,Track Machine,2026-10-12,normal,Pending
TRK-26027-00609,2026-10-11,TMS,Panskura–Kharagpur,PKU–KGP,129.1,Sleeper defect,Medium,60,70,Track Gang,2026-10-18,normal,Pending
TRK-26027-00610,2026-10-11,TMS,Santragachi–Panskura,SRC–PKU,107.1,Track geometry defect,Medium,55,79,Track Machine,2026-10-13,normal,Pending
TRK-26027-00611,2026-10-11,TMS,Panskura–Kharagpur,PKU–KGP,168.2,USFD-related inspection,Low,17,60,Track Inspection Team,2026-10-25,mixed_realistic,Pending
TRK-26027-00612,2026-10-11,TMS,Panskura–Kharagpur,PKU–KGP,149.9,USFD-related inspection,Medium,41,58,Track Inspection Team,2026-10-13,cross_department_cluster,Pending
TRK-26027-00613,2026-10-11,TMS,Panskura–Kharagpur,PKU–KGP,165.4,Track geometry defect,Medium,55,86,Track Machine,2026-10-16,high_defect_load,Pending
TRK-26027-00614,2026-10-11,TMS,Howrah–Santragachi,HWH–SRC,7.7,Ballast issue,Low,17,108,Track Machine,2026-10-20,normal,Pending
TRK-26027-00615,2026-10-11,TMS,Howrah–Santragachi,HWH–SRC,11.1,Preventive track maintenance,High,76,82,Track Inspection Team,2026-10-14,normal,Pending
TRK-26027-00616,2026-10-11,TMS,Howrah–Santragachi,HWH–SRC,9.8,Preventive track maintenance,Medium,45,81,Track Machine,2026-10-16,normal,Pending
TRK-26027-00617,2026-10-11,TMS,Santragachi–Panskura,SRC–PKU,46.9,Track wear,Medium,51,108,Track Gang,2026-10-18,mixed_realistic,Pending
TRK-26027-00618,2026-10-11,TMS,Santragachi–Panskura,SRC–PKU,25.3,Preventive track maintenance,High,84,73,Rail Welding Team,2026-10-14,normal,Pending
TRK-26027-00619,2026-10-11,TMS,Howrah–Santragachi,HWH–SRC,9.6,Sleeper defect,High,71,139,Track Machine,2026-10-12,normal,Pending
TRK-26027-00620,2026-10-11,TMS,Panskura–Kharagpur,PKU–KGP,128.2,Ballast issue,High,78,96,Track Machine,2026-10-12,normal,Pending
TRK-26027-00621,2026-10-11,TMS,Kharagpur–Gidni,KGP–GID,183.3,Sleeper defect,Low,29,124,Track Machine,2026-10-20,mixed_realistic,Pending
TRK-26027-00622,2026-10-11,TMS,Santragachi–Panskura,SRC–PKU,41.1,Track wear,Medium,40,66,Track Machine,2026-10-13,normal,Pending
TRK-26027-00623,2026-10-11,TMS,Mecheda–Panskura,MCA–PKU,118.9,Track wear,Low,37,64,Track Gang,2026-10-23,mixed_realistic,Pending
TRK-26027-00624,2026-10-11,TMS,Panskura–Kharagpur,PKU–KGP,169.1,USFD-related inspection,Medium,61,50,Track Inspection Team,2026-10-13,normal,Pending
TRK-26027-00625,2026-10-11,TMS,Mecheda–Panskura,MCA–PKU,124.9,Preventive track maintenance,Medium,49,105,Track Gang,2026-10-18,mixed_realistic,Pending
TRK-26027-00626,2026-10-11,TMS,Howrah–Santragachi,HWH–SRC,7.0,USFD-related inspection,Low,18,79,Track Inspection Team,2026-10-24,normal,Pending
TRK-26027-00627,2026-10-11,TMS,Santragachi–Panskura,SRC–PKU,55.6,Ballast issue,Low,37,121,Track Gang,2026-10-25,mixed_realistic,Pending
TRK-26027-00628,2026-10-11,TMS,Kharagpur–Gidni,KGP–GID,211.2,Rail defect,Medium,42,97,Track Machine,2026-10-16,normal,Pending
TRK-26027-00629,2026-10-11,TMS,Kharagpur–Gidni,KGP–GID,191.9,Track geometry defect,Medium,56,115,Track Gang,2026-10-15,cross_department_cluster,Pending
TRK-26027-00630,2026-10-11,TMS,Santragachi–Panskura,SRC–PKU,31.4,Rail defect,High,78,152,Track Machine,2026-10-11,high_defect_load,Pending
TRK-26027-00631,2026-10-11,TMS,Mecheda–Panskura,MCA–PKU,116.9,USFD-related inspection,Low,30,58,Track Inspection Team,2026-10-16,normal,Pending
TRK-26027-00632,2026-10-11,TMS,Santragachi–Panskura,SRC–PKU,96.7,Rail defect,Low,16,148,Track Machine,2026-10-23,high_defect_load,Pending
TRK-26027-00633,2026-10-11,TMS,Kharagpur–Gidni,KGP–GID,170.9,USFD-related inspection,Low,17,49,Track Inspection Team,2026-10-18,cross_department_cluster,Pending
TRK-26027-00634,2026-10-11,TMS,Mecheda–Panskura,MCA–PKU,115.5,Track geometry defect,Low,24,67,Track Gang,2026-10-24,mixed_realistic,Pending
TRK-26027-00635,2026-10-11,TMS,Howrah–Santragachi,HWH–SRC,7.1,Preventive track maintenance,Medium,61,71,Rail Welding Team,2026-10-17,normal,Pending
TRK-26027-00636,2026-10-11,TMS,Santragachi–Panskura,SRC–PKU,115.0,Ballast issue,Low,27,169,Track Gang,2026-10-19,cross_department_cluster,Pending
TRK-26027-00637,2026-10-11,TMS,Panskura–Kharagpur,PKU–KGP,163.5,Ballast issue,Medium,62,141,Track Machine,2026-10-13,mixed_realistic,Pending
TRK-26027-00638,2026-10-11,TMS,Mecheda–Panskura,MCA–PKU,118.2,Preventive track maintenance,Medium,54,101,Track Inspection Team,2026-10-15,normal,Pending
TRK-26027-00639,2026-10-11,TMS,Kharagpur–Gidni,KGP–GID,170.0,Track geometry defect,Medium,45,85,Track Machine,2026-10-15,cross_department_cluster,Pending
TRK-26027-00640,2026-10-11,TMS,Howrah–Santragachi,HWH–SRC,6.5,Rail defect,High,79,108,Track Gang,2026-10-12,normal,Pending
TRK-26027-00641,2026-10-11,TMS,Santragachi–Panskura,SRC–PKU,115.0,Track wear,Medium,53,93,Track Machine,2026-10-14,cross_department_cluster,Pending
TRK-26027-00642,2026-10-11,TMS,Panskura–Kharagpur,PKU–KGP,151.8,Preventive track maintenance,High,66,107,Track Gang,2026-10-12,high_defect_load,Pending
TRK-26027-00643,2026-10-11,TMS,Panskura–Kharagpur,PKU–KGP,126.1,Preventive track maintenance,Low,19,103,Track Gang,2026-10-17,normal,Pending
TRK-26027-00644,2026-10-11,TMS,Kharagpur–Gidni,KGP–GID,176.0,Sleeper defect,Medium,64,91,Track Gang,2026-10-15,normal,Pending
TRK-26027-00645,2026-10-11,TMS,Santragachi–Panskura,SRC–PKU,111.3,USFD-related inspection,Low,27,68,Track Inspection Team,2026-10-24,cross_department_cluster,Pending
TRK-26027-00646,2026-10-11,TMS,Panskura–Kharagpur,PKU–KGP,149.3,Track wear,Low,37,84,Track Gang,2026-10-18,mixed_realistic,Pending
TRK-26027-00647,2026-10-11,TMS,Santragachi–Panskura,SRC–PKU,24.1,Track wear,Medium,47,65,Track Gang,2026-10-14,mixed_realistic,Pending
TRK-26027-00648,2026-10-11,TMS,Howrah–Santragachi,HWH–SRC,12.0,Preventive track maintenance,Medium,62,54,Track Gang,2026-10-17,cross_department_cluster,Pending
TRK-26027-00649,2026-10-11,TMS,Howrah–Santragachi,HWH–SRC,7.4,Track geometry defect,Low,22,89,Track Machine,2026-10-22,cross_department_cluster,Pending
TRK-26027-00650,2026-10-11,TMS,Mecheda–Panskura,MCA–PKU,125.0,Track geometry defect,Low,18,100,Track Machine,2026-10-21,cross_department_cluster,Pending
TRK-26027-00651,2026-10-12,TMS,Mecheda–Panskura,MCA–PKU,122.7,Sleeper defect,High,72,134,Track Gang,2026-10-13,normal,Pending
TRK-26027-00652,2026-10-12,TMS,Kharagpur–Gidni,KGP–GID,170.0,Ballast issue,Medium,59,114,Track Gang,2026-10-19,cross_department_cluster,Pending
TRK-26027-00653,2026-10-12,TMS,Santragachi–Panskura,SRC–PKU,25.4,Preventive track maintenance,Low,16,86,Track Gang,2026-10-20,cross_department_cluster,Pending
TRK-26027-00654,2026-10-12,TMS,Santragachi–Panskura,SRC–PKU,36.6,Ballast issue,Medium,59,124,Track Machine,2026-10-18,mixed_realistic,Pending
TRK-26027-00655,2026-10-12,TMS,Santragachi–Panskura,SRC–PKU,115.0,Sleeper defect,Critical,86,104,Track Machine,2026-10-13,cross_department_cluster,Pending
TRK-26027-00656,2026-10-12,TMS,Mecheda–Panskura,MCA–PKU,121.3,Rail defect,High,84,134,Track Machine,2026-10-13,high_defect_load,Pending
TRK-26027-00657,2026-10-12,TMS,Panskura–Kharagpur,PKU–KGP,133.0,Preventive track maintenance,Medium,43,112,Track Gang,2026-10-17,high_defect_load,Pending
TRK-26027-00658,2026-10-12,TMS,Santragachi–Panskura,SRC–PKU,12.6,Sleeper defect,Critical,97,80,Track Gang,2026-10-12,critical_defect,Pending
TRK-26027-00659,2026-10-12,TMS,Santragachi–Panskura,SRC–PKU,36.3,Ballast issue,High,65,133,Track Gang,2026-10-13,normal,Pending
TRK-26027-00660,2026-10-12,TMS,Santragachi–Panskura,SRC–PKU,72.1,Preventive track maintenance,Medium,52,102,Track Gang,2026-10-16,normal,Pending
TRK-26027-00661,2026-10-12,TMS,Mecheda–Panskura,MCA–PKU,120.3,Ballast issue,Medium,48,108,Track Machine,2026-10-15,cross_department_cluster,Pending
TRK-26027-00662,2026-10-12,TMS,Mecheda–Panskura,MCA–PKU,118.5,Track geometry defect,Low,21,77,Track Machine,2026-10-26,mixed_realistic,Pending
TRK-26027-00663,2026-10-12,TMS,Kharagpur–Gidni,KGP–GID,182.6,USFD-related inspection,Critical,94,51,Track Inspection Team,2026-10-12,high_conflict,Pending
TRK-26027-00664,2026-10-12,TMS,Kharagpur–Gidni,KGP–GID,210.4,USFD-related inspection,Medium,51,70,Track Inspection Team,2026-10-19,cross_department_cluster,Pending
TRK-26027-00665,2026-10-12,TMS,Kharagpur–Gidni,KGP–GID,171.8,USFD-related inspection,Medium,43,87,Track Inspection Team,2026-10-16,high_defect_load,Pending
TRK-26027-00666,2026-10-12,TMS,Kharagpur–Gidni,KGP–GID,203.8,Sleeper defect,Low,28,103,Track Gang,2026-10-21,cross_department_cluster,Pending
TRK-26027-00667,2026-10-12,TMS,Mecheda–Panskura,MCA–PKU,125.0,Track geometry defect,Medium,61,63,Track Machine,2026-10-15,cross_department_cluster,Pending
TRK-26027-00668,2026-10-12,TMS,Kharagpur–Gidni,KGP–GID,174.0,Sleeper defect,Low,26,67,Track Gang,2026-10-25,normal,Pending
TRK-26027-00669,2026-10-12,TMS,Santragachi–Panskura,SRC–PKU,25.5,Rail defect,High,67,115,Track Gang,2026-10-12,normal,Pending
TRK-26027-00670,2026-10-12,TMS,Santragachi–Panskura,SRC–PKU,64.0,Track wear,Medium,52,60,Track Gang,2026-10-14,mixed_realistic,Pending
TRK-26027-00671,2026-10-12,TMS,Howrah–Santragachi,HWH–SRC,6.5,Track geometry defect,High,69,109,Track Gang,2026-10-12,normal,Pending
TRK-26027-00672,2026-10-12,TMS,Kharagpur–Gidni,KGP–GID,192.4,Track geometry defect,Medium,59,93,Track Machine,2026-10-17,normal,Pending
TRK-26027-00673,2026-10-12,TMS,Panskura–Kharagpur,PKU–KGP,138.2,Track wear,Medium,43,94,Track Machine,2026-10-16,normal,Pending
TRK-26027-00674,2026-10-12,TMS,Howrah–Santragachi,HWH–SRC,7.6,Rail defect,Low,22,145,Track Gang,2026-10-24,normal,Pending
TRK-26027-00675,2026-10-12,TMS,Mecheda–Panskura,MCA–PKU,121.6,Track geometry defect,Low,38,74,Track Gang,2026-10-25,normal,Pending
TRK-26027-00676,2026-10-12,TMS,Panskura–Kharagpur,PKU–KGP,157.9,Track wear,Medium,44,114,Track Machine,2026-10-19,cross_department_cluster,Pending
TRK-26027-00677,2026-10-12,TMS,Panskura–Kharagpur,PKU–KGP,125.0,Track geometry defect,Medium,60,83,Track Machine,2026-10-16,cross_department_cluster,Pending
TRK-26027-00678,2026-10-12,TMS,Kharagpur–Gidni,KGP–GID,201.1,Ballast issue,High,75,180,Track Machine,2026-10-13,high_defect_load,Pending
TRK-26027-00679,2026-10-12,TMS,Panskura–Kharagpur,PKU–KGP,129.0,USFD-related inspection,Medium,51,87,Track Inspection Team,2026-10-19,mixed_realistic,Pending
TRK-26027-00680,2026-10-12,TMS,Santragachi–Panskura,SRC–PKU,35.7,Rail defect,High,66,141,Track Machine,2026-10-14,high_defect_load,Pending
TRK-26027-00681,2026-10-12,TMS,Mecheda–Panskura,MCA–PKU,115.9,Preventive track maintenance,Low,23,80,Track Machine,2026-10-23,mixed_realistic,Pending
TRK-26027-00682,2026-10-12,TMS,Santragachi–Panskura,SRC–PKU,21.8,Rail defect,Medium,51,108,Track Gang,2026-10-14,high_defect_load,Pending
TRK-26027-00683,2026-10-12,TMS,Mecheda–Panskura,MCA–PKU,121.3,Rail defect,Medium,61,137,Track Machine,2026-10-15,high_defect_load,Pending
TRK-26027-00684,2026-10-12,TMS,Panskura–Kharagpur,PKU–KGP,164.2,Ballast issue,Medium,51,179,Track Machine,2026-10-19,mixed_realistic,Pending
TRK-26027-00685,2026-10-12,TMS,Mecheda–Panskura,MCA–PKU,115.7,Rail defect,Low,15,146,Track Machine,2026-10-18,normal,Pending
TRK-26027-00686,2026-10-12,TMS,Mecheda–Panskura,MCA–PKU,120.4,USFD-related inspection,Low,37,46,Track Inspection Team,2026-10-25,mixed_realistic,Pending
TRK-26027-00687,2026-10-12,TMS,Kharagpur–Gidni,KGP–GID,211.0,Track wear,Low,35,120,Track Gang,2026-10-17,normal,Pending
TRK-26027-00688,2026-10-12,TMS,Mecheda–Panskura,MCA–PKU,116.4,Track wear,Medium,56,77,Track Machine,2026-10-19,normal,Pending
TRK-26027-00689,2026-10-12,TMS,Panskura–Kharagpur,PKU–KGP,129.5,Track wear,Medium,57,118,Track Gang,2026-10-14,high_defect_load,Pending
TRK-26027-00690,2026-10-12,TMS,Panskura–Kharagpur,PKU–KGP,145.9,Preventive track maintenance,Low,39,97,Rail Welding Team,2026-10-25,high_defect_load,Pending
TRK-26027-00691,2026-10-12,TMS,Howrah–Santragachi,HWH–SRC,9.9,Track wear,Medium,59,61,Track Machine,2026-10-15,normal,Pending
TRK-26027-00692,2026-10-12,TMS,Panskura–Kharagpur,PKU–KGP,151.6,Preventive track maintenance,Low,16,72,Rail Welding Team,2026-10-22,high_defect_load,Pending
TRK-26027-00693,2026-10-12,TMS,Kharagpur–Gidni,KGP–GID,190.0,Rail defect,Medium,62,180,Track Machine,2026-10-18,normal,Pending
TRK-26027-00694,2026-10-12,TMS,Kharagpur–Gidni,KGP–GID,208.5,USFD-related inspection,Low,22,53,Track Inspection Team,2026-10-26,high_defect_load,Pending
TRK-26027-00695,2026-10-12,TMS,Panskura–Kharagpur,PKU–KGP,167.2,Track geometry defect,Low,17,101,Track Gang,2026-10-23,cross_department_cluster,Pending
TRK-26027-00696,2026-10-12,TMS,Kharagpur–Gidni,KGP–GID,170.9,Sleeper defect,Low,25,145,Track Gang,2026-10-26,normal,Pending
TRK-26027-00697,2026-10-12,TMS,Howrah–Santragachi,HWH–SRC,7.5,Preventive track maintenance,Low,33,66,Track Gang,2026-10-25,normal,Pending
TRK-26027-00698,2026-10-12,TMS,Howrah–Santragachi,HWH–SRC,4.3,Rail defect,High,67,174,Track Gang,2026-10-12,cross_department_cluster,Pending
TRK-26027-00699,2026-10-12,TMS,Panskura–Kharagpur,PKU–KGP,164.8,USFD-related inspection,High,80,84,Track Inspection Team,2026-10-14,high_defect_load,Pending
TRK-26027-00700,2026-10-12,TMS,Panskura–Kharagpur,PKU–KGP,168.0,Track wear,Medium,51,101,Track Gang,2026-10-16,normal,Pending
TRK-26027-00701,2026-10-12,TMS,Mecheda–Panskura,MCA–PKU,118.4,Track wear,Medium,42,105,Track Gang,2026-10-17,normal,Pending
TRK-26027-00702,2026-10-12,TMS,Howrah–Santragachi,HWH–SRC,2.3,Track geometry defect,Low,17,100,Track Gang,2026-10-23,normal,Pending
TRK-26027-00703,2026-10-12,TMS,Howrah–Santragachi,HWH–SRC,0.5,Rail defect,Medium,55,105,Track Machine,2026-10-19,normal,Pending
TRK-26027-00704,2026-10-12,TMS,Santragachi–Panskura,SRC–PKU,66.1,Rail defect,Medium,47,178,Track Machine,2026-10-17,normal,Pending
TRK-26027-00705,2026-10-12,TMS,Panskura–Kharagpur,PKU–KGP,141.4,Ballast issue,Medium,63,89,Track Gang,2026-10-16,normal,Pending
TRK-26027-00706,2026-10-12,TMS,Panskura–Kharagpur,PKU–KGP,142.9,Ballast issue,Low,26,104,Track Machine,2026-10-26,cross_department_cluster,Pending
TRK-26027-00707,2026-10-12,TMS,Mecheda–Panskura,MCA–PKU,118.6,Track geometry defect,Low,39,109,Track Gang,2026-10-24,mixed_realistic,Pending
TRK-26027-00708,2026-10-12,TMS,Santragachi–Panskura,SRC–PKU,40.9,Sleeper defect,Medium,60,122,Track Gang,2026-10-14,normal,Pending
TRK-26027-00709,2026-10-12,TMS,Kharagpur–Gidni,KGP–GID,191.7,Track geometry defect,High,80,72,Track Machine,2026-10-14,cross_department_cluster,Pending
TRK-26027-00710,2026-10-12,TMS,Howrah–Santragachi,HWH–SRC,9.5,Preventive track maintenance,High,82,110,Rail Welding Team,2026-10-12,cross_department_cluster,Pending
TRK-26027-00711,2026-10-12,TMS,Howrah–Santragachi,HWH–SRC,5.4,Track geometry defect,Low,19,95,Track Machine,2026-10-23,normal,Pending
TRK-26027-00712,2026-10-12,TMS,Kharagpur–Gidni,KGP–GID,195.5,USFD-related inspection,Medium,63,48,Track Inspection Team,2026-10-19,high_defect_load,Pending
TRK-26027-00713,2026-10-12,TMS,Santragachi–Panskura,SRC–PKU,29.5,Ballast issue,Medium,50,115,Track Machine,2026-10-15,mixed_realistic,Pending
TRK-26027-00714,2026-10-12,TMS,Panskura–Kharagpur,PKU–KGP,168.8,Preventive track maintenance,Low,32,100,Track Inspection Team,2026-10-20,normal,Pending
TRK-26027-00715,2026-10-12,TMS,Santragachi–Panskura,SRC–PKU,76.3,USFD-related inspection,Critical,93,52,Track Inspection Team,2026-10-12,critical_defect,Pending
TRK-26027-00716,2026-10-13,TMS,Santragachi–Panskura,SRC–PKU,65.1,Track wear,Medium,50,80,Track Gang,2026-10-15,normal,Pending
TRK-26027-00717,2026-10-13,TMS,Santragachi–Panskura,SRC–PKU,64.9,Preventive track maintenance,Medium,55,97,Track Gang,2026-10-19,high_defect_load,Pending
TRK-26027-00718,2026-10-13,TMS,Mecheda–Panskura,MCA–PKU,116.7,USFD-related inspection,Medium,48,57,Track Inspection Team,2026-10-15,high_defect_load,Pending
TRK-26027-00719,2026-10-13,TMS,Santragachi–Panskura,SRC–PKU,106.0,Track geometry defect,Medium,60,96,Track Machine,2026-10-16,normal,Pending
TRK-26027-00720,2026-10-13,TMS,Howrah–Santragachi,HWH–SRC,12.0,Track geometry defect,Low,16,102,Track Machine,2026-10-24,cross_department_cluster,Pending
TRK-26027-00721,2026-10-13,TMS,Howrah–Santragachi,HWH–SRC,11.2,Track wear,High,76,97,Track Gang,2026-10-15,normal,Pending
TRK-26027-00722,2026-10-13,TMS,Santragachi–Panskura,SRC–PKU,93.6,Track geometry defect,High,78,79,Track Machine,2026-10-15,normal,Pending
TRK-26027-00723,2026-10-13,TMS,Panskura–Kharagpur,PKU–KGP,136.7,Rail defect,High,84,177,Track Machine,2026-10-15,normal,Pending
TRK-26027-00724,2026-10-13,TMS,Kharagpur–Gidni,KGP–GID,209.9,USFD-related inspection,Medium,41,72,Track Inspection Team,2026-10-16,high_defect_load,Pending
TRK-26027-00725,2026-10-13,TMS,Santragachi–Panskura,SRC–PKU,90.3,Rail defect,Medium,40,134,Track Machine,2026-10-20,normal,Pending
TRK-26027-00726,2026-10-13,TMS,Kharagpur–Gidni,KGP–GID,212.6,Preventive track maintenance,High,79,99,Track Gang,2026-10-13,normal,Pending
TRK-26027-00727,2026-10-13,TMS,Howrah–Santragachi,HWH–SRC,7.1,Preventive track maintenance,Low,38,63,Track Inspection Team,2026-10-21,normal,Pending
TRK-26027-00728,2026-10-13,TMS,Mecheda–Panskura,MCA–PKU,122.2,Preventive track maintenance,High,71,60,Track Machine,2026-10-16,mixed_realistic,Pending
TRK-26027-00729,2026-10-13,TMS,Kharagpur–Gidni,KGP–GID,212.0,Sleeper defect,Low,29,134,Track Gang,2026-10-23,mixed_realistic,Pending
TRK-26027-00730,2026-10-13,TMS,Kharagpur–Gidni,KGP–GID,199.6,Rail defect,Low,27,175,Track Gang,2026-10-19,normal,Pending
TRK-26027-00731,2026-10-13,TMS,Mecheda–Panskura,MCA–PKU,122.7,Sleeper defect,High,66,93,Track Gang,2026-10-14,normal,Pending
TRK-26027-00732,2026-10-13,TMS,Howrah–Santragachi,HWH–SRC,12.0,Track wear,Low,16,69,Track Machine,2026-10-21,cross_department_cluster,Pending
TRK-26027-00733,2026-10-13,TMS,Mecheda–Panskura,MCA–PKU,117.1,Rail defect,Medium,46,163,Track Gang,2026-10-20,normal,Pending
TRK-26027-00734,2026-10-13,TMS,Panskura–Kharagpur,PKU–KGP,127.7,USFD-related inspection,High,76,64,Track Inspection Team,2026-10-13,mixed_realistic,Pending
TRK-26027-00735,2026-10-13,TMS,Howrah–Santragachi,HWH–SRC,0.3,Track wear,High,83,92,Track Gang,2026-10-15,mixed_realistic,Pending
TRK-26027-00736,2026-10-13,TMS,Panskura–Kharagpur,PKU–KGP,165.5,Track geometry defect,Low,23,109,Track Gang,2026-10-20,normal,Pending
TRK-26027-00737,2026-10-13,TMS,Howrah–Santragachi,HWH–SRC,11.5,Sleeper defect,Medium,62,95,Track Machine,2026-10-20,normal,Pending
TRK-26027-00738,2026-10-13,TMS,Kharagpur–Gidni,KGP–GID,201.6,Preventive track maintenance,Medium,40,46,Track Inspection Team,2026-10-20,normal,Pending
TRK-26027-00739,2026-10-13,TMS,Kharagpur–Gidni,KGP–GID,213.0,Rail defect,Medium,63,141,Track Gang,2026-10-15,normal,Pending
TRK-26027-00740,2026-10-13,TMS,Howrah–Santragachi,HWH–SRC,12.0,Ballast issue,Medium,48,70,Track Gang,2026-10-16,cross_department_cluster,Pending
TRK-26027-00741,2026-10-13,TMS,Mecheda–Panskura,MCA–PKU,120.1,Rail defect,Medium,43,139,Track Gang,2026-10-18,normal,Pending
TRK-26027-00742,2026-10-13,TMS,Panskura–Kharagpur,PKU–KGP,164.7,Track geometry defect,High,67,62,Track Gang,2026-10-14,cross_department_cluster,Pending
TRK-26027-00743,2026-10-13,TMS,Howrah–Santragachi,HWH–SRC,11.4,Ballast issue,Critical,100,118,Track Machine,2026-10-14,high_conflict,Pending
TRK-26027-00744,2026-10-13,TMS,Panskura–Kharagpur,PKU–KGP,144.7,Sleeper defect,Medium,60,124,Track Gang,2026-10-18,high_defect_load,Pending
TRK-26027-00745,2026-10-13,TMS,Kharagpur–Gidni,KGP–GID,212.2,USFD-related inspection,Low,38,66,Track Inspection Team,2026-10-25,high_defect_load,Pending
TRK-26027-00746,2026-10-13,TMS,Kharagpur–Gidni,KGP–GID,174.5,Rail defect,Medium,46,97,Track Machine,2026-10-16,normal,Pending
TRK-26027-00747,2026-10-13,TMS,Mecheda–Panskura,MCA–PKU,118.2,Sleeper defect,Low,36,126,Track Gang,2026-10-22,normal,Pending
TRK-26027-00748,2026-10-13,TMS,Kharagpur–Gidni,KGP–GID,175.8,Track wear,Medium,60,70,Track Machine,2026-10-15,normal,Pending
TRK-26027-00749,2026-10-13,TMS,Kharagpur–Gidni,KGP–GID,208.4,Ballast issue,Medium,63,145,Track Machine,2026-10-19,normal,Pending
TRK-26027-00750,2026-10-13,TMS,Santragachi–Panskura,SRC–PKU,97.7,Rail defect,Medium,42,121,Track Machine,2026-10-19,normal,Pending
TRK-26027-00751,2026-10-13,TMS,Santragachi–Panskura,SRC–PKU,54.0,Sleeper defect,Medium,55,111,Track Machine,2026-10-17,mixed_realistic,Pending
TRK-26027-00752,2026-10-13,TMS,Mecheda–Panskura,MCA–PKU,116.1,Ballast issue,Low,36,94,Track Gang,2026-10-21,mixed_realistic,Pending
TRK-26027-00753,2026-10-13,TMS,Mecheda–Panskura,MCA–PKU,117.5,Track geometry defect,High,81,60,Track Machine,2026-10-13,high_defect_load,Pending
TRK-26027-00754,2026-10-13,TMS,Mecheda–Panskura,MCA–PKU,115.8,Preventive track maintenance,Medium,53,93,Track Machine,2026-10-17,high_defect_load,Pending
TRK-26027-00755,2026-10-13,TMS,Panskura–Kharagpur,PKU–KGP,126.8,Sleeper defect,Low,38,103,Track Gang,2026-10-24,cross_department_cluster,Pending
TRK-26027-00756,2026-10-13,TMS,Panskura–Kharagpur,PKU–KGP,137.4,Track geometry defect,Medium,60,61,Track Gang,2026-10-15,cross_department_cluster,Pending
TRK-26027-00757,2026-10-13,TMS,Panskura–Kharagpur,PKU–KGP,149.3,USFD-related inspection,Low,35,70,Track Inspection Team,2026-10-22,cross_department_cluster,Pending
TRK-26027-00758,2026-10-13,TMS,Howrah–Santragachi,HWH–SRC,12.0,Rail defect,Medium,46,137,Track Gang,2026-10-15,cross_department_cluster,Pending
TRK-26027-00759,2026-10-13,TMS,Kharagpur–Gidni,KGP–GID,170.0,Track geometry defect,High,80,85,Track Gang,2026-10-15,cross_department_cluster,Pending
TRK-26027-00760,2026-10-13,TMS,Howrah–Santragachi,HWH–SRC,5.6,Track wear,Low,17,105,Track Machine,2026-10-24,normal,Pending
TRK-26027-00761,2026-10-13,TMS,Panskura–Kharagpur,PKU–KGP,147.6,Rail defect,Low,32,120,Track Gang,2026-10-25,high_defect_load,Pending
TRK-26027-00762,2026-10-13,TMS,Mecheda–Panskura,MCA–PKU,120.8,Track geometry defect,High,81,74,Track Machine,2026-10-13,normal,Pending
TRK-26027-00763,2026-10-13,TMS,Kharagpur–Gidni,KGP–GID,185.3,Ballast issue,Critical,88,99,Track Machine,2026-10-14,mixed_realistic,Pending
TRK-26027-00764,2026-10-13,TMS,Howrah–Santragachi,HWH–SRC,7.5,Rail defect,High,81,171,Track Gang,2026-10-13,normal,Pending
TRK-26027-00765,2026-10-13,TMS,Howrah–Santragachi,HWH–SRC,6.5,Rail defect,Low,33,165,Track Machine,2026-10-27,normal,Pending
TRK-26027-00766,2026-10-13,TMS,Santragachi–Panskura,SRC–PKU,115.0,Ballast issue,High,74,120,Track Machine,2026-10-15,cross_department_cluster,Pending
TRK-26027-00767,2026-10-13,TMS,Howrah–Santragachi,HWH–SRC,0.2,USFD-related inspection,Medium,46,88,Track Inspection Team,2026-10-18,mixed_realistic,Pending
TRK-26027-00768,2026-10-13,TMS,Kharagpur–Gidni,KGP–GID,186.3,Track wear,Low,27,75,Track Machine,2026-10-26,high_defect_load,Pending
TRK-26027-00769,2026-10-13,TMS,Mecheda–Panskura,MCA–PKU,121.1,Rail defect,High,73,154,Track Machine,2026-10-13,mixed_realistic,Pending
TRK-26027-00770,2026-10-13,TMS,Kharagpur–Gidni,KGP–GID,201.5,Track wear,Medium,58,98,Track Gang,2026-10-16,normal,Pending
TRK-26027-00771,2026-10-13,TMS,Mecheda–Panskura,MCA–PKU,119.3,USFD-related inspection,Medium,53,50,Track Inspection Team,2026-10-20,normal,Pending
TRK-26027-00772,2026-10-13,TMS,Panskura–Kharagpur,PKU–KGP,147.7,USFD-related inspection,Low,32,70,Track Inspection Team,2026-10-20,normal,Pending
TRK-26027-00773,2026-10-13,TMS,Mecheda–Panskura,MCA–PKU,119.0,Rail defect,Low,36,110,Track Machine,2026-10-19,normal,Pending
TRK-26027-00774,2026-10-13,TMS,Panskura–Kharagpur,PKU–KGP,161.7,Ballast issue,Medium,50,96,Track Machine,2026-10-17,normal,Pending
TRK-26027-00775,2026-10-13,TMS,Santragachi–Panskura,SRC–PKU,99.1,Rail defect,Medium,40,112,Track Machine,2026-10-20,normal,Pending
TRK-26027-00776,2026-10-13,TMS,Santragachi–Panskura,SRC–PKU,112.7,Rail defect,Low,24,139,Track Gang,2026-10-18,normal,Pending
TRK-26027-00777,2026-10-13,TMS,Santragachi–Panskura,SRC–PKU,65.1,Rail defect,Medium,50,96,Track Machine,2026-10-19,normal,Pending
TRK-26027-00778,2026-10-13,TMS,Santragachi–Panskura,SRC–PKU,23.9,Track wear,Medium,62,70,Track Machine,2026-10-19,mixed_realistic,Pending
TRK-26027-00779,2026-10-13,TMS,Santragachi–Panskura,SRC–PKU,115.0,USFD-related inspection,Low,31,71,Track Inspection Team,2026-10-22,cross_department_cluster,Pending
TRK-26027-00780,2026-10-13,TMS,Santragachi–Panskura,SRC–PKU,111.2,Track wear,Medium,59,120,Track Gang,2026-10-17,normal,Pending
TRK-26027-00781,2026-10-14,TMS,Kharagpur–Gidni,KGP–GID,194.6,Rail defect,Low,18,151,Track Machine,2026-10-21,normal,Pending
TRK-26027-00782,2026-10-14,TMS,Kharagpur–Gidni,KGP–GID,170.0,Sleeper defect,Medium,49,70,Track Gang,2026-10-17,cross_department_cluster,Pending
TRK-26027-00783,2026-10-14,TMS,Panskura–Kharagpur,PKU–KGP,166.0,Sleeper defect,Low,34,104,Track Machine,2026-10-23,high_defect_load,Pending
TRK-26027-00784,2026-10-14,TMS,Howrah–Santragachi,HWH–SRC,1.5,Preventive track maintenance,Medium,54,46,Rail Welding Team,2026-10-17,mixed_realistic,Pending
TRK-26027-00785,2026-10-14,TMS,Kharagpur–Gidni,KGP–GID,170.0,Ballast issue,Medium,62,161,Track Gang,2026-10-18,cross_department_cluster,Pending
TRK-26027-00786,2026-10-14,TMS,Howrah–Santragachi,HWH–SRC,12.0,Preventive track maintenance,High,70,66,Track Machine,2026-10-14,cross_department_cluster,Pending
TRK-26027-00787,2026-10-14,TMS,Howrah–Santragachi,HWH–SRC,2.4,Ballast issue,High,70,180,Track Gang,2026-10-15,normal,Pending
TRK-26027-00788,2026-10-14,TMS,Howrah–Santragachi,HWH–SRC,4.9,Track geometry defect,Medium,54,73,Track Machine,2026-10-19,normal,Pending
TRK-26027-00789,2026-10-14,TMS,Howrah–Santragachi,HWH–SRC,12.0,Ballast issue,Medium,53,113,Track Machine,2026-10-18,cross_department_cluster,Pending
TRK-26027-00790,2026-10-14,TMS,Santragachi–Panskura,SRC–PKU,46.0,Preventive track maintenance,Low,38,93,Track Machine,2026-10-26,high_defect_load,Pending
TRK-26027-00791,2026-10-14,TMS,Kharagpur–Gidni,KGP–GID,185.6,Sleeper defect,Low,31,67,Track Machine,2026-10-25,normal,Pending
TRK-26027-00792,2026-10-14,TMS,Kharagpur–Gidni,KGP–GID,185.9,Preventive track maintenance,High,66,50,Track Inspection Team,2026-10-17,normal,Pending
TRK-26027-00793,2026-10-14,TMS,Mecheda–Panskura,MCA–PKU,119.3,Ballast issue,Medium,42,73,Track Gang,2026-10-21,mixed_realistic,Pending
TRK-26027-00794,2026-10-14,TMS,Howrah–Santragachi,HWH–SRC,8.4,USFD-related inspection,High,71,53,Track Inspection Team,2026-10-14,cross_department_cluster,Pending
TRK-26027-00795,2026-10-14,TMS,Kharagpur–Gidni,KGP–GID,207.2,Preventive track maintenance,High,76,47,Rail Welding Team,2026-10-14,mixed_realistic,Pending
TRK-26027-00796,2026-10-14,TMS,Mecheda–Panskura,MCA–PKU,119.1,Track wear,Medium,61,69,Track Gang,2026-10-19,normal,Pending
TRK-26027-00797,2026-10-14,TMS,Kharagpur–Gidni,KGP–GID,193.6,Preventive track maintenance,Low,23,81,Track Gang,2026-10-24,normal,Pending
TRK-26027-00798,2026-10-14,TMS,Kharagpur–Gidni,KGP–GID,192.1,Ballast issue,Medium,49,155,Track Machine,2026-10-21,normal,Pending
TRK-26027-00799,2026-10-14,TMS,Mecheda–Panskura,MCA–PKU,117.2,Sleeper defect,Medium,63,111,Track Machine,2026-10-17,cross_department_cluster,Pending
TRK-26027-00800,2026-10-14,TMS,Panskura–Kharagpur,PKU–KGP,156.4,USFD-related inspection,Medium,47,67,Track Inspection Team,2026-10-17,normal,Pending
TRK-26027-00801,2026-10-14,TMS,Howrah–Santragachi,HWH–SRC,7.6,Sleeper defect,Medium,42,65,Track Machine,2026-10-17,cross_department_cluster,Pending
TRK-26027-00802,2026-10-14,TMS,Kharagpur–Gidni,KGP–GID,201.6,Rail defect,Medium,54,112,Track Gang,2026-10-18,normal,Pending
TRK-26027-00803,2026-10-14,TMS,Kharagpur–Gidni,KGP–GID,181.8,Sleeper defect,High,70,84,Track Machine,2026-10-17,cross_department_cluster,Pending
TRK-26027-00804,2026-10-14,TMS,Howrah–Santragachi,HWH–SRC,5.8,Track geometry defect,Medium,45,92,Track Machine,2026-10-17,normal,Pending
TRK-26027-00805,2026-10-14,TMS,Panskura–Kharagpur,PKU–KGP,149.3,Track geometry defect,Low,18,117,Track Gang,2026-10-22,normal,Pending
TRK-26027-00806,2026-10-14,TMS,Kharagpur–Gidni,KGP–GID,188.8,Preventive track maintenance,Low,27,77,Track Gang,2026-10-24,normal,Pending
TRK-26027-00807,2026-10-14,TMS,Kharagpur–Gidni,KGP–GID,210.5,Rail defect,Medium,55,113,Track Machine,2026-10-17,normal,Pending
TRK-26027-00808,2026-10-14,TMS,Kharagpur–Gidni,KGP–GID,185.4,Ballast issue,Medium,44,115,Track Gang,2026-10-18,normal,Pending
TRK-26027-00809,2026-10-14,TMS,Mecheda–Panskura,MCA–PKU,117.7,Track wear,Medium,45,79,Track Gang,2026-10-17,normal,Pending
TRK-26027-00810,2026-10-14,TMS,Panskura–Kharagpur,PKU–KGP,145.4,Sleeper defect,Low,35,71,Track Machine,2026-10-25,cross_department_cluster,Pending
TRK-26027-00811,2026-10-14,TMS,Mecheda–Panskura,MCA–PKU,116.2,Preventive track maintenance,Medium,60,60,Track Machine,2026-10-20,normal,Pending
TRK-26027-00812,2026-10-14,TMS,Mecheda–Panskura,MCA–PKU,122.1,Rail defect,High,84,148,Track Gang,2026-10-15,normal,Pending
TRK-26027-00813,2026-10-14,TMS,Mecheda–Panskura,MCA–PKU,125.0,USFD-related inspection,Low,18,47,Track Inspection Team,2026-10-22,cross_department_cluster,Pending
TRK-26027-00814,2026-10-14,TMS,Howrah–Santragachi,HWH–SRC,6.4,USFD-related inspection,Low,21,71,Track Inspection Team,2026-10-23,normal,Pending
TRK-26027-00815,2026-10-14,TMS,Mecheda–Panskura,MCA–PKU,119.8,USFD-related inspection,Low,34,88,Track Inspection Team,2026-10-25,mixed_realistic,Pending
TRK-26027-00816,2026-10-14,TMS,Kharagpur–Gidni,KGP–GID,199.5,Preventive track maintenance,High,76,91,Track Inspection Team,2026-10-14,normal,Pending
TRK-26027-00817,2026-10-14,TMS,Mecheda–Panskura,MCA–PKU,118.0,Track geometry defect,High,77,96,Track Machine,2026-10-16,cross_department_cluster,Pending
TRK-26027-00818,2026-10-14,TMS,Santragachi–Panskura,SRC–PKU,83.4,Ballast issue,Medium,55,131,Track Gang,2026-10-20,high_defect_load,Pending
TRK-26027-00819,2026-10-14,TMS,Mecheda–Panskura,MCA–PKU,117.9,USFD-related inspection,Low,21,63,Track Inspection Team,2026-10-24,cross_department_cluster,Pending
TRK-26027-00820,2026-10-14,TMS,Kharagpur–Gidni,KGP–GID,170.0,Sleeper defect,Medium,43,110,Track Gang,2026-10-21,cross_department_cluster,Pending
TRK-26027-00821,2026-10-14,TMS,Panskura–Kharagpur,PKU–KGP,127.0,Track geometry defect,High,67,83,Track Machine,2026-10-17,normal,Pending
TRK-26027-00822,2026-10-14,TMS,Howrah–Santragachi,HWH–SRC,4.6,Track geometry defect,Medium,54,100,Track Machine,2026-10-16,normal,Pending
TRK-26027-00823,2026-10-14,TMS,Kharagpur–Gidni,KGP–GID,202.8,Sleeper defect,Medium,49,70,Track Machine,2026-10-20,normal,Pending
TRK-26027-00824,2026-10-14,TMS,Santragachi–Panskura,SRC–PKU,115.0,Ballast issue,Low,27,78,Track Gang,2026-10-23,cross_department_cluster,Pending
TRK-26027-00825,2026-10-14,TMS,Kharagpur–Gidni,KGP–GID,192.6,Rail defect,Medium,64,153,Track Machine,2026-10-21,normal,Pending
TRK-26027-00826,2026-10-14,TMS,Howrah–Santragachi,HWH–SRC,6.1,USFD-related inspection,Low,15,63,Track Inspection Team,2026-10-19,normal,Pending
TRK-26027-00827,2026-10-14,TMS,Santragachi–Panskura,SRC–PKU,19.6,Track geometry defect,Medium,41,88,Track Machine,2026-10-21,normal,Pending
TRK-26027-00828,2026-10-14,TMS,Howrah–Santragachi,HWH–SRC,12.0,Track geometry defect,High,73,110,Track Gang,2026-10-16,cross_department_cluster,Pending
TRK-26027-00829,2026-10-14,TMS,Panskura–Kharagpur,PKU–KGP,156.0,Rail defect,Low,31,106,Track Machine,2026-10-19,normal,Pending
TRK-26027-00830,2026-10-14,TMS,Panskura–Kharagpur,PKU–KGP,125.8,Track wear,Medium,55,60,Track Machine,2026-10-18,normal,Pending
TRK-26027-00831,2026-10-14,TMS,Howrah–Santragachi,HWH–SRC,12.0,Track wear,Medium,54,63,Track Machine,2026-10-19,cross_department_cluster,Pending
TRK-26027-00832,2026-10-14,TMS,Panskura–Kharagpur,PKU–KGP,142.6,Rail defect,Medium,59,114,Track Machine,2026-10-21,cross_department_cluster,Pending
TRK-26027-00833,2026-10-14,TMS,Panskura–Kharagpur,PKU–KGP,166.4,Rail defect,Medium,56,124,Track Gang,2026-10-19,normal,Pending
TRK-26027-00834,2026-10-14,TMS,Howrah–Santragachi,HWH–SRC,4.1,USFD-related inspection,High,67,70,Track Inspection Team,2026-10-16,normal,Pending
TRK-26027-00835,2026-10-14,TMS,Kharagpur–Gidni,KGP–GID,189.5,Rail defect,Low,16,111,Track Gang,2026-10-22,normal,Pending
TRK-26027-00836,2026-10-14,TMS,Kharagpur–Gidni,KGP–GID,205.4,Track wear,Medium,49,108,Track Gang,2026-10-18,normal,Pending
TRK-26027-00837,2026-10-14,TMS,Mecheda–Panskura,MCA–PKU,119.2,Rail defect,High,84,140,Track Gang,2026-10-14,mixed_realistic,Pending
TRK-26027-00838,2026-10-14,TMS,Kharagpur–Gidni,KGP–GID,208.8,Rail defect,Low,25,103,Track Machine,2026-10-22,mixed_realistic,Pending
TRK-26027-00839,2026-10-14,TMS,Howrah–Santragachi,HWH–SRC,2.7,Track geometry defect,Low,17,113,Track Gang,2026-10-26,normal,Pending
TRK-26027-00840,2026-10-14,TMS,Kharagpur–Gidni,KGP–GID,175.1,Sleeper defect,High,73,99,Track Gang,2026-10-15,high_defect_load,Pending
TRK-26027-00841,2026-10-14,TMS,Kharagpur–Gidni,KGP–GID,203.7,Rail defect,Low,39,131,Track Machine,2026-10-26,normal,Pending
TRK-26027-00842,2026-10-14,TMS,Kharagpur–Gidni,KGP–GID,194.8,Sleeper defect,Low,29,114,Track Machine,2026-10-26,mixed_realistic,Pending
TRK-26027-00843,2026-10-14,TMS,Panskura–Kharagpur,PKU–KGP,164.6,Ballast issue,Low,16,180,Track Gang,2026-10-23,normal,Pending
TRK-26027-00844,2026-10-14,TMS,Mecheda–Panskura,MCA–PKU,115.9,Track wear,Medium,59,93,Track Machine,2026-10-17,high_defect_load,Pending
TRK-26027-00845,2026-10-14,TMS,Santragachi–Panskura,SRC–PKU,75.7,Track wear,High,70,95,Track Gang,2026-10-17,normal,Pending
TRK-26027-00846,2026-10-15,TMS,Panskura–Kharagpur,PKU–KGP,165.8,Sleeper defect,Low,20,77,Track Gang,2026-10-20,mixed_realistic,Pending
TRK-26027-00847,2026-10-15,TMS,Howrah–Santragachi,HWH–SRC,10.9,USFD-related inspection,Medium,57,58,Track Inspection Team,2026-10-19,normal,Pending
TRK-26027-00848,2026-10-15,TMS,Panskura–Kharagpur,PKU–KGP,164.4,Ballast issue,Medium,60,101,Track Machine,2026-10-17,cross_department_cluster,Pending
TRK-26027-00849,2026-10-15,TMS,Santragachi–Panskura,SRC–PKU,92.9,Rail defect,High,67,101,Track Machine,2026-10-15,normal,Pending
TRK-26027-00850,2026-10-15,TMS,Mecheda–Panskura,MCA–PKU,121.1,Rail defect,Low,26,174,Track Machine,2026-10-20,mixed_realistic,Pending
TRK-26027-00851,2026-10-15,TMS,Kharagpur–Gidni,KGP–GID,170.0,USFD-related inspection,Low,38,47,Track Inspection Team,2026-10-24,cross_department_cluster,Pending
TRK-26027-00852,2026-10-15,TMS,Panskura–Kharagpur,PKU–KGP,161.7,Track geometry defect,Medium,54,77,Track Gang,2026-10-20,normal,Pending
TRK-26027-00853,2026-10-15,TMS,Howrah–Santragachi,HWH–SRC,10.4,Track geometry defect,Medium,49,63,Track Gang,2026-10-22,high_defect_load,Pending
TRK-26027-00854,2026-10-15,TMS,Santragachi–Panskura,SRC–PKU,65.4,Preventive track maintenance,Critical,92,93,Track Inspection Team,2026-10-15,mixed_realistic,Pending
TRK-26027-00855,2026-10-15,TMS,Panskura–Kharagpur,PKU–KGP,156.6,Track wear,High,68,100,Track Gang,2026-10-18,high_defect_load,Pending
TRK-26027-00856,2026-10-15,TMS,Santragachi–Panskura,SRC–PKU,42.5,Track geometry defect,Low,23,66,Track Gang,2026-10-22,normal,Pending
TRK-26027-00857,2026-10-15,TMS,Panskura–Kharagpur,PKU–KGP,133.6,Rail defect,Medium,50,127,Track Machine,2026-10-20,mixed_realistic,Pending
TRK-26027-00858,2026-10-15,TMS,Kharagpur–Gidni,KGP–GID,176.8,Ballast issue,Medium,47,172,Track Machine,2026-10-22,cross_department_cluster,Pending
TRK-26027-00859,2026-10-15,TMS,Kharagpur–Gidni,KGP–GID,208.4,Preventive track maintenance,Medium,48,112,Track Machine,2026-10-17,normal,Pending
TRK-26027-00860,2026-10-15,TMS,Santragachi–Panskura,SRC–PKU,56.9,Rail defect,Medium,61,102,Track Gang,2026-10-17,cross_department_cluster,Pending
TRK-26027-00861,2026-10-15,TMS,Howrah–Santragachi,HWH–SRC,6.6,Sleeper defect,Medium,52,112,Track Machine,2026-10-21,mixed_realistic,Pending
TRK-26027-00862,2026-10-15,TMS,Mecheda–Panskura,MCA–PKU,118.6,Track wear,High,83,95,Track Machine,2026-10-18,cross_department_cluster,Pending
TRK-26027-00863,2026-10-15,TMS,Panskura–Kharagpur,PKU–KGP,164.5,USFD-related inspection,Medium,62,78,Track Inspection Team,2026-10-20,normal,Pending
TRK-26027-00864,2026-10-15,TMS,Mecheda–Panskura,MCA–PKU,115.1,USFD-related inspection,High,77,82,Track Inspection Team,2026-10-17,normal,Pending
TRK-26027-00865,2026-10-15,TMS,Kharagpur–Gidni,KGP–GID,171.9,USFD-related inspection,Medium,48,74,Track Inspection Team,2026-10-19,normal,Pending
TRK-26027-00866,2026-10-15,TMS,Howrah–Santragachi,HWH–SRC,8.8,Rail defect,High,80,140,Track Gang,2026-10-18,mixed_realistic,Pending
TRK-26027-00867,2026-10-15,TMS,Kharagpur–Gidni,KGP–GID,191.7,Sleeper defect,Medium,63,104,Track Machine,2026-10-19,normal,Pending
TRK-26027-00868,2026-10-15,TMS,Santragachi–Panskura,SRC–PKU,115.0,Track wear,Medium,58,60,Track Gang,2026-10-19,cross_department_cluster,Pending
TRK-26027-00869,2026-10-15,TMS,Howrah–Santragachi,HWH–SRC,8.3,Track geometry defect,Medium,50,74,Track Gang,2026-10-22,mixed_realistic,Pending
TRK-26027-00870,2026-10-15,TMS,Santragachi–Panskura,SRC–PKU,16.7,Rail defect,Medium,40,135,Track Gang,2026-10-18,mixed_realistic,Pending
TRK-26027-00871,2026-10-15,TMS,Howrah–Santragachi,HWH–SRC,12.0,Track wear,Medium,59,106,Track Machine,2026-10-17,cross_department_cluster,Pending
TRK-26027-00872,2026-10-15,TMS,Mecheda–Panskura,MCA–PKU,116.4,Track wear,Low,38,86,Track Machine,2026-10-26,mixed_realistic,Pending
TRK-26027-00873,2026-10-15,TMS,Mecheda–Panskura,MCA–PKU,120.8,Track geometry defect,Low,26,115,Track Gang,2026-10-22,normal,Pending
TRK-26027-00874,2026-10-15,TMS,Mecheda–Panskura,MCA–PKU,123.7,USFD-related inspection,Medium,43,54,Track Inspection Team,2026-10-18,mixed_realistic,Pending
TRK-26027-00875,2026-10-15,TMS,Kharagpur–Gidni,KGP–GID,175.2,Rail defect,Critical,86,77,Track Gang,2026-10-16,critical_defect,Pending
TRK-26027-00876,2026-10-15,TMS,Kharagpur–Gidni,KGP–GID,186.5,Ballast issue,High,67,62,Track Machine,2026-10-16,high_defect_load,Pending
TRK-26027-00877,2026-10-15,TMS,Kharagpur–Gidni,KGP–GID,180.8,Sleeper defect,Critical,92,116,Track Machine,2026-10-15,critical_defect,Pending
TRK-26027-00878,2026-10-15,TMS,Panskura–Kharagpur,PKU–KGP,162.4,Track geometry defect,Low,24,84,Track Machine,2026-10-28,cross_department_cluster,Pending
TRK-26027-00879,2026-10-15,TMS,Mecheda–Panskura,MCA–PKU,121.8,Rail defect,Low,35,134,Track Machine,2026-10-26,normal,Pending
TRK-26027-00880,2026-10-15,TMS,Santragachi–Panskura,SRC–PKU,54.6,Ballast issue,Low,21,132,Track Gang,2026-10-27,normal,Pending
TRK-26027-00881,2026-10-15,TMS,Mecheda–Panskura,MCA–PKU,123.7,Rail defect,Low,15,94,Track Gang,2026-10-24,normal,Pending
TRK-26027-00882,2026-10-15,TMS,Mecheda–Panskura,MCA–PKU,123.1,Ballast issue,Low,27,87,Track Gang,2026-10-29,cross_department_cluster,Pending
TRK-26027-00883,2026-10-15,TMS,Santragachi–Panskura,SRC–PKU,81.0,Sleeper defect,Low,20,70,Track Gang,2026-10-24,normal,Pending
TRK-26027-00884,2026-10-15,TMS,Santragachi–Panskura,SRC–PKU,61.4,Ballast issue,Medium,44,170,Track Machine,2026-10-18,normal,Pending
TRK-26027-00885,2026-10-15,TMS,Panskura–Kharagpur,PKU–KGP,168.8,Track wear,Medium,56,76,Track Machine,2026-10-22,normal,Pending
TRK-26027-00886,2026-10-15,TMS,Kharagpur–Gidni,KGP–GID,170.0,Track wear,High,80,72,Track Machine,2026-10-15,cross_department_cluster,Pending
TRK-26027-00887,2026-10-15,TMS,Panskura–Kharagpur,PKU–KGP,141.1,Track geometry defect,High,81,119,Track Machine,2026-10-16,high_defect_load,Pending
TRK-26027-00888,2026-10-15,TMS,Panskura–Kharagpur,PKU–KGP,143.4,USFD-related inspection,Medium,62,70,Track Inspection Team,2026-10-17,mixed_realistic,Pending
TRK-26027-00889,2026-10-15,TMS,Mecheda–Panskura,MCA–PKU,124.6,Rail defect,Critical,98,129,Track Gang,2026-10-15,critical_defect,Pending
TRK-26027-00890,2026-10-15,TMS,Kharagpur–Gidni,KGP–GID,175.5,USFD-related inspection,Medium,63,56,Track Inspection Team,2026-10-20,normal,Pending
TRK-26027-00891,2026-10-15,TMS,Kharagpur–Gidni,KGP–GID,205.5,Track wear,Medium,46,113,Track Machine,2026-10-19,normal,Pending
TRK-26027-00892,2026-10-15,TMS,Kharagpur–Gidni,KGP–GID,181.4,Preventive track maintenance,Low,29,58,Track Inspection Team,2026-10-27,cross_department_cluster,Pending
TRK-26027-00893,2026-10-15,TMS,Mecheda–Panskura,MCA–PKU,124.0,USFD-related inspection,Low,32,64,Track Inspection Team,2026-10-27,mixed_realistic,Pending
TRK-26027-00894,2026-10-15,TMS,Mecheda–Panskura,MCA–PKU,118.1,Track wear,Low,31,108,Track Gang,2026-10-20,cross_department_cluster,Pending
TRK-26027-00895,2026-10-15,TMS,Howrah–Santragachi,HWH–SRC,3.7,Preventive track maintenance,Low,28,89,Track Gang,2026-10-20,normal,Pending
TRK-26027-00896,2026-10-15,TMS,Santragachi–Panskura,SRC–PKU,115.0,Sleeper defect,Medium,64,113,Track Machine,2026-10-17,cross_department_cluster,Pending
TRK-26027-00897,2026-10-15,TMS,Mecheda–Panskura,MCA–PKU,123.3,Track wear,Medium,42,87,Track Machine,2026-10-21,cross_department_cluster,Pending
TRK-26027-00898,2026-10-15,TMS,Santragachi–Panskura,SRC–PKU,86.6,USFD-related inspection,Low,32,79,Track Inspection Team,2026-10-28,mixed_realistic,Pending
TRK-26027-00899,2026-10-15,TMS,Howrah–Santragachi,HWH–SRC,1.2,Track geometry defect,Medium,55,114,Track Gang,2026-10-22,cross_department_cluster,Pending
TRK-26027-00900,2026-10-15,TMS,Howrah–Santragachi,HWH–SRC,12.0,Ballast issue,Medium,63,60,Track Gang,2026-10-18,cross_department_cluster,Pending
TRK-26027-00901,2026-10-15,TMS,Howrah–Santragachi,HWH–SRC,10.3,USFD-related inspection,Medium,56,83,Track Inspection Team,2026-10-18,cross_department_cluster,Pending
TRK-26027-00902,2026-10-15,TMS,Santragachi–Panskura,SRC–PKU,115.0,Preventive track maintenance,Medium,48,115,Rail Welding Team,2026-10-17,cross_department_cluster,Pending
TRK-26027-00903,2026-10-15,TMS,Panskura–Kharagpur,PKU–KGP,133.4,Rail defect,Medium,47,162,Track Machine,2026-10-20,normal,Pending
TRK-26027-00904,2026-10-15,TMS,Santragachi–Panskura,SRC–PKU,82.7,USFD-related inspection,Low,24,78,Track Inspection Team,2026-10-29,normal,Pending
TRK-26027-00905,2026-10-15,TMS,Santragachi–Panskura,SRC–PKU,29.2,USFD-related inspection,Low,35,75,Track Inspection Team,2026-10-25,mixed_realistic,Pending
TRK-26027-00906,2026-10-15,TMS,Mecheda–Panskura,MCA–PKU,115.5,Track geometry defect,Medium,61,113,Track Machine,2026-10-20,normal,Pending
TRK-26027-00907,2026-10-15,TMS,Panskura–Kharagpur,PKU–KGP,169.7,Track wear,Low,26,80,Track Machine,2026-10-28,normal,Pending
TRK-26027-00908,2026-10-15,TMS,Panskura–Kharagpur,PKU–KGP,144.2,Rail defect,Medium,64,116,Track Gang,2026-10-19,normal,Pending
TRK-26027-00909,2026-10-15,TMS,Mecheda–Panskura,MCA–PKU,118.2,USFD-related inspection,Critical,88,68,Track Inspection Team,2026-10-15,cross_department_cluster,Pending
TRK-26027-00910,2026-10-15,TMS,Kharagpur–Gidni,KGP–GID,213.7,USFD-related inspection,Medium,56,55,Track Inspection Team,2026-10-19,high_defect_load,Pending
TRK-26027-00911,2026-10-16,TMS,Mecheda–Panskura,MCA–PKU,121.9,Preventive track maintenance,Low,35,48,Track Gang,2026-10-25,mixed_realistic,Pending
TRK-26027-00912,2026-10-16,TMS,Panskura–Kharagpur,PKU–KGP,165.2,Sleeper defect,Low,20,133,Track Machine,2026-10-28,cross_department_cluster,Pending
TRK-26027-00913,2026-10-16,TMS,Mecheda–Panskura,MCA–PKU,125.0,Sleeper defect,Medium,45,129,Track Gang,2026-10-20,cross_department_cluster,Pending
TRK-26027-00914,2026-10-16,TMS,Mecheda–Panskura,MCA–PKU,120.1,USFD-related inspection,Medium,54,65,Track Inspection Team,2026-10-18,high_defect_load,Pending
TRK-26027-00915,2026-10-16,TMS,Santragachi–Panskura,SRC–PKU,89.7,Track geometry defect,Medium,50,82,Track Gang,2026-10-19,high_defect_load,Pending
TRK-26027-00916,2026-10-16,TMS,Mecheda–Panskura,MCA–PKU,122.4,Preventive track maintenance,High,72,104,Track Gang,2026-10-19,normal,Pending
TRK-26027-00917,2026-10-16,TMS,Panskura–Kharagpur,PKU–KGP,140.5,Rail defect,Medium,64,166,Track Machine,2026-10-20,cross_department_cluster,Pending
TRK-26027-00918,2026-10-16,TMS,Panskura–Kharagpur,PKU–KGP,144.6,Preventive track maintenance,Low,36,109,Rail Welding Team,2026-10-30,mixed_realistic,Pending
TRK-26027-00919,2026-10-16,TMS,Panskura–Kharagpur,PKU–KGP,149.8,USFD-related inspection,Medium,42,84,Track Inspection Team,2026-10-23,normal,Pending
TRK-26027-00920,2026-10-16,TMS,Mecheda–Panskura,MCA–PKU,117.6,Sleeper defect,Low,37,131,Track Gang,2026-10-24,normal,Pending
TRK-26027-00921,2026-10-16,TMS,Santragachi–Panskura,SRC–PKU,63.3,Preventive track maintenance,High,73,84,Track Machine,2026-10-16,normal,Pending
TRK-26027-00922,2026-10-16,TMS,Santragachi–Panskura,SRC–PKU,115.0,Sleeper defect,Low,37,69,Track Gang,2026-10-21,cross_department_cluster,Pending
TRK-26027-00923,2026-10-16,TMS,Mecheda–Panskura,MCA–PKU,121.3,USFD-related inspection,High,67,71,Track Inspection Team,2026-10-17,normal,Pending
TRK-26027-00924,2026-10-16,TMS,Kharagpur–Gidni,KGP–GID,185.9,Ballast issue,Medium,54,73,Track Gang,2026-10-19,normal,Pending
TRK-26027-00925,2026-10-16,TMS,Howrah–Santragachi,HWH–SRC,2.0,Ballast issue,Low,17,169,Track Gang,2026-10-22,mixed_realistic,Pending
TRK-26027-00926,2026-10-16,TMS,Howrah–Santragachi,HWH–SRC,0.4,Ballast issue,Medium,53,81,Track Gang,2026-10-19,high_defect_load,Pending
TRK-26027-00927,2026-10-16,TMS,Howrah–Santragachi,HWH–SRC,0.3,Rail defect,Low,22,94,Track Gang,2026-10-25,normal,Pending
TRK-26027-00928,2026-10-16,TMS,Kharagpur–Gidni,KGP–GID,199.9,USFD-related inspection,Medium,58,88,Track Inspection Team,2026-10-23,normal,Pending
TRK-26027-00929,2026-10-16,TMS,Howrah–Santragachi,HWH–SRC,8.8,Sleeper defect,Critical,88,120,Track Gang,2026-10-16,mixed_realistic,Pending
TRK-26027-00930,2026-10-16,TMS,Howrah–Santragachi,HWH–SRC,10.5,Track wear,High,72,80,Track Machine,2026-10-19,normal,Pending
TRK-26027-00931,2026-10-16,TMS,Santragachi–Panskura,SRC–PKU,114.7,Sleeper defect,High,79,110,Track Machine,2026-10-16,cross_department_cluster,Pending
TRK-26027-00932,2026-10-16,TMS,Howrah–Santragachi,HWH–SRC,2.4,Preventive track maintenance,High,76,50,Track Machine,2026-10-18,normal,Pending
TRK-26027-00933,2026-10-16,TMS,Howrah–Santragachi,HWH–SRC,3.7,Sleeper defect,Low,36,146,Track Gang,2026-10-22,normal,Pending
TRK-26027-00934,2026-10-16,TMS,Howrah–Santragachi,HWH–SRC,5.1,Track wear,Medium,51,76,Track Machine,2026-10-22,normal,Pending
TRK-26027-00935,2026-10-16,TMS,Howrah–Santragachi,HWH–SRC,6.0,Ballast issue,Medium,61,79,Track Gang,2026-10-21,normal,Pending
TRK-26027-00936,2026-10-16,TMS,Santragachi–Panskura,SRC–PKU,23.6,Track wear,Medium,42,65,Track Gang,2026-10-22,mixed_realistic,Pending
TRK-26027-00937,2026-10-16,TMS,Panskura–Kharagpur,PKU–KGP,129.3,Rail defect,Medium,46,143,Track Machine,2026-10-20,normal,Pending
TRK-26027-00938,2026-10-16,TMS,Howrah–Santragachi,HWH–SRC,9.2,Sleeper defect,High,84,72,Track Machine,2026-10-18,normal,Pending
TRK-26027-00939,2026-10-16,TMS,Mecheda–Panskura,MCA–PKU,122.4,Rail defect,High,66,122,Track Machine,2026-10-16,normal,Pending
TRK-26027-00940,2026-10-16,TMS,Santragachi–Panskura,SRC–PKU,24.0,Preventive track maintenance,Medium,50,94,Rail Welding Team,2026-10-18,mixed_realistic,Pending
TRK-26027-00941,2026-10-16,TMS,Santragachi–Panskura,SRC–PKU,54.6,Sleeper defect,Low,16,140,Track Gang,2026-10-22,normal,Pending
TRK-26027-00942,2026-10-16,TMS,Mecheda–Panskura,MCA–PKU,122.1,Track wear,Medium,63,71,Track Gang,2026-10-20,cross_department_cluster,Pending
TRK-26027-00943,2026-10-16,TMS,Howrah–Santragachi,HWH–SRC,7.8,USFD-related inspection,Medium,55,86,Track Inspection Team,2026-10-20,normal,Pending
TRK-26027-00944,2026-10-16,TMS,Santragachi–Panskura,SRC–PKU,52.5,USFD-related inspection,Low,19,77,Track Inspection Team,2026-10-21,mixed_realistic,Pending
TRK-26027-00945,2026-10-16,TMS,Mecheda–Panskura,MCA–PKU,120.3,USFD-related inspection,Medium,60,57,Track Inspection Team,2026-10-20,mixed_realistic,Pending
TRK-26027-00946,2026-10-16,TMS,Howrah–Santragachi,HWH–SRC,1.1,Sleeper defect,Low,19,64,Track Gang,2026-10-29,cross_department_cluster,Pending
TRK-26027-00947,2026-10-16,TMS,Mecheda–Panskura,MCA–PKU,121.5,Ballast issue,Medium,61,142,Track Gang,2026-10-21,normal,Pending
TRK-26027-00948,2026-10-16,TMS,Panskura–Kharagpur,PKU–KGP,144.1,Sleeper defect,Medium,46,87,Track Machine,2026-10-20,normal,Pending
TRK-26027-00949,2026-10-16,TMS,Kharagpur–Gidni,KGP–GID,208.3,Track geometry defect,Medium,59,76,Track Gang,2026-10-19,normal,Pending
TRK-26027-00950,2026-10-16,TMS,Santragachi–Panskura,SRC–PKU,115.0,Track wear,Low,32,60,Track Gang,2026-10-27,cross_department_cluster,Pending
TRK-26027-00951,2026-10-16,TMS,Howrah–Santragachi,HWH–SRC,10.9,Track geometry defect,Low,37,112,Track Gang,2026-10-24,mixed_realistic,Pending
TRK-26027-00952,2026-10-16,TMS,Santragachi–Panskura,SRC–PKU,34.1,USFD-related inspection,Medium,47,60,Track Inspection Team,2026-10-23,cross_department_cluster,Pending
TRK-26027-00953,2026-10-16,TMS,Panskura–Kharagpur,PKU–KGP,167.7,Rail defect,Medium,47,122,Track Machine,2026-10-20,high_defect_load,Pending
TRK-26027-00954,2026-10-16,TMS,Mecheda–Panskura,MCA–PKU,125.0,Ballast issue,Medium,56,69,Track Machine,2026-10-19,cross_department_cluster,Pending
TRK-26027-00955,2026-10-16,TMS,Mecheda–Panskura,MCA–PKU,125.0,Rail defect,High,68,170,Track Gang,2026-10-17,cross_department_cluster,Pending
TRK-26027-00956,2026-10-16,TMS,Panskura–Kharagpur,PKU–KGP,146.7,Rail defect,High,67,113,Track Machine,2026-10-19,normal,Pending
TRK-26027-00957,2026-10-16,TMS,Santragachi–Panskura,SRC–PKU,115.0,Rail defect,Low,38,142,Track Gang,2026-10-27,cross_department_cluster,Pending
TRK-26027-00958,2026-10-16,TMS,Howrah–Santragachi,HWH–SRC,1.2,Track wear,Medium,43,113,Track Machine,2026-10-20,normal,Pending
TRK-26027-00959,2026-10-16,TMS,Santragachi–Panskura,SRC–PKU,44.9,USFD-related inspection,High,80,69,Track Inspection Team,2026-10-18,normal,Pending
TRK-26027-00960,2026-10-16,TMS,Howrah–Santragachi,HWH–SRC,12.0,Track geometry defect,Medium,62,93,Track Machine,2026-10-18,cross_department_cluster,Pending
TRK-26027-00961,2026-10-16,TMS,Mecheda–Panskura,MCA–PKU,122.5,Preventive track maintenance,Medium,62,54,Track Gang,2026-10-21,cross_department_cluster,Pending
TRK-26027-00962,2026-10-16,TMS,Panskura–Kharagpur,PKU–KGP,166.9,Ballast issue,High,82,154,Track Gang,2026-10-16,mixed_realistic,Pending
TRK-26027-00963,2026-10-16,TMS,Mecheda–Panskura,MCA–PKU,120.5,USFD-related inspection,Medium,48,46,Track Inspection Team,2026-10-23,normal,Pending
TRK-26027-00964,2026-10-16,TMS,Howrah–Santragachi,HWH–SRC,3.9,Ballast issue,Critical,86,56,Track Gang,2026-10-17,critical_defect,Pending
TRK-26027-00965,2026-10-16,TMS,Panskura–Kharagpur,PKU–KGP,128.7,Rail defect,Medium,42,128,Track Gang,2026-10-18,mixed_realistic,Pending
TRK-26027-00966,2026-10-16,TMS,Kharagpur–Gidni,KGP–GID,180.1,Preventive track maintenance,High,80,115,Track Gang,2026-10-19,mixed_realistic,Pending
TRK-26027-00967,2026-10-16,TMS,Santragachi–Panskura,SRC–PKU,115.0,Rail defect,Medium,44,171,Track Gang,2026-10-22,cross_department_cluster,Pending
TRK-26027-00968,2026-10-16,TMS,Panskura–Kharagpur,PKU–KGP,136.1,Ballast issue,Medium,44,103,Track Machine,2026-10-22,normal,Pending
TRK-26027-00969,2026-10-16,TMS,Santragachi–Panskura,SRC–PKU,115.0,Rail defect,Low,33,166,Track Machine,2026-10-23,cross_department_cluster,Pending
TRK-26027-00970,2026-10-16,TMS,Howrah–Santragachi,HWH–SRC,8.4,Preventive track maintenance,Low,37,95,Rail Welding Team,2026-10-26,high_defect_load,Pending
TRK-26027-00971,2026-10-16,TMS,Howrah–Santragachi,HWH–SRC,4.3,Track geometry defect,High,72,107,Track Machine,2026-10-19,normal,Pending
TRK-26027-00972,2026-10-16,TMS,Santragachi–Panskura,SRC–PKU,107.2,Rail defect,High,73,111,Track Machine,2026-10-16,normal,Pending
TRK-26027-00973,2026-10-16,TMS,Mecheda–Panskura,MCA–PKU,125.0,Preventive track maintenance,Medium,55,115,Track Machine,2026-10-21,cross_department_cluster,Pending
TRK-26027-00974,2026-10-16,TMS,Kharagpur–Gidni,KGP–GID,213.6,USFD-related inspection,Medium,62,57,Track Inspection Team,2026-10-23,high_defect_load,Pending
TRK-26027-00975,2026-10-16,TMS,Santragachi–Panskura,SRC–PKU,15.1,Track geometry defect,Medium,40,92,Track Machine,2026-10-20,normal,Pending
TRK-26027-00976,2026-10-17,TMS,Mecheda–Panskura,MCA–PKU,118.3,Ballast issue,Low,22,101,Track Gang,2026-10-29,normal,Pending
TRK-26027-00977,2026-10-17,TMS,Santragachi–Panskura,SRC–PKU,110.8,Rail defect,Medium,59,110,Track Gang,2026-10-20,mixed_realistic,Pending
TRK-26027-00978,2026-10-17,TMS,Howrah–Santragachi,HWH–SRC,8.0,Sleeper defect,Critical,96,108,Track Gang,2026-10-18,mixed_realistic,Pending
TRK-26027-00979,2026-10-17,TMS,Santragachi–Panskura,SRC–PKU,56.9,Track wear,Medium,45,90,Track Gang,2026-10-22,normal,Pending
TRK-26027-00980,2026-10-17,TMS,Mecheda–Panskura,MCA–PKU,124.6,USFD-related inspection,High,67,79,Track Inspection Team,2026-10-19,normal,Pending
TRK-26027-00981,2026-10-17,TMS,Santragachi–Panskura,SRC–PKU,15.3,Rail defect,Medium,40,151,Track Machine,2026-10-22,normal,Pending
TRK-26027-00982,2026-10-17,TMS,Santragachi–Panskura,SRC–PKU,19.1,Preventive track maintenance,Medium,47,120,Track Inspection Team,2026-10-19,normal,Pending
TRK-26027-00983,2026-10-17,TMS,Howrah–Santragachi,HWH–SRC,0.8,Track wear,Medium,53,60,Track Machine,2026-10-21,normal,Pending
TRK-26027-00984,2026-10-17,TMS,Panskura–Kharagpur,PKU–KGP,169.4,Track geometry defect,High,65,101,Track Gang,2026-10-17,normal,Pending
TRK-26027-00985,2026-10-17,TMS,Kharagpur–Gidni,KGP–GID,212.3,Track wear,Medium,60,102,Track Machine,2026-10-19,mixed_realistic,Pending
TRK-26027-00986,2026-10-17,TMS,Howrah–Santragachi,HWH–SRC,6.3,Track wear,Low,36,99,Track Machine,2026-10-31,normal,Pending
TRK-26027-00987,2026-10-17,TMS,Mecheda–Panskura,MCA–PKU,123.7,Preventive track maintenance,Low,16,87,Track Inspection Team,2026-10-28,normal,Pending
TRK-26027-00988,2026-10-17,TMS,Panskura–Kharagpur,PKU–KGP,149.2,USFD-related inspection,Medium,55,48,Track Inspection Team,2026-10-22,high_defect_load,Pending
TRK-26027-00989,2026-10-17,TMS,Kharagpur–Gidni,KGP–GID,175.5,Track wear,Critical,97,54,Track Machine,2026-10-17,high_conflict,Pending
TRK-26027-00990,2026-10-17,TMS,Howrah–Santragachi,HWH–SRC,12.0,Track wear,Low,37,62,Track Machine,2026-10-31,cross_department_cluster,Pending
TRK-26027-00991,2026-10-17,TMS,Kharagpur–Gidni,KGP–GID,204.6,Preventive track maintenance,High,67,52,Rail Welding Team,2026-10-20,cross_department_cluster,Pending
TRK-26027-00992,2026-10-17,TMS,Howrah–Santragachi,HWH–SRC,0.8,Ballast issue,Medium,57,94,Track Machine,2026-10-24,mixed_realistic,Pending
TRK-26027-00993,2026-10-17,TMS,Mecheda–Panskura,MCA–PKU,123.9,Preventive track maintenance,Medium,57,51,Track Machine,2026-10-24,normal,Pending
TRK-26027-00994,2026-10-17,TMS,Kharagpur–Gidni,KGP–GID,190.6,Ballast issue,Low,39,164,Track Machine,2026-10-27,normal,Pending
TRK-26027-00995,2026-10-17,TMS,Kharagpur–Gidni,KGP–GID,190.2,Rail defect,Medium,55,165,Track Gang,2026-10-20,mixed_realistic,Pending
TRK-26027-00996,2026-10-17,TMS,Panskura–Kharagpur,PKU–KGP,138.6,Sleeper defect,Low,30,109,Track Gang,2026-10-23,normal,Pending
TRK-26027-00997,2026-10-17,TMS,Mecheda–Panskura,MCA–PKU,117.7,Preventive track maintenance,Medium,64,71,Rail Welding Team,2026-10-23,normal,Pending
TRK-26027-00998,2026-10-17,TMS,Mecheda–Panskura,MCA–PKU,121.8,Track wear,Low,36,106,Track Machine,2026-10-26,normal,Pending
TRK-26027-00999,2026-10-17,TMS,Mecheda–Panskura,MCA–PKU,119.7,Ballast issue,Medium,40,65,Track Gang,2026-10-21,normal,Pending
TRK-26027-01000,2026-10-17,TMS,Panskura–Kharagpur,PKU–KGP,149.0,USFD-related inspection,Medium,47,77,Track Inspection Team,2026-10-20,normal,Pending
TRK-26027-01001,2026-10-17,TMS,Howrah–Santragachi,HWH–SRC,8.9,Sleeper defect,High,73,126,Track Gang,2026-10-19,high_defect_load,Pending
TRK-26027-01002,2026-10-17,TMS,Panskura–Kharagpur,PKU–KGP,136.5,Rail defect,Medium,43,155,Track Machine,2026-10-19,normal,Pending
TRK-26027-01003,2026-10-17,TMS,Panskura–Kharagpur,PKU–KGP,134.9,Ballast issue,Low,21,134,Track Machine,2026-10-28,cross_department_cluster,Pending
TRK-26027-01004,2026-10-17,TMS,Santragachi–Panskura,SRC–PKU,41.3,Ballast issue,Medium,64,94,Track Gang,2026-10-23,normal,Pending
TRK-26027-01005,2026-10-17,TMS,Kharagpur–Gidni,KGP–GID,212.1,Track wear,Medium,62,79,Track Machine,2026-10-20,cross_department_cluster,Pending
TRK-26027-01006,2026-10-17,TMS,Mecheda–Panskura,MCA–PKU,124.9,Track wear,Low,24,71,Track Gang,2026-10-27,normal,Pending
TRK-26027-01007,2026-10-17,TMS,Panskura–Kharagpur,PKU–KGP,131.8,Preventive track maintenance,High,69,112,Track Machine,2026-10-20,cross_department_cluster,Pending
TRK-26027-01008,2026-10-17,TMS,Panskura–Kharagpur,PKU–KGP,164.5,USFD-related inspection,Medium,42,76,Track Inspection Team,2026-10-19,normal,Pending
TRK-26027-01009,2026-10-17,TMS,Mecheda–Panskura,MCA–PKU,125.0,Preventive track maintenance,Low,27,119,Track Machine,2026-10-25,cross_department_cluster,Pending
TRK-26027-01010,2026-10-17,TMS,Kharagpur–Gidni,KGP–GID,172.9,Track geometry defect,Medium,56,85,Track Machine,2026-10-23,high_defect_load,Pending
TRK-26027-01011,2026-10-17,TMS,Santragachi–Panskura,SRC–PKU,115.0,Rail defect,Medium,63,138,Track Machine,2026-10-19,cross_department_cluster,Pending
TRK-26027-01012,2026-10-17,TMS,Howrah–Santragachi,HWH–SRC,1.2,Sleeper defect,Medium,54,110,Track Machine,2026-10-21,cross_department_cluster,Pending
TRK-26027-01013,2026-10-17,TMS,Santragachi–Panskura,SRC–PKU,15.3,Preventive track maintenance,Medium,49,98,Track Gang,2026-10-22,mixed_realistic,Pending
TRK-26027-01014,2026-10-17,TMS,Mecheda–Panskura,MCA–PKU,125.0,Ballast issue,Low,26,128,Track Machine,2026-10-28,cross_department_cluster,Pending
TRK-26027-01015,2026-10-17,TMS,Mecheda–Panskura,MCA–PKU,125.0,Rail defect,Medium,56,163,Track Machine,2026-10-24,cross_department_cluster,Pending
TRK-26027-01016,2026-10-17,TMS,Kharagpur–Gidni,KGP–GID,198.2,Sleeper defect,Low,20,99,Track Machine,2026-10-30,mixed_realistic,Pending
TRK-26027-01017,2026-10-17,TMS,Santragachi–Panskura,SRC–PKU,31.5,Preventive track maintenance,Low,24,104,Track Gang,2026-10-28,normal,Pending
TRK-26027-01018,2026-10-17,TMS,Mecheda–Panskura,MCA–PKU,118.5,Ballast issue,Medium,49,157,Track Machine,2026-10-23,cross_department_cluster,Pending
TRK-26027-01019,2026-10-17,TMS,Panskura–Kharagpur,PKU–KGP,163.9,USFD-related inspection,Medium,54,82,Track Inspection Team,2026-10-23,cross_department_cluster,Pending
TRK-26027-01020,2026-10-17,TMS,Mecheda–Panskura,MCA–PKU,116.0,Track geometry defect,Medium,62,118,Track Machine,2026-10-20,high_defect_load,Pending
TRK-26027-01021,2026-10-17,TMS,Mecheda–Panskura,MCA–PKU,123.0,Track wear,Low,23,67,Track Machine,2026-10-26,cross_department_cluster,Pending
TRK-26027-01022,2026-10-17,TMS,Santragachi–Panskura,SRC–PKU,90.8,USFD-related inspection,High,66,62,Track Inspection Team,2026-10-20,normal,Pending
TRK-26027-01023,2026-10-17,TMS,Santragachi–Panskura,SRC–PKU,73.8,USFD-related inspection,Medium,40,59,Track Inspection Team,2026-10-21,normal,Pending
TRK-26027-01024,2026-10-17,TMS,Panskura–Kharagpur,PKU–KGP,140.7,Preventive track maintenance,Medium,57,91,Track Machine,2026-10-19,normal,Pending
TRK-26027-01025,2026-10-17,TMS,Kharagpur–Gidni,KGP–GID,171.7,USFD-related inspection,Medium,57,55,Track Inspection Team,2026-10-20,normal,Pending
TRK-26027-01026,2026-10-17,TMS,Panskura–Kharagpur,PKU–KGP,166.2,Preventive track maintenance,High,70,76,Track Gang,2026-10-20,normal,Pending
TRK-26027-01027,2026-10-17,TMS,Kharagpur–Gidni,KGP–GID,188.7,Preventive track maintenance,High,69,107,Track Gang,2026-10-17,normal,Pending
TRK-26027-01028,2026-10-17,TMS,Santragachi–Panskura,SRC–PKU,20.6,Ballast issue,High,69,168,Track Machine,2026-10-18,mixed_realistic,Pending
TRK-26027-01029,2026-10-17,TMS,Panskura–Kharagpur,PKU–KGP,164.1,Track wear,Low,32,111,Track Gang,2026-10-31,cross_department_cluster,Pending
TRK-26027-01030,2026-10-17,TMS,Santragachi–Panskura,SRC–PKU,61.2,Preventive track maintenance,Medium,64,82,Track Inspection Team,2026-10-24,mixed_realistic,Pending
TRK-26027-01031,2026-10-17,TMS,Howrah–Santragachi,HWH–SRC,2.5,Sleeper defect,High,84,103,Track Gang,2026-10-20,mixed_realistic,Pending
TRK-26027-01032,2026-10-17,TMS,Kharagpur–Gidni,KGP–GID,172.4,Track wear,Low,25,118,Track Gang,2026-10-31,cross_department_cluster,Pending
TRK-26027-01033,2026-10-17,TMS,Howrah–Santragachi,HWH–SRC,4.0,Preventive track maintenance,Low,36,73,Track Inspection Team,2026-10-25,normal,Pending
TRK-26027-01034,2026-10-17,TMS,Howrah–Santragachi,HWH–SRC,8.1,Sleeper defect,Medium,64,129,Track Gang,2026-10-20,normal,Pending
TRK-26027-01035,2026-10-17,TMS,Kharagpur–Gidni,KGP–GID,183.2,Sleeper defect,High,65,126,Track Machine,2026-10-17,high_defect_load,Pending
TRK-26027-01036,2026-10-17,TMS,Panskura–Kharagpur,PKU–KGP,127.1,Ballast issue,High,66,163,Track Gang,2026-10-19,high_defect_load,Pending
TRK-26027-01037,2026-10-17,TMS,Howrah–Santragachi,HWH–SRC,2.1,Track wear,Medium,56,73,Track Gang,2026-10-21,normal,Pending
TRK-26027-01038,2026-10-17,TMS,Panskura–Kharagpur,PKU–KGP,155.4,Preventive track maintenance,Medium,58,45,Track Gang,2026-10-20,mixed_realistic,Pending
TRK-26027-01039,2026-10-17,TMS,Santragachi–Panskura,SRC–PKU,115.0,Ballast issue,High,80,156,Track Machine,2026-10-20,cross_department_cluster,Pending
TRK-26027-01040,2026-10-17,TMS,Kharagpur–Gidni,KGP–GID,192.4,Ballast issue,Medium,55,169,Track Machine,2026-10-20,normal,Pending
TRK-26027-01041,2026-10-18,TMS,Kharagpur–Gidni,KGP–GID,184.3,Track wear,Critical,87,80,Track Machine,2026-10-19,high_conflict,Pending
TRK-26027-01042,2026-10-18,TMS,Mecheda–Panskura,MCA–PKU,125.0,Ballast issue,Low,24,92,Track Gang,2026-10-27,cross_department_cluster,Pending
TRK-26027-01043,2026-10-18,TMS,Howrah–Santragachi,HWH–SRC,7.1,Rail defect,Medium,40,135,Track Machine,2026-10-22,normal,Pending
TRK-26027-01044,2026-10-18,TMS,Howrah–Santragachi,HWH–SRC,12.0,Ballast issue,Low,25,101,Track Gang,2026-10-23,cross_department_cluster,Pending
TRK-26027-01045,2026-10-18,TMS,Kharagpur–Gidni,KGP–GID,184.1,Track wear,Medium,42,115,Track Machine,2026-10-20,normal,Pending
TRK-26027-01046,2026-10-18,TMS,Panskura–Kharagpur,PKU–KGP,146.9,Ballast issue,Medium,62,152,Track Machine,2026-10-23,normal,Pending
TRK-26027-01047,2026-10-18,TMS,Mecheda–Panskura,MCA–PKU,115.4,Preventive track maintenance,Low,38,45,Track Inspection Team,2026-10-31,cross_department_cluster,Pending
TRK-26027-01048,2026-10-18,TMS,Kharagpur–Gidni,KGP–GID,191.8,Preventive track maintenance,High,79,107,Rail Welding Team,2026-10-21,normal,Pending
TRK-26027-01049,2026-10-18,TMS,Mecheda–Panskura,MCA–PKU,125.0,USFD-related inspection,Low,37,45,Track Inspection Team,2026-10-24,cross_department_cluster,Pending
TRK-26027-01050,2026-10-18,TMS,Santragachi–Panskura,SRC–PKU,49.1,Track geometry defect,Medium,46,96,Track Gang,2026-10-22,high_defect_load,Pending
TRK-26027-01051,2026-10-18,TMS,Kharagpur–Gidni,KGP–GID,213.7,Track geometry defect,Low,17,101,Track Machine,2026-10-27,normal,Pending
TRK-26027-01052,2026-10-18,TMS,Mecheda–Panskura,MCA–PKU,123.8,Ballast issue,High,73,75,Track Machine,2026-10-19,normal,Pending
TRK-26027-01053,2026-10-18,TMS,Howrah–Santragachi,HWH–SRC,3.6,Ballast issue,Low,20,63,Track Gang,2026-10-23,normal,Pending
TRK-26027-01054,2026-10-18,TMS,Mecheda–Panskura,MCA–PKU,124.7,Preventive track maintenance,Medium,49,94,Track Inspection Team,2026-10-23,normal,Pending
TRK-26027-01055,2026-10-18,TMS,Panskura–Kharagpur,PKU–KGP,148.7,Rail defect,Low,16,152,Track Gang,2026-10-26,normal,Pending
TRK-26027-01056,2026-10-18,TMS,Mecheda–Panskura,MCA–PKU,117.0,Ballast issue,Medium,44,99,Track Gang,2026-10-22,mixed_realistic,Pending
TRK-26027-01057,2026-10-18,TMS,Kharagpur–Gidni,KGP–GID,177.0,Track geometry defect,Medium,42,101,Track Machine,2026-10-21,normal,Pending
TRK-26027-01058,2026-10-18,TMS,Panskura–Kharagpur,PKU–KGP,159.2,Preventive track maintenance,Medium,50,110,Track Machine,2026-10-25,mixed_realistic,Pending
TRK-26027-01059,2026-10-18,TMS,Mecheda–Panskura,MCA–PKU,124.0,Rail defect,Medium,51,131,Track Machine,2026-10-23,mixed_realistic,Pending
TRK-26027-01060,2026-10-18,TMS,Panskura–Kharagpur,PKU–KGP,135.5,Ballast issue,Medium,42,107,Track Machine,2026-10-22,high_defect_load,Pending
TRK-26027-01061,2026-10-18,TMS,Santragachi–Panskura,SRC–PKU,115.0,Ballast issue,Medium,41,117,Track Gang,2026-10-23,high_defect_load,Pending
TRK-26027-01062,2026-10-18,TMS,Panskura–Kharagpur,PKU–KGP,127.4,Rail defect,Medium,56,172,Track Machine,2026-10-23,normal,Pending
TRK-26027-01063,2026-10-18,TMS,Panskura–Kharagpur,PKU–KGP,152.3,Sleeper defect,Medium,44,124,Track Gang,2026-10-21,high_defect_load,Pending
TRK-26027-01064,2026-10-18,TMS,Howrah–Santragachi,HWH–SRC,6.1,Track geometry defect,Medium,54,69,Track Machine,2026-10-22,normal,Pending
TRK-26027-01065,2026-10-18,TMS,Mecheda–Panskura,MCA–PKU,123.3,USFD-related inspection,Medium,60,72,Track Inspection Team,2026-10-22,cross_department_cluster,Pending
TRK-26027-01066,2026-10-18,TMS,Howrah–Santragachi,HWH–SRC,12.0,USFD-related inspection,Critical,87,71,Track Inspection Team,2026-10-19,cross_department_cluster,Pending
TRK-26027-01067,2026-10-18,TMS,Panskura–Kharagpur,PKU–KGP,129.3,USFD-related inspection,Medium,64,62,Track Inspection Team,2026-10-24,high_defect_load,Pending
TRK-26027-01068,2026-10-18,TMS,Kharagpur–Gidni,KGP–GID,192.0,Track wear,Low,19,119,Track Gang,2026-11-01,normal,Pending
TRK-26027-01069,2026-10-18,TMS,Howrah–Santragachi,HWH–SRC,10.7,Track geometry defect,High,68,95,Track Gang,2026-10-20,high_defect_load,Pending
TRK-26027-01070,2026-10-18,TMS,Panskura–Kharagpur,PKU–KGP,144.2,Preventive track maintenance,High,79,117,Track Inspection Team,2026-10-20,mixed_realistic,Pending
TRK-26027-01071,2026-10-18,TMS,Howrah–Santragachi,HWH–SRC,0.5,Ballast issue,Low,36,66,Track Gang,2026-11-01,mixed_realistic,Pending
TRK-26027-01072,2026-10-18,TMS,Santragachi–Panskura,SRC–PKU,104.4,Rail defect,Medium,43,112,Track Gang,2026-10-23,normal,Pending
TRK-26027-01073,2026-10-18,TMS,Kharagpur–Gidni,KGP–GID,175.8,USFD-related inspection,Low,22,47,Track Inspection Team,2026-10-26,normal,Pending
TRK-26027-01074,2026-10-18,TMS,Santragachi–Panskura,SRC–PKU,54.0,Ballast issue,Medium,50,96,Track Gang,2026-10-21,cross_department_cluster,Pending
TRK-26027-01075,2026-10-18,TMS,Panskura–Kharagpur,PKU–KGP,167.7,Preventive track maintenance,Medium,57,50,Track Machine,2026-10-22,mixed_realistic,Pending
TRK-26027-01076,2026-10-18,TMS,Mecheda–Panskura,MCA–PKU,117.2,Preventive track maintenance,Medium,42,103,Track Inspection Team,2026-10-24,normal,Pending
TRK-26027-01077,2026-10-18,TMS,Howrah–Santragachi,HWH–SRC,12.0,Rail defect,High,66,137,Track Machine,2026-10-21,cross_department_cluster,Pending
TRK-26027-01078,2026-10-18,TMS,Santragachi–Panskura,SRC–PKU,46.7,Ballast issue,Medium,55,85,Track Machine,2026-10-21,mixed_realistic,Pending
TRK-26027-01079,2026-10-18,TMS,Kharagpur–Gidni,KGP–GID,208.5,Track wear,High,68,120,Track Machine,2026-10-20,normal,Pending
TRK-26027-01080,2026-10-18,TMS,Kharagpur–Gidni,KGP–GID,194.2,Preventive track maintenance,High,73,45,Track Inspection Team,2026-10-18,normal,Pending
TRK-26027-01081,2026-10-18,TMS,Howrah–Santragachi,HWH–SRC,5.1,USFD-related inspection,Medium,50,83,Track Inspection Team,2026-10-21,mixed_realistic,Pending
TRK-26027-01082,2026-10-18,TMS,Santragachi–Panskura,SRC–PKU,46.0,Preventive track maintenance,Low,16,90,Track Gang,2026-10-27,normal,Pending
TRK-26027-01083,2026-10-18,TMS,Kharagpur–Gidni,KGP–GID,195.0,Rail defect,Medium,64,145,Track Gang,2026-10-21,high_defect_load,Pending
TRK-26027-01084,2026-10-18,TMS,Panskura–Kharagpur,PKU–KGP,138.6,Track geometry defect,Medium,55,101,Track Machine,2026-10-21,normal,Pending
TRK-26027-01085,2026-10-18,TMS,Panskura–Kharagpur,PKU–KGP,131.4,Track wear,High,67,119,Track Machine,2026-10-18,high_defect_load,Pending
TRK-26027-01086,2026-10-18,TMS,Mecheda–Panskura,MCA–PKU,115.5,Track geometry defect,Low,31,116,Track Gang,2026-10-24,normal,Pending
TRK-26027-01087,2026-10-18,TMS,Kharagpur–Gidni,KGP–GID,176.4,Preventive track maintenance,Low,16,53,Track Inspection Team,2026-10-28,mixed_realistic,Pending
TRK-26027-01088,2026-10-18,TMS,Santragachi–Panskura,SRC–PKU,31.4,Track geometry defect,Low,20,113,Track Machine,2026-10-30,cross_department_cluster,Pending
TRK-26027-01089,2026-10-18,TMS,Kharagpur–Gidni,KGP–GID,212.7,USFD-related inspection,Medium,44,59,Track Inspection Team,2026-10-20,cross_department_cluster,Pending
TRK-26027-01090,2026-10-18,TMS,Panskura–Kharagpur,PKU–KGP,144.7,Track geometry defect,Medium,61,85,Track Gang,2026-10-25,normal,Pending
TRK-26027-01091,2026-10-18,TMS,Panskura–Kharagpur,PKU–KGP,146.1,Track geometry defect,Low,17,80,Track Gang,2026-10-27,normal,Pending
TRK-26027-01092,2026-10-18,TMS,Mecheda–Panskura,MCA–PKU,125.0,USFD-related inspection,Medium,61,46,Track Inspection Team,2026-10-21,cross_department_cluster,Pending
TRK-26027-01093,2026-10-18,TMS,Santragachi–Panskura,SRC–PKU,98.3,Track geometry defect,Medium,46,65,Track Gang,2026-10-25,mixed_realistic,Pending
TRK-26027-01094,2026-10-18,TMS,Panskura–Kharagpur,PKU–KGP,142.2,USFD-related inspection,Medium,45,59,Track Inspection Team,2026-10-22,cross_department_cluster,Pending
TRK-26027-01095,2026-10-18,TMS,Santragachi–Panskura,SRC–PKU,59.0,USFD-related inspection,Medium,44,66,Track Inspection Team,2026-10-24,normal,Pending
TRK-26027-01096,2026-10-18,TMS,Santragachi–Panskura,SRC–PKU,44.2,Track wear,High,77,118,Track Gang,2026-10-20,mixed_realistic,Pending
TRK-26027-01097,2026-10-18,TMS,Mecheda–Panskura,MCA–PKU,123.5,USFD-related inspection,Medium,58,61,Track Inspection Team,2026-10-23,high_defect_load,Pending
TRK-26027-01098,2026-10-18,TMS,Mecheda–Panskura,MCA–PKU,119.3,Rail defect,Low,22,105,Track Gang,2026-10-27,cross_department_cluster,Pending
TRK-26027-01099,2026-10-18,TMS,Kharagpur–Gidni,KGP–GID,194.1,Rail defect,Low,24,128,Track Gang,2026-10-31,high_defect_load,Pending
TRK-26027-01100,2026-10-18,TMS,Mecheda–Panskura,MCA–PKU,124.2,Sleeper defect,Medium,43,94,Track Gang,2026-10-20,normal,Pending
TRK-26027-01101,2026-10-18,TMS,Mecheda–Panskura,MCA–PKU,115.9,Ballast issue,High,82,174,Track Machine,2026-10-18,normal,Pending
TRK-26027-01102,2026-10-18,TMS,Kharagpur–Gidni,KGP–GID,205.9,Track geometry defect,High,82,112,Track Gang,2026-10-21,mixed_realistic,Pending
TRK-26027-01103,2026-10-18,TMS,Howrah–Santragachi,HWH–SRC,9.5,Ballast issue,High,74,75,Track Gang,2026-10-18,normal,Pending
TRK-26027-01104,2026-10-18,TMS,Panskura–Kharagpur,PKU–KGP,152.3,Track geometry defect,Medium,44,75,Track Gang,2026-10-23,high_defect_load,Pending
TRK-26027-01105,2026-10-18,TMS,Panskura–Kharagpur,PKU–KGP,152.3,Track wear,High,82,118,Track Gang,2026-10-21,normal,Pending
TRK-26027-01106,2026-10-19,TMS,Mecheda–Panskura,MCA–PKU,115.6,Sleeper defect,Critical,96,116,Track Gang,2026-10-19,critical_defect,Pending
TRK-26027-01107,2026-10-19,TMS,Kharagpur–Gidni,KGP–GID,182.6,Rail defect,Critical,92,77,Track Machine,2026-10-19,critical_defect,Pending
TRK-26027-01108,2026-10-19,TMS,Kharagpur–Gidni,KGP–GID,201.0,Ballast issue,Medium,59,176,Track Machine,2026-10-25,cross_department_cluster,Pending
TRK-26027-01109,2026-10-19,TMS,Santragachi–Panskura,SRC–PKU,79.7,Ballast issue,Medium,52,146,Track Gang,2026-10-26,mixed_realistic,Pending
TRK-26027-01110,2026-10-19,TMS,Santragachi–Panskura,SRC–PKU,69.3,Track geometry defect,Low,19,77,Track Machine,2026-10-28,mixed_realistic,Pending
TRK-26027-01111,2026-10-19,TMS,Howrah–Santragachi,HWH–SRC,12.0,Ballast issue,High,80,150,Track Machine,2026-10-21,cross_department_cluster,Pending
TRK-26027-01112,2026-10-19,TMS,Mecheda–Panskura,MCA–PKU,119.1,Track wear,High,65,108,Track Gang,2026-10-20,normal,Pending
TRK-26027-01113,2026-10-19,TMS,Kharagpur–Gidni,KGP–GID,197.6,Preventive track maintenance,Medium,43,101,Rail Welding Team,2026-10-24,normal,Pending
TRK-26027-01114,2026-10-19,TMS,Kharagpur–Gidni,KGP–GID,196.7,Track geometry defect,Medium,47,77,Track Machine,2026-10-25,normal,Pending
TRK-26027-01115,2026-10-19,TMS,Howrah–Santragachi,HWH–SRC,11.4,Track geometry defect,Medium,58,98,Track Machine,2026-10-24,normal,Pending
TRK-26027-01116,2026-10-19,TMS,Kharagpur–Gidni,KGP–GID,196.8,Rail defect,High,69,169,Track Machine,2026-10-21,cross_department_cluster,Pending
TRK-26027-01117,2026-10-19,TMS,Santragachi–Panskura,SRC–PKU,59.2,Preventive track maintenance,Critical,91,47,Track Machine,2026-10-20,critical_defect,Pending
TRK-26027-01118,2026-10-19,TMS,Santragachi–Panskura,SRC–PKU,69.4,Track wear,Medium,51,85,Track Gang,2026-10-25,normal,Pending
TRK-26027-01119,2026-10-19,TMS,Howrah–Santragachi,HWH–SRC,9.5,USFD-related inspection,Medium,46,83,Track Inspection Team,2026-10-24,normal,Pending
TRK-26027-01120,2026-10-19,TMS,Panskura–Kharagpur,PKU–KGP,134.3,USFD-related inspection,Medium,52,56,Track Inspection Team,2026-10-21,mixed_realistic,Pending
TRK-26027-01121,2026-10-19,TMS,Howrah–Santragachi,HWH–SRC,5.1,Track wear,Medium,60,74,Track Machine,2026-10-22,normal,Pending
TRK-26027-01122,2026-10-19,TMS,Kharagpur–Gidni,KGP–GID,177.7,Sleeper defect,Medium,41,84,Track Gang,2026-10-24,cross_department_cluster,Pending
TRK-26027-01123,2026-10-19,TMS,Kharagpur–Gidni,KGP–GID,176.5,Preventive track maintenance,High,72,59,Rail Welding Team,2026-10-21,normal,Pending
TRK-26027-01124,2026-10-19,TMS,Howrah–Santragachi,HWH–SRC,11.0,Sleeper defect,Medium,40,105,Track Gang,2026-10-25,normal,Pending
TRK-26027-01125,2026-10-19,TMS,Panskura–Kharagpur,PKU–KGP,140.4,Rail defect,High,75,95,Track Gang,2026-10-20,mixed_realistic,Pending
TRK-26027-01126,2026-10-19,TMS,Mecheda–Panskura,MCA–PKU,116.3,USFD-related inspection,High,79,68,Track Inspection Team,2026-10-21,mixed_realistic,Pending
TRK-26027-01127,2026-10-19,TMS,Mecheda–Panskura,MCA–PKU,116.6,Ballast issue,High,76,72,Track Gang,2026-10-21,mixed_realistic,Pending
TRK-26027-01128,2026-10-19,TMS,Kharagpur–Gidni,KGP–GID,207.7,USFD-related inspection,Low,29,59,Track Inspection Team,2026-11-01,normal,Pending
TRK-26027-01129,2026-10-19,TMS,Howrah–Santragachi,HWH–SRC,9.5,Sleeper defect,Medium,64,84,Track Gang,2026-10-24,normal,Pending
TRK-26027-01130,2026-10-19,TMS,Howrah–Santragachi,HWH–SRC,11.9,Sleeper defect,Low,17,134,Track Gang,2026-10-31,mixed_realistic,Pending
TRK-26027-01131,2026-10-19,TMS,Howrah–Santragachi,HWH–SRC,4.3,USFD-related inspection,High,76,52,Track Inspection Team,2026-10-21,normal,Pending
TRK-26027-01132,2026-10-19,TMS,Santragachi–Panskura,SRC–PKU,22.4,Track wear,Low,31,106,Track Machine,2026-10-31,high_defect_load,Pending
TRK-26027-01133,2026-10-19,TMS,Mecheda–Panskura,MCA–PKU,123.3,Ballast issue,Low,18,172,Track Machine,2026-10-29,normal,Pending
TRK-26027-01134,2026-10-19,TMS,Santragachi–Panskura,SRC–PKU,44.0,USFD-related inspection,Critical,93,67,Track Inspection Team,2026-10-20,mixed_realistic,Pending
TRK-26027-01135,2026-10-19,TMS,Howrah–Santragachi,HWH–SRC,4.3,Preventive track maintenance,Medium,59,56,Track Machine,2026-10-24,normal,Pending
TRK-26027-01136,2026-10-19,TMS,Mecheda–Panskura,MCA–PKU,120.5,Track geometry defect,High,76,107,Track Machine,2026-10-21,normal,Pending
TRK-26027-01137,2026-10-19,TMS,Kharagpur–Gidni,KGP–GID,170.0,Ballast issue,Low,36,146,Track Gang,2026-10-31,cross_department_cluster,Pending
TRK-26027-01138,2026-10-19,TMS,Panskura–Kharagpur,PKU–KGP,145.4,Sleeper defect,Critical,95,75,Track Gang,2026-10-20,high_conflict,Pending
TRK-26027-01139,2026-10-19,TMS,Kharagpur–Gidni,KGP–GID,185.6,USFD-related inspection,Critical,88,47,Track Inspection Team,2026-10-19,critical_defect,Pending
TRK-26027-01140,2026-10-19,TMS,Howrah–Santragachi,HWH–SRC,3.1,Preventive track maintenance,Medium,44,58,Rail Welding Team,2026-10-24,mixed_realistic,Pending
TRK-26027-01141,2026-10-19,TMS,Mecheda–Panskura,MCA–PKU,120.2,Preventive track maintenance,Medium,53,51,Rail Welding Team,2026-10-25,normal,Pending
TRK-26027-01142,2026-10-19,TMS,Santragachi–Panskura,SRC–PKU,42.2,Track wear,Critical,100,51,Track Machine,2026-10-19,high_conflict,Pending
TRK-26027-01143,2026-10-19,TMS,Panskura–Kharagpur,PKU–KGP,142.2,USFD-related inspection,Medium,62,53,Track Inspection Team,2026-10-23,cross_department_cluster,Pending
TRK-26027-01144,2026-10-19,TMS,Howrah–Santragachi,HWH–SRC,2.8,Ballast issue,High,76,105,Track Gang,2026-10-21,normal,Pending
TRK-26027-01145,2026-10-19,TMS,Kharagpur–Gidni,KGP–GID,184.6,Sleeper defect,Medium,43,83,Track Gang,2026-10-21,normal,Pending
TRK-26027-01146,2026-10-19,TMS,Kharagpur–Gidni,KGP–GID,179.9,Track geometry defect,Low,22,94,Track Machine,2026-10-29,mixed_realistic,Pending
TRK-26027-01147,2026-10-19,TMS,Howrah–Santragachi,HWH–SRC,9.2,Track wear,Low,31,96,Track Gang,2026-10-30,normal,Pending
TRK-26027-01148,2026-10-19,TMS,Howrah–Santragachi,HWH–SRC,12.0,Sleeper defect,Critical,85,82,Track Machine,2026-10-20,cross_department_cluster,Pending
TRK-26027-01149,2026-10-19,TMS,Howrah–Santragachi,HWH–SRC,9.4,USFD-related inspection,High,70,63,Track Inspection Team,2026-10-20,normal,Pending
TRK-26027-01150,2026-10-19,TMS,Kharagpur–Gidni,KGP–GID,209.3,Track wear,Low,22,64,Track Machine,2026-10-28,normal,Pending
TRK-26027-01151,2026-10-19,TMS,Kharagpur–Gidni,KGP–GID,171.7,Preventive track maintenance,Low,15,68,Track Machine,2026-10-28,normal,Pending
TRK-26027-01152,2026-10-19,TMS,Kharagpur–Gidni,KGP–GID,194.2,Rail defect,Low,33,100,Track Machine,2026-10-28,normal,Pending
TRK-26027-01153,2026-10-19,TMS,Kharagpur–Gidni,KGP–GID,204.3,Track wear,High,75,111,Track Machine,2026-10-22,normal,Pending
TRK-26027-01154,2026-10-19,TMS,Kharagpur–Gidni,KGP–GID,173.6,Rail defect,Medium,40,91,Track Gang,2026-10-21,normal,Pending
TRK-26027-01155,2026-10-19,TMS,Howrah–Santragachi,HWH–SRC,11.3,Ballast issue,Medium,63,144,Track Gang,2026-10-26,high_defect_load,Pending
TRK-26027-01156,2026-10-19,TMS,Howrah–Santragachi,HWH–SRC,8.3,Rail defect,Medium,57,151,Track Gang,2026-10-26,high_defect_load,Pending
TRK-26027-01157,2026-10-19,TMS,Howrah–Santragachi,HWH–SRC,12.0,Sleeper defect,Low,18,111,Track Machine,2026-10-27,cross_department_cluster,Pending
TRK-26027-01158,2026-10-19,TMS,Mecheda–Panskura,MCA–PKU,117.0,Track wear,Medium,64,115,Track Machine,2026-10-23,normal,Pending
TRK-26027-01159,2026-10-19,TMS,Santragachi–Panskura,SRC–PKU,115.0,Ballast issue,Medium,43,113,Track Gang,2026-10-25,cross_department_cluster,Pending
TRK-26027-01160,2026-10-19,TMS,Kharagpur–Gidni,KGP–GID,214.7,Preventive track maintenance,High,70,86,Track Gang,2026-10-20,normal,Pending
TRK-26027-01161,2026-10-19,TMS,Panskura–Kharagpur,PKU–KGP,137.8,Sleeper defect,Medium,51,67,Track Machine,2026-10-26,mixed_realistic,Pending
TRK-26027-01162,2026-10-19,TMS,Panskura–Kharagpur,PKU–KGP,135.3,Sleeper defect,High,70,110,Track Gang,2026-10-20,cross_department_cluster,Pending
TRK-26027-01163,2026-10-19,TMS,Mecheda–Panskura,MCA–PKU,115.1,USFD-related inspection,Medium,48,79,Track Inspection Team,2026-10-22,normal,Pending
TRK-26027-01164,2026-10-19,TMS,Howrah–Santragachi,HWH–SRC,11.0,Track wear,Low,30,95,Track Gang,2026-10-24,normal,Pending
TRK-26027-01165,2026-10-19,TMS,Howrah–Santragachi,HWH–SRC,4.3,USFD-related inspection,Medium,46,71,Track Inspection Team,2026-10-23,cross_department_cluster,Pending
TRK-26027-01166,2026-10-19,TMS,Panskura–Kharagpur,PKU–KGP,142.6,Track wear,Low,24,60,Track Machine,2026-10-26,cross_department_cluster,Pending
TRK-26027-01167,2026-10-19,TMS,Howrah–Santragachi,HWH–SRC,11.9,Sleeper defect,Medium,51,88,Track Gang,2026-10-24,normal,Pending
TRK-26027-01168,2026-10-19,TMS,Santragachi–Panskura,SRC–PKU,74.7,Preventive track maintenance,High,76,87,Rail Welding Team,2026-10-20,normal,Pending
TRK-26027-01169,2026-10-19,TMS,Howrah–Santragachi,HWH–SRC,2.7,Ballast issue,Low,29,154,Track Gang,2026-10-28,normal,Pending
TRK-26027-01170,2026-10-19,TMS,Panskura–Kharagpur,PKU–KGP,127.3,Rail defect,Medium,41,127,Track Gang,2026-10-26,normal,Pending
TRK-26027-01171,2026-10-20,TMS,Santragachi–Panskura,SRC–PKU,63.4,Sleeper defect,Medium,60,85,Track Machine,2026-10-24,mixed_realistic,Pending
TRK-26027-01172,2026-10-20,TMS,Panskura–Kharagpur,PKU–KGP,129.9,Sleeper defect,Medium,51,126,Track Machine,2026-10-26,normal,Pending
TRK-26027-01173,2026-10-20,TMS,Panskura–Kharagpur,PKU–KGP,125.8,Ballast issue,Medium,61,108,Track Machine,2026-10-26,normal,Pending
TRK-26027-01174,2026-10-20,TMS,Santragachi–Panskura,SRC–PKU,92.1,Ballast issue,Low,15,149,Track Gang,2026-10-31,normal,Pending
TRK-26027-01175,2026-10-20,TMS,Panskura–Kharagpur,PKU–KGP,127.8,Track geometry defect,Medium,59,85,Track Gang,2026-10-24,normal,Pending
TRK-26027-01176,2026-10-20,TMS,Kharagpur–Gidni,KGP–GID,188.2,Ballast issue,Medium,45,88,Track Gang,2026-10-26,cross_department_cluster,Pending
TRK-26027-01177,2026-10-20,TMS,Santragachi–Panskura,SRC–PKU,92.8,Ballast issue,Critical,87,131,Track Machine,2026-10-21,critical_defect,Pending
TRK-26027-01178,2026-10-20,TMS,Panskura–Kharagpur,PKU–KGP,157.7,Track geometry defect,Low,16,61,Track Gang,2026-11-03,normal,Pending
TRK-26027-01179,2026-10-20,TMS,Howrah–Santragachi,HWH–SRC,6.7,Sleeper defect,Low,25,92,Track Machine,2026-10-26,normal,Pending
TRK-26027-01180,2026-10-20,TMS,Kharagpur–Gidni,KGP–GID,203.4,Preventive track maintenance,High,80,54,Track Machine,2026-10-23,normal,Pending
TRK-26027-01181,2026-10-20,TMS,Panskura–Kharagpur,PKU–KGP,132.4,Preventive track maintenance,Medium,41,108,Rail Welding Team,2026-10-22,normal,Pending
TRK-26027-01182,2026-10-20,TMS,Howrah–Santragachi,HWH–SRC,4.2,Preventive track maintenance,Medium,50,77,Rail Welding Team,2026-10-26,mixed_realistic,Pending
TRK-26027-01183,2026-10-20,TMS,Howrah–Santragachi,HWH–SRC,2.9,Track geometry defect,Critical,85,57,Track Gang,2026-10-21,critical_defect,Pending
TRK-26027-01184,2026-10-20,TMS,Panskura–Kharagpur,PKU–KGP,140.3,Track geometry defect,High,68,98,Track Machine,2026-10-23,normal,Pending
TRK-26027-01185,2026-10-20,TMS,Panskura–Kharagpur,PKU–KGP,144.0,USFD-related inspection,Medium,53,62,Track Inspection Team,2026-10-22,normal,Pending
TRK-26027-01186,2026-10-20,TMS,Santragachi–Panskura,SRC–PKU,90.3,Rail defect,Low,22,165,Track Machine,2026-10-29,cross_department_cluster,Pending
TRK-26027-01187,2026-10-20,TMS,Panskura–Kharagpur,PKU–KGP,162.1,Ballast issue,High,74,105,Track Machine,2026-10-20,mixed_realistic,Pending
TRK-26027-01188,2026-10-20,TMS,Mecheda–Panskura,MCA–PKU,119.0,Rail defect,Medium,46,125,Track Gang,2026-10-23,cross_department_cluster,Pending
TRK-26027-01189,2026-10-20,TMS,Kharagpur–Gidni,KGP–GID,211.3,Preventive track maintenance,Medium,53,74,Track Gang,2026-10-23,normal,Pending
TRK-26027-01190,2026-10-20,TMS,Santragachi–Panskura,SRC–PKU,115.0,Sleeper defect,Medium,59,114,Track Machine,2026-10-23,cross_department_cluster,Pending
TRK-26027-01191,2026-10-20,TMS,Panskura–Kharagpur,PKU–KGP,157.8,Track geometry defect,Medium,41,65,Track Machine,2026-10-25,cross_department_cluster,Pending
TRK-26027-01192,2026-10-20,TMS,Mecheda–Panskura,MCA–PKU,120.3,Sleeper defect,Low,38,131,Track Machine,2026-10-25,cross_department_cluster,Pending
TRK-26027-01193,2026-10-20,TMS,Howrah–Santragachi,HWH–SRC,1.8,Track geometry defect,Medium,54,109,Track Machine,2026-10-24,normal,Pending
TRK-26027-01194,2026-10-20,TMS,Panskura–Kharagpur,PKU–KGP,127.2,Track geometry defect,Medium,47,77,Track Machine,2026-10-23,cross_department_cluster,Pending
TRK-26027-01195,2026-10-20,TMS,Kharagpur–Gidni,KGP–GID,202.7,Sleeper defect,Medium,43,102,Track Machine,2026-10-23,mixed_realistic,Pending
TRK-26027-01196,2026-10-20,TMS,Panskura–Kharagpur,PKU–KGP,141.0,USFD-related inspection,High,82,65,Track Inspection Team,2026-10-22,mixed_realistic,Pending
TRK-26027-01197,2026-10-20,TMS,Santragachi–Panskura,SRC–PKU,78.1,Ballast issue,Medium,43,173,Track Gang,2026-10-27,high_defect_load,Pending
TRK-26027-01198,2026-10-20,TMS,Kharagpur–Gidni,KGP–GID,195.8,Track geometry defect,Low,37,103,Track Gang,2026-10-28,mixed_realistic,Pending
TRK-26027-01199,2026-10-20,TMS,Howrah–Santragachi,HWH–SRC,3.5,USFD-related inspection,Medium,49,52,Track Inspection Team,2026-10-27,mixed_realistic,Pending
TRK-26027-01200,2026-10-20,TMS,Mecheda–Panskura,MCA–PKU,125.0,USFD-related inspection,Medium,54,68,Track Inspection Team,2026-10-27,cross_department_cluster,Pending
TRK-26027-01201,2026-10-20,TMS,Santragachi–Panskura,SRC–PKU,97.7,USFD-related inspection,Medium,54,61,Track Inspection Team,2026-10-23,normal,Pending
TRK-26027-01202,2026-10-20,TMS,Panskura–Kharagpur,PKU–KGP,162.7,Ballast issue,Medium,53,139,Track Machine,2026-10-23,mixed_realistic,Pending
TRK-26027-01203,2026-10-20,TMS,Howrah–Santragachi,HWH–SRC,2.6,Ballast issue,Medium,48,133,Track Gang,2026-10-23,normal,Pending
TRK-26027-01204,2026-10-20,TMS,Kharagpur–Gidni,KGP–GID,214.4,Preventive track maintenance,High,71,59,Rail Welding Team,2026-10-21,high_defect_load,Pending
TRK-26027-01205,2026-10-20,TMS,Kharagpur–Gidni,KGP–GID,170.0,Sleeper defect,Low,29,88,Track Machine,2026-11-01,cross_department_cluster,Pending
TRK-26027-01206,2026-10-20,TMS,Howrah–Santragachi,HWH–SRC,8.7,Rail defect,Critical,88,107,Track Gang,2026-10-20,critical_defect,Pending
TRK-26027-01207,2026-10-20,TMS,Santragachi–Panskura,SRC–PKU,96.7,Rail defect,Low,15,94,Track Machine,2026-11-01,cross_department_cluster,Pending
TRK-26027-01208,2026-10-20,TMS,Mecheda–Panskura,MCA–PKU,117.3,USFD-related inspection,High,78,80,Track Inspection Team,2026-10-21,normal,Pending
TRK-26027-01209,2026-10-20,TMS,Howrah–Santragachi,HWH–SRC,3.9,Rail defect,Medium,40,125,Track Gang,2026-10-24,normal,Pending
TRK-26027-01210,2026-10-20,TMS,Panskura–Kharagpur,PKU–KGP,137.2,Track wear,High,71,91,Track Gang,2026-10-23,normal,Pending
TRK-26027-01211,2026-10-20,TMS,Howrah–Santragachi,HWH–SRC,3.2,Rail defect,Low,27,101,Track Gang,2026-10-25,mixed_realistic,Pending
TRK-26027-01212,2026-10-20,TMS,Panskura–Kharagpur,PKU–KGP,164.5,USFD-related inspection,Low,32,64,Track Inspection Team,2026-10-29,normal,Pending
TRK-26027-01213,2026-10-20,TMS,Howrah–Santragachi,HWH–SRC,11.0,Track wear,Low,16,108,Track Machine,2026-11-03,normal,Pending
TRK-26027-01214,2026-10-20,TMS,Mecheda–Panskura,MCA–PKU,124.4,Track geometry defect,Low,34,107,Track Gang,2026-10-31,high_defect_load,Pending
TRK-26027-01215,2026-10-20,TMS,Kharagpur–Gidni,KGP–GID,208.9,USFD-related inspection,Medium,53,51,Track Inspection Team,2026-10-24,normal,Pending
TRK-26027-01216,2026-10-20,TMS,Mecheda–Panskura,MCA–PKU,115.4,USFD-related inspection,Medium,54,85,Track Inspection Team,2026-10-25,normal,Pending
TRK-26027-01217,2026-10-20,TMS,Howrah–Santragachi,HWH–SRC,10.3,Ballast issue,Low,36,64,Track Machine,2026-10-28,normal,Pending
TRK-26027-01218,2026-10-20,TMS,Panskura–Kharagpur,PKU–KGP,162.1,USFD-related inspection,Low,20,45,Track Inspection Team,2026-11-03,normal,Pending
TRK-26027-01219,2026-10-20,TMS,Mecheda–Panskura,MCA–PKU,125.0,Ballast issue,Medium,46,143,Track Machine,2026-10-27,cross_department_cluster,Pending
TRK-26027-01220,2026-10-20,TMS,Kharagpur–Gidni,KGP–GID,187.7,Preventive track maintenance,Low,36,55,Track Machine,2026-10-28,normal,Pending
TRK-26027-01221,2026-10-20,TMS,Panskura–Kharagpur,PKU–KGP,132.1,Sleeper defect,High,66,136,Track Machine,2026-10-21,mixed_realistic,Pending
TRK-26027-01222,2026-10-20,TMS,Mecheda–Panskura,MCA–PKU,120.8,Preventive track maintenance,Low,24,98,Track Gang,2026-10-29,normal,Pending
TRK-26027-01223,2026-10-20,TMS,Mecheda–Panskura,MCA–PKU,119.2,USFD-related inspection,Medium,44,83,Track Inspection Team,2026-10-23,normal,Pending
TRK-26027-01224,2026-10-20,TMS,Mecheda–Panskura,MCA–PKU,115.8,Ballast issue,Medium,60,66,Track Machine,2026-10-24,normal,Pending
TRK-26027-01225,2026-10-20,TMS,Howrah–Santragachi,HWH–SRC,10.1,Track geometry defect,High,72,80,Track Machine,2026-10-22,normal,Pending
TRK-26027-01226,2026-10-20,TMS,Kharagpur–Gidni,KGP–GID,185.9,USFD-related inspection,Medium,45,88,Track Inspection Team,2026-10-27,mixed_realistic,Pending
TRK-26027-01227,2026-10-20,TMS,Howrah–Santragachi,HWH–SRC,3.4,Rail defect,Low,28,152,Track Machine,2026-11-02,normal,Pending
TRK-26027-01228,2026-10-20,TMS,Howrah–Santragachi,HWH–SRC,1.9,Sleeper defect,Low,26,127,Track Machine,2026-10-28,normal,Pending
TRK-26027-01229,2026-10-20,TMS,Mecheda–Panskura,MCA–PKU,117.3,USFD-related inspection,High,66,54,Track Inspection Team,2026-10-22,normal,Pending
TRK-26027-01230,2026-10-20,TMS,Panskura–Kharagpur,PKU–KGP,156.1,Rail defect,High,67,111,Track Machine,2026-10-22,normal,Pending
TRK-26027-01231,2026-10-20,TMS,Mecheda–Panskura,MCA–PKU,122.3,Preventive track maintenance,Medium,56,102,Track Inspection Team,2026-10-24,mixed_realistic,Pending
TRK-26027-01232,2026-10-20,TMS,Howrah–Santragachi,HWH–SRC,5.6,Preventive track maintenance,Low,38,104,Track Machine,2026-11-02,mixed_realistic,Pending
TRK-26027-01233,2026-10-20,TMS,Howrah–Santragachi,HWH–SRC,3.5,Track wear,Medium,40,108,Track Gang,2026-10-23,normal,Pending
TRK-26027-01234,2026-10-20,TMS,Panskura–Kharagpur,PKU–KGP,138.3,Ballast issue,Medium,53,101,Track Gang,2026-10-23,cross_department_cluster,Pending
TRK-26027-01235,2026-10-20,TMS,Kharagpur–Gidni,KGP–GID,196.3,Sleeper defect,Medium,45,88,Track Gang,2026-10-26,normal,Pending
TRK-26027-01236,2026-10-21,TMS,Panskura–Kharagpur,PKU–KGP,135.1,Rail defect,High,73,163,Track Machine,2026-10-23,mixed_realistic,Pending
TRK-26027-01237,2026-10-21,TMS,Kharagpur–Gidni,KGP–GID,202.0,Rail defect,Low,31,123,Track Gang,2026-10-28,normal,Pending
TRK-26027-01238,2026-10-21,TMS,Panskura–Kharagpur,PKU–KGP,153.8,Rail defect,High,83,118,Track Machine,2026-10-21,mixed_realistic,Pending
TRK-26027-01239,2026-10-21,TMS,Mecheda–Panskura,MCA–PKU,124.5,Rail defect,Medium,55,164,Track Machine,2026-10-23,normal,Pending
TRK-26027-01240,2026-10-21,TMS,Howrah–Santragachi,HWH–SRC,10.8,Ballast issue,Low,22,154,Track Gang,2026-10-30,cross_department_cluster,Pending
TRK-26027-01241,2026-10-21,TMS,Santragachi–Panskura,SRC–PKU,115.0,Preventive track maintenance,High,79,71,Track Machine,2026-10-21,cross_department_cluster,Pending
TRK-26027-01242,2026-10-21,TMS,Kharagpur–Gidni,KGP–GID,202.9,Rail defect,Medium,56,166,Track Machine,2026-10-25,normal,Pending
TRK-26027-01243,2026-10-21,TMS,Kharagpur–Gidni,KGP–GID,196.4,USFD-related inspection,Medium,45,47,Track Inspection Team,2026-10-28,high_defect_load,Pending
TRK-26027-01244,2026-10-21,TMS,Mecheda–Panskura,MCA–PKU,123.4,Preventive track maintenance,Medium,59,102,Track Inspection Team,2026-10-27,high_defect_load,Pending
TRK-26027-01245,2026-10-21,TMS,Mecheda–Panskura,MCA–PKU,118.7,USFD-related inspection,Medium,53,78,Track Inspection Team,2026-10-27,normal,Pending
TRK-26027-01246,2026-10-21,TMS,Mecheda–Panskura,MCA–PKU,120.8,USFD-related inspection,High,70,90,Track Inspection Team,2026-10-21,high_defect_load,Pending
TRK-26027-01247,2026-10-21,TMS,Howrah–Santragachi,HWH–SRC,1.5,Rail defect,Medium,52,92,Track Machine,2026-10-24,mixed_realistic,Pending
TRK-26027-01248,2026-10-21,TMS,Kharagpur–Gidni,KGP–GID,189.2,Ballast issue,Medium,61,125,Track Gang,2026-10-23,normal,Pending
TRK-26027-01249,2026-10-21,TMS,Mecheda–Panskura,MCA–PKU,118.6,Sleeper defect,High,82,104,Track Machine,2026-10-24,normal,Pending
TRK-26027-01250,2026-10-21,TMS,Mecheda–Panskura,MCA–PKU,118.4,Rail defect,Medium,51,131,Track Machine,2026-10-26,cross_department_cluster,Pending
TRK-26027-01251,2026-10-21,TMS,Kharagpur–Gidni,KGP–GID,194.3,Track wear,Medium,43,107,Track Gang,2026-10-26,normal,Pending
TRK-26027-01252,2026-10-21,TMS,Howrah–Santragachi,HWH–SRC,1.9,Sleeper defect,Low,16,103,Track Gang,2026-10-26,normal,Pending
TRK-26027-01253,2026-10-21,TMS,Mecheda–Panskura,MCA–PKU,122.3,Track geometry defect,Medium,41,67,Track Machine,2026-10-28,normal,Pending
TRK-26027-01254,2026-10-21,TMS,Santragachi–Panskura,SRC–PKU,80.5,Sleeper defect,Medium,57,92,Track Gang,2026-10-24,cross_department_cluster,Pending
TRK-26027-01255,2026-10-21,TMS,Santragachi–Panskura,SRC–PKU,96.1,Sleeper defect,High,78,91,Track Gang,2026-10-21,mixed_realistic,Pending
TRK-26027-01256,2026-10-21,TMS,Panskura–Kharagpur,PKU–KGP,141.4,Sleeper defect,Medium,63,79,Track Gang,2026-10-26,normal,Pending
TRK-26027-01257,2026-10-21,TMS,Santragachi–Panskura,SRC–PKU,42.1,Rail defect,High,66,113,Track Gang,2026-10-24,normal,Pending
TRK-26027-01258,2026-10-21,TMS,Mecheda–Panskura,MCA–PKU,124.1,Track geometry defect,Low,20,92,Track Machine,2026-10-28,mixed_realistic,Pending
TRK-26027-01259,2026-10-21,TMS,Panskura–Kharagpur,PKU–KGP,167.8,Sleeper defect,Low,34,105,Track Gang,2026-10-26,cross_department_cluster,Pending
TRK-26027-01260,2026-10-21,TMS,Howrah–Santragachi,HWH–SRC,7.9,Track wear,Low,29,63,Track Machine,2026-11-01,normal,Pending
TRK-26027-01261,2026-10-21,TMS,Kharagpur–Gidni,KGP–GID,203.4,Rail defect,Medium,46,98,Track Gang,2026-10-26,cross_department_cluster,Pending
TRK-26027-01262,2026-10-21,TMS,Kharagpur–Gidni,KGP–GID,207.8,Rail defect,Critical,86,141,Track Machine,2026-10-22,high_conflict,Pending
TRK-26027-01263,2026-10-21,TMS,Panskura–Kharagpur,PKU–KGP,156.4,Ballast issue,Medium,63,104,Track Machine,2026-10-28,normal,Pending
TRK-26027-01264,2026-10-21,TMS,Santragachi–Panskura,SRC–PKU,73.2,Ballast issue,High,68,180,Track Machine,2026-10-24,mixed_realistic,Pending
TRK-26027-01265,2026-10-21,TMS,Howrah–Santragachi,HWH–SRC,11.1,Track geometry defect,Medium,64,77,Track Machine,2026-10-25,mixed_realistic,Pending
TRK-26027-01266,2026-10-21,TMS,Mecheda–Panskura,MCA–PKU,119.5,Track geometry defect,Low,33,91,Track Gang,2026-10-31,normal,Pending
TRK-26027-01267,2026-10-21,TMS,Howrah–Santragachi,HWH–SRC,0.6,Preventive track maintenance,High,77,85,Track Inspection Team,2026-10-21,normal,Pending
TRK-26027-01268,2026-10-21,TMS,Santragachi–Panskura,SRC–PKU,62.5,Track wear,Medium,44,82,Track Machine,2026-10-27,normal,Pending
TRK-26027-01269,2026-10-21,TMS,Mecheda–Panskura,MCA–PKU,122.8,Track wear,Medium,50,101,Track Gang,2026-10-23,cross_department_cluster,Pending
TRK-26027-01270,2026-10-21,TMS,Santragachi–Panskura,SRC–PKU,115.0,Track wear,Low,17,106,Track Gang,2026-10-27,cross_department_cluster,Pending
TRK-26027-01271,2026-10-21,TMS,Kharagpur–Gidni,KGP–GID,199.2,Track wear,Medium,44,80,Track Gang,2026-10-28,normal,Pending
TRK-26027-01272,2026-10-21,TMS,Mecheda–Panskura,MCA–PKU,120.5,Preventive track maintenance,Medium,53,65,Track Inspection Team,2026-10-27,normal,Pending
TRK-26027-01273,2026-10-21,TMS,Panskura–Kharagpur,PKU–KGP,166.2,Sleeper defect,Low,15,71,Track Gang,2026-10-31,normal,Pending
TRK-26027-01274,2026-10-21,TMS,Kharagpur–Gidni,KGP–GID,207.1,Rail defect,Low,19,90,Track Gang,2026-10-26,normal,Pending
TRK-26027-01275,2026-10-21,TMS,Howrah–Santragachi,HWH–SRC,7.8,Track wear,Medium,50,100,Track Gang,2026-10-23,mixed_realistic,Pending
TRK-26027-01276,2026-10-21,TMS,Panskura–Kharagpur,PKU–KGP,154.0,Rail defect,Low,22,125,Track Gang,2026-10-30,cross_department_cluster,Pending
TRK-26027-01277,2026-10-21,TMS,Panskura–Kharagpur,PKU–KGP,140.7,Rail defect,Low,28,100,Track Machine,2026-11-01,cross_department_cluster,Pending
TRK-26027-01278,2026-10-21,TMS,Santragachi–Panskura,SRC–PKU,110.5,Preventive track maintenance,High,75,79,Rail Welding Team,2026-10-21,mixed_realistic,Pending
TRK-26027-01279,2026-10-21,TMS,Panskura–Kharagpur,PKU–KGP,156.9,Track geometry defect,Low,23,98,Track Machine,2026-10-29,cross_department_cluster,Pending
TRK-26027-01280,2026-10-21,TMS,Panskura–Kharagpur,PKU–KGP,165.6,Ballast issue,High,66,93,Track Machine,2026-10-21,normal,Pending
TRK-26027-01281,2026-10-21,TMS,Santragachi–Panskura,SRC–PKU,50.9,Track wear,Low,36,109,Track Machine,2026-10-29,normal,Pending
TRK-26027-01282,2026-10-21,TMS,Howrah–Santragachi,HWH–SRC,6.2,USFD-related inspection,Medium,45,71,Track Inspection Team,2026-10-27,mixed_realistic,Pending
TRK-26027-01283,2026-10-21,TMS,Kharagpur–Gidni,KGP–GID,196.9,Preventive track maintenance,Medium,47,89,Track Machine,2026-10-27,cross_department_cluster,Pending
TRK-26027-01284,2026-10-21,TMS,Kharagpur–Gidni,KGP–GID,196.7,Rail defect,Medium,46,130,Track Gang,2026-10-26,normal,Pending
TRK-26027-01285,2026-10-21,TMS,Panskura–Kharagpur,PKU–KGP,160.4,Ballast issue,High,80,126,Track Machine,2026-10-23,normal,Pending
TRK-26027-01286,2026-10-21,TMS,Mecheda–Panskura,MCA–PKU,121.9,Ballast issue,Medium,41,92,Track Gang,2026-10-23,mixed_realistic,Pending
TRK-26027-01287,2026-10-21,TMS,Kharagpur–Gidni,KGP–GID,182.9,USFD-related inspection,Medium,61,59,Track Inspection Team,2026-10-27,normal,Pending
TRK-26027-01288,2026-10-21,TMS,Santragachi–Panskura,SRC–PKU,109.3,Preventive track maintenance,High,68,85,Track Machine,2026-10-23,mixed_realistic,Pending
TRK-26027-01289,2026-10-21,TMS,Kharagpur–Gidni,KGP–GID,200.8,Ballast issue,High,81,138,Track Machine,2026-10-24,mixed_realistic,Pending
TRK-26027-01290,2026-10-21,TMS,Santragachi–Panskura,SRC–PKU,76.0,Track geometry defect,Medium,41,93,Track Gang,2026-10-27,high_defect_load,Pending
TRK-26027-01291,2026-10-21,TMS,Panskura–Kharagpur,PKU–KGP,137.2,Preventive track maintenance,Medium,61,95,Track Gang,2026-10-24,mixed_realistic,Pending
TRK-26027-01292,2026-10-21,TMS,Kharagpur–Gidni,KGP–GID,195.9,Rail defect,Low,25,92,Track Gang,2026-10-31,cross_department_cluster,Pending
TRK-26027-01293,2026-10-21,TMS,Santragachi–Panskura,SRC–PKU,24.6,Rail defect,Medium,44,103,Track Gang,2026-10-23,high_defect_load,Pending
TRK-26027-01294,2026-10-21,TMS,Panskura–Kharagpur,PKU–KGP,156.7,Rail defect,Medium,54,173,Track Gang,2026-10-28,normal,Pending
TRK-26027-01295,2026-10-21,TMS,Kharagpur–Gidni,KGP–GID,201.5,Track geometry defect,Low,20,116,Track Machine,2026-10-26,normal,Pending
TRK-26027-01296,2026-10-21,TMS,Santragachi–Panskura,SRC–PKU,88.8,Ballast issue,High,76,180,Track Gang,2026-10-23,mixed_realistic,Pending
TRK-26027-01297,2026-10-21,TMS,Kharagpur–Gidni,KGP–GID,201.7,Rail defect,Medium,54,123,Track Machine,2026-10-24,normal,Pending
TRK-26027-01298,2026-10-21,TMS,Mecheda–Panskura,MCA–PKU,121.0,USFD-related inspection,Low,28,84,Track Inspection Team,2026-10-27,high_defect_load,Pending
TRK-26027-01299,2026-10-21,TMS,Mecheda–Panskura,MCA–PKU,116.2,Rail defect,Medium,47,162,Track Machine,2026-10-25,normal,Pending
TRK-26027-01300,2026-10-21,TMS,Kharagpur–Gidni,KGP–GID,183.7,Sleeper defect,Low,39,150,Track Machine,2026-10-28,normal,Pending
TRK-26027-01301,2026-10-22,TMS,Kharagpur–Gidni,KGP–GID,208.0,Track wear,High,83,94,Track Machine,2026-10-24,normal,Pending
TRK-26027-01302,2026-10-22,TMS,Santragachi–Panskura,SRC–PKU,45.4,Sleeper defect,Medium,45,135,Track Gang,2026-10-29,normal,Pending
TRK-26027-01303,2026-10-22,TMS,Mecheda–Panskura,MCA–PKU,119.5,USFD-related inspection,Medium,52,68,Track Inspection Team,2026-10-25,normal,Pending
TRK-26027-01304,2026-10-22,TMS,Santragachi–Panskura,SRC–PKU,113.1,Ballast issue,Medium,60,158,Track Machine,2026-10-27,high_defect_load,Pending
TRK-26027-01305,2026-10-22,TMS,Kharagpur–Gidni,KGP–GID,171.4,Rail defect,Medium,43,154,Track Machine,2026-10-26,mixed_realistic,Pending
TRK-26027-01306,2026-10-22,TMS,Panskura–Kharagpur,PKU–KGP,133.0,Track wear,Low,21,114,Track Machine,2026-10-28,mixed_realistic,Pending
TRK-26027-01307,2026-10-22,TMS,Kharagpur–Gidni,KGP–GID,191.5,Track geometry defect,High,68,69,Track Machine,2026-10-24,normal,Pending
TRK-26027-01308,2026-10-22,TMS,Panskura–Kharagpur,PKU–KGP,168.2,Track wear,High,80,112,Track Gang,2026-10-23,normal,Pending
TRK-26027-01309,2026-10-22,TMS,Howrah–Santragachi,HWH–SRC,11.6,Sleeper defect,Medium,56,66,Track Machine,2026-10-26,normal,Pending
TRK-26027-01310,2026-10-22,TMS,Kharagpur–Gidni,KGP–GID,189.9,Sleeper defect,Medium,53,67,Track Machine,2026-10-24,normal,Pending
TRK-26027-01311,2026-10-22,TMS,Panskura–Kharagpur,PKU–KGP,146.8,Rail defect,Medium,63,170,Track Gang,2026-10-24,normal,Pending
TRK-26027-01312,2026-10-22,TMS,Panskura–Kharagpur,PKU–KGP,133.9,USFD-related inspection,Low,17,89,Track Inspection Team,2026-11-03,normal,Pending
TRK-26027-01313,2026-10-22,TMS,Santragachi–Panskura,SRC–PKU,25.5,USFD-related inspection,Low,25,72,Track Inspection Team,2026-11-03,mixed_realistic,Pending
TRK-26027-01314,2026-10-22,TMS,Panskura–Kharagpur,PKU–KGP,125.9,USFD-related inspection,Low,37,78,Track Inspection Team,2026-10-29,normal,Pending
TRK-26027-01315,2026-10-22,TMS,Mecheda–Panskura,MCA–PKU,119.5,Track wear,High,80,95,Track Machine,2026-10-23,normal,Pending
TRK-26027-01316,2026-10-22,TMS,Mecheda–Panskura,MCA–PKU,124.6,USFD-related inspection,High,77,45,Track Inspection Team,2026-10-22,normal,Pending
TRK-26027-01317,2026-10-22,TMS,Kharagpur–Gidni,KGP–GID,192.0,Rail defect,Critical,90,97,Track Gang,2026-10-23,critical_defect,Pending
TRK-26027-01318,2026-10-22,TMS,Panskura–Kharagpur,PKU–KGP,127.2,Ballast issue,Medium,54,140,Track Gang,2026-10-28,mixed_realistic,Pending
TRK-26027-01319,2026-10-22,TMS,Howrah–Santragachi,HWH–SRC,11.0,Preventive track maintenance,Medium,63,92,Track Gang,2026-10-25,mixed_realistic,Pending
TRK-26027-01320,2026-10-22,TMS,Kharagpur–Gidni,KGP–GID,210.3,USFD-related inspection,Low,21,83,Track Inspection Team,2026-10-31,normal,Pending
TRK-26027-01321,2026-10-22,TMS,Panskura–Kharagpur,PKU–KGP,125.0,Ballast issue,Low,31,105,Track Machine,2026-11-04,cross_department_cluster,Pending
TRK-26027-01322,2026-10-22,TMS,Howrah–Santragachi,HWH–SRC,12.0,USFD-related inspection,High,79,60,Track Inspection Team,2026-10-24,cross_department_cluster,Pending
TRK-26027-01323,2026-10-22,TMS,Panskura–Kharagpur,PKU–KGP,146.3,Sleeper defect,Low,36,129,Track Gang,2026-11-05,high_defect_load,Pending
TRK-26027-01324,2026-10-22,TMS,Santragachi–Panskura,SRC–PKU,102.1,USFD-related inspection,Medium,48,71,Track Inspection Team,2026-10-28,mixed_realistic,Pending
TRK-26027-01325,2026-10-22,TMS,Kharagpur–Gidni,KGP–GID,170.0,USFD-related inspection,Medium,40,71,Track Inspection Team,2026-10-27,cross_department_cluster,Pending
TRK-26027-01326,2026-10-22,TMS,Panskura–Kharagpur,PKU–KGP,138.4,Track wear,Medium,63,107,Track Gang,2026-10-26,normal,Pending
TRK-26027-01327,2026-10-22,TMS,Santragachi–Panskura,SRC–PKU,96.3,Sleeper defect,Low,34,80,Track Machine,2026-10-29,mixed_realistic,Pending
TRK-26027-01328,2026-10-22,TMS,Santragachi–Panskura,SRC–PKU,58.2,USFD-related inspection,Medium,46,85,Track Inspection Team,2026-10-26,cross_department_cluster,Pending
TRK-26027-01329,2026-10-22,TMS,Howrah–Santragachi,HWH–SRC,0.0,Sleeper defect,Low,19,115,Track Machine,2026-11-04,mixed_realistic,Pending
TRK-26027-01330,2026-10-22,TMS,Mecheda–Panskura,MCA–PKU,117.4,Sleeper defect,Medium,54,138,Track Machine,2026-10-25,mixed_realistic,Pending
TRK-26027-01331,2026-10-22,TMS,Kharagpur–Gidni,KGP–GID,175.3,Sleeper defect,Medium,55,65,Track Machine,2026-10-24,high_defect_load,Pending
TRK-26027-01332,2026-10-22,TMS,Howrah–Santragachi,HWH–SRC,12.0,Track wear,Low,16,110,Track Gang,2026-10-28,cross_department_cluster,Pending
TRK-26027-01333,2026-10-22,TMS,Howrah–Santragachi,HWH–SRC,7.2,Rail defect,Medium,63,145,Track Machine,2026-10-28,cross_department_cluster,Pending
TRK-26027-01334,2026-10-22,TMS,Mecheda–Panskura,MCA–PKU,124.2,Sleeper defect,Medium,54,93,Track Gang,2026-10-27,normal,Pending
TRK-26027-01335,2026-10-22,TMS,Kharagpur–Gidni,KGP–GID,203.9,Rail defect,Medium,43,95,Track Machine,2026-10-28,mixed_realistic,Pending
TRK-26027-01336,2026-10-22,TMS,Mecheda–Panskura,MCA–PKU,123.7,Sleeper defect,High,79,67,Track Machine,2026-10-22,normal,Pending
TRK-26027-01337,2026-10-22,TMS,Howrah–Santragachi,HWH–SRC,6.3,Ballast issue,Low,25,115,Track Gang,2026-10-29,mixed_realistic,Pending
TRK-26027-01338,2026-10-22,TMS,Panskura–Kharagpur,PKU–KGP,128.6,Sleeper defect,High,71,146,Track Machine,2026-10-25,normal,Pending
TRK-26027-01339,2026-10-22,TMS,Panskura–Kharagpur,PKU–KGP,130.0,USFD-related inspection,Low,20,73,Track Inspection Team,2026-11-05,normal,Pending
TRK-26027-01340,2026-10-22,TMS,Mecheda–Panskura,MCA–PKU,122.0,Preventive track maintenance,Low,16,64,Track Inspection Team,2026-10-31,mixed_realistic,Pending
TRK-26027-01341,2026-10-22,TMS,Kharagpur–Gidni,KGP–GID,170.0,Track geometry defect,High,83,71,Track Gang,2026-10-25,cross_department_cluster,Pending
TRK-26027-01342,2026-10-22,TMS,Kharagpur–Gidni,KGP–GID,170.0,Ballast issue,Medium,46,115,Track Gang,2026-10-29,cross_department_cluster,Pending
TRK-26027-01343,2026-10-22,TMS,Panskura–Kharagpur,PKU–KGP,156.3,Sleeper defect,High,75,109,Track Gang,2026-10-25,cross_department_cluster,Pending
TRK-26027-01344,2026-10-22,TMS,Mecheda–Panskura,MCA–PKU,118.7,Track wear,Medium,43,94,Track Machine,2026-10-26,cross_department_cluster,Pending
TRK-26027-01345,2026-10-22,TMS,Howrah–Santragachi,HWH–SRC,5.6,Track wear,High,74,103,Track Machine,2026-10-23,normal,Pending
TRK-26027-01346,2026-10-22,TMS,Panskura–Kharagpur,PKU–KGP,158.3,Sleeper defect,Medium,55,89,Track Machine,2026-10-24,cross_department_cluster,Pending
TRK-26027-01347,2026-10-22,TMS,Panskura–Kharagpur,PKU–KGP,162.3,Ballast issue,Low,37,124,Track Machine,2026-10-31,normal,Pending
TRK-26027-01348,2026-10-22,TMS,Mecheda–Panskura,MCA–PKU,121.1,Sleeper defect,Low,23,72,Track Gang,2026-11-05,normal,Pending
TRK-26027-01349,2026-10-22,TMS,Kharagpur–Gidni,KGP–GID,175.3,Track wear,High,66,108,Track Gang,2026-10-24,normal,Pending
TRK-26027-01350,2026-10-22,TMS,Howrah–Santragachi,HWH–SRC,4.6,Ballast issue,Low,19,78,Track Gang,2026-11-02,high_defect_load,Pending
TRK-26027-01351,2026-10-22,TMS,Howrah–Santragachi,HWH–SRC,5.3,USFD-related inspection,High,76,71,Track Inspection Team,2026-10-25,normal,Pending
TRK-26027-01352,2026-10-22,TMS,Howrah–Santragachi,HWH–SRC,10.7,Track wear,Low,35,99,Track Gang,2026-11-04,high_defect_load,Pending
TRK-26027-01353,2026-10-22,TMS,Kharagpur–Gidni,KGP–GID,191.8,Track wear,High,76,86,Track Gang,2026-10-25,cross_department_cluster,Pending
TRK-26027-01354,2026-10-22,TMS,Howrah–Santragachi,HWH–SRC,9.8,Ballast issue,Low,24,168,Track Machine,2026-11-04,normal,Pending
TRK-26027-01355,2026-10-22,TMS,Kharagpur–Gidni,KGP–GID,170.0,Track geometry defect,Low,33,79,Track Machine,2026-10-27,cross_department_cluster,Pending
TRK-26027-01356,2026-10-22,TMS,Mecheda–Panskura,MCA–PKU,122.3,USFD-related inspection,Medium,58,46,Track Inspection Team,2026-10-26,high_defect_load,Pending
TRK-26027-01357,2026-10-22,TMS,Santragachi–Panskura,SRC–PKU,62.5,Rail defect,High,84,113,Track Machine,2026-10-24,normal,Pending
TRK-26027-01358,2026-10-22,TMS,Panskura–Kharagpur,PKU–KGP,128.1,Track geometry defect,Low,28,62,Track Machine,2026-11-03,normal,Pending
TRK-26027-01359,2026-10-22,TMS,Santragachi–Panskura,SRC–PKU,18.8,Preventive track maintenance,High,80,61,Track Gang,2026-10-25,cross_department_cluster,Pending
TRK-26027-01360,2026-10-22,TMS,Howrah–Santragachi,HWH–SRC,8.8,USFD-related inspection,Medium,57,64,Track Inspection Team,2026-10-27,mixed_realistic,Pending
TRK-26027-01361,2026-10-22,TMS,Howrah–Santragachi,HWH–SRC,9.2,Rail defect,High,79,145,Track Machine,2026-10-24,normal,Pending
TRK-26027-01362,2026-10-22,TMS,Howrah–Santragachi,HWH–SRC,5.1,Ballast issue,Medium,64,131,Track Machine,2026-10-26,normal,Pending
TRK-26027-01363,2026-10-22,TMS,Santragachi–Panskura,SRC–PKU,66.7,Track wear,Medium,60,107,Track Machine,2026-10-29,normal,Pending
TRK-26027-01364,2026-10-22,TMS,Panskura–Kharagpur,PKU–KGP,154.3,Rail defect,High,68,161,Track Gang,2026-10-25,mixed_realistic,Pending
TRK-26027-01365,2026-10-22,TMS,Mecheda–Panskura,MCA–PKU,115.1,Preventive track maintenance,Low,39,58,Track Machine,2026-11-01,normal,Pending
TRK-26027-01366,2026-10-23,TMS,Kharagpur–Gidni,KGP–GID,214.2,Ballast issue,Low,36,151,Track Machine,2026-10-29,mixed_realistic,Pending
TRK-26027-01367,2026-10-23,TMS,Panskura–Kharagpur,PKU–KGP,133.7,Track wear,Medium,48,64,Track Gang,2026-10-28,normal,Pending
TRK-26027-01368,2026-10-23,TMS,Kharagpur–Gidni,KGP–GID,202.9,USFD-related inspection,Low,34,84,Track Inspection Team,2026-10-30,cross_department_cluster,Pending
TRK-26027-01369,2026-10-23,TMS,Kharagpur–Gidni,KGP–GID,187.4,Ballast issue,High,75,64,Track Gang,2026-10-26,normal,Pending
TRK-26027-01370,2026-10-23,TMS,Santragachi–Panskura,SRC–PKU,52.7,USFD-related inspection,High,73,70,Track Inspection Team,2026-10-23,high_defect_load,Pending
TRK-26027-01371,2026-10-23,TMS,Santragachi–Panskura,SRC–PKU,80.0,Preventive track maintenance,Medium,48,60,Track Machine,2026-10-25,normal,Pending
TRK-26027-01372,2026-10-23,TMS,Howrah–Santragachi,HWH–SRC,8.3,Sleeper defect,Medium,45,110,Track Gang,2026-10-29,cross_department_cluster,Pending
TRK-26027-01373,2026-10-23,TMS,Howrah–Santragachi,HWH–SRC,11.3,USFD-related inspection,Low,23,62,Track Inspection Team,2026-11-01,cross_department_cluster,Pending
TRK-26027-01374,2026-10-23,TMS,Mecheda–Panskura,MCA–PKU,115.4,Preventive track maintenance,Medium,54,97,Rail Welding Team,2026-10-27,high_defect_load,Pending
TRK-26027-01375,2026-10-23,TMS,Panskura–Kharagpur,PKU–KGP,153.9,Ballast issue,Medium,44,134,Track Machine,2026-10-30,mixed_realistic,Pending
TRK-26027-01376,2026-10-23,TMS,Kharagpur–Gidni,KGP–GID,170.0,Sleeper defect,Medium,51,106,Track Gang,2026-10-30,cross_department_cluster,Pending
TRK-26027-01377,2026-10-23,TMS,Santragachi–Panskura,SRC–PKU,115.0,Sleeper defect,Medium,51,143,Track Gang,2026-10-27,cross_department_cluster,Pending
TRK-26027-01378,2026-10-23,TMS,Santragachi–Panskura,SRC–PKU,19.6,Rail defect,Critical,86,140,Track Machine,2026-10-23,high_conflict,Pending
TRK-26027-01379,2026-10-23,TMS,Howrah–Santragachi,HWH–SRC,0.8,Sleeper defect,Low,28,111,Track Gang,2026-11-04,mixed_realistic,Pending
TRK-26027-01380,2026-10-23,TMS,Santragachi–Panskura,SRC–PKU,95.8,Preventive track maintenance,High,73,72,Track Gang,2026-10-23,normal,Pending
TRK-26027-01381,2026-10-23,TMS,Howrah–Santragachi,HWH–SRC,0.3,Track geometry defect,Critical,98,68,Track Gang,2026-10-24,high_conflict,Pending
TRK-26027-01382,2026-10-23,TMS,Mecheda–Panskura,MCA–PKU,123.3,Preventive track maintenance,Low,15,55,Track Inspection Team,2026-11-05,cross_department_cluster,Pending
TRK-26027-01383,2026-10-23,TMS,Santragachi–Panskura,SRC–PKU,35.0,Track wear,Medium,46,98,Track Machine,2026-10-27,cross_department_cluster,Pending
TRK-26027-01384,2026-10-23,TMS,Panskura–Kharagpur,PKU–KGP,125.0,Preventive track maintenance,Medium,57,46,Track Inspection Team,2026-10-30,cross_department_cluster,Pending
TRK-26027-01385,2026-10-23,TMS,Santragachi–Panskura,SRC–PKU,84.2,Track wear,Low,30,102,Track Gang,2026-10-28,normal,Pending
TRK-26027-01386,2026-10-23,TMS,Howrah–Santragachi,HWH–SRC,7.8,Preventive track maintenance,Medium,55,86,Track Gang,2026-10-25,normal,Pending
TRK-26027-01387,2026-10-23,TMS,Santragachi–Panskura,SRC–PKU,86.2,Ballast issue,Medium,59,111,Track Gang,2026-10-25,normal,Pending
TRK-26027-01388,2026-10-23,TMS,Kharagpur–Gidni,KGP–GID,188.4,Sleeper defect,High,73,125,Track Gang,2026-10-24,cross_department_cluster,Pending
TRK-26027-01389,2026-10-23,TMS,Santragachi–Panskura,SRC–PKU,85.9,Preventive track maintenance,High,74,56,Track Inspection Team,2026-10-24,normal,Pending
TRK-26027-01390,2026-10-23,TMS,Mecheda–Panskura,MCA–PKU,121.7,USFD-related inspection,High,79,68,Track Inspection Team,2026-10-23,normal,Pending
TRK-26027-01391,2026-10-23,TMS,Howrah–Santragachi,HWH–SRC,0.9,Track geometry defect,High,76,70,Track Gang,2026-10-23,normal,Pending
TRK-26027-01392,2026-10-23,TMS,Kharagpur–Gidni,KGP–GID,170.0,Track geometry defect,Medium,56,68,Track Gang,2026-10-27,cross_department_cluster,Pending
TRK-26027-01393,2026-10-23,TMS,Howrah–Santragachi,HWH–SRC,12.0,Preventive track maintenance,Low,38,55,Track Gang,2026-11-01,cross_department_cluster,Pending
TRK-26027-01394,2026-10-23,TMS,Mecheda–Panskura,MCA–PKU,122.2,Track geometry defect,Medium,47,120,Track Gang,2026-10-28,normal,Pending
TRK-26027-01395,2026-10-23,TMS,Howrah–Santragachi,HWH–SRC,0.8,Track geometry defect,Low,28,85,Track Gang,2026-10-29,normal,Pending
TRK-26027-01396,2026-10-23,TMS,Mecheda–Panskura,MCA–PKU,122.5,Ballast issue,Medium,41,77,Track Machine,2026-10-28,normal,Pending
TRK-26027-01397,2026-10-23,TMS,Santragachi–Panskura,SRC–PKU,61.9,Track geometry defect,High,67,101,Track Machine,2026-10-25,cross_department_cluster,Pending
TRK-26027-01398,2026-10-23,TMS,Kharagpur–Gidni,KGP–GID,214.4,Preventive track maintenance,Medium,64,63,Track Inspection Team,2026-10-30,high_defect_load,Pending
TRK-26027-01399,2026-10-23,TMS,Panskura–Kharagpur,PKU–KGP,126.7,USFD-related inspection,Low,28,50,Track Inspection Team,2026-11-03,normal,Pending
TRK-26027-01400,2026-10-23,TMS,Panskura–Kharagpur,PKU–KGP,125.1,Sleeper defect,Medium,51,146,Track Machine,2026-10-29,cross_department_cluster,Pending
TRK-26027-01401,2026-10-23,TMS,Mecheda–Panskura,MCA–PKU,124.2,Track wear,Low,33,98,Track Machine,2026-10-31,mixed_realistic,Pending
TRK-26027-01402,2026-10-23,TMS,Howrah–Santragachi,HWH–SRC,4.9,Preventive track maintenance,Low,15,110,Track Inspection Team,2026-11-03,normal,Pending
TRK-26027-01403,2026-10-23,TMS,Howrah–Santragachi,HWH–SRC,3.7,USFD-related inspection,Medium,41,57,Track Inspection Team,2026-10-26,normal,Pending
TRK-26027-01404,2026-10-23,TMS,Kharagpur–Gidni,KGP–GID,175.9,Rail defect,Low,33,169,Track Machine,2026-11-04,high_defect_load,Pending
TRK-26027-01405,2026-10-23,TMS,Santragachi–Panskura,SRC–PKU,84.7,USFD-related inspection,Medium,54,56,Track Inspection Team,2026-10-29,normal,Pending
TRK-26027-01406,2026-10-23,TMS,Mecheda–Panskura,MCA–PKU,125.0,USFD-related inspection,Medium,52,76,Track Inspection Team,2026-10-30,cross_department_cluster,Pending
TRK-26027-01407,2026-10-23,TMS,Mecheda–Panskura,MCA–PKU,115.6,Sleeper defect,Medium,51,100,Track Gang,2026-10-28,normal,Pending
TRK-26027-01408,2026-10-23,TMS,Kharagpur–Gidni,KGP–GID,200.8,Preventive track maintenance,Low,38,56,Rail Welding Team,2026-11-03,normal,Pending
TRK-26027-01409,2026-10-23,TMS,Panskura–Kharagpur,PKU–KGP,136.6,Sleeper defect,Low,34,150,Track Machine,2026-11-04,normal,Pending
TRK-26027-01410,2026-10-23,TMS,Kharagpur–Gidni,KGP–GID,211.3,Sleeper defect,Low,24,98,Track Machine,2026-11-02,mixed_realistic,Pending
TRK-26027-01411,2026-10-23,TMS,Kharagpur–Gidni,KGP–GID,180.6,Track wear,Medium,49,118,Track Machine,2026-10-30,mixed_realistic,Pending
TRK-26027-01412,2026-10-23,TMS,Mecheda–Panskura,MCA–PKU,115.9,Track wear,Medium,60,67,Track Machine,2026-10-28,normal,Pending
TRK-26027-01413,2026-10-23,TMS,Howrah–Santragachi,HWH–SRC,1.2,Sleeper defect,Medium,51,142,Track Machine,2026-10-27,mixed_realistic,Pending
TRK-26027-01414,2026-10-23,TMS,Santragachi–Panskura,SRC–PKU,31.9,Ballast issue,Medium,41,63,Track Gang,2026-10-30,normal,Pending
TRK-26027-01415,2026-10-23,TMS,Kharagpur–Gidni,KGP–GID,183.5,Preventive track maintenance,Low,29,88,Rail Welding Team,2026-10-29,cross_department_cluster,Pending
TRK-26027-01416,2026-10-23,TMS,Kharagpur–Gidni,KGP–GID,170.0,Track geometry defect,Low,16,79,Track Gang,2026-11-04,cross_department_cluster,Pending
TRK-26027-01417,2026-10-23,TMS,Mecheda–Panskura,MCA–PKU,115.1,Sleeper defect,Low,16,109,Track Machine,2026-11-01,normal,Pending
TRK-26027-01418,2026-10-23,TMS,Mecheda–Panskura,MCA–PKU,119.9,Ballast issue,High,80,164,Track Gang,2026-10-25,cross_department_cluster,Pending
TRK-26027-01419,2026-10-23,TMS,Panskura–Kharagpur,PKU–KGP,129.2,Track wear,Medium,42,79,Track Gang,2026-10-26,mixed_realistic,Pending
TRK-26027-01420,2026-10-23,TMS,Howrah–Santragachi,HWH–SRC,7.9,Ballast issue,Low,16,148,Track Gang,2026-11-01,normal,Pending
TRK-26027-01421,2026-10-23,TMS,Howrah–Santragachi,HWH–SRC,8.0,Track wear,Low,24,100,Track Gang,2026-11-01,normal,Pending
TRK-26027-01422,2026-10-23,TMS,Mecheda–Panskura,MCA–PKU,125.0,Sleeper defect,Medium,63,101,Track Machine,2026-10-30,cross_department_cluster,Pending
TRK-26027-01423,2026-10-23,TMS,Howrah–Santragachi,HWH–SRC,5.0,Track geometry defect,Medium,44,80,Track Gang,2026-10-26,normal,Pending
TRK-26027-01424,2026-10-23,TMS,Kharagpur–Gidni,KGP–GID,170.0,Track wear,Low,22,74,Track Machine,2026-10-31,cross_department_cluster,Pending
TRK-26027-01425,2026-10-23,TMS,Mecheda–Panskura,MCA–PKU,116.9,Track geometry defect,Low,29,91,Track Machine,2026-10-28,mixed_realistic,Pending
TRK-26027-01426,2026-10-23,TMS,Panskura–Kharagpur,PKU–KGP,160.5,Ballast issue,High,68,62,Track Gang,2026-10-23,mixed_realistic,Pending
TRK-26027-01427,2026-10-23,TMS,Kharagpur–Gidni,KGP–GID,214.8,Track wear,Medium,59,96,Track Gang,2026-10-27,cross_department_cluster,Pending
TRK-26027-01428,2026-10-23,TMS,Mecheda–Panskura,MCA–PKU,119.8,Track geometry defect,Medium,50,72,Track Gang,2026-10-25,high_defect_load,Pending
TRK-26027-01429,2026-10-23,TMS,Mecheda–Panskura,MCA–PKU,121.8,Ballast issue,Medium,41,125,Track Gang,2026-10-27,normal,Pending
TRK-26027-01430,2026-10-23,TMS,Panskura–Kharagpur,PKU–KGP,149.3,Track geometry defect,Medium,56,112,Track Machine,2026-10-29,mixed_realistic,Pending
TRK-26027-01431,2026-10-24,TMS,Santragachi–Panskura,SRC–PKU,44.7,USFD-related inspection,Low,38,84,Track Inspection Team,2026-11-05,normal,Pending
TRK-26027-01432,2026-10-24,TMS,Panskura–Kharagpur,PKU–KGP,157.9,Ballast issue,High,72,76,Track Gang,2026-10-25,cross_department_cluster,Pending
TRK-26027-01433,2026-10-24,TMS,Mecheda–Panskura,MCA–PKU,123.3,Rail defect,Low,33,123,Track Gang,2026-10-29,mixed_realistic,Pending
TRK-26027-01434,2026-10-24,TMS,Santragachi–Panskura,SRC–PKU,103.9,Ballast issue,Medium,61,157,Track Gang,2026-10-26,cross_department_cluster,Pending
TRK-26027-01435,2026-10-24,TMS,Santragachi–Panskura,SRC–PKU,73.4,Rail defect,Low,21,154,Track Machine,2026-11-06,normal,Pending
TRK-26027-01436,2026-10-24,TMS,Mecheda–Panskura,MCA–PKU,118.4,Rail defect,High,73,92,Track Gang,2026-10-27,mixed_realistic,Pending
TRK-26027-01437,2026-10-24,TMS,Kharagpur–Gidni,KGP–GID,170.0,Preventive track maintenance,Low,23,60,Rail Welding Team,2026-11-01,cross_department_cluster,Pending
TRK-26027-01438,2026-10-24,TMS,Howrah–Santragachi,HWH–SRC,12.0,Rail defect,Medium,55,176,Track Gang,2026-10-26,cross_department_cluster,Pending
TRK-26027-01439,2026-10-24,TMS,Howrah–Santragachi,HWH–SRC,1.1,USFD-related inspection,Low,17,69,Track Inspection Team,2026-11-03,normal,Pending
TRK-26027-01440,2026-10-24,TMS,Kharagpur–Gidni,KGP–GID,173.8,USFD-related inspection,High,74,49,Track Inspection Team,2026-10-24,high_defect_load,Pending
TRK-26027-01441,2026-10-24,TMS,Panskura–Kharagpur,PKU–KGP,165.0,Ballast issue,Medium,47,160,Track Machine,2026-10-28,normal,Pending
TRK-26027-01442,2026-10-24,TMS,Kharagpur–Gidni,KGP–GID,198.2,USFD-related inspection,Low,37,73,Track Inspection Team,2026-10-30,cross_department_cluster,Pending
TRK-26027-01443,2026-10-24,TMS,Mecheda–Panskura,MCA–PKU,119.2,USFD-related inspection,High,81,62,Track Inspection Team,2026-10-27,normal,Pending
TRK-26027-01444,2026-10-24,TMS,Kharagpur–Gidni,KGP–GID,181.7,Sleeper defect,Low,15,138,Track Gang,2026-11-02,normal,Pending
TRK-26027-01445,2026-10-24,TMS,Panskura–Kharagpur,PKU–KGP,125.0,Rail defect,High,84,132,Track Gang,2026-10-25,cross_department_cluster,Pending
TRK-26027-01446,2026-10-24,TMS,Santragachi–Panskura,SRC–PKU,106.5,Sleeper defect,Medium,56,108,Track Machine,2026-10-30,normal,Pending
TRK-26027-01447,2026-10-24,TMS,Kharagpur–Gidni,KGP–GID,201.8,Track wear,Medium,62,89,Track Machine,2026-10-31,cross_department_cluster,Pending
TRK-26027-01448,2026-10-24,TMS,Kharagpur–Gidni,KGP–GID,173.0,Rail defect,Low,39,114,Track Gang,2026-11-04,normal,Pending
TRK-26027-01449,2026-10-24,TMS,Kharagpur–Gidni,KGP–GID,173.6,Track geometry defect,Low,17,116,Track Machine,2026-10-30,normal,Pending
TRK-26027-01450,2026-10-24,TMS,Kharagpur–Gidni,KGP–GID,202.6,Preventive track maintenance,Medium,45,46,Track Gang,2026-10-29,normal,Pending
TRK-26027-01451,2026-10-24,TMS,Howrah–Santragachi,HWH–SRC,9.3,Rail defect,Critical,94,113,Track Gang,2026-10-24,critical_defect,Pending
TRK-26027-01452,2026-10-24,TMS,Mecheda–Panskura,MCA–PKU,116.6,Track geometry defect,Low,22,82,Track Machine,2026-11-02,normal,Pending
TRK-26027-01453,2026-10-24,TMS,Howrah–Santragachi,HWH–SRC,9.8,Sleeper defect,Medium,62,63,Track Machine,2026-10-30,cross_department_cluster,Pending
TRK-26027-01454,2026-10-24,TMS,Howrah–Santragachi,HWH–SRC,10.4,Sleeper defect,Low,18,69,Track Machine,2026-11-02,mixed_realistic,Pending
TRK-26027-01455,2026-10-24,TMS,Kharagpur–Gidni,KGP–GID,184.1,USFD-related inspection,High,65,56,Track Inspection Team,2026-10-27,cross_department_cluster,Pending
TRK-26027-01456,2026-10-24,TMS,Howrah–Santragachi,HWH–SRC,12.0,Ballast issue,Medium,41,98,Track Gang,2026-10-29,cross_department_cluster,Pending
TRK-26027-01457,2026-10-24,TMS,Panskura–Kharagpur,PKU–KGP,160.3,Track geometry defect,Low,28,109,Track Machine,2026-11-06,mixed_realistic,Pending
TRK-26027-01458,2026-10-24,TMS,Santragachi–Panskura,SRC–PKU,103.3,Ballast issue,Low,25,118,Track Machine,2026-11-07,normal,Pending
TRK-26027-01459,2026-10-24,TMS,Howrah–Santragachi,HWH–SRC,12.0,Ballast issue,Medium,63,113,Track Gang,2026-10-27,cross_department_cluster,Pending
TRK-26027-01460,2026-10-24,TMS,Howrah–Santragachi,HWH–SRC,0.7,USFD-related inspection,Medium,63,49,Track Inspection Team,2026-10-28,normal,Pending
TRK-26027-01461,2026-10-24,TMS,Mecheda–Panskura,MCA–PKU,118.6,Track geometry defect,Medium,53,116,Track Gang,2026-10-29,normal,Pending
TRK-26027-01462,2026-10-24,TMS,Kharagpur–Gidni,KGP–GID,196.2,Ballast issue,Low,32,156,Track Gang,2026-10-29,normal,Pending
TRK-26027-01463,2026-10-24,TMS,Kharagpur–Gidni,KGP–GID,206.5,Track geometry defect,Low,18,75,Track Machine,2026-11-07,normal,Pending
TRK-26027-01464,2026-10-24,TMS,Santragachi–Panskura,SRC–PKU,69.6,Rail defect,High,74,113,Track Machine,2026-10-27,mixed_realistic,Pending
TRK-26027-01465,2026-10-24,TMS,Kharagpur–Gidni,KGP–GID,176.0,Sleeper defect,Medium,57,119,Track Machine,2026-10-26,normal,Pending
TRK-26027-01466,2026-10-24,TMS,Kharagpur–Gidni,KGP–GID,188.8,Track wear,Medium,58,101,Track Machine,2026-10-27,mixed_realistic,Pending
TRK-26027-01467,2026-10-24,TMS,Mecheda–Panskura,MCA–PKU,117.9,Track wear,High,72,110,Track Gang,2026-10-26,normal,Pending
TRK-26027-01468,2026-10-24,TMS,Mecheda–Panskura,MCA–PKU,117.3,Ballast issue,Medium,45,82,Track Machine,2026-10-26,mixed_realistic,Pending
TRK-26027-01469,2026-10-24,TMS,Santragachi–Panskura,SRC–PKU,92.0,Track wear,Medium,63,107,Track Machine,2026-10-28,normal,Pending
TRK-26027-01470,2026-10-24,TMS,Mecheda–Panskura,MCA–PKU,122.1,Sleeper defect,High,65,133,Track Machine,2026-10-25,normal,Pending
TRK-26027-01471,2026-10-24,TMS,Kharagpur–Gidni,KGP–GID,176.0,Preventive track maintenance,Low,16,71,Track Machine,2026-10-30,normal,Pending
TRK-26027-01472,2026-10-24,TMS,Panskura–Kharagpur,PKU–KGP,134.0,USFD-related inspection,Medium,55,70,Track Inspection Team,2026-10-27,normal,Pending
TRK-26027-01473,2026-10-24,TMS,Mecheda–Panskura,MCA–PKU,116.0,Rail defect,Low,21,110,Track Gang,2026-11-05,normal,Pending
TRK-26027-01474,2026-10-24,TMS,Howrah–Santragachi,HWH–SRC,1.5,Preventive track maintenance,High,65,116,Track Inspection Team,2026-10-26,normal,Pending
TRK-26027-01475,2026-10-24,TMS,Howrah–Santragachi,HWH–SRC,5.3,Preventive track maintenance,Low,33,75,Track Inspection Team,2026-11-05,normal,Pending
TRK-26027-01476,2026-10-24,TMS,Mecheda–Panskura,MCA–PKU,119.1,Track wear,Low,19,93,Track Gang,2026-10-31,normal,Pending
TRK-26027-01477,2026-10-24,TMS,Mecheda–Panskura,MCA–PKU,120.6,Rail defect,Medium,41,130,Track Gang,2026-10-26,normal,Pending
TRK-26027-01478,2026-10-24,TMS,Santragachi–Panskura,SRC–PKU,28.4,Track wear,Low,23,63,Track Gang,2026-11-05,normal,Pending
TRK-26027-01479,2026-10-24,TMS,Mecheda–Panskura,MCA–PKU,115.7,Track wear,Low,28,65,Track Machine,2026-11-06,high_defect_load,Pending
TRK-26027-01480,2026-10-24,TMS,Mecheda–Panskura,MCA–PKU,120.2,Track geometry defect,High,83,113,Track Gang,2026-10-25,normal,Pending
TRK-26027-01481,2026-10-24,TMS,Howrah–Santragachi,HWH–SRC,9.6,Sleeper defect,Medium,61,134,Track Machine,2026-10-28,normal,Pending
TRK-26027-01482,2026-10-24,TMS,Panskura–Kharagpur,PKU–KGP,163.7,Ballast issue,Medium,46,150,Track Gang,2026-10-26,normal,Pending
TRK-26027-01483,2026-10-24,TMS,Howrah–Santragachi,HWH–SRC,7.8,Sleeper defect,Medium,44,94,Track Machine,2026-10-27,normal,Pending
TRK-26027-01484,2026-10-24,TMS,Kharagpur–Gidni,KGP–GID,179.9,Rail defect,Medium,46,108,Track Gang,2026-10-27,normal,Pending
TRK-26027-01485,2026-10-24,TMS,Howrah–Santragachi,HWH–SRC,8.7,Sleeper defect,Medium,53,120,Track Machine,2026-10-29,cross_department_cluster,Pending
TRK-26027-01486,2026-10-24,TMS,Santragachi–Panskura,SRC–PKU,110.8,Track geometry defect,Low,36,65,Track Machine,2026-11-01,normal,Pending
TRK-26027-01487,2026-10-24,TMS,Panskura–Kharagpur,PKU–KGP,129.7,Track geometry defect,Low,25,108,Track Machine,2026-10-31,normal,Pending
TRK-26027-01488,2026-10-24,TMS,Santragachi–Panskura,SRC–PKU,50.2,Preventive track maintenance,Medium,58,120,Track Gang,2026-10-30,mixed_realistic,Pending
TRK-26027-01489,2026-10-24,TMS,Kharagpur–Gidni,KGP–GID,170.0,Preventive track maintenance,High,74,88,Track Machine,2026-10-27,cross_department_cluster,Pending
TRK-26027-01490,2026-10-24,TMS,Mecheda–Panskura,MCA–PKU,118.9,Rail defect,High,76,152,Track Gang,2026-10-24,normal,Pending
TRK-26027-01491,2026-10-24,TMS,Howrah–Santragachi,HWH–SRC,3.7,Rail defect,Low,19,149,Track Machine,2026-11-03,normal,Pending
TRK-26027-01492,2026-10-24,TMS,Panskura–Kharagpur,PKU–KGP,144.0,USFD-related inspection,Medium,42,54,Track Inspection Team,2026-10-27,normal,Pending
TRK-26027-01493,2026-10-24,TMS,Panskura–Kharagpur,PKU–KGP,130.7,Ballast issue,Low,33,164,Track Machine,2026-11-07,cross_department_cluster,Pending
TRK-26027-01494,2026-10-24,TMS,Santragachi–Panskura,SRC–PKU,28.2,Rail defect,Low,39,101,Track Gang,2026-11-02,normal,Pending
TRK-26027-01495,2026-10-24,TMS,Kharagpur–Gidni,KGP–GID,213.8,Track geometry defect,Medium,61,76,Track Machine,2026-10-31,mixed_realistic,Pending
TRK-26027-01496,2026-10-25,TMS,Mecheda–Panskura,MCA–PKU,125.0,Preventive track maintenance,Low,36,54,Track Inspection Team,2026-11-03,cross_department_cluster,Pending
TRK-26027-01497,2026-10-25,TMS,Kharagpur–Gidni,KGP–GID,204.9,Preventive track maintenance,High,76,70,Track Machine,2026-10-27,cross_department_cluster,Pending
TRK-26027-01498,2026-10-25,TMS,Panskura–Kharagpur,PKU–KGP,128.8,Rail defect,Low,21,158,Track Machine,2026-11-08,normal,Pending
TRK-26027-01499,2026-10-25,TMS,Panskura–Kharagpur,PKU–KGP,136.1,Sleeper defect,Critical,86,56,Track Machine,2026-10-26,critical_defect,Pending
TRK-26027-01500,2026-10-25,TMS,Howrah–Santragachi,HWH–SRC,12.0,Sleeper defect,High,65,138,Track Gang,2026-10-27,cross_department_cluster,Pending
TRK-26027-01501,2026-10-25,TMS,Panskura–Kharagpur,PKU–KGP,129.7,Sleeper defect,Low,32,86,Track Gang,2026-11-08,normal,Pending
TRK-26027-01502,2026-10-25,TMS,Howrah–Santragachi,HWH–SRC,3.4,Preventive track maintenance,Low,36,81,Track Inspection Team,2026-11-01,normal,Pending
TRK-26027-01503,2026-10-25,TMS,Howrah–Santragachi,HWH–SRC,5.1,Track wear,Low,32,103,Track Machine,2026-11-08,normal,Pending
TRK-26027-01504,2026-10-25,TMS,Howrah–Santragachi,HWH–SRC,5.2,USFD-related inspection,Medium,58,49,Track Inspection Team,2026-10-29,normal,Pending
TRK-26027-01505,2026-10-25,TMS,Kharagpur–Gidni,KGP–GID,208.0,Track wear,Low,27,85,Track Gang,2026-10-30,normal,Pending
TRK-26027-01506,2026-10-25,TMS,Mecheda–Panskura,MCA–PKU,121.3,Track wear,Medium,50,104,Track Machine,2026-10-27,normal,Pending
TRK-26027-01507,2026-10-25,TMS,Kharagpur–Gidni,KGP–GID,181.7,Ballast issue,High,67,61,Track Gang,2026-10-27,normal,Pending
TRK-26027-01508,2026-10-25,TMS,Santragachi–Panskura,SRC–PKU,113.1,USFD-related inspection,Medium,55,46,Track Inspection Team,2026-10-29,normal,Pending
TRK-26027-01509,2026-10-25,TMS,Kharagpur–Gidni,KGP–GID,212.2,Preventive track maintenance,High,79,105,Track Gang,2026-10-27,normal,Pending
TRK-26027-01510,2026-10-25,TMS,Santragachi–Panskura,SRC–PKU,28.2,Sleeper defect,Low,31,138,Track Gang,2026-11-05,normal,Pending
TRK-26027-01511,2026-10-25,TMS,Kharagpur–Gidni,KGP–GID,194.8,Sleeper defect,Critical,96,95,Track Gang,2026-10-25,critical_defect,Pending
TRK-26027-01512,2026-10-25,TMS,Kharagpur–Gidni,KGP–GID,198.0,Track geometry defect,Medium,55,69,Track Machine,2026-10-29,normal,Pending
TRK-26027-01513,2026-10-25,TMS,Santragachi–Panskura,SRC–PKU,99.1,Track geometry defect,Low,28,63,Track Gang,2026-11-01,mixed_realistic,Pending
TRK-26027-01514,2026-10-25,TMS,Howrah–Santragachi,HWH–SRC,7.1,USFD-related inspection,Medium,54,88,Track Inspection Team,2026-10-29,high_defect_load,Pending
TRK-26027-01515,2026-10-25,TMS,Kharagpur–Gidni,KGP–GID,212.3,Rail defect,High,81,136,Track Gang,2026-10-25,normal,Pending
TRK-26027-01516,2026-10-25,TMS,Santragachi–Panskura,SRC–PKU,112.7,Track geometry defect,Medium,51,115,Track Gang,2026-10-29,mixed_realistic,Pending
TRK-26027-01517,2026-10-25,TMS,Kharagpur–Gidni,KGP–GID,172.1,USFD-related inspection,Medium,42,71,Track Inspection Team,2026-11-01,high_defect_load,Pending
TRK-26027-01518,2026-10-25,TMS,Santragachi–Panskura,SRC–PKU,42.2,Rail defect,Critical,87,125,Track Gang,2026-10-25,critical_defect,Pending
TRK-26027-01519,2026-10-25,TMS,Panskura–Kharagpur,PKU–KGP,132.6,Track wear,Low,38,111,Track Gang,2026-11-06,normal,Pending
TRK-26027-01520,2026-10-25,TMS,Kharagpur–Gidni,KGP–GID,203.2,Preventive track maintenance,Medium,64,65,Track Machine,2026-10-28,normal,Pending
TRK-26027-01521,2026-10-25,TMS,Panskura–Kharagpur,PKU–KGP,128.8,Track wear,High,75,96,Track Gang,2026-10-26,cross_department_cluster,Pending
TRK-26027-01522,2026-10-25,TMS,Kharagpur–Gidni,KGP–GID,201.0,Preventive track maintenance,Medium,40,90,Rail Welding Team,2026-10-30,normal,Pending
TRK-26027-01523,2026-10-25,TMS,Howrah–Santragachi,HWH–SRC,11.6,Ballast issue,Low,34,176,Track Machine,2026-11-08,normal,Pending
TRK-26027-01524,2026-10-25,TMS,Panskura–Kharagpur,PKU–KGP,131.0,Preventive track maintenance,Medium,62,65,Track Gang,2026-10-27,normal,Pending
TRK-26027-01525,2026-10-25,TMS,Mecheda–Panskura,MCA–PKU,116.9,Preventive track maintenance,Low,15,76,Track Inspection Team,2026-10-30,cross_department_cluster,Pending
TRK-26027-01526,2026-10-25,TMS,Mecheda–Panskura,MCA–PKU,121.7,Ballast issue,Critical,96,135,Track Gang,2026-10-25,critical_defect,Pending
TRK-26027-01527,2026-10-25,TMS,Panskura–Kharagpur,PKU–KGP,145.1,Ballast issue,Medium,46,167,Track Machine,2026-10-29,normal,Pending
TRK-26027-01528,2026-10-25,TMS,Howrah–Santragachi,HWH–SRC,2.9,USFD-related inspection,Medium,64,57,Track Inspection Team,2026-10-30,mixed_realistic,Pending
TRK-26027-01529,2026-10-25,TMS,Howrah–Santragachi,HWH–SRC,0.1,USFD-related inspection,Medium,57,46,Track Inspection Team,2026-10-29,high_defect_load,Pending
TRK-26027-01530,2026-10-25,TMS,Mecheda–Panskura,MCA–PKU,121.0,Rail defect,Low,17,115,Track Machine,2026-11-03,mixed_realistic,Pending
TRK-26027-01531,2026-10-25,TMS,Santragachi–Panskura,SRC–PKU,29.3,USFD-related inspection,High,65,79,Track Inspection Team,2026-10-27,normal,Pending
TRK-26027-01532,2026-10-25,TMS,Santragachi–Panskura,SRC–PKU,70.3,Sleeper defect,Medium,61,146,Track Machine,2026-11-01,normal,Pending
TRK-26027-01533,2026-10-25,TMS,Santragachi–Panskura,SRC–PKU,49.8,Ballast issue,Medium,52,89,Track Gang,2026-10-27,normal,Pending
TRK-26027-01534,2026-10-25,TMS,Howrah–Santragachi,HWH–SRC,0.5,USFD-related inspection,High,70,81,Track Inspection Team,2026-10-27,mixed_realistic,Pending
TRK-26027-01535,2026-10-25,TMS,Howrah–Santragachi,HWH–SRC,12.0,USFD-related inspection,Low,21,89,Track Inspection Team,2026-11-08,cross_department_cluster,Pending
TRK-26027-01536,2026-10-25,TMS,Kharagpur–Gidni,KGP–GID,214.9,Sleeper defect,Medium,48,85,Track Machine,2026-11-01,cross_department_cluster,Pending
TRK-26027-01537,2026-10-25,TMS,Howrah–Santragachi,HWH–SRC,2.0,Sleeper defect,Low,22,85,Track Gang,2026-11-03,mixed_realistic,Pending
TRK-26027-01538,2026-10-25,TMS,Kharagpur–Gidni,KGP–GID,183.6,Rail defect,Critical,89,92,Track Machine,2026-10-25,mixed_realistic,Pending
TRK-26027-01539,2026-10-25,TMS,Kharagpur–Gidni,KGP–GID,170.0,Preventive track maintenance,Medium,53,114,Track Machine,2026-10-30,cross_department_cluster,Pending
TRK-26027-01540,2026-10-25,TMS,Kharagpur–Gidni,KGP–GID,209.7,Rail defect,High,69,92,Track Gang,2026-10-26,normal,Pending
TRK-26027-01541,2026-10-25,TMS,Howrah–Santragachi,HWH–SRC,9.4,USFD-related inspection,Low,24,46,Track Inspection Team,2026-11-02,normal,Pending
TRK-26027-01542,2026-10-25,TMS,Santragachi–Panskura,SRC–PKU,35.8,Ballast issue,High,66,160,Track Machine,2026-10-26,high_defect_load,Pending
TRK-26027-01543,2026-10-25,TMS,Santragachi–Panskura,SRC–PKU,115.0,Track geometry defect,Low,21,85,Track Gang,2026-10-30,cross_department_cluster,Pending
TRK-26027-01544,2026-10-25,TMS,Kharagpur–Gidni,KGP–GID,203.2,USFD-related inspection,Low,20,82,Track Inspection Team,2026-11-03,normal,Pending
TRK-26027-01545,2026-10-25,TMS,Panskura–Kharagpur,PKU–KGP,132.8,Track geometry defect,Low,32,92,Track Gang,2026-11-06,mixed_realistic,Pending
TRK-26027-01546,2026-10-25,TMS,Howrah–Santragachi,HWH–SRC,4.2,Rail defect,Critical,96,85,Track Gang,2026-10-25,mixed_realistic,Pending
TRK-26027-01547,2026-10-25,TMS,Kharagpur–Gidni,KGP–GID,170.6,Rail defect,High,82,158,Track Machine,2026-10-26,mixed_realistic,Pending
TRK-26027-01548,2026-10-25,TMS,Howrah–Santragachi,HWH–SRC,5.5,Sleeper defect,High,82,133,Track Machine,2026-10-26,mixed_realistic,Pending
TRK-26027-01549,2026-10-25,TMS,Mecheda–Panskura,MCA–PKU,124.6,Rail defect,High,67,116,Track Machine,2026-10-25,normal,Pending
TRK-26027-01550,2026-10-25,TMS,Mecheda–Panskura,MCA–PKU,116.7,Track wear,Low,25,90,Track Gang,2026-11-03,cross_department_cluster,Pending
TRK-26027-01551,2026-10-25,TMS,Kharagpur–Gidni,KGP–GID,172.4,USFD-related inspection,Low,30,75,Track Inspection Team,2026-11-06,normal,Pending
TRK-26027-01552,2026-10-25,TMS,Santragachi–Panskura,SRC–PKU,48.4,Track wear,Medium,53,67,Track Machine,2026-10-30,normal,Pending
TRK-26027-01553,2026-10-25,TMS,Kharagpur–Gidni,KGP–GID,170.0,Rail defect,Low,36,138,Track Machine,2026-11-04,cross_department_cluster,Pending
TRK-26027-01554,2026-10-25,TMS,Mecheda–Panskura,MCA–PKU,116.9,Ballast issue,Low,32,172,Track Machine,2026-11-03,normal,Pending
TRK-26027-01555,2026-10-25,TMS,Mecheda–Panskura,MCA–PKU,119.8,Rail defect,Medium,54,91,Track Machine,2026-10-28,normal,Pending
TRK-26027-01556,2026-10-25,TMS,Panskura–Kharagpur,PKU–KGP,169.3,Ballast issue,Medium,63,172,Track Gang,2026-10-29,normal,Pending
TRK-26027-01557,2026-10-25,TMS,Kharagpur–Gidni,KGP–GID,201.5,Track geometry defect,Low,39,100,Track Machine,2026-10-31,high_defect_load,Pending
TRK-26027-01558,2026-10-25,TMS,Howrah–Santragachi,HWH–SRC,9.9,Ballast issue,Medium,42,83,Track Machine,2026-10-30,normal,Pending
TRK-26027-01559,2026-10-25,TMS,Mecheda–Panskura,MCA–PKU,122.5,Preventive track maintenance,Medium,49,63,Track Gang,2026-10-30,normal,Pending
TRK-26027-01560,2026-10-25,TMS,Mecheda–Panskura,MCA–PKU,123.6,Track wear,Low,25,79,Track Machine,2026-11-01,mixed_realistic,Pending
TRK-26027-01561,2026-10-26,TMS,Howrah–Santragachi,HWH–SRC,12.0,Sleeper defect,High,76,67,Track Gang,2026-10-26,cross_department_cluster,Pending
TRK-26027-01562,2026-10-26,TMS,Panskura–Kharagpur,PKU–KGP,125.2,Ballast issue,Medium,63,77,Track Gang,2026-11-02,mixed_realistic,Pending
TRK-26027-01563,2026-10-26,TMS,Kharagpur–Gidni,KGP–GID,188.3,USFD-related inspection,Medium,64,50,Track Inspection Team,2026-10-29,high_defect_load,Pending
TRK-26027-01564,2026-10-26,TMS,Mecheda–Panskura,MCA–PKU,120.3,Track geometry defect,Low,21,66,Track Machine,2026-11-04,cross_department_cluster,Pending
TRK-26027-01565,2026-10-26,TMS,Kharagpur–Gidni,KGP–GID,209.3,USFD-related inspection,Medium,53,79,Track Inspection Team,2026-10-31,high_defect_load,Pending
TRK-26027-01566,2026-10-26,TMS,Mecheda–Panskura,MCA–PKU,120.1,Ballast issue,High,78,171,Track Gang,2026-10-28,high_defect_load,Pending
TRK-26027-01567,2026-10-26,TMS,Kharagpur–Gidni,KGP–GID,183.3,Ballast issue,Medium,42,172,Track Machine,2026-10-28,normal,Pending
TRK-26027-01568,2026-10-26,TMS,Mecheda–Panskura,MCA–PKU,124.2,Sleeper defect,Medium,54,94,Track Machine,2026-11-01,cross_department_cluster,Pending
TRK-26027-01569,2026-10-26,TMS,Mecheda–Panskura,MCA–PKU,115.6,Track wear,High,82,118,Track Machine,2026-10-27,high_defect_load,Pending
TRK-26027-01570,2026-10-26,TMS,Mecheda–Panskura,MCA–PKU,122.5,Preventive track maintenance,Low,26,52,Track Gang,2026-11-09,normal,Pending
TRK-26027-01571,2026-10-26,TMS,Kharagpur–Gidni,KGP–GID,209.3,Track geometry defect,Low,23,66,Track Gang,2026-10-31,normal,Pending
TRK-26027-01572,2026-10-26,TMS,Mecheda–Panskura,MCA–PKU,118.1,USFD-related inspection,Low,29,56,Track Inspection Team,2026-11-02,normal,Pending
TRK-26027-01573,2026-10-26,TMS,Panskura–Kharagpur,PKU–KGP,127.1,USFD-related inspection,Medium,42,59,Track Inspection Team,2026-10-28,mixed_realistic,Pending
TRK-26027-01574,2026-10-26,TMS,Howrah–Santragachi,HWH–SRC,0.6,Track geometry defect,Low,15,69,Track Gang,2026-11-09,high_defect_load,Pending
TRK-26027-01575,2026-10-26,TMS,Panskura–Kharagpur,PKU–KGP,126.7,Track geometry defect,Low,25,80,Track Gang,2026-10-31,high_defect_load,Pending
TRK-26027-01576,2026-10-26,TMS,Kharagpur–Gidni,KGP–GID,170.4,Preventive track maintenance,Medium,63,70,Rail Welding Team,2026-10-29,normal,Pending
TRK-26027-01577,2026-10-26,TMS,Kharagpur–Gidni,KGP–GID,213.5,Track wear,Medium,44,73,Track Machine,2026-11-01,normal,Pending
TRK-26027-01578,2026-10-26,TMS,Kharagpur–Gidni,KGP–GID,197.4,Rail defect,Low,19,169,Track Machine,2026-11-06,normal,Pending
TRK-26027-01579,2026-10-26,TMS,Mecheda–Panskura,MCA–PKU,123.0,Sleeper defect,Low,24,85,Track Machine,2026-11-08,cross_department_cluster,Pending
TRK-26027-01580,2026-10-26,TMS,Howrah–Santragachi,HWH–SRC,2.2,Sleeper defect,Medium,53,139,Track Machine,2026-10-30,normal,Pending
TRK-26027-01581,2026-10-26,TMS,Kharagpur–Gidni,KGP–GID,170.0,Sleeper defect,High,76,144,Track Gang,2026-10-27,cross_department_cluster,Pending
TRK-26027-01582,2026-10-26,TMS,Panskura–Kharagpur,PKU–KGP,164.6,Ballast issue,High,69,170,Track Machine,2026-10-26,normal,Pending
TRK-26027-01583,2026-10-26,TMS,Kharagpur–Gidni,KGP–GID,174.0,Rail defect,Low,22,149,Track Gang,2026-11-05,mixed_realistic,Pending
TRK-26027-01584,2026-10-26,TMS,Panskura–Kharagpur,PKU–KGP,164.4,Preventive track maintenance,Low,35,68,Rail Welding Team,2026-11-09,cross_department_cluster,Pending
TRK-26027-01585,2026-10-26,TMS,Mecheda–Panskura,MCA–PKU,115.8,Track wear,Medium,47,83,Track Gang,2026-10-29,normal,Pending
TRK-26027-01586,2026-10-26,TMS,Santragachi–Panskura,SRC–PKU,97.8,USFD-related inspection,Medium,57,59,Track Inspection Team,2026-11-01,normal,Pending
TRK-26027-01587,2026-10-26,TMS,Panskura–Kharagpur,PKU–KGP,147.9,Preventive track maintenance,Critical,89,45,Track Gang,2026-10-26,critical_defect,Pending
TRK-26027-01588,2026-10-26,TMS,Santragachi–Panskura,SRC–PKU,37.0,USFD-related inspection,Low,23,65,Track Inspection Team,2026-11-07,normal,Pending
TRK-26027-01589,2026-10-26,TMS,Kharagpur–Gidni,KGP–GID,194.3,Track wear,Low,25,69,Track Gang,2026-11-01,cross_department_cluster,Pending
TRK-26027-01590,2026-10-26,TMS,Santragachi–Panskura,SRC–PKU,85.0,Preventive track maintenance,Medium,59,63,Track Machine,2026-11-01,normal,Pending
TRK-26027-01591,2026-10-26,TMS,Santragachi–Panskura,SRC–PKU,97.0,Preventive track maintenance,Medium,55,99,Track Machine,2026-10-28,cross_department_cluster,Pending
TRK-26027-01592,2026-10-26,TMS,Kharagpur–Gidni,KGP–GID,206.6,Sleeper defect,Medium,62,93,Track Gang,2026-11-02,normal,Pending
TRK-26027-01593,2026-10-26,TMS,Howrah–Santragachi,HWH–SRC,1.0,USFD-related inspection,Medium,59,63,Track Inspection Team,2026-10-29,mixed_realistic,Pending
TRK-26027-01594,2026-10-26,TMS,Santragachi–Panskura,SRC–PKU,115.0,Sleeper defect,Medium,64,123,Track Machine,2026-11-01,cross_department_cluster,Pending
TRK-26027-01595,2026-10-26,TMS,Panskura–Kharagpur,PKU–KGP,151.5,Sleeper defect,Medium,44,96,Track Gang,2026-11-02,normal,Pending
TRK-26027-01596,2026-10-26,TMS,Mecheda–Panskura,MCA–PKU,124.3,Ballast issue,Low,39,104,Track Gang,2026-11-08,mixed_realistic,Pending
TRK-26027-01597,2026-10-26,TMS,Santragachi–Panskura,SRC–PKU,100.4,Rail defect,Low,37,143,Track Machine,2026-11-02,normal,Pending
TRK-26027-01598,2026-10-26,TMS,Mecheda–Panskura,MCA–PKU,117.1,Preventive track maintenance,Medium,46,85,Track Machine,2026-10-29,normal,Pending
TRK-26027-01599,2026-10-26,TMS,Howrah–Santragachi,HWH–SRC,12.0,Track wear,Medium,64,80,Track Machine,2026-10-28,cross_department_cluster,Pending
TRK-26027-01600,2026-10-26,TMS,Howrah–Santragachi,HWH–SRC,5.7,Track wear,Low,15,100,Track Gang,2026-10-31,mixed_realistic,Pending
TRK-26027-01601,2026-10-26,TMS,Howrah–Santragachi,HWH–SRC,11.9,Preventive track maintenance,Low,19,78,Track Machine,2026-11-08,normal,Pending
TRK-26027-01602,2026-10-26,TMS,Kharagpur–Gidni,KGP–GID,170.0,Track wear,High,73,97,Track Machine,2026-10-27,cross_department_cluster,Pending
TRK-26027-01603,2026-10-26,TMS,Kharagpur–Gidni,KGP–GID,179.3,Sleeper defect,Medium,60,137,Track Machine,2026-10-30,mixed_realistic,Pending
TRK-26027-01604,2026-10-26,TMS,Panskura–Kharagpur,PKU–KGP,149.3,Sleeper defect,Low,28,148,Track Machine,2026-11-06,mixed_realistic,Pending
TRK-26027-01605,2026-10-26,TMS,Panskura–Kharagpur,PKU–KGP,163.3,Track wear,Medium,56,105,Track Gang,2026-11-02,mixed_realistic,Pending
TRK-26027-01606,2026-10-26,TMS,Mecheda–Panskura,MCA–PKU,119.8,Sleeper defect,High,75,94,Track Gang,2026-10-27,normal,Pending
TRK-26027-01607,2026-10-26,TMS,Santragachi–Panskura,SRC–PKU,76.3,Preventive track maintenance,Medium,57,108,Track Inspection Team,2026-11-02,high_defect_load,Pending
TRK-26027-01608,2026-10-26,TMS,Howrah–Santragachi,HWH–SRC,9.7,Preventive track maintenance,Low,15,65,Track Machine,2026-11-04,cross_department_cluster,Pending
TRK-26027-01609,2026-10-26,TMS,Santragachi–Panskura,SRC–PKU,115.0,Rail defect,Low,35,90,Track Gang,2026-11-08,cross_department_cluster,Pending
TRK-26027-01610,2026-10-26,TMS,Mecheda–Panskura,MCA–PKU,118.2,Ballast issue,High,69,86,Track Gang,2026-10-28,cross_department_cluster,Pending
TRK-26027-01611,2026-10-26,TMS,Santragachi–Panskura,SRC–PKU,115.0,Preventive track maintenance,Low,33,100,Track Machine,2026-11-09,cross_department_cluster,Pending
TRK-26027-01612,2026-10-26,TMS,Panskura–Kharagpur,PKU–KGP,152.5,Sleeper defect,Medium,54,94,Track Machine,2026-10-31,mixed_realistic,Pending
TRK-26027-01613,2026-10-26,TMS,Kharagpur–Gidni,KGP–GID,197.0,Track geometry defect,High,79,91,Track Gang,2026-10-29,normal,Pending
TRK-26027-01614,2026-10-26,TMS,Mecheda–Panskura,MCA–PKU,118.9,Sleeper defect,High,80,75,Track Gang,2026-10-29,normal,Pending
TRK-26027-01615,2026-10-26,TMS,Panskura–Kharagpur,PKU–KGP,135.2,Rail defect,Low,29,102,Track Machine,2026-11-07,normal,Pending
TRK-26027-01616,2026-10-26,TMS,Howrah–Santragachi,HWH–SRC,6.2,Track wear,Medium,45,62,Track Gang,2026-10-30,normal,Pending
TRK-26027-01617,2026-10-26,TMS,Panskura–Kharagpur,PKU–KGP,134.7,Sleeper defect,Medium,53,102,Track Gang,2026-10-31,mixed_realistic,Pending
TRK-26027-01618,2026-10-26,TMS,Kharagpur–Gidni,KGP–GID,170.0,Track geometry defect,Medium,59,84,Track Gang,2026-11-01,cross_department_cluster,Pending
TRK-26027-01619,2026-10-26,TMS,Santragachi–Panskura,SRC–PKU,46.2,USFD-related inspection,Medium,55,57,Track Inspection Team,2026-10-29,normal,Pending
TRK-26027-01620,2026-10-26,TMS,Howrah–Santragachi,HWH–SRC,12.0,Sleeper defect,Low,19,65,Track Machine,2026-11-06,cross_department_cluster,Pending
TRK-26027-01621,2026-10-26,TMS,Kharagpur–Gidni,KGP–GID,179.5,Preventive track maintenance,Medium,41,114,Rail Welding Team,2026-10-28,high_defect_load,Pending
TRK-26027-01622,2026-10-26,TMS,Howrah–Santragachi,HWH–SRC,12.0,Track wear,Low,21,82,Track Gang,2026-11-06,cross_department_cluster,Pending
TRK-26027-01623,2026-10-26,TMS,Kharagpur–Gidni,KGP–GID,212.9,Track geometry defect,Low,25,117,Track Machine,2026-11-02,normal,Pending
TRK-26027-01624,2026-10-26,TMS,Panskura–Kharagpur,PKU–KGP,125.0,Ballast issue,High,65,78,Track Gang,2026-10-28,cross_department_cluster,Pending
TRK-26027-01625,2026-10-26,TMS,Panskura–Kharagpur,PKU–KGP,166.5,Preventive track maintenance,Medium,53,69,Rail Welding Team,2026-10-29,normal,Pending
TRK-26027-01626,2026-10-27,TMS,Howrah–Santragachi,HWH–SRC,5.4,Track wear,Low,21,99,Track Machine,2026-11-08,normal,Pending
TRK-26027-01627,2026-10-27,TMS,Mecheda–Panskura,MCA–PKU,124.6,Track geometry defect,Medium,45,105,Track Machine,2026-11-02,normal,Pending
TRK-26027-01628,2026-10-27,TMS,Mecheda–Panskura,MCA–PKU,121.1,USFD-related inspection,Medium,40,79,Track Inspection Team,2026-10-30,cross_department_cluster,Pending
TRK-26027-01629,2026-10-27,TMS,Howrah–Santragachi,HWH–SRC,5.3,USFD-related inspection,Medium,41,69,Track Inspection Team,2026-11-03,cross_department_cluster,Pending
TRK-26027-01630,2026-10-27,TMS,Mecheda–Panskura,MCA–PKU,123.4,Rail defect,High,76,115,Track Machine,2026-10-28,normal,Pending
TRK-26027-01631,2026-10-27,TMS,Kharagpur–Gidni,KGP–GID,198.2,USFD-related inspection,Medium,54,46,Track Inspection Team,2026-11-02,normal,Pending
TRK-26027-01632,2026-10-27,TMS,Kharagpur–Gidni,KGP–GID,208.3,Track wear,Medium,64,120,Track Machine,2026-10-29,cross_department_cluster,Pending
TRK-26027-01633,2026-10-27,TMS,Kharagpur–Gidni,KGP–GID,173.2,Ballast issue,Medium,61,147,Track Gang,2026-11-01,normal,Pending
TRK-26027-01634,2026-10-27,TMS,Santragachi–Panskura,SRC–PKU,65.3,Preventive track maintenance,Medium,56,46,Rail Welding Team,2026-11-01,normal,Pending
TRK-26027-01635,2026-10-27,TMS,Mecheda–Panskura,MCA–PKU,118.8,Preventive track maintenance,Critical,91,79,Rail Welding Team,2026-10-28,mixed_realistic,Pending
TRK-26027-01636,2026-10-27,TMS,Kharagpur–Gidni,KGP–GID,170.0,Sleeper defect,High,84,88,Track Gang,2026-10-30,cross_department_cluster,Pending
TRK-26027-01637,2026-10-27,TMS,Howrah–Santragachi,HWH–SRC,8.4,Preventive track maintenance,High,66,71,Track Inspection Team,2026-10-27,normal,Pending
TRK-26027-01638,2026-10-27,TMS,Howrah–Santragachi,HWH–SRC,2.0,USFD-related inspection,Medium,51,68,Track Inspection Team,2026-10-30,cross_department_cluster,Pending
TRK-26027-01639,2026-10-27,TMS,Kharagpur–Gidni,KGP–GID,171.2,Track wear,Medium,43,117,Track Machine,2026-11-01,cross_department_cluster,Pending
TRK-26027-01640,2026-10-27,TMS,Panskura–Kharagpur,PKU–KGP,165.5,Sleeper defect,High,73,77,Track Machine,2026-10-27,normal,Pending
TRK-26027-01641,2026-10-27,TMS,Santragachi–Panskura,SRC–PKU,34.0,Track wear,High,72,68,Track Machine,2026-10-29,normal,Pending
TRK-26027-01642,2026-10-27,TMS,Panskura–Kharagpur,PKU–KGP,125.0,Track geometry defect,Low,28,60,Track Gang,2026-11-06,cross_department_cluster,Pending
TRK-26027-01643,2026-10-27,TMS,Kharagpur–Gidni,KGP–GID,198.0,Preventive track maintenance,Medium,42,66,Track Inspection Team,2026-11-03,normal,Pending
TRK-26027-01644,2026-10-27,TMS,Panskura–Kharagpur,PKU–KGP,169.9,Ballast issue,High,83,95,Track Gang,2026-10-28,mixed_realistic,Pending
TRK-26027-01645,2026-10-27,TMS,Santragachi–Panskura,SRC–PKU,58.7,Rail defect,Medium,61,130,Track Gang,2026-10-30,normal,Pending
TRK-26027-01646,2026-10-27,TMS,Kharagpur–Gidni,KGP–GID,170.8,Ballast issue,Medium,60,104,Track Machine,2026-11-03,normal,Pending
TRK-26027-01647,2026-10-27,TMS,Howrah–Santragachi,HWH–SRC,11.8,Track wear,Critical,90,68,Track Gang,2026-10-28,mixed_realistic,Pending
TRK-26027-01648,2026-10-27,TMS,Mecheda–Panskura,MCA–PKU,115.6,Track geometry defect,Medium,41,117,Track Gang,2026-11-01,mixed_realistic,Pending
TRK-26027-01649,2026-10-27,TMS,Mecheda–Panskura,MCA–PKU,115.6,Preventive track maintenance,Low,39,101,Track Gang,2026-11-06,mixed_realistic,Pending
TRK-26027-01650,2026-10-27,TMS,Mecheda–Panskura,MCA–PKU,120.3,USFD-related inspection,Low,21,72,Track Inspection Team,2026-11-04,normal,Pending
TRK-26027-01651,2026-10-27,TMS,Santragachi–Panskura,SRC–PKU,23.7,Ballast issue,Medium,63,177,Track Machine,2026-11-01,normal,Pending
TRK-26027-01652,2026-10-27,TMS,Mecheda–Panskura,MCA–PKU,121.2,Rail defect,Low,38,136,Track Machine,2026-11-01,normal,Pending
TRK-26027-01653,2026-10-27,TMS,Santragachi–Panskura,SRC–PKU,31.5,Rail defect,High,71,138,Track Gang,2026-10-30,normal,Pending
TRK-26027-01654,2026-10-27,TMS,Kharagpur–Gidni,KGP–GID,195.8,Ballast issue,Medium,55,119,Track Machine,2026-11-01,normal,Pending
TRK-26027-01655,2026-10-27,TMS,Panskura–Kharagpur,PKU–KGP,141.0,USFD-related inspection,Low,27,78,Track Inspection Team,2026-11-01,mixed_realistic,Pending
TRK-26027-01656,2026-10-27,TMS,Mecheda–Panskura,MCA–PKU,124.4,Preventive track maintenance,Medium,53,77,Track Machine,2026-10-29,normal,Pending
TRK-26027-01657,2026-10-27,TMS,Mecheda–Panskura,MCA–PKU,125.0,Track wear,Medium,58,81,Track Machine,2026-11-01,cross_department_cluster,Pending
TRK-26027-01658,2026-10-27,TMS,Kharagpur–Gidni,KGP–GID,170.0,Rail defect,Medium,59,162,Track Gang,2026-11-03,cross_department_cluster,Pending
TRK-26027-01659,2026-10-27,TMS,Mecheda–Panskura,MCA–PKU,117.5,Rail defect,High,81,93,Track Gang,2026-10-28,normal,Pending
TRK-26027-01660,2026-10-27,TMS,Howrah–Santragachi,HWH–SRC,6.5,Rail defect,High,80,111,Track Gang,2026-10-30,cross_department_cluster,Pending
TRK-26027-01661,2026-10-27,TMS,Howrah–Santragachi,HWH–SRC,5.6,Ballast issue,High,66,130,Track Gang,2026-10-28,cross_department_cluster,Pending
TRK-26027-01662,2026-10-27,TMS,Panskura–Kharagpur,PKU–KGP,133.5,Sleeper defect,High,80,81,Track Machine,2026-10-27,mixed_realistic,Pending
TRK-26027-01663,2026-10-27,TMS,Howrah–Santragachi,HWH–SRC,4.9,Ballast issue,Critical,94,92,Track Gang,2026-10-28,critical_defect,Pending
TRK-26027-01664,2026-10-27,TMS,Howrah–Santragachi,HWH–SRC,1.2,Preventive track maintenance,Low,15,70,Track Inspection Team,2026-11-06,high_defect_load,Pending
TRK-26027-01665,2026-10-27,TMS,Mecheda–Panskura,MCA–PKU,121.3,Track wear,Low,18,75,Track Gang,2026-11-04,normal,Pending
TRK-26027-01666,2026-10-27,TMS,Mecheda–Panskura,MCA–PKU,118.1,Sleeper defect,High,80,132,Track Machine,2026-10-28,cross_department_cluster,Pending
TRK-26027-01667,2026-10-27,TMS,Mecheda–Panskura,MCA–PKU,124.3,USFD-related inspection,Medium,59,84,Track Inspection Team,2026-10-30,normal,Pending
TRK-26027-01668,2026-10-27,TMS,Howrah–Santragachi,HWH–SRC,3.7,Ballast issue,Low,33,80,Track Machine,2026-11-04,normal,Pending
TRK-26027-01669,2026-10-27,TMS,Panskura–Kharagpur,PKU–KGP,157.9,USFD-related inspection,Medium,43,48,Track Inspection Team,2026-11-03,cross_department_cluster,Pending
TRK-26027-01670,2026-10-27,TMS,Howrah–Santragachi,HWH–SRC,0.3,Sleeper defect,Medium,56,146,Track Machine,2026-10-29,normal,Pending
TRK-26027-01671,2026-10-27,TMS,Santragachi–Panskura,SRC–PKU,66.5,Sleeper defect,Low,22,117,Track Machine,2026-11-06,normal,Pending
TRK-26027-01672,2026-10-27,TMS,Howrah–Santragachi,HWH–SRC,9.6,Sleeper defect,Medium,43,141,Track Machine,2026-10-30,normal,Pending
TRK-26027-01673,2026-10-27,TMS,Kharagpur–Gidni,KGP–GID,207.9,Sleeper defect,Low,33,126,Track Gang,2026-11-05,high_defect_load,Pending
TRK-26027-01674,2026-10-27,TMS,Mecheda–Panskura,MCA–PKU,119.1,Track geometry defect,Medium,64,77,Track Machine,2026-10-29,normal,Pending
TRK-26027-01675,2026-10-27,TMS,Kharagpur–Gidni,KGP–GID,178.9,Preventive track maintenance,High,73,83,Rail Welding Team,2026-10-28,normal,Pending
TRK-26027-01676,2026-10-27,TMS,Panskura–Kharagpur,PKU–KGP,153.5,Ballast issue,Medium,43,154,Track Gang,2026-10-30,normal,Pending
TRK-26027-01677,2026-10-27,TMS,Santragachi–Panskura,SRC–PKU,115.0,USFD-related inspection,Medium,60,63,Track Inspection Team,2026-11-02,cross_department_cluster,Pending
TRK-26027-01678,2026-10-27,TMS,Kharagpur–Gidni,KGP–GID,200.9,Ballast issue,Medium,49,95,Track Gang,2026-11-01,normal,Pending
TRK-26027-01679,2026-10-27,TMS,Kharagpur–Gidni,KGP–GID,206.3,Sleeper defect,Medium,48,130,Track Machine,2026-11-03,cross_department_cluster,Pending
TRK-26027-01680,2026-10-27,TMS,Santragachi–Panskura,SRC–PKU,21.8,Ballast issue,Medium,51,71,Track Machine,2026-10-30,mixed_realistic,Pending
TRK-26027-01681,2026-10-27,TMS,Panskura–Kharagpur,PKU–KGP,143.2,Track wear,Medium,52,99,Track Machine,2026-11-02,mixed_realistic,Pending
TRK-26027-01682,2026-10-27,TMS,Panskura–Kharagpur,PKU–KGP,163.0,USFD-related inspection,Medium,41,45,Track Inspection Team,2026-10-29,mixed_realistic,Pending
TRK-26027-01683,2026-10-27,TMS,Santragachi–Panskura,SRC–PKU,115.0,USFD-related inspection,Medium,48,81,Track Inspection Team,2026-10-31,cross_department_cluster,Pending
TRK-26027-01684,2026-10-27,TMS,Santragachi–Panskura,SRC–PKU,67.1,Sleeper defect,Low,17,142,Track Gang,2026-11-02,normal,Pending
TRK-26027-01685,2026-10-27,TMS,Panskura–Kharagpur,PKU–KGP,127.7,Sleeper defect,Low,30,67,Track Machine,2026-11-07,mixed_realistic,Pending
TRK-26027-01686,2026-10-27,TMS,Howrah–Santragachi,HWH–SRC,7.6,Track geometry defect,Medium,43,64,Track Gang,2026-10-31,normal,Pending
TRK-26027-01687,2026-10-27,TMS,Panskura–Kharagpur,PKU–KGP,131.4,Preventive track maintenance,Low,34,90,Track Inspection Team,2026-11-03,normal,Pending
TRK-26027-01688,2026-10-27,TMS,Panskura–Kharagpur,PKU–KGP,168.3,Sleeper defect,Low,19,124,Track Gang,2026-11-10,mixed_realistic,Pending
TRK-26027-01689,2026-10-27,TMS,Mecheda–Panskura,MCA–PKU,118.6,Ballast issue,Low,28,85,Track Machine,2026-11-06,cross_department_cluster,Pending
TRK-26027-01690,2026-10-27,TMS,Howrah–Santragachi,HWH–SRC,10.7,Rail defect,High,77,94,Track Machine,2026-10-28,normal,Pending
TRK-26027-01691,2026-10-28,TMS,Howrah–Santragachi,HWH–SRC,9.8,Ballast issue,High,84,149,Track Machine,2026-10-31,mixed_realistic,Pending
TRK-26027-01692,2026-10-28,TMS,Santragachi–Panskura,SRC–PKU,85.7,Rail defect,High,72,165,Track Gang,2026-10-28,normal,Pending
TRK-26027-01693,2026-10-28,TMS,Howrah–Santragachi,HWH–SRC,8.0,Preventive track maintenance,Low,33,96,Track Inspection Team,2026-11-05,normal,Pending
TRK-26027-01694,2026-10-28,TMS,Kharagpur–Gidni,KGP–GID,210.0,Sleeper defect,Medium,64,64,Track Gang,2026-11-03,high_defect_load,Pending
TRK-26027-01695,2026-10-28,TMS,Mecheda–Panskura,MCA–PKU,116.7,Rail defect,Low,36,107,Track Machine,2026-11-08,mixed_realistic,Pending
TRK-26027-01696,2026-10-28,TMS,Kharagpur–Gidni,KGP–GID,196.3,Preventive track maintenance,High,71,117,Track Machine,2026-10-30,mixed_realistic,Pending
TRK-26027-01697,2026-10-28,TMS,Kharagpur–Gidni,KGP–GID,188.4,Track geometry defect,Critical,97,74,Track Gang,2026-10-28,high_conflict,Pending
TRK-26027-01698,2026-10-28,TMS,Kharagpur–Gidni,KGP–GID,193.4,Sleeper defect,High,82,124,Track Machine,2026-10-30,normal,Pending
TRK-26027-01699,2026-10-28,TMS,Santragachi–Panskura,SRC–PKU,115.0,Track geometry defect,Medium,50,110,Track Machine,2026-11-02,cross_department_cluster,Pending
TRK-26027-01700,2026-10-28,TMS,Kharagpur–Gidni,KGP–GID,200.0,Rail defect,Medium,54,159,Track Machine,2026-11-02,normal,Pending
TRK-26027-01701,2026-10-28,TMS,Mecheda–Panskura,MCA–PKU,116.9,Track wear,High,66,73,Track Machine,2026-10-30,normal,Pending
TRK-26027-01702,2026-10-28,TMS,Panskura–Kharagpur,PKU–KGP,142.2,USFD-related inspection,Low,26,52,Track Inspection Team,2026-11-08,cross_department_cluster,Pending
TRK-26027-01703,2026-10-28,TMS,Santragachi–Panskura,SRC–PKU,87.7,Rail defect,Low,31,159,Track Machine,2026-11-05,normal,Pending
TRK-26027-01704,2026-10-28,TMS,Howrah–Santragachi,HWH–SRC,1.5,Preventive track maintenance,Medium,52,76,Track Machine,2026-10-31,mixed_realistic,Pending
TRK-26027-01705,2026-10-28,TMS,Howrah–Santragachi,HWH–SRC,0.4,Track wear,Critical,86,94,Track Gang,2026-10-29,critical_defect,Pending
TRK-26027-01706,2026-10-28,TMS,Santragachi–Panskura,SRC–PKU,21.5,Track wear,Low,23,115,Track Machine,2026-11-11,normal,Pending
TRK-26027-01707,2026-10-28,TMS,Santragachi–Panskura,SRC–PKU,57.0,Rail defect,Medium,41,164,Track Machine,2026-11-02,high_defect_load,Pending
TRK-26027-01708,2026-10-28,TMS,Panskura–Kharagpur,PKU–KGP,141.4,Track geometry defect,Low,33,117,Track Gang,2026-11-08,mixed_realistic,Pending
TRK-26027-01709,2026-10-28,TMS,Panskura–Kharagpur,PKU–KGP,159.5,Sleeper defect,Medium,41,85,Track Machine,2026-11-04,normal,Pending
TRK-26027-01710,2026-10-28,TMS,Panskura–Kharagpur,PKU–KGP,145.1,Ballast issue,Medium,55,65,Track Gang,2026-11-01,mixed_realistic,Pending
TRK-26027-01711,2026-10-28,TMS,Kharagpur–Gidni,KGP–GID,196.5,USFD-related inspection,Medium,42,69,Track Inspection Team,2026-11-03,mixed_realistic,Pending
TRK-26027-01712,2026-10-28,TMS,Panskura–Kharagpur,PKU–KGP,163.0,Ballast issue,Medium,43,108,Track Gang,2026-11-04,mixed_realistic,Pending
TRK-26027-01713,2026-10-28,TMS,Panskura–Kharagpur,PKU–KGP,164.3,Rail defect,Critical,85,112,Track Machine,2026-10-29,cross_department_cluster,Pending
TRK-26027-01714,2026-10-28,TMS,Mecheda–Panskura,MCA–PKU,118.7,Preventive track maintenance,Low,27,54,Track Machine,2026-11-08,normal,Pending
TRK-26027-01715,2026-10-28,TMS,Howrah–Santragachi,HWH–SRC,5.7,Rail defect,Low,36,150,Track Gang,2026-11-02,mixed_realistic,Pending
TRK-26027-01716,2026-10-28,TMS,Santragachi–Panskura,SRC–PKU,13.6,Preventive track maintenance,High,84,102,Track Inspection Team,2026-10-30,normal,Pending
TRK-26027-01717,2026-10-28,TMS,Howrah–Santragachi,HWH–SRC,4.6,USFD-related inspection,High,80,55,Track Inspection Team,2026-10-31,normal,Pending
TRK-26027-01718,2026-10-28,TMS,Panskura–Kharagpur,PKU–KGP,167.0,Preventive track maintenance,Medium,57,83,Track Machine,2026-11-02,normal,Pending
TRK-26027-01719,2026-10-28,TMS,Panskura–Kharagpur,PKU–KGP,133.8,Track geometry defect,Low,31,117,Track Gang,2026-11-09,mixed_realistic,Pending
TRK-26027-01720,2026-10-28,TMS,Santragachi–Panskura,SRC–PKU,27.8,Track geometry defect,Low,27,85,Track Machine,2026-11-10,normal,Pending
TRK-26027-01721,2026-10-28,TMS,Santragachi–Panskura,SRC–PKU,104.9,Preventive track maintenance,Medium,40,94,Track Inspection Team,2026-11-04,normal,Pending
TRK-26027-01722,2026-10-28,TMS,Santragachi–Panskura,SRC–PKU,115.0,Track geometry defect,Medium,41,96,Track Gang,2026-11-04,cross_department_cluster,Pending
TRK-26027-01723,2026-10-28,TMS,Santragachi–Panskura,SRC–PKU,71.1,Rail defect,Medium,54,121,Track Machine,2026-11-01,mixed_realistic,Pending
TRK-26027-01724,2026-10-28,TMS,Kharagpur–Gidni,KGP–GID,188.3,Sleeper defect,Low,39,75,Track Machine,2026-11-06,normal,Pending
TRK-26027-01725,2026-10-28,TMS,Panskura–Kharagpur,PKU–KGP,153.3,Track wear,Low,37,87,Track Gang,2026-11-09,mixed_realistic,Pending
TRK-26027-01726,2026-10-28,TMS,Santragachi–Panskura,SRC–PKU,28.9,Preventive track maintenance,Low,34,65,Rail Welding Team,2026-11-06,mixed_realistic,Pending
TRK-26027-01727,2026-10-28,TMS,Mecheda–Panskura,MCA–PKU,118.8,Ballast issue,Critical,96,151,Track Machine,2026-10-28,critical_defect,Pending
TRK-26027-01728,2026-10-28,TMS,Panskura–Kharagpur,PKU–KGP,136.1,Preventive track maintenance,High,81,45,Track Machine,2026-10-31,normal,Pending
TRK-26027-01729,2026-10-28,TMS,Mecheda–Panskura,MCA–PKU,125.0,Rail defect,Low,20,90,Track Machine,2026-11-10,cross_department_cluster,Pending
TRK-26027-01730,2026-10-28,TMS,Mecheda–Panskura,MCA–PKU,125.0,Ballast issue,High,65,132,Track Machine,2026-10-29,cross_department_cluster,Pending
TRK-26027-01731,2026-10-28,TMS,Santragachi–Panskura,SRC–PKU,64.1,Track wear,Low,27,98,Track Machine,2026-11-02,normal,Pending
TRK-26027-01732,2026-10-28,TMS,Mecheda–Panskura,MCA–PKU,124.6,USFD-related inspection,Low,23,46,Track Inspection Team,2026-11-07,mixed_realistic,Pending
TRK-26027-01733,2026-10-28,TMS,Panskura–Kharagpur,PKU–KGP,155.7,Track geometry defect,High,68,77,Track Gang,2026-10-29,normal,Pending
TRK-26027-01734,2026-10-28,TMS,Kharagpur–Gidni,KGP–GID,206.1,Rail defect,High,65,107,Track Machine,2026-10-31,normal,Pending
TRK-26027-01735,2026-10-28,TMS,Panskura–Kharagpur,PKU–KGP,155.2,Preventive track maintenance,Medium,47,110,Rail Welding Team,2026-11-01,normal,Pending
TRK-26027-01736,2026-10-28,TMS,Panskura–Kharagpur,PKU–KGP,153.5,Ballast issue,High,82,172,Track Gang,2026-10-28,normal,Pending
TRK-26027-01737,2026-10-28,TMS,Mecheda–Panskura,MCA–PKU,117.9,Ballast issue,Medium,50,154,Track Machine,2026-11-02,mixed_realistic,Pending
TRK-26027-01738,2026-10-28,TMS,Mecheda–Panskura,MCA–PKU,116.8,Rail defect,High,69,163,Track Machine,2026-10-31,mixed_realistic,Pending
TRK-26027-01739,2026-10-28,TMS,Santragachi–Panskura,SRC–PKU,115.0,Sleeper defect,Medium,42,89,Track Machine,2026-10-30,cross_department_cluster,Pending
TRK-26027-01740,2026-10-28,TMS,Kharagpur–Gidni,KGP–GID,190.4,Rail defect,Medium,57,112,Track Gang,2026-10-30,high_defect_load,Pending
TRK-26027-01741,2026-10-28,TMS,Kharagpur–Gidni,KGP–GID,213.7,Preventive track maintenance,Critical,98,73,Track Inspection Team,2026-10-29,mixed_realistic,Pending
TRK-26027-01742,2026-10-28,TMS,Howrah–Santragachi,HWH–SRC,12.0,Sleeper defect,High,83,118,Track Gang,2026-10-31,cross_department_cluster,Pending
TRK-26027-01743,2026-10-28,TMS,Howrah–Santragachi,HWH–SRC,0.2,Ballast issue,Low,21,150,Track Gang,2026-11-06,cross_department_cluster,Pending
TRK-26027-01744,2026-10-28,TMS,Howrah–Santragachi,HWH–SRC,9.8,USFD-related inspection,Medium,53,67,Track Inspection Team,2026-11-02,normal,Pending
TRK-26027-01745,2026-10-28,TMS,Santragachi–Panskura,SRC–PKU,93.8,Preventive track maintenance,High,84,108,Rail Welding Team,2026-10-29,normal,Pending
TRK-26027-01746,2026-10-28,TMS,Howrah–Santragachi,HWH–SRC,9.1,Track wear,Low,21,115,Track Machine,2026-11-04,cross_department_cluster,Pending
TRK-26027-01747,2026-10-28,TMS,Panskura–Kharagpur,PKU–KGP,128.9,Ballast issue,Medium,57,167,Track Machine,2026-11-03,normal,Pending
TRK-26027-01748,2026-10-28,TMS,Kharagpur–Gidni,KGP–GID,174.9,USFD-related inspection,Low,22,71,Track Inspection Team,2026-11-05,cross_department_cluster,Pending
TRK-26027-01749,2026-10-28,TMS,Panskura–Kharagpur,PKU–KGP,143.5,Track geometry defect,Low,25,103,Track Gang,2026-11-11,normal,Pending
TRK-26027-01750,2026-10-28,TMS,Kharagpur–Gidni,KGP–GID,201.0,Sleeper defect,Medium,55,62,Track Gang,2026-10-30,cross_department_cluster,Pending
TRK-26027-01751,2026-10-28,TMS,Mecheda–Panskura,MCA–PKU,116.7,USFD-related inspection,Medium,57,79,Track Inspection Team,2026-11-02,cross_department_cluster,Pending
TRK-26027-01752,2026-10-28,TMS,Mecheda–Panskura,MCA–PKU,121.5,Preventive track maintenance,Medium,42,75,Rail Welding Team,2026-10-31,normal,Pending
TRK-26027-01753,2026-10-28,TMS,Howrah–Santragachi,HWH–SRC,12.0,USFD-related inspection,High,69,73,Track Inspection Team,2026-10-31,cross_department_cluster,Pending
TRK-26027-01754,2026-10-28,TMS,Santragachi–Panskura,SRC–PKU,115.0,Track wear,Medium,46,63,Track Machine,2026-11-04,cross_department_cluster,Pending
TRK-26027-01755,2026-10-28,TMS,Panskura–Kharagpur,PKU–KGP,136.8,Rail defect,Low,32,161,Track Machine,2026-11-06,normal,Pending
TRK-26027-01756,2026-10-29,TMS,Santragachi–Panskura,SRC–PKU,23.1,Track wear,Low,31,119,Track Machine,2026-11-09,normal,Pending
TRK-26027-01757,2026-10-29,TMS,Santragachi–Panskura,SRC–PKU,27.6,USFD-related inspection,Low,36,82,Track Inspection Team,2026-11-03,normal,Pending
TRK-26027-01758,2026-10-29,TMS,Howrah–Santragachi,HWH–SRC,7.8,Ballast issue,Medium,64,149,Track Gang,2026-11-03,normal,Pending
TRK-26027-01759,2026-10-29,TMS,Howrah–Santragachi,HWH–SRC,4.0,Track wear,Low,23,99,Track Machine,2026-11-11,mixed_realistic,Pending
TRK-26027-01760,2026-10-29,TMS,Kharagpur–Gidni,KGP–GID,170.0,Rail defect,High,74,138,Track Machine,2026-10-29,cross_department_cluster,Pending
TRK-26027-01761,2026-10-29,TMS,Mecheda–Panskura,MCA–PKU,121.2,Preventive track maintenance,Medium,40,49,Track Inspection Team,2026-11-04,cross_department_cluster,Pending
TRK-26027-01762,2026-10-29,TMS,Panskura–Kharagpur,PKU–KGP,158.8,USFD-related inspection,Low,26,76,Track Inspection Team,2026-11-03,cross_department_cluster,Pending
TRK-26027-01763,2026-10-29,TMS,Kharagpur–Gidni,KGP–GID,197.8,USFD-related inspection,High,66,46,Track Inspection Team,2026-10-29,normal,Pending
TRK-26027-01764,2026-10-29,TMS,Mecheda–Panskura,MCA–PKU,117.6,Ballast issue,Low,21,138,Track Machine,2026-11-04,normal,Pending
TRK-26027-01765,2026-10-29,TMS,Howrah–Santragachi,HWH–SRC,6.6,USFD-related inspection,Critical,89,45,Track Inspection Team,2026-10-30,critical_defect,Pending
TRK-26027-01766,2026-10-29,TMS,Kharagpur–Gidni,KGP–GID,207.6,Ballast issue,Low,35,95,Track Machine,2026-11-07,normal,Pending
TRK-26027-01767,2026-10-29,TMS,Mecheda–Panskura,MCA–PKU,119.7,Sleeper defect,Low,39,118,Track Gang,2026-11-11,cross_department_cluster,Pending
TRK-26027-01768,2026-10-29,TMS,Santragachi–Panskura,SRC–PKU,96.2,Ballast issue,Medium,45,63,Track Gang,2026-10-31,normal,Pending
TRK-26027-01769,2026-10-29,TMS,Kharagpur–Gidni,KGP–GID,180.6,Track wear,Low,38,72,Track Machine,2026-11-07,high_defect_load,Pending
TRK-26027-01770,2026-10-29,TMS,Kharagpur–Gidni,KGP–GID,182.9,Sleeper defect,High,73,86,Track Gang,2026-10-30,mixed_realistic,Pending
TRK-26027-01771,2026-10-29,TMS,Mecheda–Panskura,MCA–PKU,115.3,Track wear,Low,17,80,Track Machine,2026-11-12,normal,Pending
TRK-26027-01772,2026-10-29,TMS,Panskura–Kharagpur,PKU–KGP,135.4,Track geometry defect,Medium,61,64,Track Machine,2026-11-04,normal,Pending
TRK-26027-01773,2026-10-29,TMS,Santragachi–Panskura,SRC–PKU,82.5,Track geometry defect,Low,16,116,Track Machine,2026-11-05,normal,Pending
TRK-26027-01774,2026-10-29,TMS,Panskura–Kharagpur,PKU–KGP,162.9,Track wear,High,65,118,Track Machine,2026-10-29,normal,Pending
TRK-26027-01775,2026-10-29,TMS,Howrah–Santragachi,HWH–SRC,8.4,Sleeper defect,Medium,56,65,Track Machine,2026-11-03,normal,Pending
TRK-26027-01776,2026-10-29,TMS,Kharagpur–Gidni,KGP–GID,196.3,Preventive track maintenance,Low,18,53,Track Inspection Team,2026-11-05,normal,Pending
TRK-26027-01777,2026-10-29,TMS,Santragachi–Panskura,SRC–PKU,88.7,Track wear,Medium,56,113,Track Gang,2026-10-31,normal,Pending
TRK-26027-01778,2026-10-29,TMS,Mecheda–Panskura,MCA–PKU,115.1,USFD-related inspection,High,79,75,Track Inspection Team,2026-11-01,normal,Pending
TRK-26027-01779,2026-10-29,TMS,Panskura–Kharagpur,PKU–KGP,155.0,Track wear,Critical,92,63,Track Machine,2026-10-30,critical_defect,Pending
TRK-26027-01780,2026-10-29,TMS,Mecheda–Panskura,MCA–PKU,119.0,Track wear,Medium,46,119,Track Gang,2026-11-02,high_defect_load,Pending
TRK-26027-01781,2026-10-29,TMS,Kharagpur–Gidni,KGP–GID,203.9,Track wear,Medium,44,67,Track Machine,2026-11-05,normal,Pending
TRK-26027-01782,2026-10-29,TMS,Santragachi–Panskura,SRC–PKU,83.7,Ballast issue,High,82,150,Track Gang,2026-11-01,normal,Pending
TRK-26027-01783,2026-10-29,TMS,Howrah–Santragachi,HWH–SRC,2.0,Track wear,High,72,102,Track Gang,2026-10-31,high_defect_load,Pending
TRK-26027-01784,2026-10-29,TMS,Mecheda–Panskura,MCA–PKU,122.0,Rail defect,Medium,63,156,Track Gang,2026-11-04,normal,Pending
TRK-26027-01785,2026-10-29,TMS,Mecheda–Panskura,MCA–PKU,123.9,Ballast issue,Medium,58,137,Track Machine,2026-10-31,normal,Pending
TRK-26027-01786,2026-10-29,TMS,Mecheda–Panskura,MCA–PKU,119.1,Sleeper defect,High,75,106,Track Machine,2026-11-01,cross_department_cluster,Pending
TRK-26027-01787,2026-10-29,TMS,Panskura–Kharagpur,PKU–KGP,156.8,Preventive track maintenance,Low,16,70,Track Machine,2026-11-05,cross_department_cluster,Pending
TRK-26027-01788,2026-10-29,TMS,Mecheda–Panskura,MCA–PKU,116.7,USFD-related inspection,Medium,61,56,Track Inspection Team,2026-11-05,normal,Pending
TRK-26027-01789,2026-10-29,TMS,Howrah–Santragachi,HWH–SRC,12.0,Rail defect,High,67,162,Track Gang,2026-10-29,cross_department_cluster,Pending
TRK-26027-01790,2026-10-29,TMS,Panskura–Kharagpur,PKU–KGP,153.5,Rail defect,Low,19,124,Track Machine,2026-11-07,normal,Pending
TRK-26027-01791,2026-10-29,TMS,Santragachi–Panskura,SRC–PKU,39.7,Sleeper defect,Low,19,108,Track Machine,2026-11-05,normal,Pending
TRK-26027-01792,2026-10-29,TMS,Howrah–Santragachi,HWH–SRC,1.3,Rail defect,Low,37,98,Track Gang,2026-11-10,normal,Pending
TRK-26027-01793,2026-10-29,TMS,Howrah–Santragachi,HWH–SRC,9.7,Preventive track maintenance,Low,15,102,Track Machine,2026-11-11,normal,Pending
TRK-26027-01794,2026-10-29,TMS,Santragachi–Panskura,SRC–PKU,36.7,Track wear,Low,22,65,Track Machine,2026-11-12,normal,Pending
TRK-26027-01795,2026-10-29,TMS,Kharagpur–Gidni,KGP–GID,191.6,USFD-related inspection,High,81,79,Track Inspection Team,2026-10-30,normal,Pending
TRK-26027-01796,2026-10-29,TMS,Mecheda–Panskura,MCA–PKU,125.0,Preventive track maintenance,Medium,50,86,Rail Welding Team,2026-11-03,cross_department_cluster,Pending
TRK-26027-01797,2026-10-29,TMS,Mecheda–Panskura,MCA–PKU,124.6,Sleeper defect,Low,28,136,Track Gang,2026-11-05,mixed_realistic,Pending
TRK-26027-01798,2026-10-29,TMS,Mecheda–Panskura,MCA–PKU,120.3,Track geometry defect,Low,21,60,Track Machine,2026-11-04,high_defect_load,Pending
TRK-26027-01799,2026-10-29,TMS,Howrah–Santragachi,HWH–SRC,6.0,Track geometry defect,Critical,95,79,Track Gang,2026-10-30,critical_defect,Pending
TRK-26027-01800,2026-10-29,TMS,Kharagpur–Gidni,KGP–GID,173.5,Preventive track maintenance,High,68,100,Track Machine,2026-10-31,mixed_realistic,Pending
TRK-26027-01801,2026-10-29,TMS,Santragachi–Panskura,SRC–PKU,115.0,Preventive track maintenance,Medium,46,72,Track Inspection Team,2026-11-05,cross_department_cluster,Pending
TRK-26027-01802,2026-10-29,TMS,Howrah–Santragachi,HWH–SRC,9.5,Preventive track maintenance,Medium,46,61,Rail Welding Team,2026-10-31,cross_department_cluster,Pending
TRK-26027-01803,2026-10-29,TMS,Santragachi–Panskura,SRC–PKU,15.0,Track wear,Low,39,98,Track Machine,2026-11-04,normal,Pending
TRK-26027-01804,2026-10-29,TMS,Santragachi–Panskura,SRC–PKU,89.4,Sleeper defect,High,73,73,Track Machine,2026-10-30,high_defect_load,Pending
TRK-26027-01805,2026-10-29,TMS,Santragachi–Panskura,SRC–PKU,115.0,Rail defect,Low,39,103,Track Machine,2026-11-07,cross_department_cluster,Pending
TRK-26027-01806,2026-10-29,TMS,Santragachi–Panskura,SRC–PKU,49.5,Track wear,High,78,116,Track Gang,2026-10-30,normal,Pending
TRK-26027-01807,2026-10-29,TMS,Mecheda–Panskura,MCA–PKU,123.9,Ballast issue,High,79,140,Track Gang,2026-11-01,mixed_realistic,Pending
TRK-26027-01808,2026-10-29,TMS,Howrah–Santragachi,HWH–SRC,0.2,Track wear,Low,21,69,Track Machine,2026-11-12,normal,Pending
TRK-26027-01809,2026-10-29,TMS,Santragachi–Panskura,SRC–PKU,63.6,Preventive track maintenance,Critical,94,67,Track Inspection Team,2026-10-29,high_conflict,Pending
TRK-26027-01810,2026-10-29,TMS,Santragachi–Panskura,SRC–PKU,26.7,Preventive track maintenance,Medium,47,65,Track Gang,2026-11-02,normal,Pending
TRK-26027-01811,2026-10-29,TMS,Howrah–Santragachi,HWH–SRC,6.7,Track wear,Medium,42,90,Track Machine,2026-11-02,cross_department_cluster,Pending
TRK-26027-01812,2026-10-29,TMS,Mecheda–Panskura,MCA–PKU,124.2,Preventive track maintenance,High,83,112,Track Gang,2026-10-29,normal,Pending
TRK-26027-01813,2026-10-29,TMS,Santragachi–Panskura,SRC–PKU,115.0,Ballast issue,Medium,56,151,Track Gang,2026-11-05,cross_department_cluster,Pending
TRK-26027-01814,2026-10-29,TMS,Howrah–Santragachi,HWH–SRC,5.8,Track geometry defect,Medium,55,116,Track Gang,2026-11-03,cross_department_cluster,Pending
TRK-26027-01815,2026-10-29,TMS,Kharagpur–Gidni,KGP–GID,188.8,USFD-related inspection,Low,37,46,Track Inspection Team,2026-11-04,normal,Pending
TRK-26027-01816,2026-10-29,TMS,Panskura–Kharagpur,PKU–KGP,157.7,Rail defect,Low,17,150,Track Machine,2026-11-10,cross_department_cluster,Pending
TRK-26027-01817,2026-10-29,TMS,Panskura–Kharagpur,PKU–KGP,157.8,Rail defect,Medium,64,97,Track Machine,2026-11-05,cross_department_cluster,Pending
TRK-26027-01818,2026-10-29,TMS,Santragachi–Panskura,SRC–PKU,15.3,Rail defect,High,77,179,Track Machine,2026-10-29,cross_department_cluster,Pending
TRK-26027-01819,2026-10-29,TMS,Howrah–Santragachi,HWH–SRC,10.6,Track wear,Low,23,108,Track Gang,2026-11-08,mixed_realistic,Pending
TRK-26027-01820,2026-10-29,TMS,Santragachi–Panskura,SRC–PKU,18.0,Track wear,Medium,56,71,Track Gang,2026-11-02,cross_department_cluster,Pending
TRK-26027-01821,2026-10-30,TMS,Howrah–Santragachi,HWH–SRC,9.6,Track geometry defect,Medium,50,60,Track Gang,2026-11-02,mixed_realistic,Pending
TRK-26027-01822,2026-10-30,TMS,Kharagpur–Gidni,KGP–GID,179.9,Sleeper defect,Low,31,71,Track Machine,2026-11-11,normal,Pending
TRK-26027-01823,2026-10-30,TMS,Santragachi–Panskura,SRC–PKU,99.8,Sleeper defect,Low,28,93,Track Gang,2026-11-08,normal,Pending
TRK-26027-01824,2026-10-30,TMS,Santragachi–Panskura,SRC–PKU,86.4,Track wear,Medium,56,72,Track Gang,2026-11-03,normal,Pending
TRK-26027-01825,2026-10-30,TMS,Mecheda–Panskura,MCA–PKU,119.8,USFD-related inspection,Medium,49,59,Track Inspection Team,2026-11-05,mixed_realistic,Pending
TRK-26027-01826,2026-10-30,TMS,Howrah–Santragachi,HWH–SRC,12.0,Ballast issue,Medium,47,90,Track Gang,2026-11-01,cross_department_cluster,Pending
TRK-26027-01827,2026-10-30,TMS,Santragachi–Panskura,SRC–PKU,38.2,USFD-related inspection,Critical,89,49,Track Inspection Team,2026-10-31,critical_defect,Pending
TRK-26027-01828,2026-10-30,TMS,Panskura–Kharagpur,PKU–KGP,163.8,USFD-related inspection,Low,33,63,Track Inspection Team,2026-11-11,cross_department_cluster,Pending
TRK-26027-01829,2026-10-30,TMS,Howrah–Santragachi,HWH–SRC,10.6,Ballast issue,Medium,48,133,Track Machine,2026-11-05,cross_department_cluster,Pending
TRK-26027-01830,2026-10-30,TMS,Santragachi–Panskura,SRC–PKU,115.0,Track wear,High,68,62,Track Gang,2026-11-02,cross_department_cluster,Pending
TRK-26027-01831,2026-10-30,TMS,Santragachi–Panskura,SRC–PKU,58.6,Preventive track maintenance,High,74,78,Rail Welding Team,2026-11-02,normal,Pending
TRK-26027-01832,2026-10-30,TMS,Mecheda–Panskura,MCA–PKU,117.0,Rail defect,High,82,125,Track Machine,2026-10-30,normal,Pending
TRK-26027-01833,2026-10-30,TMS,Panskura–Kharagpur,PKU–KGP,153.4,Ballast issue,Medium,63,85,Track Machine,2026-11-03,normal,Pending
TRK-26027-01834,2026-10-30,TMS,Santragachi–Panskura,SRC–PKU,54.5,Preventive track maintenance,Medium,61,71,Track Gang,2026-11-03,cross_department_cluster,Pending
TRK-26027-01835,2026-10-30,TMS,Howrah–Santragachi,HWH–SRC,1.0,Preventive track maintenance,High,80,96,Track Gang,2026-11-02,mixed_realistic,Pending
TRK-26027-01836,2026-10-30,TMS,Mecheda–Panskura,MCA–PKU,117.2,Rail defect,Low,18,142,Track Machine,2026-11-04,normal,Pending
TRK-26027-01837,2026-10-30,TMS,Mecheda–Panskura,MCA–PKU,118.5,Preventive track maintenance,High,65,118,Track Machine,2026-11-01,cross_department_cluster,Pending
TRK-26027-01838,2026-10-30,TMS,Kharagpur–Gidni,KGP–GID,188.4,Rail defect,Medium,61,101,Track Gang,2026-11-01,mixed_realistic,Pending
TRK-26027-01839,2026-10-30,TMS,Howrah–Santragachi,HWH–SRC,2.1,Ballast issue,Medium,57,100,Track Gang,2026-11-05,mixed_realistic,Pending
TRK-26027-01840,2026-10-30,TMS,Kharagpur–Gidni,KGP–GID,187.1,Track wear,Medium,61,62,Track Gang,2026-11-06,normal,Pending
TRK-26027-01841,2026-10-30,TMS,Mecheda–Panskura,MCA–PKU,121.1,Ballast issue,High,78,138,Track Gang,2026-10-30,normal,Pending
TRK-26027-01842,2026-10-30,TMS,Panskura–Kharagpur,PKU–KGP,159.5,Preventive track maintenance,Medium,40,98,Rail Welding Team,2026-11-02,mixed_realistic,Pending
TRK-26027-01843,2026-10-30,TMS,Panskura–Kharagpur,PKU–KGP,126.2,USFD-related inspection,Low,27,66,Track Inspection Team,2026-11-08,normal,Pending
TRK-26027-01844,2026-10-30,TMS,Kharagpur–Gidni,KGP–GID,210.3,Sleeper defect,Low,33,76,Track Machine,2026-11-06,normal,Pending
TRK-26027-01845,2026-10-30,TMS,Panskura–Kharagpur,PKU–KGP,125.0,Sleeper defect,Medium,42,76,Track Machine,2026-11-03,cross_department_cluster,Pending
TRK-26027-01846,2026-10-30,TMS,Mecheda–Panskura,MCA–PKU,117.5,Track geometry defect,Medium,47,80,Track Gang,2026-11-01,normal,Pending
TRK-26027-01847,2026-10-30,TMS,Panskura–Kharagpur,PKU–KGP,142.2,Sleeper defect,Medium,44,96,Track Gang,2026-11-01,cross_department_cluster,Pending
TRK-26027-01848,2026-10-30,TMS,Kharagpur–Gidni,KGP–GID,209.8,Rail defect,Low,25,122,Track Gang,2026-11-11,mixed_realistic,Pending
TRK-26027-01849,2026-10-30,TMS,Howrah–Santragachi,HWH–SRC,2.0,USFD-related inspection,Critical,95,45,Track Inspection Team,2026-10-30,critical_defect,Pending
TRK-26027-01850,2026-10-30,TMS,Mecheda–Panskura,MCA–PKU,115.3,Sleeper defect,Medium,43,95,Track Machine,2026-11-05,normal,Pending
TRK-26027-01851,2026-10-30,TMS,Panskura–Kharagpur,PKU–KGP,166.9,Track geometry defect,Medium,42,96,Track Gang,2026-11-06,normal,Pending
TRK-26027-01852,2026-10-30,TMS,Santragachi–Panskura,SRC–PKU,95.4,Track geometry defect,High,84,117,Track Gang,2026-10-31,high_defect_load,Pending
TRK-26027-01853,2026-10-30,TMS,Panskura–Kharagpur,PKU–KGP,130.8,Ballast issue,Medium,40,76,Track Machine,2026-11-06,normal,Pending
TRK-26027-01854,2026-10-30,TMS,Panskura–Kharagpur,PKU–KGP,136.0,Rail defect,Medium,40,144,Track Machine,2026-11-06,cross_department_cluster,Pending
TRK-26027-01855,2026-10-30,TMS,Kharagpur–Gidni,KGP–GID,180.6,Preventive track maintenance,High,66,106,Track Gang,2026-10-30,normal,Pending
TRK-26027-01856,2026-10-30,TMS,Howrah–Santragachi,HWH–SRC,3.8,Rail defect,Low,35,140,Track Gang,2026-11-10,normal,Pending
TRK-26027-01857,2026-10-30,TMS,Kharagpur–Gidni,KGP–GID,170.0,Track geometry defect,Medium,51,60,Track Gang,2026-11-04,cross_department_cluster,Pending
TRK-26027-01858,2026-10-30,TMS,Panskura–Kharagpur,PKU–KGP,126.4,Ballast issue,Low,37,136,Track Gang,2026-11-13,normal,Pending
TRK-26027-01859,2026-10-30,TMS,Howrah–Santragachi,HWH–SRC,12.0,Rail defect,Medium,61,168,Track Machine,2026-11-01,cross_department_cluster,Pending
TRK-26027-01860,2026-10-30,TMS,Santragachi–Panskura,SRC–PKU,47.2,Track geometry defect,Medium,61,107,Track Gang,2026-11-05,high_defect_load,Pending
TRK-26027-01861,2026-10-30,TMS,Panskura–Kharagpur,PKU–KGP,167.9,Track geometry defect,Medium,58,99,Track Machine,2026-11-02,normal,Pending
TRK-26027-01862,2026-10-30,TMS,Mecheda–Panskura,MCA–PKU,122.2,Preventive track maintenance,High,80,100,Track Gang,2026-11-02,normal,Pending
TRK-26027-01863,2026-10-30,TMS,Kharagpur–Gidni,KGP–GID,178.7,Track wear,Low,35,80,Track Machine,2026-11-10,cross_department_cluster,Pending
TRK-26027-01864,2026-10-30,TMS,Kharagpur–Gidni,KGP–GID,195.3,Track wear,Low,31,75,Track Machine,2026-11-05,cross_department_cluster,Pending
TRK-26027-01865,2026-10-30,TMS,Santragachi–Panskura,SRC–PKU,111.9,Preventive track maintenance,Low,22,51,Track Inspection Team,2026-11-12,normal,Pending
TRK-26027-01866,2026-10-30,TMS,Kharagpur–Gidni,KGP–GID,170.0,Track geometry defect,Medium,41,74,Track Gang,2026-11-02,cross_department_cluster,Pending
TRK-26027-01867,2026-10-30,TMS,Kharagpur–Gidni,KGP–GID,175.0,Track wear,Low,21,82,Track Machine,2026-11-04,normal,Pending
TRK-26027-01868,2026-10-30,TMS,Kharagpur–Gidni,KGP–GID,195.2,USFD-related inspection,Critical,100,64,Track Inspection Team,2026-10-31,mixed_realistic,Pending
TRK-26027-01869,2026-10-30,TMS,Kharagpur–Gidni,KGP–GID,204.0,Rail defect,Medium,50,139,Track Machine,2026-11-04,high_defect_load,Pending
TRK-26027-01870,2026-10-30,TMS,Howrah–Santragachi,HWH–SRC,0.4,Track geometry defect,Medium,50,96,Track Machine,2026-11-05,cross_department_cluster,Pending
TRK-26027-01871,2026-10-30,TMS,Howrah–Santragachi,HWH–SRC,3.1,Rail defect,Medium,40,124,Track Gang,2026-11-05,normal,Pending
TRK-26027-01872,2026-10-30,TMS,Panskura–Kharagpur,PKU–KGP,125.5,Ballast issue,High,79,140,Track Gang,2026-10-31,normal,Pending
TRK-26027-01873,2026-10-30,TMS,Panskura–Kharagpur,PKU–KGP,157.7,Sleeper defect,Critical,99,68,Track Gang,2026-10-30,cross_department_cluster,Pending
TRK-26027-01874,2026-10-30,TMS,Howrah–Santragachi,HWH–SRC,4.2,Track geometry defect,Low,29,80,Track Machine,2026-11-05,normal,Pending
TRK-26027-01875,2026-10-30,TMS,Kharagpur–Gidni,KGP–GID,186.8,Preventive track maintenance,Low,27,56,Rail Welding Team,2026-11-09,normal,Pending
TRK-26027-01876,2026-10-30,TMS,Panskura–Kharagpur,PKU–KGP,140.7,Track geometry defect,Medium,41,75,Track Gang,2026-11-04,cross_department_cluster,Pending
TRK-26027-01877,2026-10-30,TMS,Panskura–Kharagpur,PKU–KGP,159.3,Preventive track maintenance,Medium,62,114,Track Gang,2026-11-02,normal,Pending
TRK-26027-01878,2026-10-30,TMS,Kharagpur–Gidni,KGP–GID,211.5,Sleeper defect,High,77,99,Track Gang,2026-10-31,normal,Pending
TRK-26027-01879,2026-10-30,TMS,Howrah–Santragachi,HWH–SRC,6.9,Track geometry defect,Medium,44,71,Track Gang,2026-11-04,normal,Pending
TRK-26027-01880,2026-10-30,TMS,Howrah–Santragachi,HWH–SRC,9.0,Track wear,High,83,97,Track Machine,2026-11-01,normal,Pending
TRK-26027-01881,2026-10-30,TMS,Santragachi–Panskura,SRC–PKU,23.0,Sleeper defect,Medium,58,101,Track Machine,2026-11-03,normal,Pending
TRK-26027-01882,2026-10-30,TMS,Panskura–Kharagpur,PKU–KGP,142.7,Track geometry defect,Low,35,93,Track Gang,2026-11-09,normal,Pending
TRK-26027-01883,2026-10-30,TMS,Panskura–Kharagpur,PKU–KGP,153.1,USFD-related inspection,Medium,40,75,Track Inspection Team,2026-11-03,normal,Pending
TRK-26027-01884,2026-10-30,TMS,Santragachi–Panskura,SRC–PKU,103.3,Sleeper defect,Critical,90,61,Track Machine,2026-10-31,mixed_realistic,Pending
TRK-26027-01885,2026-10-30,TMS,Mecheda–Panskura,MCA–PKU,120.9,Track geometry defect,Low,28,105,Track Gang,2026-11-06,normal,Pending
TRK-26027-01886,2026-10-31,TMS,Kharagpur–Gidni,KGP–GID,206.0,Sleeper defect,Medium,44,134,Track Gang,2026-11-03,cross_department_cluster,Pending
TRK-26027-01887,2026-10-31,TMS,Panskura–Kharagpur,PKU–KGP,167.9,Preventive track maintenance,Low,20,100,Track Gang,2026-11-06,mixed_realistic,Pending
TRK-26027-01888,2026-10-31,TMS,Mecheda–Panskura,MCA–PKU,118.0,Preventive track maintenance,High,73,64,Track Inspection Team,2026-10-31,mixed_realistic,Pending
TRK-26027-01889,2026-10-31,TMS,Howrah–Santragachi,HWH–SRC,4.9,Track wear,Low,31,75,Track Machine,2026-11-08,mixed_realistic,Pending
TRK-26027-01890,2026-10-31,TMS,Panskura–Kharagpur,PKU–KGP,125.6,USFD-related inspection,Medium,51,83,Track Inspection Team,2026-11-02,normal,Pending
TRK-26027-01891,2026-10-31,TMS,Santragachi–Panskura,SRC–PKU,82.7,USFD-related inspection,High,83,60,Track Inspection Team,2026-11-01,mixed_realistic,Pending
TRK-26027-01892,2026-10-31,TMS,Kharagpur–Gidni,KGP–GID,170.0,Rail defect,High,84,122,Track Gang,2026-11-01,cross_department_cluster,Pending
TRK-26027-01893,2026-10-31,TMS,Mecheda–Panskura,MCA–PKU,124.3,Ballast issue,Low,21,109,Track Gang,2026-11-08,normal,Pending
TRK-26027-01894,2026-10-31,TMS,Santragachi–Panskura,SRC–PKU,71.7,Sleeper defect,Medium,56,146,Track Machine,2026-11-02,mixed_realistic,Pending
TRK-26027-01895,2026-10-31,TMS,Santragachi–Panskura,SRC–PKU,36.0,Track wear,Medium,64,114,Track Gang,2026-11-02,normal,Pending
TRK-26027-01896,2026-10-31,TMS,Kharagpur–Gidni,KGP–GID,195.2,Sleeper defect,Critical,100,126,Track Gang,2026-10-31,high_conflict,Pending
TRK-26027-01897,2026-10-31,TMS,Panskura–Kharagpur,PKU–KGP,125.0,Track geometry defect,Low,15,115,Track Gang,2026-11-08,cross_department_cluster,Pending
TRK-26027-01898,2026-10-31,TMS,Santragachi–Panskura,SRC–PKU,67.5,Preventive track maintenance,Medium,63,77,Track Inspection Team,2026-11-04,normal,Pending
TRK-26027-01899,2026-10-31,TMS,Kharagpur–Gidni,KGP–GID,189.4,Track wear,Critical,88,101,Track Machine,2026-11-01,critical_defect,Pending
TRK-26027-01900,2026-10-31,TMS,Santragachi–Panskura,SRC–PKU,69.2,Track geometry defect,Medium,47,86,Track Machine,2026-11-02,cross_department_cluster,Pending
TRK-26027-01901,2026-10-31,TMS,Mecheda–Panskura,MCA–PKU,119.0,Sleeper defect,High,76,87,Track Machine,2026-11-03,mixed_realistic,Pending
TRK-26027-01902,2026-10-31,TMS,Panskura–Kharagpur,PKU–KGP,129.6,Preventive track maintenance,High,72,53,Track Gang,2026-11-03,mixed_realistic,Pending
TRK-26027-01903,2026-10-31,TMS,Kharagpur–Gidni,KGP–GID,213.9,Rail defect,Medium,58,169,Track Gang,2026-11-07,normal,Pending
TRK-26027-01904,2026-10-31,TMS,Kharagpur–Gidni,KGP–GID,208.4,Ballast issue,Medium,48,134,Track Machine,2026-11-07,mixed_realistic,Pending
TRK-26027-01905,2026-10-31,TMS,Mecheda–Panskura,MCA–PKU,122.7,Ballast issue,Low,38,95,Track Gang,2026-11-05,normal,Pending
TRK-26027-01906,2026-10-31,TMS,Panskura–Kharagpur,PKU–KGP,150.4,Ballast issue,Medium,46,142,Track Machine,2026-11-03,high_defect_load,Pending
TRK-26027-01907,2026-10-31,TMS,Kharagpur–Gidni,KGP–GID,173.6,Track geometry defect,High,74,118,Track Gang,2026-11-03,mixed_realistic,Pending
TRK-26027-01908,2026-10-31,TMS,Santragachi–Panskura,SRC–PKU,112.7,Preventive track maintenance,High,71,80,Track Inspection Team,2026-11-01,normal,Pending
TRK-26027-01909,2026-10-31,TMS,Howrah–Santragachi,HWH–SRC,7.1,Rail defect,Medium,44,103,Track Machine,2026-11-07,mixed_realistic,Pending
TRK-26027-01910,2026-10-31,TMS,Howrah–Santragachi,HWH–SRC,4.5,USFD-related inspection,High,65,47,Track Inspection Team,2026-11-02,mixed_realistic,Pending
TRK-26027-01911,2026-10-31,TMS,Howrah–Santragachi,HWH–SRC,6.7,Sleeper defect,Low,35,109,Track Gang,2026-11-08,normal,Pending
TRK-26027-01912,2026-10-31,TMS,Kharagpur–Gidni,KGP–GID,191.9,Rail defect,Low,32,122,Track Gang,2026-11-06,normal,Pending
TRK-26027-01913,2026-10-31,TMS,Howrah–Santragachi,HWH–SRC,12.0,USFD-related inspection,Medium,44,63,Track Inspection Team,2026-11-04,cross_department_cluster,Pending
TRK-26027-01914,2026-10-31,TMS,Panskura–Kharagpur,PKU–KGP,137.2,Track geometry defect,Medium,42,112,Track Machine,2026-11-04,mixed_realistic,Pending
TRK-26027-01915,2026-10-31,TMS,Kharagpur–Gidni,KGP–GID,199.4,Preventive track maintenance,Medium,43,52,Track Machine,2026-11-05,normal,Pending
TRK-26027-01916,2026-10-31,TMS,Panskura–Kharagpur,PKU–KGP,145.2,USFD-related inspection,Medium,41,46,Track Inspection Team,2026-11-06,mixed_realistic,Pending
TRK-26027-01917,2026-10-31,TMS,Santragachi–Panskura,SRC–PKU,63.3,Track geometry defect,Medium,44,78,Track Gang,2026-11-02,normal,Pending
TRK-26027-01918,2026-10-31,TMS,Panskura–Kharagpur,PKU–KGP,146.7,Rail defect,Low,15,144,Track Gang,2026-11-06,normal,Pending
TRK-26027-01919,2026-10-31,TMS,Mecheda–Panskura,MCA–PKU,121.7,Track wear,High,74,107,Track Machine,2026-11-01,mixed_realistic,Pending
TRK-26027-01920,2026-10-31,TMS,Panskura–Kharagpur,PKU–KGP,158.6,USFD-related inspection,High,67,48,Track Inspection Team,2026-10-31,normal,Pending
TRK-26027-01921,2026-10-31,TMS,Kharagpur–Gidni,KGP–GID,170.0,Preventive track maintenance,Low,26,107,Rail Welding Team,2026-11-08,cross_department_cluster,Pending
TRK-26027-01922,2026-10-31,TMS,Santragachi–Panskura,SRC–PKU,68.2,USFD-related inspection,Medium,58,55,Track Inspection Team,2026-11-05,normal,Pending
TRK-26027-01923,2026-10-31,TMS,Santragachi–Panskura,SRC–PKU,49.3,Ballast issue,High,74,151,Track Machine,2026-11-01,normal,Pending
TRK-26027-01924,2026-10-31,TMS,Kharagpur–Gidni,KGP–GID,194.8,Track wear,Low,18,110,Track Gang,2026-11-06,normal,Pending
TRK-26027-01925,2026-10-31,TMS,Santragachi–Panskura,SRC–PKU,68.1,Track wear,Medium,54,97,Track Machine,2026-11-02,cross_department_cluster,Pending
TRK-26027-01926,2026-10-31,TMS,Howrah–Santragachi,HWH–SRC,7.2,Rail defect,Critical,93,113,Track Gang,2026-11-01,high_conflict,Pending
TRK-26027-01927,2026-10-31,TMS,Panskura–Kharagpur,PKU–KGP,137.1,Track wear,Medium,64,65,Track Machine,2026-11-07,normal,Pending
TRK-26027-01928,2026-10-31,TMS,Panskura–Kharagpur,PKU–KGP,153.0,Preventive track maintenance,Medium,51,53,Track Gang,2026-11-05,mixed_realistic,Pending
TRK-26027-01929,2026-10-31,TMS,Santragachi–Panskura,SRC–PKU,84.8,Ballast issue,High,67,73,Track Gang,2026-11-01,normal,Pending
TRK-26027-01930,2026-10-31,TMS,Mecheda–Panskura,MCA–PKU,118.6,USFD-related inspection,Low,15,79,Track Inspection Team,2026-11-05,high_defect_load,Pending
TRK-26027-01931,2026-10-31,TMS,Howrah–Santragachi,HWH–SRC,9.0,Preventive track maintenance,Medium,54,60,Track Inspection Team,2026-11-07,normal,Pending
TRK-26027-01932,2026-10-31,TMS,Mecheda–Panskura,MCA–PKU,124.6,Sleeper defect,Low,26,87,Track Gang,2026-11-12,mixed_realistic,Pending
TRK-26027-01933,2026-10-31,TMS,Panskura–Kharagpur,PKU–KGP,135.6,Track wear,Critical,86,57,Track Machine,2026-10-31,mixed_realistic,Pending
TRK-26027-01934,2026-10-31,TMS,Howrah–Santragachi,HWH–SRC,10.0,USFD-related inspection,Medium,41,70,Track Inspection Team,2026-11-07,normal,Pending
TRK-26027-01935,2026-10-31,TMS,Kharagpur–Gidni,KGP–GID,175.7,Preventive track maintenance,High,74,118,Track Machine,2026-11-01,normal,Pending
TRK-26027-01936,2026-10-31,TMS,Panskura–Kharagpur,PKU–KGP,139.4,Rail defect,Low,30,106,Track Gang,2026-11-07,normal,Pending
TRK-26027-01937,2026-10-31,TMS,Mecheda–Panskura,MCA–PKU,123.5,Sleeper defect,Low,27,115,Track Machine,2026-11-09,normal,Pending
TRK-26027-01938,2026-10-31,TMS,Panskura–Kharagpur,PKU–KGP,151.7,Track wear,Low,19,99,Track Gang,2026-11-08,normal,Pending
TRK-26027-01939,2026-10-31,TMS,Kharagpur–Gidni,KGP–GID,176.8,Track wear,High,79,106,Track Gang,2026-11-01,high_defect_load,Pending
TRK-26027-01940,2026-10-31,TMS,Howrah–Santragachi,HWH–SRC,2.5,USFD-related inspection,High,68,67,Track Inspection Team,2026-10-31,mixed_realistic,Pending
TRK-26027-01941,2026-10-31,TMS,Panskura–Kharagpur,PKU–KGP,163.2,Track wear,Low,34,98,Track Machine,2026-11-08,normal,Pending
TRK-26027-01942,2026-10-31,TMS,Howrah–Santragachi,HWH–SRC,8.6,Rail defect,Critical,95,77,Track Machine,2026-11-01,mixed_realistic,Pending
TRK-26027-01943,2026-10-31,TMS,Kharagpur–Gidni,KGP–GID,176.2,USFD-related inspection,Low,27,72,Track Inspection Team,2026-11-10,normal,Pending
TRK-26027-01944,2026-10-31,TMS,Mecheda–Panskura,MCA–PKU,124.6,Preventive track maintenance,Critical,92,61,Track Machine,2026-10-31,mixed_realistic,Pending
TRK-26027-01945,2026-10-31,TMS,Panskura–Kharagpur,PKU–KGP,168.7,Rail defect,High,74,158,Track Machine,2026-11-01,normal,Pending
TRK-26027-01946,2026-10-31,TMS,Howrah–Santragachi,HWH–SRC,4.0,Track geometry defect,Medium,58,97,Track Gang,2026-11-05,mixed_realistic,Pending
TRK-26027-01947,2026-10-31,TMS,Mecheda–Panskura,MCA–PKU,123.1,Ballast issue,Medium,57,110,Track Machine,2026-11-05,cross_department_cluster,Pending
TRK-26027-01948,2026-10-31,TMS,Mecheda–Panskura,MCA–PKU,116.5,Track wear,Medium,62,66,Track Gang,2026-11-07,cross_department_cluster,Pending
TRK-26027-01949,2026-10-31,TMS,Howrah–Santragachi,HWH–SRC,10.1,Ballast issue,Medium,47,178,Track Gang,2026-11-04,normal,Pending
TRK-26027-01950,2026-10-31,TMS,Santragachi–Panskura,SRC–PKU,64.1,Preventive track maintenance,Low,18,61,Track Inspection Team,2026-11-06,normal,Pending
